ISO-10303-21;
HEADER;
FILE_DESCRIPTION (( 'STEP AP214' ),
    '1' );
FILE_NAME ('54F46B23-0FA2-4B98-851C-797676BF8B2A.STEP',
    '2026-07-09T16:57:36',
    ( '' ),
    ( '' ),
    'SwSTEP 2.0',
    'SolidWorks 2022',
    '' );
FILE_SCHEMA (( 'AUTOMOTIVE_DESIGN' ));
ENDSEC;

DATA;
#1 = CARTESIAN_POINT ( 'NONE',  ( 37.49999999999999289, 142.9040117645949408, 30.50083767663985768 ) ) ;
#2 = LINE ( 'NONE', #1364, #5460 ) ;
#3 = ADVANCED_FACE ( 'NONE', ( #2975 ), #290, .T. ) ;
#4 = AXIS2_PLACEMENT_3D ( 'NONE', #2902, #872, #3197 ) ;
#5 = DIRECTION ( 'NONE',  ( 1.000000000000000000, 0.0000000000000000000, 0.0000000000000000000 ) ) ;
#6 = UNCERTAINTY_MEASURE_WITH_UNIT (LENGTH_MEASURE( 1.000000000000000082E-05 ), #5803, 'distance_accuracy_value', 'NONE');
#7 = ORIENTED_EDGE ( 'NONE', *, *, #5922, .F. ) ;
#8 = ORIENTED_EDGE ( 'NONE', *, *, #1031, .T. ) ;
#9 = DIRECTION ( 'NONE',  ( 0.0000000000000000000, 0.0000000000000000000, 1.000000000000000000 ) ) ;
#10 = VECTOR ( 'NONE', #5701, 1000.000000000000000 ) ;
#11 = EDGE_CURVE ( 'NONE', #859, #2511, #4295, .T. ) ;
#12 = DIRECTION ( 'NONE',  ( 0.0000000000000000000, 0.0000000000000000000, 1.000000000000000000 ) ) ;
#13 = VERTEX_POINT ( 'NONE', #2942 ) ;
#14 = DIRECTION ( 'NONE',  ( -1.850371707708594316E-16, 0.0000000000000000000, 1.000000000000000000 ) ) ;
#15 = CARTESIAN_POINT ( 'NONE',  ( 1.000000000000000888, 143.0000000000000000, 36.00000000000000711 ) ) ;
#16 = ORIENTED_EDGE ( 'NONE', *, *, #2886, .F. ) ;
#17 = AXIS2_PLACEMENT_3D ( 'NONE', #4242, #1944, #2305 ) ;
#18 = AXIS2_PLACEMENT_3D ( 'NONE', #3853, #2425, #5710 ) ;
#19 = EDGE_CURVE ( 'NONE', #5857, #613, #182, .T. ) ;
#20 = ORIENTED_EDGE ( 'NONE', *, *, #5298, .T. ) ;
#21 =( NAMED_UNIT ( * ) SI_UNIT ( $, .STERADIAN. ) SOLID_ANGLE_UNIT ( ) );
#22 = AXIS2_PLACEMENT_3D ( 'NONE', #3395, #1102, #2932 ) ;
#23 = VECTOR ( 'NONE', #849, 1000.000000000000227 ) ;
#24 = AXIS2_PLACEMENT_3D ( 'NONE', #1790, #3997, #3192 ) ;
#25 = DIRECTION ( 'NONE',  ( 0.0000000000000000000, 0.0000000000000000000, 1.000000000000000000 ) ) ;
#26 = EDGE_LOOP ( 'NONE', ( #1953, #2789, #3707, #4573 ) ) ;
#27 = VECTOR ( 'NONE', #186, 1000.000000000000000 ) ;
#28 = SPHERICAL_SURFACE ( 'NONE', #3362, 0.5000000000000000000 ) ;
#29 = CARTESIAN_POINT ( 'NONE',  ( 87.99999999999998579, 143.0000000000000000, -37.99999999999999289 ) ) ;
#30 = CARTESIAN_POINT ( 'NONE',  ( 87.32537318669585602, 152.9999999999999716, 15.50000000000000355 ) ) ;
#31 = CARTESIAN_POINT ( 'NONE',  ( 85.16268659334791380, 153.4999999999999716, 18.16268659334793867 ) ) ;
#32 = DIRECTION ( 'NONE',  ( 0.0000000000000000000, 0.0000000000000000000, 1.000000000000000000 ) ) ;
#33 = ORIENTED_EDGE ( 'NONE', *, *, #252, .F. ) ;
#34 = CARTESIAN_POINT ( 'NONE',  ( -18.00000000000003553, 142.6858566841289360, 18.00274148718496647 ) ) ;
#35 = ORIENTED_EDGE ( 'NONE', *, *, #2066, .T. ) ;
#36 = ADVANCED_FACE ( 'NONE', ( #1569 ), #5667, .T. ) ;
#37 = PLANE ( 'NONE',  #4868 ) ;
#38 = CARTESIAN_POINT ( 'NONE',  ( 85.16268659334791380, 153.5999999999999659, 18.16268659334793867 ) ) ;
#39 = ORIENTED_EDGE ( 'NONE', *, *, #2202, .F. ) ;
#40 = LINE ( 'NONE', #3243, #5788 ) ;
#41 = ORIENTED_EDGE ( 'NONE', *, *, #4037, .T. ) ;
#42 = PLANE ( 'NONE',  #1287 ) ;
#43 = ORIENTED_EDGE ( 'NONE', *, *, #397, .T. ) ;
#44 = ORIENTED_EDGE ( 'NONE', *, *, #5656, .F. ) ;
#45 = AXIS2_PLACEMENT_3D ( 'NONE', #3642, #1911, #4151 ) ;
#46 = AXIS2_PLACEMENT_3D ( 'NONE', #4345, #5750, #1679 ) ;
#47 = DIRECTION ( 'NONE',  ( -0.0000000000000000000, -0.0000000000000000000, 1.000000000000000000 ) ) ;
#48 = EDGE_CURVE ( 'NONE', #2976, #811, #1893, .T. ) ;
#49 = DIRECTION ( 'NONE',  ( -1.000000000000000000, 3.083952846180991661E-15, 0.0000000000000000000 ) ) ;
#50 =( GEOMETRIC_REPRESENTATION_CONTEXT ( 3 ) GLOBAL_UNCERTAINTY_ASSIGNED_CONTEXT ( ( #1896 ) ) GLOBAL_UNIT_ASSIGNED_CONTEXT ( ( #4298, #4239, #4271 ) ) REPRESENTATION_CONTEXT ( 'NONE', 'WORKASPACE' ) );
#51 = VECTOR ( 'NONE', #5343, 1000.000000000000000 ) ;
#52 = VECTOR ( 'NONE', #2383, 1000.000000000000000 ) ;
#53 = CARTESIAN_POINT ( 'NONE',  ( 1.500000000000002665, 142.6858566841288791, 18.00274148718497003 ) ) ;
#54 = ADVANCED_FACE ( 'NONE', ( #655 ), #2517, .T. ) ;
#55 = CARTESIAN_POINT ( 'NONE',  ( 39.99999999999997868, 166.4999999999999716, 36.00000000000001421 ) ) ;
#56 =( NAMED_UNIT ( * ) PLANE_ANGLE_UNIT ( ) SI_UNIT ( $, .RADIAN. ) );
#57 = DIRECTION ( 'NONE',  ( -1.000000000000000000, 3.303156897393814572E-15, -5.765681811209889739E-17 ) ) ;
#58 = ORIENTED_EDGE ( 'NONE', *, *, #324, .F. ) ;
#59 = LINE ( 'NONE', #4484, #2438 ) ;
#60 = EDGE_LOOP ( 'NONE', ( #1534, #5938, #4599, #5760 ) ) ;
#61 = FACE_OUTER_BOUND ( 'NONE', #5686, .T. ) ;
#62 = EDGE_CURVE ( 'NONE', #1174, #978, #5253, .T. ) ;
#63 = CARTESIAN_POINT ( 'NONE',  ( -37.50000000000000711, 163.9917307113123286, 35.13351181345643681 ) ) ;
#64 = ORIENTED_EDGE ( 'NONE', *, *, #2649, .T. ) ;
#65 = CARTESIAN_POINT ( 'NONE',  ( 18.00000000000000711, 142.6945828873475364, 18.50266533476316155 ) ) ;
#66 = ORIENTED_EDGE ( 'NONE', *, *, #1293, .T. ) ;
#67 = AXIS2_PLACEMENT_3D ( 'NONE', #171, #3741, #5590 ) ;
#68 = ORIENTED_EDGE ( 'NONE', *, *, #2569, .T. ) ;
#69 = ADVANCED_FACE ( 'NONE', ( #2578 ), #2548, .T. ) ;
#70 = ORIENTED_EDGE ( 'NONE', *, *, #1591, .F. ) ;
#71 = LINE ( 'NONE', #1912, #5669 ) ;
#72 = CARTESIAN_POINT ( 'NONE',  ( 40.49999999999997868, 153.8687326543482641, 35.31250068184959190 ) ) ;
#73 = PRESENTATION_LAYER_ASSIGNMENT (  '', '', ( #4649 ) ) ;
#74 = CARTESIAN_POINT ( 'NONE',  ( -88.00000000000001421, 136.9999999999999716, -37.99999999999999289 ) ) ;
#75 = ORIENTED_EDGE ( 'NONE', *, *, #1835, .F. ) ;
#76 = LINE ( 'NONE', #2366, #2174 ) ;
#77 = DIRECTION ( 'NONE',  ( 1.000000000000000000, 0.0000000000000000000, 1.100260040615809048E-14 ) ) ;
#78 = DIRECTION ( 'NONE',  ( -0.01745240643728354635, 0.9998476951563911586, 0.0000000000000000000 ) ) ;
#79 = LINE ( 'NONE', #2833, #5383 ) ;
#80 = CARTESIAN_POINT ( 'NONE',  ( -82.99999999999997158, 158.9999999999999716, 23.41264851713703976 ) ) ;
#81 = EDGE_CURVE ( 'NONE', #1384, #5211, #4543, .T. ) ;
#82 = COLOUR_RGB ( '',0.8980392156862745390, 0.8980392156862745390, 0.8980392156862745390 ) ;
#83 = ORIENTED_EDGE ( 'NONE', *, *, #3484, .F. ) ;
#84 = CARTESIAN_POINT ( 'NONE',  ( 39.99999999999999289, 142.9912737967813428, 35.50007615242181203 ) ) ;
#85 = VERTEX_POINT ( 'NONE', #4738 ) ;
#86 = DIRECTION ( 'NONE',  ( 0.0000000000000000000, -0.0000000000000000000, 1.000000000000000000 ) ) ;
#87 = VECTOR ( 'NONE', #4335, 1000.000000000000000 ) ;
#88 = VERTEX_POINT ( 'NONE', #1081 ) ;
#89 = DIRECTION ( 'NONE',  ( 0.0000000000000000000, 0.0000000000000000000, -1.000000000000000000 ) ) ;
#90 = ORIENTED_EDGE ( 'NONE', *, *, #5680, .F. ) ;
#91 = CARTESIAN_POINT ( 'NONE',  ( -88.00000000000001421, 2.000000000000001776, -37.99999999999999289 ) ) ;
#92 = ORIENTED_EDGE ( 'NONE', *, *, #2473, .T. ) ;
#93 = CIRCLE ( 'NONE', #4213, 0.5000000000000004441 ) ;
#94 = AXIS2_PLACEMENT_3D ( 'NONE', #4047, #2278, #4476 ) ;
#95 = ORIENTED_EDGE ( 'NONE', *, *, #4799, .T. ) ;
#96 = DIRECTION ( 'NONE',  ( -0.0000000000000000000, -1.000000000000000000, -0.0000000000000000000 ) ) ;
#97 = ORIENTED_EDGE ( 'NONE', *, *, #5271, .T. ) ;
#98 = DIRECTION ( 'NONE',  ( -1.000000000000000000, 0.0000000000000000000, -1.850371707708594070E-16 ) ) ;
#99 = AXIS2_PLACEMENT_3D ( 'NONE', #1124, #2991, #3950 ) ;
#100 = PLANE ( 'NONE',  #851 ) ;
#101 = CARTESIAN_POINT ( 'NONE',  ( 19.00000000000000711, 153.1929836864896970, 18.31941506717167911 ) ) ;
#102 = EDGE_CURVE ( 'NONE', #2928, #4966, #1991, .T. ) ;
#103 = ORIENTED_EDGE ( 'NONE', *, *, #3860, .T. ) ;
#104 = MECHANICAL_DESIGN_GEOMETRIC_PRESENTATION_REPRESENTATION (  '', ( #5487 ), #1248 ) ;
#105 =( GEOMETRIC_REPRESENTATION_CONTEXT ( 3 ) GLOBAL_UNCERTAINTY_ASSIGNED_CONTEXT ( ( #3186 ) ) GLOBAL_UNIT_ASSIGNED_CONTEXT ( ( #5005, #2210, #1273 ) ) REPRESENTATION_CONTEXT ( 'NONE', 'WORKASPACE' ) );
#106 = DIRECTION ( 'NONE',  ( 1.000000000000000000, 0.0000000000000000000, 0.0000000000000000000 ) ) ;
#107 = AXIS2_PLACEMENT_3D ( 'NONE', #3218, #1291, #781 ) ;
#108 = CARTESIAN_POINT ( 'NONE',  ( -87.99646601572401039, 143.2024618235764137, 35.99646601572401750 ) ) ;
#109 = CYLINDRICAL_SURFACE ( 'NONE', #1605, 0.5000000000000004441 ) ;
#110 = DIRECTION ( 'NONE',  ( 0.0000000000000000000, 0.0000000000000000000, 1.000000000000000000 ) ) ;
#111 = ADVANCED_FACE ( 'NONE', ( #2104 ), #3037, .F. ) ;
#112 = CARTESIAN_POINT ( 'NONE',  ( -51.16268659334792801, 153.2999999999999545, 25.66268659334790669 ) ) ;
#113 = SURFACE_SIDE_STYLE ('',( #2836 ) ) ;
#114 = ORIENTED_EDGE ( 'NONE', *, *, #2211, .T. ) ;
#115 = DIRECTION ( 'NONE',  ( -1.000000000000000000, 0.0000000000000000000, -9.130123557772672032E-16 ) ) ;
#116 = CARTESIAN_POINT ( 'NONE',  ( 1.500000000000002665, 142.6858566841288791, 18.00274148718497003 ) ) ;
#117 = ORIENTED_EDGE ( 'NONE', *, *, #1324, .T. ) ;
#118 = CARTESIAN_POINT ( 'NONE',  ( -89.50000000000001421, 136.9999999999999716, 37.50000000000000711 ) ) ;
#119 = EDGE_CURVE ( 'NONE', #5046, #5155, #247, .T. ) ;
#120 = VERTEX_POINT ( 'NONE', #5764 ) ;
#121 = ORIENTED_EDGE ( 'NONE', *, *, #1626, .T. ) ;
#122 = DIRECTION ( 'NONE',  ( 1.000000000000000000, 0.0000000000000000000, 6.938893903907222067E-15 ) ) ;
#123 = ORIENTED_EDGE ( 'NONE', *, *, #2365, .T. ) ;
#124 = EDGE_CURVE ( 'NONE', #4756, #4117, #2912, .T. ) ;
#125 = DIRECTION ( 'NONE',  ( 0.0000000000000000000, -0.9998476951563912696, 0.01745240643728108304 ) ) ;
#126 = ORIENTED_EDGE ( 'NONE', *, *, #1475, .T. ) ;
#127 = ORIENTED_EDGE ( 'NONE', *, *, #294, .T. ) ;
#128 = AXIS2_PLACEMENT_3D ( 'NONE', #4950, #5, #3211 ) ;
#129 = DIRECTION ( 'NONE',  ( 1.000000000000000000, 3.027509915904451712E-17, 1.734459269189093508E-15 ) ) ;
#130 = LINE ( 'NONE', #3381, #1249 ) ;
#131 = EDGE_LOOP ( 'NONE', ( #561, #1657, #5540, #5018 ) ) ;
#132 = ADVANCED_FACE ( 'NONE', ( #807 ), #2641, .F. ) ;
#133 = DIRECTION ( 'NONE',  ( -0.0000000000000000000, 0.01745240643728373370, 0.9998476951563912696 ) ) ;
#134 = CARTESIAN_POINT ( 'NONE',  ( -24.50000000000004974, 153.2889719218947562, 23.81857739053178946 ) ) ;
#135 = CARTESIAN_POINT ( 'NONE',  ( -82.99999999999997158, 153.4999999999999716, 31.91264851713704331 ) ) ;
#136 = VECTOR ( 'NONE', #1132, 1000.000000000000000 ) ;
#137 = DIRECTION ( 'NONE',  ( 0.0000000000000000000, 0.0000000000000000000, -1.000000000000000000 ) ) ;
#138 = ORIENTED_EDGE ( 'NONE', *, *, #3762, .F. ) ;
#139 = ORIENTED_EDGE ( 'NONE', *, *, #662, .F. ) ;
#140 = DIRECTION ( 'NONE',  ( -0.0000000000000000000, -1.000000000000000000, 0.0000000000000000000 ) ) ;
#141 = DIRECTION ( 'NONE',  ( 0.0000000000000000000, -1.000000000000000000, 0.0000000000000000000 ) ) ;
#142 = ORIENTED_EDGE ( 'NONE', *, *, #2615, .F. ) ;
#143 = CARTESIAN_POINT ( 'NONE',  ( 24.49999999999999289, 152.8937625129402704, 29.82638976468882674 ) ) ;
#144 = DIRECTION ( 'NONE',  ( 0.0000000000000000000, -0.9998476951563911586, 0.01745240643728354635 ) ) ;
#145 = ORIENTED_EDGE ( 'NONE', *, *, #3304, .F. ) ;
#146 = ADVANCED_FACE ( 'NONE', ( #864 ), #3632, .T. ) ;
#147 = EDGE_LOOP ( 'NONE', ( #2642, #595, #248, #589 ) ) ;
#148 = SURFACE_SIDE_STYLE ('',( #5159 ) ) ;
#149 = ORIENTED_EDGE ( 'NONE', *, *, #1433, .T. ) ;
#150 = DIRECTION ( 'NONE',  ( 0.0000000000000000000, 0.0000000000000000000, -1.000000000000000000 ) ) ;
#151 = EDGE_LOOP ( 'NONE', ( #3188, #5454, #5292 ) ) ;
#152 = CARTESIAN_POINT ( 'NONE',  ( -88.00000000000001421, 135.4999999999999716, -35.99999999999999289 ) ) ;
#153 = ADVANCED_FACE ( 'NONE', ( #4518 ), #5355, .T. ) ;
#154 = EDGE_CURVE ( 'NONE', #2867, #4415, #2135, .T. ) ;
#155 = EDGE_LOOP ( 'NONE', ( #2829, #4175, #4067, #4745 ) ) ;
#156 = CARTESIAN_POINT ( 'NONE',  ( 24.49999999999999289, 142.8952855613762836, 30.00091382906166260 ) ) ;
#157 = CARTESIAN_POINT ( 'NONE',  ( -80.99999999999997158, 158.9999999999999716, 25.91264851713703621 ) ) ;
#158 = AXIS2_PLACEMENT_3D ( 'NONE', #3770, #556, #2344 ) ;
#159 = ORIENTED_EDGE ( 'NONE', *, *, #3478, .F. ) ;
#160 = DIRECTION ( 'NONE',  ( -0.0000000000000000000, -0.0000000000000000000, -1.000000000000000000 ) ) ;
#161 = MECHANICAL_DESIGN_GEOMETRIC_PRESENTATION_REPRESENTATION (  '', ( #2842 ), #3046 ) ;
#162 = DIRECTION ( 'NONE',  ( 0.0000000000000000000, 1.000000000000000000, -0.0000000000000000000 ) ) ;
#163 = CARTESIAN_POINT ( 'NONE',  ( 37.99999999999997868, 164.5003807621090459, 35.62470945781598886 ) ) ;
#164 = CARTESIAN_POINT ( 'NONE',  ( 87.99999999999998579, 136.9999999999999716, 36.00000000000000711 ) ) ;
#165 = FILL_AREA_STYLE_COLOUR ( '', #1410 ) ;
#166 = AXIS2_PLACEMENT_3D ( 'NONE', #652, #5251, #2482 ) ;
#167 = SURFACE_STYLE_USAGE ( .BOTH. , #4251 ) ;
#168 = ORIENTED_EDGE ( 'NONE', *, *, #516, .T. ) ;
#169 =( LENGTH_UNIT ( ) NAMED_UNIT ( * ) SI_UNIT ( .MILLI., .METRE. ) );
#170 = AXIS2_PLACEMENT_3D ( 'NONE', #4753, #4249, #2893 ) ;
#171 = CARTESIAN_POINT ( 'NONE',  ( -88.00000000000001421, 2.000000000000001776, 36.00000000000000711 ) ) ;
#172 = ORIENTED_EDGE ( 'NONE', *, *, #1044, .T. ) ;
#173 = FACE_OUTER_BOUND ( 'NONE', #2905, .T. ) ;
#174 = SURFACE_STYLE_USAGE ( .BOTH. , #2472 ) ;
#175 = EDGE_CURVE ( 'NONE', #2926, #4268, #1262, .T. ) ;
#176 = ORIENTED_EDGE ( 'NONE', *, *, #5124, .T. ) ;
#177 = LINE ( 'NONE', #1076, #4489 ) ;
#178 = EDGE_LOOP ( 'NONE', ( #3906, #2357, #4471, #306 ) ) ;
#179 = ORIENTED_EDGE ( 'NONE', *, *, #1636, .T. ) ;
#180 = CARTESIAN_POINT ( 'NONE',  ( 37.49656480452782858, 142.9999999999999716, 35.61817858302090656 ) ) ;
#181 = EDGE_CURVE ( 'NONE', #935, #5050, #1239, .T. ) ;
#182 = LINE ( 'NONE', #3847, #10 ) ;
#183 = AXIS2_PLACEMENT_3D ( 'NONE', #3071, #5937, #836 ) ;
#184 = VERTEX_POINT ( 'NONE', #1690 ) ;
#185 = FILL_AREA_STYLE ('',( #4743 ) ) ;
#186 = DIRECTION ( 'NONE',  ( 0.0000000000000000000, 0.0000000000000000000, 1.000000000000000000 ) ) ;
#187 = ADVANCED_FACE ( 'NONE', ( #1227 ), #2227, .F. ) ;
#188 = VECTOR ( 'NONE', #2502, 1000.000000000000000 ) ;
#189 = ADVANCED_FACE ( 'NONE', ( #365 ), #4025, .T. ) ;
#190 = ORIENTED_EDGE ( 'NONE', *, *, #1933, .T. ) ;
#191 = CARTESIAN_POINT ( 'NONE',  ( 1.500000000000002665, 142.6858566841288791, 18.00274148718497003 ) ) ;
#192 = CIRCLE ( 'NONE', #4588, 0.4999999999999918954 ) ;
#193 = AXIS2_PLACEMENT_3D ( 'NONE', #2888, #5201, #3790 ) ;
#194 = CARTESIAN_POINT ( 'NONE',  ( 39.99999999999999289, 166.5087262032186288, 35.58965365774312772 ) ) ;
#195 = CARTESIAN_POINT ( 'NONE',  ( 40.49999999999997868, 153.4999999999999716, 36.00000000000001421 ) ) ;
#196 = DIRECTION ( 'NONE',  ( -9.860761315262649757E-32, -0.9998476951563911586, 0.01745240643728372676 ) ) ;
#197 = SURFACE_STYLE_USAGE ( .BOTH. , #5715 ) ;
#198 = VECTOR ( 'NONE', #1879, 1000.000000000000000 ) ;
#199 = DIRECTION ( 'NONE',  ( 1.000000000000000000, 0.0000000000000000000, 0.0000000000000000000 ) ) ;
#200 = VERTEX_POINT ( 'NONE', #5882 ) ;
#201 =( GEOMETRIC_REPRESENTATION_CONTEXT ( 3 ) GLOBAL_UNCERTAINTY_ASSIGNED_CONTEXT ( ( #1312 ) ) GLOBAL_UNIT_ASSIGNED_CONTEXT ( ( #2002, #2555, #1574 ) ) REPRESENTATION_CONTEXT ( 'NONE', 'WORKASPACE' ) );
#202 = CARTESIAN_POINT ( 'NONE',  ( 87.32537318669585602, 153.4999999999999716, 16.00000000000000711 ) ) ;
#203 = VECTOR ( 'NONE', #2260, 1000.000000000000000 ) ;
#204 = ORIENTED_EDGE ( 'NONE', *, *, #810, .T. ) ;
#205 = CARTESIAN_POINT ( 'NONE',  ( -47.19405962675104149, 153.4999999999999716, 25.16268659334786051 ) ) ;
#206 =( NAMED_UNIT ( * ) SI_UNIT ( $, .STERADIAN. ) SOLID_ANGLE_UNIT ( ) );
#207 = CARTESIAN_POINT ( 'NONE',  ( 36.99999999999997868, 163.9044686791257845, 30.13427333767448957 ) ) ;
#208 = ORIENTED_EDGE ( 'NONE', *, *, #4406, .T. ) ;
#209 = EDGE_CURVE ( 'NONE', #3128, #1992, #5376, .T. ) ;
#210 = LINE ( 'NONE', #3869, #5138 ) ;
#211 = ORIENTED_EDGE ( 'NONE', *, *, #4636, .T. ) ;
#212 = CARTESIAN_POINT ( 'NONE',  ( -19.00000000000003908, 153.6841813308492419, 17.81076501637484455 ) ) ;
#213 = CARTESIAN_POINT ( 'NONE',  ( 89.66000337367610484, 142.9790344793958923, -37.12257320436374641 ) ) ;
#214 = AXIS2_PLACEMENT_3D ( 'NONE', #5284, #3066, #4802 ) ;
#215 = CARTESIAN_POINT ( 'NONE',  ( -87.81695328090471264, 153.4867395136062100, 15.10777312723875987 ) ) ;
#216 = ORIENTED_EDGE ( 'NONE', *, *, #5086, .F. ) ;
#217 = ADVANCED_FACE ( 'NONE', ( #1788 ), #5017, .T. ) ;
#218 = DIRECTION ( 'NONE',  ( -0.0000000000000000000, 1.000000000000000000, -0.0000000000000000000 ) ) ;
#219 = PRESENTATION_STYLE_ASSIGNMENT (( #2490 ) ) ;
#220 = ORIENTED_EDGE ( 'NONE', *, *, #5817, .T. ) ;
#221 = FACE_OUTER_BOUND ( 'NONE', #1566, .T. ) ;
#222 = VECTOR ( 'NONE', #4283, 1000.000000000000000 ) ;
#223 = SURFACE_STYLE_FILL_AREA ( #2951 ) ;
#224 = DIRECTION ( 'NONE',  ( 1.000000000000000000, -3.303156897393814572E-15, 5.765681811209889739E-17 ) ) ;
#225 = CARTESIAN_POINT ( 'NONE',  ( 87.08972981016492554, 166.4999999999999716, 15.00000000000000355 ) ) ;
#226 = VECTOR ( 'NONE', #3475, 1000.000000000000227 ) ;
#227 =( BOUNDED_SURFACE ( )  B_SPLINE_SURFACE ( 3, 2, ( 
 ( #1868, #1315, #5509 ),
 ( #1432, #5441, #3214 ),
 ( #3630, #3189, #4082 ),
 ( #1396, #5473, #3713 ),
 ( #4546, #5016, #5562 ),
 ( #448, #2256, #475 ) ),
 .UNSPECIFIED., .F., .F., .F. ) 
 B_SPLINE_SURFACE_WITH_KNOTS ( ( 4, 2, 4 ),
 ( 3, 3 ),
 ( 3.141592653589793560, 3.926990816987238730, 4.712388980384683457 ),
 ( 0.0000000000000000000, 1.000000000000000000 ),
 .UNSPECIFIED. ) 
 GEOMETRIC_REPRESENTATION_ITEM ( )  RATIONAL_B_SPLINE_SURFACE ( (
 ( 1.000000000000000000, 0.7132504491541974412, 1.000000000000000000),
 ( 1.000000000000000000, 0.7132613904374399683, 1.000000000000000000),
 ( 1.000000000000000000, 0.7125917778490949983, 1.000000000000000000),
 ( 1.000000000000000000, 0.7103212306934788556, 1.000000000000000000),
 ( 1.000000000000000000, 0.7087270008780475194, 1.000000000000000000),
 ( 1.000000000000000000, 0.7071067811865463515, 1.000000000000000000) ) ) 
 REPRESENTATION_ITEM ( '' )  SURFACE ( )  );
#228 = ORIENTED_EDGE ( 'NONE', *, *, #4799, .F. ) ;
#229 = ADVANCED_FACE ( 'NONE', ( #395 ), #3603, .T. ) ;
#230 = CARTESIAN_POINT ( 'NONE',  ( -40.41421356237310647, 153.0087262032186004, 35.82529703427405821 ) ) ;
#231 = CIRCLE ( 'NONE', #4070, 2.000000000000001776 ) ;
#232 = EDGE_LOOP ( 'NONE', ( #2865, #4078, #545, #4320 ) ) ;
#233 = VECTOR ( 'NONE', #3956, 1000.000000000000000 ) ;
#234 = CARTESIAN_POINT ( 'NONE',  ( 89.99999999999998579, 0.0000000000000000000, -35.99999999999999289 ) ) ;
#235 = CARTESIAN_POINT ( 'NONE',  ( 37.50000000000000000, 143.0235206901570564, 36.11788558412802530 ) ) ;
#236 = CARTESIAN_POINT ( 'NONE',  ( 1.500000000000000222, 163.6863135986597229, 17.63617714821959126 ) ) ;
#237 = DIRECTION ( 'NONE',  ( 0.0000000000000000000, 0.01745240643728354982, 0.9998476951563912696 ) ) ;
#238 = B_SPLINE_CURVE_WITH_KNOTS ( 'NONE', 3,
 ( #3123, #1303, #3650, #4947, #3233, #1275, #5433, #2280 ),
 .UNSPECIFIED., .F., .F.,
 ( 4, 2, 2, 4 ),
 ( 0.0000000000000000000, 0.0003847830515607321162, 0.0007695661031214642324, 0.001539132206242977688 ),
 .UNSPECIFIED. ) ;
#239 = CIRCLE ( 'NONE', #3592, 0.4999999999999918954 ) ;
#240 =( NAMED_UNIT ( * ) PLANE_ANGLE_UNIT ( ) SI_UNIT ( $, .RADIAN. ) );
#241 = DIRECTION ( 'NONE',  ( 0.0000000000000000000, 0.0000000000000000000, 1.000000000000000000 ) ) ;
#242 = VERTEX_POINT ( 'NONE', #4957 ) ;
#243 = CARTESIAN_POINT ( 'NONE',  ( -95.90448750123042032, 153.2999999999999545, 26.16268659334618008 ) ) ;
#244 = ORIENTED_EDGE ( 'NONE', *, *, #2775, .T. ) ;
#245 = DIRECTION ( 'NONE',  ( 0.0000000000000000000, 0.0000000000000000000, 1.000000000000000000 ) ) ;
#246 = EDGE_CURVE ( 'NONE', #5042, #2638, #5443, .T. ) ;
#247 = LINE ( 'NONE', #4869, #5675 ) ;
#248 = ORIENTED_EDGE ( 'NONE', *, *, #3519, .F. ) ;
#249 = VERTEX_POINT ( 'NONE', #4904 ) ;
#250 = DIRECTION ( 'NONE',  ( -0.0000000000000000000, -0.0000000000000000000, 1.000000000000000000 ) ) ;
#251 = PRESENTATION_STYLE_ASSIGNMENT (( #2086 ) ) ;
#252 = EDGE_CURVE ( 'NONE', #2825, #3578, #5072, .T. ) ;
#253 = DIRECTION ( 'NONE',  ( 0.0000000000000000000, 0.0000000000000000000, -1.000000000000000000 ) ) ;
#254 = DIRECTION ( 'NONE',  ( 0.0000000000000000000, -0.01745240643728311267, -0.9998476951563913806 ) ) ;
#255 = DIRECTION ( 'NONE',  ( 0.0000000000000000000, 0.0000000000000000000, 1.000000000000000000 ) ) ;
#256 = CIRCLE ( 'NONE', #5341, 0.4999999999999918954 ) ;
#257 =( NAMED_UNIT ( * ) SI_UNIT ( $, .STERADIAN. ) SOLID_ANGLE_UNIT ( ) );
#258 = DIRECTION ( 'NONE',  ( -1.000000000000000000, 0.0000000000000000000, -2.775557561562888511E-14 ) ) ;
#259 = DIRECTION ( 'NONE',  ( 1.000000000000000000, 0.0000000000000000000, -0.0000000000000000000 ) ) ;
#260 = AXIS2_PLACEMENT_3D ( 'NONE', #5008, #1276, #441 ) ;
#261 = ORIENTED_EDGE ( 'NONE', *, *, #294, .F. ) ;
#262 = DIRECTION ( 'NONE',  ( 0.0000000000000000000, 1.000000000000000000, 0.0000000000000000000 ) ) ;
#263 = CARTESIAN_POINT ( 'NONE',  ( -1.500000000000085931, 142.6858566841288791, 18.00274148718497003 ) ) ;
#264 = CARTESIAN_POINT ( 'NONE',  ( -18.50000000000003553, 153.6841813308492419, 17.81076501637484455 ) ) ;
#265 = LINE ( 'NONE', #1758, #1975 ) ;
#266 = AXIS2_PLACEMENT_3D ( 'NONE', #2655, #5048, #5568 ) ;
#267 = EDGE_CURVE ( 'NONE', #2345, #3924, #3148, .T. ) ;
#268 = EDGE_CURVE ( 'NONE', #1143, #3999, #3543, .T. ) ;
#269 = CARTESIAN_POINT ( 'NONE',  ( -38.00000000000000711, 164.5003807621091596, 35.62470945781598886 ) ) ;
#270 = AXIS2_PLACEMENT_3D ( 'NONE', #3865, #1958, #4762 ) ;
#271 = DIRECTION ( 'NONE',  ( -1.000000000000000000, -0.0000000000000000000, -0.0000000000000000000 ) ) ;
#272 = ORIENTED_EDGE ( 'NONE', *, *, #4597, .F. ) ;
#273 = CARTESIAN_POINT ( 'NONE',  ( -37.00004441289112833, 143.0000000000000000, 35.48177022944424408 ) ) ;
#274 = ORIENTED_EDGE ( 'NONE', *, *, #3553, .F. ) ;
#275 =( NAMED_UNIT ( * ) SI_UNIT ( $, .STERADIAN. ) SOLID_ANGLE_UNIT ( ) );
#276 = AXIS2_PLACEMENT_3D ( 'NONE', #1278, #3126, #2042 ) ;
#277 = CARTESIAN_POINT ( 'NONE',  ( 89.78742568475037444, 142.9152849476968754, -36.90603047479991972 ) ) ;
#278 = EDGE_LOOP ( 'NONE', ( #4792, #159, #7, #4519, #740, #4740 ) ) ;
#279 = DIRECTION ( 'NONE',  ( -0.0000000000000000000, -1.000000000000000000, -0.0000000000000000000 ) ) ;
#280 = VERTEX_POINT ( 'NONE', #2403 ) ;
#281 = MECHANICAL_DESIGN_GEOMETRIC_PRESENTATION_REPRESENTATION (  '', ( #3720 ), #5557 ) ;
#282 = DIRECTION ( 'NONE',  ( -0.0000000000000000000, -1.000000000000000000, -0.0000000000000000000 ) ) ;
#283 = CARTESIAN_POINT ( 'NONE',  ( -38.00000000000007816, 143.0000000000000000, 36.49134863155784814 ) ) ;
#284 = DIRECTION ( 'NONE',  ( 1.000000000000000000, 6.606313794787629144E-16, -1.153136362241978194E-17 ) ) ;
#285 =( GEOMETRIC_REPRESENTATION_CONTEXT ( 3 ) GLOBAL_UNCERTAINTY_ASSIGNED_CONTEXT ( ( #5149 ) ) GLOBAL_UNIT_ASSIGNED_CONTEXT ( ( #5738, #5259, #4362 ) ) REPRESENTATION_CONTEXT ( 'NONE', 'WORKASPACE' ) );
#286 = ORIENTED_EDGE ( 'NONE', *, *, #5357, .F. ) ;
#287 = LINE ( 'NONE', #2113, #5081 ) ;
#288 = ADVANCED_FACE ( 'NONE', ( #1096 ), #1518, .T. ) ;
#289 = FACE_OUTER_BOUND ( 'NONE', #683, .T. ) ;
#290 = TOROIDAL_SURFACE ( 'NONE', #657, 1.000000000000000000, 0.5000000000000000000 ) ;
#291 = CARTESIAN_POINT ( 'NONE',  ( 89.32287565553227182, 143.0000000000000000, 37.50000000000000711 ) ) ;
#292 = DIRECTION ( 'NONE',  ( -1.000000000000000000, 0.0000000000000000000, 1.095614826932720471E-16 ) ) ;
#293 = FACE_OUTER_BOUND ( 'NONE', #673, .T. ) ;
#294 = EDGE_CURVE ( 'NONE', #85, #5941, #1720, .T. ) ;
#295 = DIRECTION ( 'NONE',  ( 0.0000000000000000000, 1.000000000000000000, 0.0000000000000000000 ) ) ;
#296 = CARTESIAN_POINT ( 'NONE',  ( -87.08972981016493975, 166.4999999999999716, -35.99999999999999289 ) ) ;
#297 = SURFACE_STYLE_FILL_AREA ( #2567 ) ;
#298 = AXIS2_PLACEMENT_3D ( 'NONE', #1158, #2091, #5714 ) ;
#299 = DIRECTION ( 'NONE',  ( 0.0000000000000000000, 1.000000000000000000, 0.0000000000000000000 ) ) ;
#300 = AXIS2_PLACEMENT_3D ( 'NONE', #4940, #5861, #2710 ) ;
#301 = AXIS2_PLACEMENT_3D ( 'NONE', #1645, #3857, #3472 ) ;
#302 = CIRCLE ( 'NONE', #4132, 2.000000000000001776 ) ;
#303 = EDGE_LOOP ( 'NONE', ( #35, #425, #1429, #4626 ) ) ;
#304 =( BOUNDED_CURVE ( )  B_SPLINE_CURVE ( 3, ( #5373, #4367, #2954, #4789 ),
 .UNSPECIFIED., .F., .T. ) 
 B_SPLINE_CURVE_WITH_KNOTS ( ( 4, 4 ),
 ( 0.0000000000000000000, 1.570796326794896558 ),
 .UNSPECIFIED. ) 
 CURVE ( )  GEOMETRIC_REPRESENTATION_ITEM ( )  RATIONAL_B_SPLINE_CURVE ( ( 1.000000000000000000, 0.8047378541243649375, 0.8047378541243649375, 1.000000000000000000 ) ) 
 REPRESENTATION_ITEM ( '' )  );
#305 = DIRECTION ( 'NONE',  ( -0.0000000000000000000, 0.01745240643728108651, 0.9998476951563913806 ) ) ;
#306 = ORIENTED_EDGE ( 'NONE', *, *, #5573, .T. ) ;
#307 =( NAMED_UNIT ( * ) PLANE_ANGLE_UNIT ( ) SI_UNIT ( $, .RADIAN. ) );
#308 = CIRCLE ( 'NONE', #1063, 4.000000000000007105 ) ;
#309 = CARTESIAN_POINT ( 'NONE',  ( -88.00000000000001421, 143.5000000000000000, 36.49134863155784814 ) ) ;
#310 = EDGE_LOOP ( 'NONE', ( #2524, #1701, #342, #1206 ) ) ;
#311 = DIRECTION ( 'NONE',  ( 1.000000000000000000, -3.083013515806853774E-15, 5.381420109298112062E-17 ) ) ;
#312 = ORIENTED_EDGE ( 'NONE', *, *, #4075, .F. ) ;
#313 = LINE ( 'NONE', #2583, #4729 ) ;
#314 = DIRECTION ( 'NONE',  ( 0.0000000000000000000, 0.0000000000000000000, 1.000000000000000000 ) ) ;
#315 = FACE_OUTER_BOUND ( 'NONE', #1230, .T. ) ;
#316 = ORIENTED_EDGE ( 'NONE', *, *, #3660, .F. ) ;
#317 = DIRECTION ( 'NONE',  ( 1.000000000000000000, -0.0000000000000000000, 1.387778780781445478E-15 ) ) ;
#318 = DIRECTION ( 'NONE',  ( -0.0000000000000000000, -1.000000000000000000, 0.0000000000000000000 ) ) ;
#319 = LINE ( 'NONE', #667, #5620 ) ;
#320 = ORIENTED_EDGE ( 'NONE', *, *, #5099, .T. ) ;
#321 = DIRECTION ( 'NONE',  ( 0.0000000000000000000, -0.01745240643730164992, -0.9998476951563909365 ) ) ;
#322 = CARTESIAN_POINT ( 'NONE',  ( -47.19405962675103439, 153.2999999999999545, 26.16268659334786051 ) ) ;
#323 = LINE ( 'NONE', #3090, #2361 ) ;
#324 = EDGE_CURVE ( 'NONE', #4199, #4461, #1929, .T. ) ;
#325 = DIRECTION ( 'NONE',  ( 0.0000000000000000000, 0.0000000000000000000, 1.000000000000000000 ) ) ;
#326 = CARTESIAN_POINT ( 'NONE',  ( 37.49999999999999289, 153.3849601572997869, 29.31773971389199218 ) ) ;
#327 = CARTESIAN_POINT ( 'NONE',  ( 82.99999999999997158, 153.4999999999999716, 31.91264851713705752 ) ) ;
#328 =( NAMED_UNIT ( * ) SI_UNIT ( $, .STERADIAN. ) SOLID_ANGLE_UNIT ( ) );
#329 = LINE ( 'NONE', #4923, #2753 ) ;
#330 = EDGE_CURVE ( 'NONE', #5119, #2233, #2291, .T. ) ;
#331 = VECTOR ( 'NONE', #4477, 1000.000000000000000 ) ;
#332 = AXIS2_PLACEMENT_3D ( 'NONE', #1615, #2122, #2343 ) ;
#333 = ORIENTED_EDGE ( 'NONE', *, *, #3762, .T. ) ;
#334 = FACE_OUTER_BOUND ( 'NONE', #3101, .T. ) ;
#335 = ORIENTED_EDGE ( 'NONE', *, *, #2211, .F. ) ;
#336 = AXIS2_PLACEMENT_3D ( 'NONE', #2854, #2422, #690 ) ;
#337 = ADVANCED_FACE ( 'NONE', ( #4140 ), #4718, .F. ) ;
#338 = CARTESIAN_POINT ( 'NONE',  ( -87.30791812176767053, 153.9999999999999716, 15.49999999999993427 ) ) ;
#339 = ORIENTED_EDGE ( 'NONE', *, *, #5754, .T. ) ;
#340 = DIRECTION ( 'NONE',  ( 1.000000000000000000, 0.0000000000000000000, 0.0000000000000000000 ) ) ;
#341 = VECTOR ( 'NONE', #5732, 1000.000000000000000 ) ;
#342 = ORIENTED_EDGE ( 'NONE', *, *, #81, .F. ) ;
#343 = CARTESIAN_POINT ( 'NONE',  ( 87.58965365774311351, 166.5087262032186572, -35.58965365774311351 ) ) ;
#344 = DIRECTION ( 'NONE',  ( -0.0000000000000000000, -0.0000000000000000000, 1.000000000000000000 ) ) ;
#345 = FACE_OUTER_BOUND ( 'NONE', #4980, .T. ) ;
#346 = EDGE_CURVE ( 'NONE', #3722, #1783, #2258, .T. ) ;
#347 = EDGE_CURVE ( 'NONE', #1659, #2867, #477, .T. ) ;
#348 = EDGE_LOOP ( 'NONE', ( #41, #95, #600 ) ) ;
#349 = FACE_OUTER_BOUND ( 'NONE', #4457, .T. ) ;
#350 = CYLINDRICAL_SURFACE ( 'NONE', #1327, 2.000000000000001776 ) ;
#351 = DIRECTION ( 'NONE',  ( 0.0000000000000000000, -0.0000000000000000000, -1.000000000000000000 ) ) ;
#352 = ORIENTED_EDGE ( 'NONE', *, *, #2290, .T. ) ;
#353 = FACE_OUTER_BOUND ( 'NONE', #5885, .T. ) ;
#354 = CARTESIAN_POINT ( 'NONE',  ( -89.83842844513311832, 142.8733103523263992, -36.79643093939720444 ) ) ;
#355 = DIRECTION ( 'NONE',  ( 0.0000000000000000000, 0.0000000000000000000, 1.000000000000000000 ) ) ;
#356 = EDGE_CURVE ( 'NONE', #2315, #1290, #2111, .T. ) ;
#357 = LINE ( 'NONE', #5870, #4772 ) ;
#358 = CARTESIAN_POINT ( 'NONE',  ( -40.50000000000001421, 153.8687326543479230, 35.31250068184998980 ) ) ;
#359 = ORIENTED_EDGE ( 'NONE', *, *, #4202, .F. ) ;
#360 = UNCERTAINTY_MEASURE_WITH_UNIT (LENGTH_MEASURE( 1.000000000000000082E-05 ), #1797, 'distance_accuracy_value', 'NONE');
#361 = CARTESIAN_POINT ( 'NONE',  ( -37.49656480452789253, 142.9999999999999716, 35.61817858302172368 ) ) ;
#362 = ORIENTED_EDGE ( 'NONE', *, *, #3532, .T. ) ;
#363 = CARTESIAN_POINT ( 'NONE',  ( 89.66000269403284051, 142.9790346634358968, 37.12257414551439183 ) ) ;
#364 =( GEOMETRIC_REPRESENTATION_CONTEXT ( 3 ) GLOBAL_UNCERTAINTY_ASSIGNED_CONTEXT ( ( #3129 ) ) GLOBAL_UNIT_ASSIGNED_CONTEXT ( ( #1225, #307, #275 ) ) REPRESENTATION_CONTEXT ( 'NONE', 'WORKASPACE' ) );
#365 = FACE_OUTER_BOUND ( 'NONE', #3803, .T. ) ;
#366 = VERTEX_POINT ( 'NONE', #3858 ) ;
#367 = LINE ( 'NONE', #809, #1648 ) ;
#368 = ORIENTED_EDGE ( 'NONE', *, *, #1603, .F. ) ;
#369 = LINE ( 'NONE', #3043, #5215 ) ;
#370 = CARTESIAN_POINT ( 'NONE',  ( 19.00000000000000711, 152.6930598389114948, 18.32814127039032570 ) ) ;
#371 = ADVANCED_FACE ( 'NONE', ( #3415, #3319 ), #5718, .T. ) ;
#372 = COLOUR_RGB ( '',0.7921568627450980005, 0.8196078431372548767, 0.9333333333333333481 ) ;
#373 = CARTESIAN_POINT ( 'NONE',  ( 89.99999999999998579, 142.5000000000000000, 38.00000000000000711 ) ) ;
#374 = CARTESIAN_POINT ( 'NONE',  ( -88.49134863155785524, 143.0000000000000000, -36.49134863155783393 ) ) ;
#375 = AXIS2_PLACEMENT_3D ( 'NONE', #1089, #2889, #4748 ) ;
#376 = FACE_OUTER_BOUND ( 'NONE', #2107, .T. ) ;
#377 = LINE ( 'NONE', #2173, #5477 ) ;
#378 = ADVANCED_FACE ( 'NONE', ( #4369 ), #1650, .F. ) ;
#379 = EDGE_LOOP ( 'NONE', ( #3548, #5946, #1994 ) ) ;
#380 = EDGE_CURVE ( 'NONE', #3722, #120, #3624, .T. ) ;
#381 = AXIS2_PLACEMENT_3D ( 'NONE', #3380, #691, #3908 ) ;
#382 = DIRECTION ( 'NONE',  ( -1.000000000000000000, -0.0000000000000000000, -0.0000000000000000000 ) ) ;
#383 = AXIS2_PLACEMENT_3D ( 'NONE', #309, #4357, #4414 ) ;
#384 = CARTESIAN_POINT ( 'NONE',  ( -80.99999999999997158, 158.9999999999999716, 28.41264851713703621 ) ) ;
#385 = EDGE_CURVE ( 'NONE', #791, #1907, #3889, .T. ) ;
#386 = DIRECTION ( 'NONE',  ( -0.0000000000000000000, -1.000000000000000000, 0.0000000000000000000 ) ) ;
#387 = DIRECTION ( 'NONE',  ( 0.9998476951563910475, -0.01745240643730141053, 0.0000000000000000000 ) ) ;
#388 = CARTESIAN_POINT ( 'NONE',  ( -40.00000000000000711, 154.0087262032186004, 35.80784196934585140 ) ) ;
#389 = ORIENTED_EDGE ( 'NONE', *, *, #4609, .F. ) ;
#390 = DIRECTION ( 'NONE',  ( -4.336808689942017736E-17, 0.9998476951563912696, -0.01745240643728337981 ) ) ;
#391 = ORIENTED_EDGE ( 'NONE', *, *, #385, .F. ) ;
#392 = CARTESIAN_POINT ( 'NONE',  ( -90.00000000000001421, 143.0000000000000000, 36.00000000000000711 ) ) ;
#393 = CIRCLE ( 'NONE', #4318, 2.000000000000001776 ) ;
#394 = AXIS2_PLACEMENT_3D ( 'NONE', #3547, #4605, #2293 ) ;
#395 = FACE_OUTER_BOUND ( 'NONE', #927, .T. ) ;
#396 = VERTEX_POINT ( 'NONE', #5272 ) ;
#397 = EDGE_CURVE ( 'NONE', #5359, #4284, #1161, .T. ) ;
#398 = DIRECTION ( 'NONE',  ( 0.0000000000000000000, 1.000000000000000000, 0.0000000000000000000 ) ) ;
#399 = VERTEX_POINT ( 'NONE', #2533 ) ;
#400 = CARTESIAN_POINT ( 'NONE',  ( 89.32287565553221498, 135.4999999999999716, 37.50000000000000711 ) ) ;
#401 = DIRECTION ( 'NONE',  ( 0.0000000000000000000, -0.01745240643730164992, -0.9998476951563909365 ) ) ;
#402 = CARTESIAN_POINT ( 'NONE',  ( 37.49999999999997868, 163.9917307113122149, 35.13351181345643681 ) ) ;
#403 = ORIENTED_EDGE ( 'NONE', *, *, #5934, .T. ) ;
#404 = EDGE_CURVE ( 'NONE', #1691, #4162, #763, .T. ) ;
#405 = DIRECTION ( 'NONE',  ( 0.0000000000000000000, 0.0000000000000000000, -1.000000000000000000 ) ) ;
#406 = ORIENTED_EDGE ( 'NONE', *, *, #662, .T. ) ;
#407 = CARTESIAN_POINT ( 'NONE',  ( -88.00000000000001421, 143.0000000000000000, -35.99999999999999289 ) ) ;
#408 = DIRECTION ( 'NONE',  ( -0.0000000000000000000, -0.0000000000000000000, -1.000000000000000000 ) ) ;
#409 = ORIENTED_EDGE ( 'NONE', *, *, #4316, .F. ) ;
#410 = DIRECTION ( 'NONE',  ( 0.0000000000000000000, -0.01745240643730164992, -0.9998476951563909365 ) ) ;
#411 = EDGE_CURVE ( 'NONE', #4009, #3239, #950, .T. ) ;
#412 = SURFACE_SIDE_STYLE ('',( #4509 ) ) ;
#413 = CARTESIAN_POINT ( 'NONE',  ( 89.99999999999998579, 2.000000000000001776, 38.00000000000000711 ) ) ;
#414 = LINE ( 'NONE', #31, #642 ) ;
#415 = EDGE_CURVE ( 'NONE', #4638, #4810, #4791, .T. ) ;
#416 = CARTESIAN_POINT ( 'NONE',  ( -87.81806690964872075, 153.4229397655917353, 14.99999999999993427 ) ) ;
#417 = ORIENTED_EDGE ( 'NONE', *, *, #3672, .F. ) ;
#418 = PLANE ( 'NONE',  #2242 ) ;
#419 = ORIENTED_EDGE ( 'NONE', *, *, #1188, .F. ) ;
#420 = FACE_OUTER_BOUND ( 'NONE', #2050, .T. ) ;
#421 =( BOUNDED_CURVE ( )  B_SPLINE_CURVE ( 3, ( #5634, #4813, #2057, #1084 ),
 .UNSPECIFIED., .F., .T. ) 
 B_SPLINE_CURVE_WITH_KNOTS ( ( 4, 4 ),
 ( 1.570796326794854592, 3.141592653589751816 ),
 .UNSPECIFIED. ) 
 CURVE ( )  GEOMETRIC_REPRESENTATION_ITEM ( )  RATIONAL_B_SPLINE_CURVE ( ( 1.000000000000000000, 0.8047378541243649375, 0.8047378541243649375, 1.000000000000000000 ) ) 
 REPRESENTATION_ITEM ( '' )  );
#422 = DIRECTION ( 'NONE',  ( -1.000000000000000000, 0.0000000000000000000, 0.0000000000000000000 ) ) ;
#423 = VERTEX_POINT ( 'NONE', #2148 ) ;
#424 =( NAMED_UNIT ( * ) PLANE_ANGLE_UNIT ( ) SI_UNIT ( $, .RADIAN. ) );
#425 = ORIENTED_EDGE ( 'NONE', *, *, #2501, .T. ) ;
#426 = DIRECTION ( 'NONE',  ( 1.000000000000000000, 6.606313794787629144E-16, -1.153136362241978194E-17 ) ) ;
#427 = CIRCLE ( 'NONE', #4532, 0.4999999999999990008 ) ;
#428 = DIRECTION ( 'NONE',  ( 1.000000000000000000, 0.0000000000000000000, 0.0000000000000000000 ) ) ;
#429 = ORIENTED_EDGE ( 'NONE', *, *, #916, .F. ) ;
#430 = VECTOR ( 'NONE', #1768, 1000.000000000000000 ) ;
#431 = SURFACE_SIDE_STYLE ('',( #5920 ) ) ;
#432 = VERTEX_POINT ( 'NONE', #4014 ) ;
#433 = CARTESIAN_POINT ( 'NONE',  ( -37.00000000000004263, 152.8937625129402704, 29.82638976468875214 ) ) ;
#434 = PLANE ( 'NONE',  #4989 ) ;
#435 = EDGE_LOOP ( 'NONE', ( #4556, #3943, #1019, #5805 ) ) ;
#436 = DIRECTION ( 'NONE',  ( 1.000000000000000000, 0.0000000000000000000, 1.040834085586084059E-15 ) ) ;
#437 = AXIS2_PLACEMENT_3D ( 'NONE', #1672, #4848, #3410 ) ;
#438 = ADVANCED_FACE ( 'NONE', ( #293 ), #2599, .T. ) ;
#439 = DIRECTION ( 'NONE',  ( 1.000000000000000000, 0.0000000000000000000, 0.0000000000000000000 ) ) ;
#440 = SURFACE_STYLE_FILL_AREA ( #2746 ) ;
#441 = DIRECTION ( 'NONE',  ( 0.0000000000000000000, 0.0000000000000000000, 1.000000000000000000 ) ) ;
#442 = FILL_AREA_STYLE ('',( #4922 ) ) ;
#443 = EDGE_CURVE ( 'NONE', #3199, #1072, #3147, .T. ) ;
#444 = CARTESIAN_POINT ( 'NONE',  ( -40.00000000006468781, 153.7461915119170897, 35.81242452942842647 ) ) ;
#445 = VERTEX_POINT ( 'NONE', #4124 ) ;
#446 = DIRECTION ( 'NONE',  ( 1.000000000000000000, 0.0000000000000000000, -6.938893903907227392E-16 ) ) ;
#447 = EDGE_LOOP ( 'NONE', ( #486, #1021, #1663, #627, #1557, #168, #829, #1601 ) ) ;
#448 = CARTESIAN_POINT ( 'NONE',  ( 87.80784196934583008, 154.0087262032186288, 15.00000000000000355 ) ) ;
#449 = VECTOR ( 'NONE', #3920, 1000.000000000000000 ) ;
#450 = EDGE_CURVE ( 'NONE', #2967, #5170, #3175, .T. ) ;
#451 = DIRECTION ( 'NONE',  ( 0.0000000000000000000, 0.0000000000000000000, -1.000000000000000000 ) ) ;
#452 = ORIENTED_EDGE ( 'NONE', *, *, #2570, .T. ) ;
#453 = AXIS2_PLACEMENT_3D ( 'NONE', #1996, #1535, #150 ) ;
#454 = ORIENTED_EDGE ( 'NONE', *, *, #1575, .F. ) ;
#455 = LINE ( 'NONE', #4259, #4018 ) ;
#456 = PRESENTATION_LAYER_ASSIGNMENT (  '', '', ( #5552 ) ) ;
#457 = VERTEX_POINT ( 'NONE', #2657 ) ;
#458 = CARTESIAN_POINT ( 'NONE',  ( 37.49999999999998579, 152.9024887161588993, 30.32631361226702538 ) ) ;
#459 = AXIS2_PLACEMENT_3D ( 'NONE', #4407, #770, #1218 ) ;
#460 = CARTESIAN_POINT ( 'NONE',  ( 87.99999999999998579, 0.0000000000000000000, 38.00000000000000711 ) ) ;
#461 = CARTESIAN_POINT ( 'NONE',  ( 40.00000000006465939, 153.7461915119143612, 35.81242452942848331 ) ) ;
#462 = ORIENTED_EDGE ( 'NONE', *, *, #5290, .F. ) ;
#463 = AXIS2_PLACEMENT_3D ( 'NONE', #4119, #3644, #1882 ) ;
#464 = ADVANCED_FACE ( 'NONE', ( #5499 ), #28, .T. ) ;
#465 = FACE_OUTER_BOUND ( 'NONE', #689, .T. ) ;
#466 = CARTESIAN_POINT ( 'NONE',  ( -88.00000000000001421, 143.0000000000000000, 36.49134863155784814 ) ) ;
#467 = CARTESIAN_POINT ( 'NONE',  ( -55.13131355994480742, 153.2999999999999545, 26.16268659334794577 ) ) ;
#468 = CIRCLE ( 'NONE', #2165, 0.4999999999999990008 ) ;
#469 = ADVANCED_FACE ( 'NONE', ( #2774 ), #4534, .T. ) ;
#470 = DIRECTION ( 'NONE',  ( 1.000000000000000000, -0.0000000000000000000, -0.0000000000000000000 ) ) ;
#471 = UNCERTAINTY_MEASURE_WITH_UNIT (LENGTH_MEASURE( 1.000000000000000082E-05 ), #4342, 'distance_accuracy_value', 'NONE');
#472 = ORIENTED_EDGE ( 'NONE', *, *, #2781, .T. ) ;
#473 = DIRECTION ( 'NONE',  ( -1.204881709592844011E-32, 0.01745240643728337981, 0.9998476951563912696 ) ) ;
#474 = ORIENTED_EDGE ( 'NONE', *, *, #2569, .F. ) ;
#475 = CARTESIAN_POINT ( 'NONE',  ( 87.30791812176762789, 153.9999999999999716, 15.50000000000000355 ) ) ;
#476 = CLOSED_SHELL ( 'NONE', ( #4815, #3820, #337, #5630, #3268, #187 ) ) ;
#477 = LINE ( 'NONE', #609, #3731 ) ;
#478 = ORIENTED_EDGE ( 'NONE', *, *, #5681, .T. ) ;
#479 = DIRECTION ( 'NONE',  ( -3.469446951953611033E-14, 0.0000000000000000000, -1.000000000000000000 ) ) ;
#480 = ORIENTED_EDGE ( 'NONE', *, *, #3585, .T. ) ;
#481 = LINE ( 'NONE', #5539, #430 ) ;
#482 = EDGE_LOOP ( 'NONE', ( #4326, #5833, #3184, #2117 ) ) ;
#483 = FILL_AREA_STYLE ('',( #1321 ) ) ;
#484 = CARTESIAN_POINT ( 'NONE',  ( 37.73587251183667490, 143.0000000000000000, 36.49134863149003394 ) ) ;
#485 =( GEOMETRIC_REPRESENTATION_CONTEXT ( 3 ) GLOBAL_UNCERTAINTY_ASSIGNED_CONTEXT ( ( #360 ) ) GLOBAL_UNIT_ASSIGNED_CONTEXT ( ( #1797, #1353, #21 ) ) REPRESENTATION_CONTEXT ( 'NONE', 'WORKASPACE' ) );
#486 = ORIENTED_EDGE ( 'NONE', *, *, #1111, .T. ) ;
#487 = DIRECTION ( 'NONE',  ( 0.0000000000000000000, 0.0000000000000000000, -1.000000000000000000 ) ) ;
#488 = ADVANCED_FACE ( 'NONE', ( #5899 ), #1417, .T. ) ;
#489 = VERTEX_POINT ( 'NONE', #4676 ) ;
#490 = VECTOR ( 'NONE', #3013, 1000.000000000000000 ) ;
#491 = DIRECTION ( 'NONE',  ( -1.734723475976806700E-15, 0.01745240643728338328, 0.9998476951563913806 ) ) ;
#492 = CARTESIAN_POINT ( 'NONE',  ( 37.49999999999998579, 153.6841813308492419, 17.81076501637484455 ) ) ;
#493 = ORIENTED_EDGE ( 'NONE', *, *, #1581, .T. ) ;
#494 = CARTESIAN_POINT ( 'NONE',  ( -88.00000000000001421, 2.000000000000001776, 38.00000000000000711 ) ) ;
#495 =( NAMED_UNIT ( * ) SI_UNIT ( $, .STERADIAN. ) SOLID_ANGLE_UNIT ( ) );
#496 = DIRECTION ( 'NONE',  ( -2.773339119917619190E-31, 0.9998476951563911586, -0.01745240643728339369 ) ) ;
#497 = DIRECTION ( 'NONE',  ( 1.000000000000000000, 4.336148172972734633E-17, -7.568774789761131783E-19 ) ) ;
#498 = EDGE_CURVE ( 'NONE', #838, #2867, #602, .T. ) ;
#499 = LINE ( 'NONE', #2311, #1834 ) ;
#500 = ORIENTED_EDGE ( 'NONE', *, *, #154, .T. ) ;
#501 = FACE_OUTER_BOUND ( 'NONE', #4732, .T. ) ;
#502 = ORIENTED_EDGE ( 'NONE', *, *, #566, .F. ) ;
#503 = DIRECTION ( 'NONE',  ( 0.0000000000000000000, 0.0000000000000000000, 1.000000000000000000 ) ) ;
#504 = ADVANCED_FACE ( 'NONE', ( #2395 ), #3823, .F. ) ;
#505 = ORIENTED_EDGE ( 'NONE', *, *, #5719, .F. ) ;
#506 = FACE_BOUND ( 'NONE', #649, .T. ) ;
#507 = ORIENTED_EDGE ( 'NONE', *, *, #5066, .T. ) ;
#508 = CARTESIAN_POINT ( 'NONE',  ( 19.00000000000000711, 152.6843336356928376, 17.82821742281213062 ) ) ;
#509 = EDGE_LOOP ( 'NONE', ( #3664, #5661, #918 ) ) ;
#510 = EDGE_CURVE ( 'NONE', #4205, #1842, #3761, .T. ) ;
#511 = ORIENTED_EDGE ( 'NONE', *, *, #11, .T. ) ;
#512 = CARTESIAN_POINT ( 'NONE',  ( 87.99999999999998579, 135.4999999999999716, -35.99999999999999289 ) ) ;
#513 = EDGE_LOOP ( 'NONE', ( #97, #1571, #4449, #4411 ) ) ;
#514 = DIRECTION ( 'NONE',  ( 0.0000000000000000000, -0.0000000000000000000, 1.000000000000000000 ) ) ;
#515 = CARTESIAN_POINT ( 'NONE',  ( 89.49999999999998579, 136.9999999999999716, 37.32287565553230024 ) ) ;
#516 = EDGE_CURVE ( 'NONE', #5736, #3398, #1946, .T. ) ;
#517 = PRESENTATION_LAYER_ASSIGNMENT (  '', '', ( #5220 ) ) ;
#518 = ORIENTED_EDGE ( 'NONE', *, *, #2929, .F. ) ;
#519 = DIRECTION ( 'NONE',  ( 0.0000000000000000000, 0.0000000000000000000, -1.000000000000000000 ) ) ;
#520 = PLANE ( 'NONE',  #1484 ) ;
#521 = CARTESIAN_POINT ( 'NONE',  ( -89.50000000000001421, 143.0000000000000000, -37.99999999999999289 ) ) ;
#522 = DIRECTION ( 'NONE',  ( 0.0000000000000000000, -0.01745240643728373370, -0.9998476951563913806 ) ) ;
#523 = DIRECTION ( 'NONE',  ( 0.0000000000000000000, 0.0000000000000000000, 1.000000000000000000 ) ) ;
#524 = VECTOR ( 'NONE', #2427, 1000.000000000000000 ) ;
#525 = EDGE_LOOP ( 'NONE', ( #4274, #406, #1923 ) ) ;
#526 = EDGE_CURVE ( 'NONE', #1181, #5567, #4212, .T. ) ;
#527 = DIRECTION ( 'NONE',  ( 0.0000000000000000000, 0.0000000000000000000, -1.000000000000000000 ) ) ;
#528 = FACE_OUTER_BOUND ( 'NONE', #955, .T. ) ;
#529 = VERTEX_POINT ( 'NONE', #1915 ) ;
#530 = CARTESIAN_POINT ( 'NONE',  ( -37.15665362282748418, 143.0001214495487432, 36.00695783998126842 ) ) ;
#531 = ORIENTED_EDGE ( 'NONE', *, *, #5214, .T. ) ;
#532 = ORIENTED_EDGE ( 'NONE', *, *, #1119, .T. ) ;
#533 = EDGE_CURVE ( 'NONE', #1468, #5050, #1887, .T. ) ;
#534 = VECTOR ( 'NONE', #1314, 1000.000000000000000 ) ;
#535 = DIRECTION ( 'NONE',  ( 1.000000000000000000, -0.0000000000000000000, 0.0000000000000000000 ) ) ;
#536 = ORIENTED_EDGE ( 'NONE', *, *, #2147, .T. ) ;
#537 =( NAMED_UNIT ( * ) PLANE_ANGLE_UNIT ( ) SI_UNIT ( $, .RADIAN. ) );
#538 = VECTOR ( 'NONE', #2718, 1000.000000000000000 ) ;
#539 = ORIENTED_EDGE ( 'NONE', *, *, #5326, .F. ) ;
#540 = ORIENTED_EDGE ( 'NONE', *, *, #3277, .F. ) ;
#541 = EDGE_CURVE ( 'NONE', #3391, #708, #76, .T. ) ;
#542 = CARTESIAN_POINT ( 'NONE',  ( 37.21411699902692760, 143.0009983174022921, 36.05719356567155387 ) ) ;
#543 = CYLINDRICAL_SURFACE ( 'NONE', #1885, 4.000000000000007105 ) ;
#544 = DIRECTION ( 'NONE',  ( -1.000000000000000000, 0.0000000000000000000, 0.0000000000000000000 ) ) ;
#545 = ORIENTED_EDGE ( 'NONE', *, *, #1649, .F. ) ;
#546 = DIRECTION ( 'NONE',  ( -6.769652589177782893E-16, 0.0000000000000000000, 1.000000000000000000 ) ) ;
#547 = VECTOR ( 'NONE', #2727, 1000.000000000000000 ) ;
#548 = EDGE_CURVE ( 'NONE', #5262, #557, #4301, .T. ) ;
#549 = CARTESIAN_POINT ( 'NONE',  ( -95.90448750123042032, 153.2999999999999545, 25.16268659334631863 ) ) ;
#550 = CARTESIAN_POINT ( 'NONE',  ( -90.00000000000001421, 135.4999999999999716, 36.00000000000000711 ) ) ;
#551 = DIRECTION ( 'NONE',  ( -1.000000000000000000, -6.606313794787629144E-16, 1.153136362241978194E-17 ) ) ;
#552 = EDGE_CURVE ( 'NONE', #1760, #1384, #5140, .T. ) ;
#553 = VECTOR ( 'NONE', #1155, 1000.000000000000227 ) ;
#554 = EDGE_LOOP ( 'NONE', ( #2384, #3868, #1846, #3008 ) ) ;
#555 = LINE ( 'NONE', #979, #3497 ) ;
#556 = DIRECTION ( 'NONE',  ( -6.938893903907227392E-16, 0.0000000000000000000, -1.000000000000000000 ) ) ;
#557 = VERTEX_POINT ( 'NONE', #1088 ) ;
#558 = FILL_AREA_STYLE ('',( #616 ) ) ;
#559 = ORIENTED_EDGE ( 'NONE', *, *, #3568, .T. ) ;
#560 = CARTESIAN_POINT ( 'NONE',  ( -88.79643093939722576, 142.8733103523264276, 37.83842844513315384 ) ) ;
#561 = ORIENTED_EDGE ( 'NONE', *, *, #3276, .T. ) ;
#562 = DIRECTION ( 'NONE',  ( -6.939950892042413865E-15, 0.0000000000000000000, 1.000000000000000000 ) ) ;
#563 = ORIENTED_EDGE ( 'NONE', *, *, #1208, .T. ) ;
#564 = CARTESIAN_POINT ( 'NONE',  ( 37.00004441289104307, 143.0000000000000000, 35.48177022944409487 ) ) ;
#565 = CIRCLE ( 'NONE', #3469, 2.000000000000001776 ) ;
#566 = EDGE_CURVE ( 'NONE', #1640, #5052, #5677, .T. ) ;
#567 = AXIS2_PLACEMENT_3D ( 'NONE', #3022, #4400, #3503 ) ;
#568 = ORIENTED_EDGE ( 'NONE', *, *, #48, .F. ) ;
#569 = ORIENTED_EDGE ( 'NONE', *, *, #4189, .T. ) ;
#570 = FILL_AREA_STYLE_COLOUR ( '', #4837 ) ;
#571 = AXIS2_PLACEMENT_3D ( 'NONE', #5144, #3764, #5682 ) ;
#572 = DIRECTION ( 'NONE',  ( 0.0000000000000000000, -0.0000000000000000000, 1.000000000000000000 ) ) ;
#573 = ADVANCED_FACE ( 'NONE', ( #1483 ), #2335, .F. ) ;
#574 = VERTEX_POINT ( 'NONE', #2456 ) ;
#575 = AXIS2_PLACEMENT_3D ( 'NONE', #5104, #96, #3755 ) ;
#576 = CARTESIAN_POINT ( 'NONE',  ( 40.49999999999997868, 153.4880756386315852, 35.31685379473367448 ) ) ;
#577 = CARTESIAN_POINT ( 'NONE',  ( -87.61422915406373590, 153.4999999999999716, 35.61422915406372880 ) ) ;
#578 = AXIS2_PLACEMENT_3D ( 'NONE', #4744, #284, #1668 ) ;
#579 = LINE ( 'NONE', #2370, #4567 ) ;
#580 = EDGE_CURVE ( 'NONE', #2673, #3722, #1512, .T. ) ;
#581 = CARTESIAN_POINT ( 'NONE',  ( 39.99999999999997158, 153.4229397655917069, 35.81806690964869944 ) ) ;
#582 =( NAMED_UNIT ( * ) PLANE_ANGLE_UNIT ( ) SI_UNIT ( $, .RADIAN. ) );
#583 = ORIENTED_EDGE ( 'NONE', *, *, #4075, .T. ) ;
#584 = CARTESIAN_POINT ( 'NONE',  ( 37.49999999999997868, 163.9917307113122149, 35.13351181345643681 ) ) ;
#585 = ORIENTED_EDGE ( 'NONE', *, *, #4096, .F. ) ;
#586 = CARTESIAN_POINT ( 'NONE',  ( 1.500000000000000222, 163.6863135986597229, 17.63617714821959126 ) ) ;
#587 = DIRECTION ( 'NONE',  ( 0.0000000000000000000, 0.9998476951563912696, -0.01745240643728354982 ) ) ;
#588 = ADVANCED_FACE ( 'NONE', ( #4746 ), #5171, .F. ) ;
#589 = ORIENTED_EDGE ( 'NONE', *, *, #5681, .F. ) ;
#590 = VERTEX_POINT ( 'NONE', #3258 ) ;
#591 = CARTESIAN_POINT ( 'NONE',  ( 82.99999999999997158, 164.4999999999999716, 30.91264851713705752 ) ) ;
#592 = ORIENTED_EDGE ( 'NONE', *, *, #330, .T. ) ;
#593 = DIRECTION ( 'NONE',  ( -1.734723475976806108E-15, 0.01745240643728337634, 0.9998476951563911586 ) ) ;
#594 = VERTEX_POINT ( 'NONE', #4784 ) ;
#595 = ORIENTED_EDGE ( 'NONE', *, *, #622, .F. ) ;
#596 = CARTESIAN_POINT ( 'NONE',  ( -87.99999999999998579, 153.9999999999999716, 15.49999999999993427 ) ) ;
#597 = LINE ( 'NONE', #3339, #87 ) ;
#598 = ADVANCED_FACE ( 'NONE', ( #221 ), #5772, .T. ) ;
#599 = LINE ( 'NONE', #3310, #5489 ) ;
#600 = ORIENTED_EDGE ( 'NONE', *, *, #3854, .F. ) ;
#601 = AXIS2_PLACEMENT_3D ( 'NONE', #3417, #4371, #3918 ) ;
#602 = LINE ( 'NONE', #3286, #2870 ) ;
#603 = EDGE_CURVE ( 'NONE', #708, #2926, #287, .T. ) ;
#604 = CARTESIAN_POINT ( 'NONE',  ( -88.00000000000001421, 136.9999999999999716, 36.00000000000000711 ) ) ;
#605 = CARTESIAN_POINT ( 'NONE',  ( 55.13131355994480742, 153.4999999999999716, 25.16268659334798485 ) ) ;
#606 = CARTESIAN_POINT ( 'NONE',  ( 89.32287565553227182, 136.9999999999999716, -37.49999999999999289 ) ) ;
#607 = AXIS2_PLACEMENT_3D ( 'NONE', #5652, #1865, #3709 ) ;
#608 = SURFACE_STYLE_FILL_AREA ( #4716 ) ;
#609 = CARTESIAN_POINT ( 'NONE',  ( -65.16268659334794222, 153.5999999999999659, 18.16268659334788893 ) ) ;
#610 = CIRCLE ( 'NONE', #4266, 1.000000000000000888 ) ;
#611 = EDGE_LOOP ( 'NONE', ( #320, #4054, #994, #4721 ) ) ;
#612 = DIRECTION ( 'NONE',  ( -0.0000000000000000000, 1.000000000000000000, -0.0000000000000000000 ) ) ;
#613 = VERTEX_POINT ( 'NONE', #2496 ) ;
#614 = ORIENTED_EDGE ( 'NONE', *, *, #2290, .F. ) ;
#615 = LINE ( 'NONE', #143, #4575 ) ;
#616 = FILL_AREA_STYLE_COLOUR ( '', #3049 ) ;
#617 = AXIS2_PLACEMENT_3D ( 'NONE', #2529, #224, #3499 ) ;
#618 = ORIENTED_EDGE ( 'NONE', *, *, #2030, .F. ) ;
#619 = DIRECTION ( 'NONE',  ( 0.0000000000000000000, 0.01745240643730164992, 0.9998476951563909365 ) ) ;
#620 = VERTEX_POINT ( 'NONE', #1607 ) ;
#621 = ADVANCED_FACE ( 'NONE', ( #2087 ), #2142, .T. ) ;
#622 = EDGE_CURVE ( 'NONE', #574, #88, #2588, .T. ) ;
#623 = VERTEX_POINT ( 'NONE', #1118 ) ;
#624 = DIRECTION ( 'NONE',  ( 0.0000000000000000000, 0.0000000000000000000, -1.000000000000000000 ) ) ;
#625 = ORIENTED_EDGE ( 'NONE', *, *, #882, .F. ) ;
#626 = AXIS2_PLACEMENT_3D ( 'NONE', #2254, #5038, #1367 ) ;
#627 = ORIENTED_EDGE ( 'NONE', *, *, #4263, .T. ) ;
#628 = PRESENTATION_STYLE_ASSIGNMENT (( #2522 ) ) ;
#629 = ORIENTED_EDGE ( 'NONE', *, *, #2182, .T. ) ;
#630 = MECHANICAL_DESIGN_GEOMETRIC_PRESENTATION_REPRESENTATION (  '', ( #1869 ), #5235 ) ;
#631 = ORIENTED_EDGE ( 'NONE', *, *, #2464, .T. ) ;
#632 = CARTESIAN_POINT ( 'NONE',  ( -38.00000000000007816, 142.9999999999998295, 36.00000000000000711 ) ) ;
#633 = CARTESIAN_POINT ( 'NONE',  ( 24.49999999999999289, 153.2889719218947562, 23.81857739053184275 ) ) ;
#634 = FACE_OUTER_BOUND ( 'NONE', #5576, .T. ) ;
#635 = CARTESIAN_POINT ( 'NONE',  ( 80.99999999999997158, 163.4999999999999716, 31.91264851713705752 ) ) ;
#636 = CARTESIAN_POINT ( 'NONE',  ( 65.16268659334791380, 153.4999999999999716, 18.16268659334793867 ) ) ;
#637 = CIRCLE ( 'NONE', #4767, 2.499999999999998668 ) ;
#638 = EDGE_CURVE ( 'NONE', #3273, #4270, #4419, .T. ) ;
#639 = CARTESIAN_POINT ( 'NONE',  ( 37.99999999999999289, 143.0000000000000000, 36.49134863155784814 ) ) ;
#640 = FACE_OUTER_BOUND ( 'NONE', #3328, .T. ) ;
#641 = DIRECTION ( 'NONE',  ( 3.004265867810655948E-15, 0.9998476951563911586, -0.01745240643728354635 ) ) ;
#642 = VECTOR ( 'NONE', #3265, 1000.000000000000000 ) ;
#643 = CARTESIAN_POINT ( 'NONE',  ( -87.32537318669588444, 153.4999999999999716, 15.99999999999993427 ) ) ;
#644 = ORIENTED_EDGE ( 'NONE', *, *, #4096, .T. ) ;
#645 = LINE ( 'NONE', #5213, #835 ) ;
#646 = EDGE_CURVE ( 'NONE', #1849, #5134, #787, .T. ) ;
#647 = EDGE_LOOP ( 'NONE', ( #2724, #3309, #1445, #4103, #5103, #2686, #865 ) ) ;
#648 = CARTESIAN_POINT ( 'NONE',  ( -55.13131355994481453, 153.4999999999999716, 25.16268659334794222 ) ) ;
#649 = EDGE_LOOP ( 'NONE', ( #2439, #4635, #3717, #5544 ) ) ;
#650 = CARTESIAN_POINT ( 'NONE',  ( 87.99999999999998579, 143.0000000000000000, -37.99999999999999289 ) ) ;
#651 = VERTEX_POINT ( 'NONE', #4878 ) ;
#652 = CARTESIAN_POINT ( 'NONE',  ( -24.50000000000004974, 142.7905711227526524, 24.00182765812326480 ) ) ;
#653 = VECTOR ( 'NONE', #4442, 1000.000000000000000 ) ;
#654 = EDGE_CURVE ( 'NONE', #5050, #5042, #4220, .T. ) ;
#655 = FACE_OUTER_BOUND ( 'NONE', #1529, .T. ) ;
#656 = FILL_AREA_STYLE ('',( #4774 ) ) ;
#657 = AXIS2_PLACEMENT_3D ( 'NONE', #1146, #711, #1997 ) ;
#658 = ORIENTED_EDGE ( 'NONE', *, *, #5247, .F. ) ;
#659 = DIRECTION ( 'NONE',  ( 0.0000000000000000000, 1.000000000000000000, -0.0000000000000000000 ) ) ;
#660 = FILL_AREA_STYLE ('',( #5225 ) ) ;
#661 = AXIS2_PLACEMENT_3D ( 'NONE', #4918, #2068, #4824 ) ;
#662 = EDGE_CURVE ( 'NONE', #3358, #3515, #2620, .T. ) ;
#663 = ORIENTED_EDGE ( 'NONE', *, *, #956, .F. ) ;
#664 = DIRECTION ( 'NONE',  ( 1.000000000000000000, -0.0000000000000000000, -0.0000000000000000000 ) ) ;
#665 = VECTOR ( 'NONE', #3612, 1000.000000000000000 ) ;
#666 = DIRECTION ( 'NONE',  ( -0.0000000000000000000, -0.9998476951563913806, 0.01745240643728355676 ) ) ;
#667 = CARTESIAN_POINT ( 'NONE',  ( 87.32537318669585602, 153.4999999999999716, 15.50000000000000355 ) ) ;
#668 = CARTESIAN_POINT ( 'NONE',  ( 87.99646601572398197, 143.2024618235764137, -35.99646601572400328 ) ) ;
#669 = CARTESIAN_POINT ( 'NONE',  ( 18.00000000000000711, 142.6858566841288791, 18.00274148718497003 ) ) ;
#670 =( NAMED_UNIT ( * ) SI_UNIT ( $, .STERADIAN. ) SOLID_ANGLE_UNIT ( ) );
#671 =( GEOMETRIC_REPRESENTATION_CONTEXT ( 3 ) GLOBAL_UNCERTAINTY_ASSIGNED_CONTEXT ( ( #2373 ) ) GLOBAL_UNIT_ASSIGNED_CONTEXT ( ( #4314, #5783, #5309 ) ) REPRESENTATION_CONTEXT ( 'NONE', 'WORKASPACE' ) );
#672 = CARTESIAN_POINT ( 'NONE',  ( -90.00000000000001421, 142.5000000000000000, -35.99999999999999289 ) ) ;
#673 = EDGE_LOOP ( 'NONE', ( #5837, #2144, #3917, #4167 ) ) ;
#674 = FACE_OUTER_BOUND ( 'NONE', #1738, .T. ) ;
#675 = LINE ( 'NONE', #5752, #5318 ) ;
#676 =( GEOMETRIC_REPRESENTATION_CONTEXT ( 3 ) GLOBAL_UNCERTAINTY_ASSIGNED_CONTEXT ( ( #5470 ) ) GLOBAL_UNIT_ASSIGNED_CONTEXT ( ( #1193, #240, #5787 ) ) REPRESENTATION_CONTEXT ( 'NONE', 'WORKASPACE' ) );
#677 = PRESENTATION_STYLE_ASSIGNMENT (( #5344 ) ) ;
#678 = ADVANCED_FACE ( 'NONE', ( #349 ), #2949, .F. ) ;
#679 = CARTESIAN_POINT ( 'NONE',  ( 82.99999999999997158, 153.4999999999999716, 19.91264851713703266 ) ) ;
#680 = PLANE ( 'NONE',  #5707 ) ;
#681 = EDGE_LOOP ( 'NONE', ( #1673, #4759, #5704 ) ) ;
#682 = DIRECTION ( 'NONE',  ( 0.0000000000000000000, 0.0000000000000000000, -1.000000000000000000 ) ) ;
#683 = EDGE_LOOP ( 'NONE', ( #3227, #1633, #1228, #179 ) ) ;
#684 = EDGE_CURVE ( 'NONE', #2698, #2101, #2986, .T. ) ;
#685 = CARTESIAN_POINT ( 'NONE',  ( 36.99755510693161398, 143.0000000000000000, 35.74592621383201418 ) ) ;
#686 = CARTESIAN_POINT ( 'NONE',  ( -87.50007615242181203, 142.9912737967813428, 14.99999999999993072 ) ) ;
#687 = EDGE_LOOP ( 'NONE', ( #4915, #4062, #1210, #312 ) ) ;
#688 = PRESENTATION_STYLE_ASSIGNMENT (( #2447 ) ) ;
#689 = EDGE_LOOP ( 'NONE', ( #114, #3303, #70, #2915 ) ) ;
#690 = DIRECTION ( 'NONE',  ( 1.000000000000000000, 0.0000000000000000000, 1.200283680671791875E-14 ) ) ;
#691 = DIRECTION ( 'NONE',  ( 1.000000000000000000, 0.0000000000000000000, 0.0000000000000000000 ) ) ;
#692 = EDGE_CURVE ( 'NONE', #4090, #574, #5227, .T. ) ;
#693 =( NAMED_UNIT ( * ) SI_UNIT ( $, .STERADIAN. ) SOLID_ANGLE_UNIT ( ) );
#694 = CARTESIAN_POINT ( 'NONE',  ( 51.66268659334789959, 153.4999999999999716, 25.66268659334794933 ) ) ;
#695 = CYLINDRICAL_SURFACE ( 'NONE', #5061, 2.000000000000001776 ) ;
#696 = CARTESIAN_POINT ( 'NONE',  ( -88.00000000000001421, 143.0000000000000000, 36.00000000000000711 ) ) ;
#697 = EDGE_CURVE ( 'NONE', #590, #5382, #5280, .T. ) ;
#698 = ADVANCED_FACE ( 'NONE', ( #4845 ), #720, .T. ) ;
#699 = DIRECTION ( 'NONE',  ( 0.0000000000000000000, -0.9998476951563911586, 0.01745240643728355329 ) ) ;
#700 = ORIENTED_EDGE ( 'NONE', *, *, #2844, .T. ) ;
#701 =( NAMED_UNIT ( * ) SI_UNIT ( $, .STERADIAN. ) SOLID_ANGLE_UNIT ( ) );
#702 = AXIS2_PLACEMENT_3D ( 'NONE', #783, #4417, #4000 ) ;
#703 = SPHERICAL_SURFACE ( 'NONE', #5729, 0.5000000000000000000 ) ;
#704 = SURFACE_STYLE_FILL_AREA ( #5813 ) ;
#705 = DIRECTION ( 'NONE',  ( -0.0000000000000000000, 1.000000000000000000, -0.0000000000000000000 ) ) ;
#706 = DIRECTION ( 'NONE',  ( 0.0000000000000000000, -1.000000000000000000, -6.938893903907223447E-16 ) ) ;
#707 = CARTESIAN_POINT ( 'NONE',  ( 87.99999999999998579, 2.000000000000000000, -35.99999999999999289 ) ) ;
#708 = VERTEX_POINT ( 'NONE', #1671 ) ;
#709 = CARTESIAN_POINT ( 'NONE',  ( 87.82529703427405821, 153.0087262032186288, 16.00000000000000711 ) ) ;
#710 = ORIENTED_EDGE ( 'NONE', *, *, #5637, .F. ) ;
#711 = DIRECTION ( 'NONE',  ( 0.0000000000000000000, 1.000000000000000000, -0.0000000000000000000 ) ) ;
#712 = ORIENTED_EDGE ( 'NONE', *, *, #4667, .F. ) ;
#713 = ADVANCED_FACE ( 'NONE', ( #3498 ), #5330, .T. ) ;
#714 = ORIENTED_EDGE ( 'NONE', *, *, #1858, .T. ) ;
#715 = DIRECTION ( 'NONE',  ( -0.0000000000000000000, 1.000000000000000000, -0.0000000000000000000 ) ) ;
#716 = LINE ( 'NONE', #4873, #1631 ) ;
#717 = PRESENTATION_LAYER_ASSIGNMENT (  '', '', ( #5133 ) ) ;
#718 = EDGE_LOOP ( 'NONE', ( #3024, #3598, #5921, #5411 ) ) ;
#719 = EDGE_CURVE ( 'NONE', #3518, #2320, #3176, .T. ) ;
#720 = PLANE ( 'NONE',  #2974 ) ;
#721 = CARTESIAN_POINT ( 'NONE',  ( -37.13907163471133543, 143.0000000000000853, 36.00000000000000711 ) ) ;
#722 = CYLINDRICAL_SURFACE ( 'NONE', #1680, 0.4999999999999990008 ) ;
#723 = VECTOR ( 'NONE', #2406, 1000.000000000000114 ) ;
#724 = CARTESIAN_POINT ( 'NONE',  ( 87.99142478397962464, 143.4912737967813143, -35.99142478397963885 ) ) ;
#725 = CYLINDRICAL_SURFACE ( 'NONE', #4123, 0.5000000000000004441 ) ;
#726 = DIRECTION ( 'NONE',  ( 0.0000000000000000000, 0.0000000000000000000, -1.000000000000000000 ) ) ;
#727 = EDGE_CURVE ( 'NONE', #3578, #4233, #3081, .T. ) ;
#728 =( LENGTH_UNIT ( ) NAMED_UNIT ( * ) SI_UNIT ( .MILLI., .METRE. ) );
#729 = CIRCLE ( 'NONE', #2249, 2.000000000000001776 ) ;
#730 = EDGE_CURVE ( 'NONE', #1749, #5933, #3554, .T. ) ;
#731 = ORIENTED_EDGE ( 'NONE', *, *, #1372, .T. ) ;
#732 = CARTESIAN_POINT ( 'NONE',  ( 40.49999999999997868, 166.4999999999999716, 35.58107844172277368 ) ) ;
#733 = CARTESIAN_POINT ( 'NONE',  ( 85.16268659334791380, 153.5999999999999659, 18.16268659334793867 ) ) ;
#734 = DIRECTION ( 'NONE',  ( -1.000000000000000000, -8.061746710179082123E-17, -2.133637095002691028E-15 ) ) ;
#735 = VECTOR ( 'NONE', #2355, 1000.000000000000000 ) ;
#736 = CARTESIAN_POINT ( 'NONE',  ( -18.00000000000003553, 142.6945828873475932, 18.50266533476315445 ) ) ;
#737 = DIRECTION ( 'NONE',  ( 0.0000000000000000000, 1.000000000000000000, -0.0000000000000000000 ) ) ;
#738 = VERTEX_POINT ( 'NONE', #904 ) ;
#739 = DIRECTION ( 'NONE',  ( -1.000000000000000000, 0.0000000000000000000, -1.040834085586084059E-15 ) ) ;
#740 = ORIENTED_EDGE ( 'NONE', *, *, #4645, .F. ) ;
#741 = FILL_AREA_STYLE_COLOUR ( '', #5853 ) ;
#742 = AXIS2_PLACEMENT_3D ( 'NONE', #112, #3765, #523 ) ;
#743 = DIRECTION ( 'NONE',  ( 3.086847045131617692E-15, 0.9998476951563913806, -0.01745240643728354982 ) ) ;
#744 = VERTEX_POINT ( 'NONE', #1823 ) ;
#745 = CARTESIAN_POINT ( 'NONE',  ( -87.81242452942844068, 153.7461915119172602, 15.00000000006620837 ) ) ;
#746 = ORIENTED_EDGE ( 'NONE', *, *, #5898, .F. ) ;
#747 = AXIS2_PLACEMENT_3D ( 'NONE', #4425, #2562, #3951 ) ;
#748 = SURFACE_STYLE_FILL_AREA ( #5295 ) ;
#749 = DIRECTION ( 'NONE',  ( 0.0000000000000000000, -0.9998476951563909365, 0.01745240643730164992 ) ) ;
#750 = CARTESIAN_POINT ( 'NONE',  ( -37.50000000000007816, 142.6858566841289928, 18.00274148718496292 ) ) ;
#751 = EDGE_CURVE ( 'NONE', #1563, #3281, #3143, .T. ) ;
#752 = CIRCLE ( 'NONE', #1042, 1.000000000000000888 ) ;
#753 = DIRECTION ( 'NONE',  ( 0.0000000000000000000, 0.0000000000000000000, -1.000000000000000000 ) ) ;
#754 = DIRECTION ( 'NONE',  ( 1.181467284255395756E-17, 0.9998476951563911586, -0.01745240643728354635 ) ) ;
#755 =( GEOMETRIC_REPRESENTATION_CONTEXT ( 3 ) GLOBAL_UNCERTAINTY_ASSIGNED_CONTEXT ( ( #3539 ) ) GLOBAL_UNIT_ASSIGNED_CONTEXT ( ( #2008, #5177, #2895 ) ) REPRESENTATION_CONTEXT ( 'NONE', 'WORKASPACE' ) );
#756 = EDGE_LOOP ( 'NONE', ( #216, #532, #5139 ) ) ;
#757 = LINE ( 'NONE', #2594, #4863 ) ;
#758 = DIRECTION ( 'NONE',  ( 0.0000000000000000000, -1.000000000000000000, 0.0000000000000000000 ) ) ;
#759 = EDGE_CURVE ( 'NONE', #2334, #5458, #4401, .T. ) ;
#760 = CARTESIAN_POINT ( 'NONE',  ( -80.99999999999997158, 158.9999999999999716, 25.91264851713703621 ) ) ;
#761 = AXIS2_PLACEMENT_3D ( 'NONE', #1238, #847, #4092 ) ;
#762 = CARTESIAN_POINT ( 'NONE',  ( 37.49999999999999289, 153.6841813308492419, 17.81076501637484455 ) ) ;
#763 = CIRCLE ( 'NONE', #661, 1.000000000000011324 ) ;
#764 = LINE ( 'NONE', #326, #5209 ) ;
#765 = CARTESIAN_POINT ( 'NONE',  ( 55.13131355994478611, 153.4999999999999716, 26.16268659334798485 ) ) ;
#766 = CARTESIAN_POINT ( 'NONE',  ( 37.49999999999999289, 143.5000000000000000, 35.49119630351393795 ) ) ;
#767 = DIRECTION ( 'NONE',  ( 1.135460183479123882E-16, -1.000000000000000000, 0.0000000000000000000 ) ) ;
#768 = AXIS2_PLACEMENT_3D ( 'NONE', #1972, #968, #4642 ) ;
#769 = EDGE_CURVE ( 'NONE', #3904, #4943, #1251, .T. ) ;
#770 = DIRECTION ( 'NONE',  ( 0.0000000000000000000, 0.0000000000000000000, 1.000000000000000000 ) ) ;
#771 = MECHANICAL_DESIGN_GEOMETRIC_PRESENTATION_REPRESENTATION (  '', ( #2000 ), #671 ) ;
#772 = VECTOR ( 'NONE', #3284, 1000.000000000000000 ) ;
#773 = AXIS2_PLACEMENT_3D ( 'NONE', #5914, #866, #5856 ) ;
#774 = DIRECTION ( 'NONE',  ( 0.0000000000000000000, 0.9998476951563911586, 0.01745240643728354635 ) ) ;
#775 = ORIENTED_EDGE ( 'NONE', *, *, #5695, .T. ) ;
#776 = CARTESIAN_POINT ( 'NONE',  ( 51.66268659334789959, 153.2999999999999545, 29.63131355994482519 ) ) ;
#777 = PLANE ( 'NONE',  #932 ) ;
#778 = VECTOR ( 'NONE', #2605, 1000.000000000000000 ) ;
#779 = DIRECTION ( 'NONE',  ( -0.0000000000000000000, 0.9998476951563913806, -0.01745240643728354982 ) ) ;
#780 = ORIENTED_EDGE ( 'NONE', *, *, #3952, .F. ) ;
#781 = DIRECTION ( 'NONE',  ( 0.0000000000000000000, 0.9998476951563912696, -0.01745240643728108304 ) ) ;
#782 = ORIENTED_EDGE ( 'NONE', *, *, #2563, .T. ) ;
#783 = CARTESIAN_POINT ( 'NONE',  ( -87.32537318669588444, 152.9999999999999716, 15.99999999999993427 ) ) ;
#784 = CARTESIAN_POINT ( 'NONE',  ( 87.99999999999998579, 2.000000000000001776, 38.00000000000000711 ) ) ;
#785 = CARTESIAN_POINT ( 'NONE',  ( -65.16268659334794222, 153.5999999999999659, 33.16268659334788538 ) ) ;
#786 = VERTEX_POINT ( 'NONE', #458 ) ;
#787 = LINE ( 'NONE', #1182, #2874 ) ;
#788 = EDGE_CURVE ( 'NONE', #3142, #3281, #934, .T. ) ;
#789 = DIRECTION ( 'NONE',  ( 0.0000000000000000000, 0.0000000000000000000, 1.000000000000000000 ) ) ;
#790 = DIRECTION ( 'NONE',  ( -1.000000000000000000, -0.0000000000000000000, 0.0000000000000000000 ) ) ;
#791 = VERTEX_POINT ( 'NONE', #1326 ) ;
#792 = DIRECTION ( 'NONE',  ( 0.0000000000000000000, 0.0000000000000000000, -1.000000000000000000 ) ) ;
#793 = CARTESIAN_POINT ( 'NONE',  ( 80.99999999999997158, 163.4999999999999716, 19.91264851713702555 ) ) ;
#794 = DIRECTION ( 'NONE',  ( -0.0000000000000000000, 1.000000000000000000, -0.0000000000000000000 ) ) ;
#795 = EDGE_CURVE ( 'NONE', #3611, #4552, #4967, .T. ) ;
#796 = CARTESIAN_POINT ( 'NONE',  ( -40.99999999999999289, 153.9999999999999716, 15.99999999999997691 ) ) ;
#797 = DIRECTION ( 'NONE',  ( -1.000000000000000000, 0.0000000000000000000, 0.0000000000000000000 ) ) ;
#798 = APPLICATION_PROTOCOL_DEFINITION ( 'draft international standard', 'automotive_design', 1998, #4687 ) ;
#799 = VECTOR ( 'NONE', #1942, 1000.000000000000000 ) ;
#800 = AXIS2_PLACEMENT_3D ( 'NONE', #84, #4691, #2433 ) ;
#801 = EDGE_CURVE ( 'NONE', #5180, #3811, #2204, .T. ) ;
#802 = FACE_OUTER_BOUND ( 'NONE', #303, .T. ) ;
#803 = ORIENTED_EDGE ( 'NONE', *, *, #1721, .T. ) ;
#804 = DIRECTION ( 'NONE',  ( 1.000000000000000000, 0.0000000000000000000, 1.200283680671789509E-14 ) ) ;
#805 = VERTEX_POINT ( 'NONE', #1269 ) ;
#806 = SURFACE_STYLE_USAGE ( .BOTH. , #1712 ) ;
#807 = FACE_OUTER_BOUND ( 'NONE', #3363, .T. ) ;
#808 = ORIENTED_EDGE ( 'NONE', *, *, #5506, .T. ) ;
#809 = CARTESIAN_POINT ( 'NONE',  ( -89.50000000000000000, 135.4999999999999716, -37.49999999999999289 ) ) ;
#810 = EDGE_CURVE ( 'NONE', #5810, #4552, #1342, .T. ) ;
#811 = VERTEX_POINT ( 'NONE', #2680 ) ;
#812 = DIRECTION ( 'NONE',  ( 0.0000000000000000000, -0.01745240643730164992, -0.9998476951563909365 ) ) ;
#813 = CARTESIAN_POINT ( 'NONE',  ( -37.29289321881348229, 153.1878719949922640, 18.02656645741411623 ) ) ;
#814 = DIRECTION ( 'NONE',  ( -0.0000000000000000000, -0.0000000000000000000, 1.000000000000000000 ) ) ;
#815 = VECTOR ( 'NONE', #5142, 1000.000000000000000 ) ;
#816 = ORIENTED_EDGE ( 'NONE', *, *, #3532, .F. ) ;
#817 = FACE_OUTER_BOUND ( 'NONE', #4515, .T. ) ;
#818 = DIRECTION ( 'NONE',  ( 0.0000000000000000000, -1.000000000000000000, 0.0000000000000000000 ) ) ;
#819 = VERTEX_POINT ( 'NONE', #5947 ) ;
#820 = DIRECTION ( 'NONE',  ( 0.0000000000000000000, 0.0000000000000000000, 1.000000000000000000 ) ) ;
#821 = PRESENTATION_STYLE_ASSIGNMENT (( #2179 ) ) ;
#822 = AXIS2_PLACEMENT_3D ( 'NONE', #3682, #861, #5094 ) ;
#823 = LINE ( 'NONE', #5031, #331 ) ;
#824 = FACE_OUTER_BOUND ( 'NONE', #3724, .T. ) ;
#825 = DIRECTION ( 'NONE',  ( -0.0000000000000000000, -0.01745240643728108651, -0.9998476951563913806 ) ) ;
#826 = ADVANCED_FACE ( 'NONE', ( #817 ), #4555, .T. ) ;
#827 = AXIS2_PLACEMENT_3D ( 'NONE', #913, #3177, #1830 ) ;
#828 = CARTESIAN_POINT ( 'NONE',  ( -41.00000000000002842, 153.4999999999999716, 35.81672181825371126 ) ) ;
#829 = ORIENTED_EDGE ( 'NONE', *, *, #3672, .T. ) ;
#830 = VECTOR ( 'NONE', #1567, 1000.000000000000000 ) ;
#831 = DIRECTION ( 'NONE',  ( 0.0000000000000000000, 1.000000000000000000, -0.0000000000000000000 ) ) ;
#832 = ORIENTED_EDGE ( 'NONE', *, *, #246, .T. ) ;
#833 = CARTESIAN_POINT ( 'NONE',  ( 87.99999999999998579, 135.4999999999999716, -37.99999999999999289 ) ) ;
#834 = ADVANCED_FACE ( 'NONE', ( #3670 ), #3226, .T. ) ;
#835 = VECTOR ( 'NONE', #1562, 1000.000000000000114 ) ;
#836 = DIRECTION ( 'NONE',  ( -6.938893903907222067E-15, 0.0000000000000000000, 1.000000000000000000 ) ) ;
#837 = ORIENTED_EDGE ( 'NONE', *, *, #380, .F. ) ;
#838 = VERTEX_POINT ( 'NONE', #5398 ) ;
#839 = DIRECTION ( 'NONE',  ( -1.000000000000000000, 0.0000000000000000000, 0.0000000000000000000 ) ) ;
#840 = LINE ( 'NONE', #2617, #653 ) ;
#841 = DIRECTION ( 'NONE',  ( 0.0000000000000000000, 1.000000000000000000, 0.0000000000000000000 ) ) ;
#842 = EDGE_CURVE ( 'NONE', #4358, #805, #3840, .T. ) ;
#843 = EDGE_LOOP ( 'NONE', ( #4435, #816 ) ) ;
#844 = CARTESIAN_POINT ( 'NONE',  ( -18.00000000000003553, 142.6858566841289360, 18.00274148718496292 ) ) ;
#845 = VECTOR ( 'NONE', #4091, 1000.000000000000000 ) ;
#846 = ORIENTED_EDGE ( 'NONE', *, *, #330, .F. ) ;
#847 = DIRECTION ( 'NONE',  ( -4.336808689942018352E-17, 0.9998476951563912696, -0.01745240643728337981 ) ) ;
#848 = EDGE_LOOP ( 'NONE', ( #142, #3436, #2138, #1908 ) ) ;
#849 = DIRECTION ( 'NONE',  ( 6.607320121645428388E-16, -0.9998476951563911586, 0.01745240643728355329 ) ) ;
#850 = EDGE_CURVE ( 'NONE', #3332, #4961, #1020, .T. ) ;
#851 = AXIS2_PLACEMENT_3D ( 'NONE', #2799, #4615, #514 ) ;
#852 = AXIS2_PLACEMENT_3D ( 'NONE', #1713, #779, #3575 ) ;
#853 = LINE ( 'NONE', #29, #2327 ) ;
#854 = CARTESIAN_POINT ( 'NONE',  ( -89.50000000000001421, 143.0000000000000000, 37.32287565553230024 ) ) ;
#855 = DIRECTION ( 'NONE',  ( 0.0000000000000000000, 0.0000000000000000000, 1.000000000000000000 ) ) ;
#856 = LINE ( 'NONE', #2248, #5859 ) ;
#857 = VECTOR ( 'NONE', #2652, 1000.000000000000000 ) ;
#858 = CARTESIAN_POINT ( 'NONE',  ( 88.90603250973695992, 142.9152856398069673, -37.78742461314413248 ) ) ;
#859 = VERTEX_POINT ( 'NONE', #4705 ) ;
#860 = EDGE_CURVE ( 'NONE', #5366, #3391, #2850, .T. ) ;
#861 = DIRECTION ( 'NONE',  ( 1.000000000000000000, 0.0000000000000000000, 0.0000000000000000000 ) ) ;
#862 = CARTESIAN_POINT ( 'NONE',  ( -88.79642841966376920, 142.8733093726086167, -37.83842956992818074 ) ) ;
#863 = COLOUR_RGB ( '',0.8980392156862745390, 0.8980392156862745390, 0.8980392156862745390 ) ;
#864 = FACE_OUTER_BOUND ( 'NONE', #2082, .T. ) ;
#865 = ORIENTED_EDGE ( 'NONE', *, *, #5863, .T. ) ;
#866 = DIRECTION ( 'NONE',  ( 1.000000000000000000, -3.003808303567500484E-15, 5.243166897068994333E-17 ) ) ;
#867 = VERTEX_POINT ( 'NONE', #1446 ) ;
#868 = EDGE_CURVE ( 'NONE', #2466, #2535, #1730, .T. ) ;
#869 = FACE_OUTER_BOUND ( 'NONE', #5733, .T. ) ;
#870 = EDGE_LOOP ( 'NONE', ( #1043, #3901, #4379, #4993 ) ) ;
#871 = CIRCLE ( 'NONE', #3378, 2.000000000000001776 ) ;
#872 = DIRECTION ( 'NONE',  ( 1.181467284255395910E-17, 0.9998476951563912696, -0.01745240643728354982 ) ) ;
#873 = VECTOR ( 'NONE', #408, 1000.000000000000000 ) ;
#874 = CARTESIAN_POINT ( 'NONE',  ( -40.99999999999999289, 153.9999999999999716, 15.99999999999997691 ) ) ;
#875 = ORIENTED_EDGE ( 'NONE', *, *, #267, .T. ) ;
#876 = EDGE_CURVE ( 'NONE', #4961, #3754, #5602, .T. ) ;
#877 = FACE_OUTER_BOUND ( 'NONE', #4840, .T. ) ;
#878 = CARTESIAN_POINT ( 'NONE',  ( -1.500000000000022871, 163.6863135986597229, 17.63617714821959126 ) ) ;
#879 = CARTESIAN_POINT ( 'NONE',  ( 40.49999999999998579, 154.0087262032186004, 35.80784196934585140 ) ) ;
#880 = ORIENTED_EDGE ( 'NONE', *, *, #2864, .F. ) ;
#881 = CARTESIAN_POINT ( 'NONE',  ( 37.49999999999999289, 143.0048233725370892, 36.27633082758126193 ) ) ;
#882 = EDGE_CURVE ( 'NONE', #3601, #3769, #4668, .T. ) ;
#883 = CARTESIAN_POINT ( 'NONE',  ( 51.16268659334791380, 153.2999999999999545, 25.66268659334794222 ) ) ;
#884 = CARTESIAN_POINT ( 'NONE',  ( 39.99999999999999289, 143.0000000000000000, 36.00000000000000711 ) ) ;
#885 =( NAMED_UNIT ( * ) SI_UNIT ( $, .STERADIAN. ) SOLID_ANGLE_UNIT ( ) );
#886 =( LENGTH_UNIT ( ) NAMED_UNIT ( * ) SI_UNIT ( .MILLI., .METRE. ) );
#887 = CIRCLE ( 'NONE', #2717, 2.000000000000001776 ) ;
#888 = CYLINDRICAL_SURFACE ( 'NONE', #128, 0.5000000000000004441 ) ;
#889 = ORIENTED_EDGE ( 'NONE', *, *, #2894, .F. ) ;
#890 = VECTOR ( 'NONE', #470, 1000.000000000000000 ) ;
#891 = LINE ( 'NONE', #3600, #2054 ) ;
#892 = ORIENTED_EDGE ( 'NONE', *, *, #4503, .T. ) ;
#893 = LINE ( 'NONE', #1899, #5354 ) ;
#894 = DIRECTION ( 'NONE',  ( -3.004265867810656343E-15, -0.9998476951563912696, 0.01745240643728354982 ) ) ;
#895 = VERTEX_POINT ( 'NONE', #3249 ) ;
#896 = FACE_OUTER_BOUND ( 'NONE', #4783, .T. ) ;
#897 = ORIENTED_EDGE ( 'NONE', *, *, #1179, .F. ) ;
#898 =( LENGTH_UNIT ( ) NAMED_UNIT ( * ) SI_UNIT ( .MILLI., .METRE. ) );
#899 = VECTOR ( 'NONE', #282, 1000.000000000000000 ) ;
#900 = LINE ( 'NONE', #2266, #5261 ) ;
#901 = EDGE_CURVE ( 'NONE', #1635, #3898, #302, .T. ) ;
#902 = VERTEX_POINT ( 'NONE', #2913 ) ;
#903 = AXIS2_PLACEMENT_3D ( 'NONE', #1402, #3665, #2819 ) ;
#904 = CARTESIAN_POINT ( 'NONE',  ( -37.50000000000000711, 163.6863135986598365, 17.63617714821959126 ) ) ;
#905 = ORIENTED_EDGE ( 'NONE', *, *, #1165, .F. ) ;
#906 = CARTESIAN_POINT ( 'NONE',  ( 1.500000000000000222, 163.9917307113122149, 35.13351181345643681 ) ) ;
#907 = DIRECTION ( 'NONE',  ( 0.0000000000000000000, 1.000000000000000000, 3.469446951953611033E-15 ) ) ;
#908 = CARTESIAN_POINT ( 'NONE',  ( 40.49999999999997868, 153.9999999999999716, 35.30791812176765632 ) ) ;
#909 = ORIENTED_EDGE ( 'NONE', *, *, #533, .F. ) ;
#910 = PLANE ( 'NONE',  #4224 ) ;
#911 = ADVANCED_FACE ( 'NONE', ( #1537 ), #1082, .F. ) ;
#912 = DIRECTION ( 'NONE',  ( -1.000000000000000000, 0.0000000000000000000, 0.0000000000000000000 ) ) ;
#913 = CARTESIAN_POINT ( 'NONE',  ( -95.90448750123042032, 153.2999999999999545, 25.16268659334835434 ) ) ;
#914 = CARTESIAN_POINT ( 'NONE',  ( 40.86873265434829960, 153.4999999999999716, 35.32537318669405124 ) ) ;
#915 = LINE ( 'NONE', #5528, #3056 ) ;
#916 = EDGE_CURVE ( 'NONE', #1849, #4706, #5795, .T. ) ;
#917 = CARTESIAN_POINT ( 'NONE',  ( -87.80784196934584429, 154.0087262032186288, 14.99999999999993072 ) ) ;
#918 = ORIENTED_EDGE ( 'NONE', *, *, #684, .F. ) ;
#919 = DIRECTION ( 'NONE',  ( -0.0000000000000000000, -1.000000000000000000, -0.0000000000000000000 ) ) ;
#920 = ORIENTED_EDGE ( 'NONE', *, *, #970, .F. ) ;
#921 = PLANE ( 'NONE',  #5756 ) ;
#922 = ADVANCED_FACE ( 'NONE', ( #5766 ), #3654, .T. ) ;
#923 = FILL_AREA_STYLE ('',( #1841 ) ) ;
#924 = ORIENTED_EDGE ( 'NONE', *, *, #3225, .F. ) ;
#925 = CARTESIAN_POINT ( 'NONE',  ( -88.00000000000001421, 0.0000000000000000000, 36.00000000000000711 ) ) ;
#926 = CIRCLE ( 'NONE', #2941, 0.4999999999999990008 ) ;
#927 = EDGE_LOOP ( 'NONE', ( #992, #1725, #3495 ) ) ;
#928 = DIRECTION ( 'NONE',  ( 0.0000000000000000000, 0.0000000000000000000, 1.000000000000000000 ) ) ;
#929 = ORIENTED_EDGE ( 'NONE', *, *, #62, .T. ) ;
#930 = DIRECTION ( 'NONE',  ( 0.01745240643728354635, -0.9998476951563911586, -1.912111525834390944E-18 ) ) ;
#931 = FACE_OUTER_BOUND ( 'NONE', #1376, .T. ) ;
#932 = AXIS2_PLACEMENT_3D ( 'NONE', #2546, #1660, #4486 ) ;
#933 = VERTEX_POINT ( 'NONE', #1634 ) ;
#934 = LINE ( 'NONE', #4526, #1543 ) ;
#935 = VERTEX_POINT ( 'NONE', #2580 ) ;
#936 = AXIS2_PLACEMENT_3D ( 'NONE', #5205, #551, #3735 ) ;
#937 = ADVANCED_FACE ( 'NONE', ( #3461 ), #1065, .T. ) ;
#938 = DIRECTION ( 'NONE',  ( 0.0000000000000000000, 0.0000000000000000000, -1.000000000000000000 ) ) ;
#939 = DIRECTION ( 'NONE',  ( 0.0000000000000000000, 1.000000000000000000, 0.0000000000000000000 ) ) ;
#940 = EDGE_CURVE ( 'NONE', #5924, #4734, #2972, .T. ) ;
#941 = CARTESIAN_POINT ( 'NONE',  ( 82.99999999999997158, 153.4999999999999716, 31.91264851713704331 ) ) ;
#942 = CARTESIAN_POINT ( 'NONE',  ( -88.00000000000001421, 2.000000000000000000, 36.00000000000000711 ) ) ;
#943 = CARTESIAN_POINT ( 'NONE',  ( -37.50000000000007816, 142.9040117645950545, 30.50083767663978307 ) ) ;
#944 = AXIS2_PLACEMENT_3D ( 'NONE', #5912, #5647, #1982 ) ;
#945 = CARTESIAN_POINT ( 'NONE',  ( 87.32537318669585602, 152.9999999999999716, 16.00000000000000711 ) ) ;
#946 = ORIENTED_EDGE ( 'NONE', *, *, #1781, .F. ) ;
#947 = LINE ( 'NONE', #4079, #3141 ) ;
#948 = EDGE_LOOP ( 'NONE', ( #2161, #4432, #2360, #1986, #559, #5097, #316, #4053, #4388, #2818, #1407 ) ) ;
#949 = CARTESIAN_POINT ( 'NONE',  ( -37.20022457715062103, 143.0007657043613278, 36.04386717347612290 ) ) ;
#950 = CIRCLE ( 'NONE', #4590, 4.000000000000007105 ) ;
#951 = VECTOR ( 'NONE', #1802, 1000.000000000000000 ) ;
#952 = ORIENTED_EDGE ( 'NONE', *, *, #4147, .F. ) ;
#953 = FACE_OUTER_BOUND ( 'NONE', #3167, .T. ) ;
#954 = AXIS2_PLACEMENT_3D ( 'NONE', #5263, #4446, #2526 ) ;
#955 = EDGE_LOOP ( 'NONE', ( #190, #3330, #3279, #832 ) ) ;
#956 = EDGE_CURVE ( 'NONE', #5567, #1380, #3040, .T. ) ;
#957 = CARTESIAN_POINT ( 'NONE',  ( 89.32287565553227182, 143.0000000000000000, 37.50000000000000711 ) ) ;
#958 = ORIENTED_EDGE ( 'NONE', *, *, #411, .F. ) ;
#959 = DIRECTION ( 'NONE',  ( 1.000000000000000000, 0.0000000000000000000, 0.0000000000000000000 ) ) ;
#960 = COLOUR_RGB ( '',0.7921568627450980005, 0.8196078431372548767, 0.9333333333333333481 ) ;
#961 = VECTOR ( 'NONE', #3969, 1000.000000000000000 ) ;
#962 = ORIENTED_EDGE ( 'NONE', *, *, #2973, .F. ) ;
#963 = ORIENTED_EDGE ( 'NONE', *, *, #356, .F. ) ;
#964 = AXIS2_PLACEMENT_3D ( 'NONE', #2058, #4418, #3407 ) ;
#965 = AXIS2_PLACEMENT_3D ( 'NONE', #2137, #4959, #5418 ) ;
#966 = CARTESIAN_POINT ( 'NONE',  ( 37.43311642864436806, 143.0041754872889896, 36.23921350657631990 ) ) ;
#967 = FACE_OUTER_BOUND ( 'NONE', #4195, .T. ) ;
#968 = DIRECTION ( 'NONE',  ( 3.083483145225057667E-15, 0.9998476951563912696, -0.01745240643728354982 ) ) ;
#969 = ORIENTED_EDGE ( 'NONE', *, *, #2814, .T. ) ;
#970 = EDGE_CURVE ( 'NONE', #2931, #4211, #4811, .T. ) ;
#971 = DIRECTION ( 'NONE',  ( 0.0000000000000000000, 0.0000000000000000000, 1.000000000000000000 ) ) ;
#972 = LINE ( 'NONE', #549, #2043 ) ;
#973 = CARTESIAN_POINT ( 'NONE',  ( 37.49999999999998579, 153.6841813308492419, 17.81076501637484100 ) ) ;
#974 = CARTESIAN_POINT ( 'NONE',  ( -87.82529703427408663, 153.0087262032186288, 35.82529703427406531 ) ) ;
#975 = DIRECTION ( 'NONE',  ( 1.000000000000000000, -0.0000000000000000000, 9.130123557772672032E-16 ) ) ;
#976 = ADVANCED_FACE ( 'NONE', ( #3516, #5826 ), #5255, .T. ) ;
#977 = LINE ( 'NONE', #2807, #2411 ) ;
#978 = VERTEX_POINT ( 'NONE', #5512 ) ;
#979 = CARTESIAN_POINT ( 'NONE',  ( 89.99999999999998579, 136.9999999999999716, -37.99999999999999289 ) ) ;
#980 = SURFACE_SIDE_STYLE ('',( #3296 ) ) ;
#981 = ORIENTED_EDGE ( 'NONE', *, *, #2687, .T. ) ;
#982 = CARTESIAN_POINT ( 'NONE',  ( -37.25555290770578409, 143.0016801897717471, 36.09625800754829328 ) ) ;
#983 = EDGE_CURVE ( 'NONE', #3515, #2636, #2197, .T. ) ;
#984 = ORIENTED_EDGE ( 'NONE', *, *, #580, .T. ) ;
#985 = DIRECTION ( 'NONE',  ( 5.782411586589354681E-16, -0.01745240643728338328, -0.9998476951563913806 ) ) ;
#986 = ORIENTED_EDGE ( 'NONE', *, *, #2337, .T. ) ;
#987 = DIRECTION ( 'NONE',  ( 0.0000000000000000000, 0.0000000000000000000, -1.000000000000000000 ) ) ;
#988 = ORIENTED_EDGE ( 'NONE', *, *, #2735, .T. ) ;
#989 = CARTESIAN_POINT ( 'NONE',  ( -55.13131355994480742, 153.2999999999999545, 26.16268659334794577 ) ) ;
#990 = EDGE_CURVE ( 'NONE', #3898, #1141, #367, .T. ) ;
#991 = ADVANCED_FACE ( 'NONE', ( #896 ), #2613, .F. ) ;
#992 = ORIENTED_EDGE ( 'NONE', *, *, #788, .F. ) ;
#993 = AXIS2_PLACEMENT_3D ( 'NONE', #3471, #255, #2559 ) ;
#994 = ORIENTED_EDGE ( 'NONE', *, *, #4264, .T. ) ;
#995 = CARTESIAN_POINT ( 'NONE',  ( 51.66268659334789959, 153.2999999999999545, 25.16268659334794222 ) ) ;
#996 = DIRECTION ( 'NONE',  ( 0.0000000000000000000, 1.000000000000000000, 0.0000000000000000000 ) ) ;
#997 = DIRECTION ( 'NONE',  ( -1.000000000000000000, 0.0000000000000000000, 0.0000000000000000000 ) ) ;
#998 = ORIENTED_EDGE ( 'NONE', *, *, #81, .T. ) ;
#999 = CARTESIAN_POINT ( 'NONE',  ( 80.99999999999997158, 163.4999999999999716, 30.91264851713705752 ) ) ;
#1000 = CARTESIAN_POINT ( 'NONE',  ( -90.00000000000001421, 2.000000000000001776, 36.00000000000000711 ) ) ;
#1001 = CARTESIAN_POINT ( 'NONE',  ( -38.00000000000007816, 143.4912737967813428, 35.99142478397965306 ) ) ;
#1002 = LINE ( 'NONE', #135, #5571 ) ;
#1003 = CYLINDRICAL_SURFACE ( 'NONE', #170, 0.5000000000000004441 ) ;
#1004 = VERTEX_POINT ( 'NONE', #3162 ) ;
#1005 = UNCERTAINTY_MEASURE_WITH_UNIT (LENGTH_MEASURE( 1.000000000000000082E-05 ), #4644, 'distance_accuracy_value', 'NONE');
#1006 = FACE_OUTER_BOUND ( 'NONE', #1878, .T. ) ;
#1007 = DIRECTION ( 'NONE',  ( -0.01745240643728354982, 0.9998476951563912696, 1.912111525834391329E-18 ) ) ;
#1008 = ORIENTED_EDGE ( 'NONE', *, *, #4510, .T. ) ;
#1009 = EDGE_CURVE ( 'NONE', #3134, #1198, #2229, .T. ) ;
#1010 = ORIENTED_EDGE ( 'NONE', *, *, #4455, .T. ) ;
#1011 = CARTESIAN_POINT ( 'NONE',  ( -88.22962089189253732, 142.6148097581068441, 38.00000000000000000 ) ) ;
#1012 = ORIENTED_EDGE ( 'NONE', *, *, #3450, .F. ) ;
#1013 = TOROIDAL_SURFACE ( 'NONE', #4375, 5.500000000000001776, 0.5000000000000000000 ) ;
#1014 = LINE ( 'NONE', #1142, #4955 ) ;
#1015 = ORIENTED_EDGE ( 'NONE', *, *, #759, .F. ) ;
#1016 = EDGE_CURVE ( 'NONE', #4612, #4552, #4462, .T. ) ;
#1017 = DIRECTION ( 'NONE',  ( 0.0000000000000000000, 0.0000000000000000000, -1.000000000000000000 ) ) ;
#1018 = AXIS2_PLACEMENT_3D ( 'NONE', #2996, #1653, #3062 ) ;
#1019 = ORIENTED_EDGE ( 'NONE', *, *, #548, .F. ) ;
#1020 = LINE ( 'NONE', #5570, #198 ) ;
#1021 = ORIENTED_EDGE ( 'NONE', *, *, #1458, .T. ) ;
#1022 = LINE ( 'NONE', #2025, #2630 ) ;
#1023 = DIRECTION ( 'NONE',  ( -1.000000000000000000, -6.606313794787629144E-16, 1.153136362241978194E-17 ) ) ;
#1024 = ADVANCED_FACE ( 'NONE', ( #1264 ), #4436, .F. ) ;
#1025 = VECTOR ( 'NONE', #593, 1000.000000000000114 ) ;
#1026 = LINE ( 'NONE', #2800, #4903 ) ;
#1027 = ORIENTED_EDGE ( 'NONE', *, *, #1323, .T. ) ;
#1028 = DIRECTION ( 'NONE',  ( 0.0000000000000000000, 1.000000000000000000, -0.0000000000000000000 ) ) ;
#1029 = VECTOR ( 'NONE', #4383, 1000.000000000000000 ) ;
#1030 = FACE_OUTER_BOUND ( 'NONE', #647, .T. ) ;
#1031 = EDGE_CURVE ( 'NONE', #3936, #366, #1547, .T. ) ;
#1032 = CARTESIAN_POINT ( 'NONE',  ( -37.50000000000007816, 143.4948883085025386, 35.78422336308546647 ) ) ;
#1033 = CARTESIAN_POINT ( 'NONE',  ( -87.82025580252974351, 153.2975381764235578, 35.82025580252972219 ) ) ;
#1034 = DIRECTION ( 'NONE',  ( 1.000000000000000000, 0.0000000000000000000, 0.0000000000000000000 ) ) ;
#1035 = AXIS2_PLACEMENT_3D ( 'NONE', #5428, #3526, #4880 ) ;
#1036 = CARTESIAN_POINT ( 'NONE',  ( 55.13131355994478611, 153.2999999999999545, 26.16268659334798485 ) ) ;
#1037 = EDGE_LOOP ( 'NONE', ( #4545, #3681, #2653, #3299 ) ) ;
#1038 = CARTESIAN_POINT ( 'NONE',  ( -40.50000000000000711, 153.4999999999999716, 35.99999999999998579 ) ) ;
#1039 = ORIENTED_EDGE ( 'NONE', *, *, #860, .F. ) ;
#1040 =( LENGTH_UNIT ( ) NAMED_UNIT ( * ) SI_UNIT ( .MILLI., .METRE. ) );
#1041 = DIRECTION ( 'NONE',  ( 1.000000000000000000, -0.0000000000000000000, -0.0000000000000000000 ) ) ;
#1042 = AXIS2_PLACEMENT_3D ( 'NONE', #5108, #1023, #907 ) ;
#1043 = ORIENTED_EDGE ( 'NONE', *, *, #124, .F. ) ;
#1044 = EDGE_CURVE ( 'NONE', #1640, #2896, #1744, .T. ) ;
#1045 = CYLINDRICAL_SURFACE ( 'NONE', #3259, 0.4999999999999918954 ) ;
#1046 = ORIENTED_EDGE ( 'NONE', *, *, #3276, .F. ) ;
#1047 = AXIS2_PLACEMENT_3D ( 'NONE', #5476, #4988, #4548 ) ;
#1048 = CARTESIAN_POINT ( 'NONE',  ( 87.99999999999998579, 0.0000000000000000000, 36.00000000000000711 ) ) ;
#1049 = ORIENTED_EDGE ( 'NONE', *, *, #4210, .F. ) ;
#1050 = LINE ( 'NONE', #3334, #4003 ) ;
#1051 = AXIS2_PLACEMENT_3D ( 'NONE', #494, #4593, #5551 ) ;
#1052 = ORIENTED_EDGE ( 'NONE', *, *, #4483, .F. ) ;
#1053 = EDGE_CURVE ( 'NONE', #1851, #1181, #1349, .T. ) ;
#1054 = EDGE_LOOP ( 'NONE', ( #5469, #1292, #4262, #286 ) ) ;
#1055 = PRESENTATION_STYLE_ASSIGNMENT (( #5769 ) ) ;
#1056 = CARTESIAN_POINT ( 'NONE',  ( -40.99999999999999289, 153.4999999999999716, 15.99999999999997691 ) ) ;
#1057 = COLOUR_RGB ( '',0.8980392156862745390, 0.8980392156862745390, 0.8980392156862745390 ) ;
#1058 = EDGE_LOOP ( 'NONE', ( #3852, #4254, #4929, #2644 ) ) ;
#1059 = AXIS2_PLACEMENT_3D ( 'NONE', #2119, #3915, #3983 ) ;
#1060 = CARTESIAN_POINT ( 'NONE',  ( 89.49999999999998579, 143.0000000000000000, -37.99999999999999289 ) ) ;
#1061 = LINE ( 'NONE', #973, #3320 ) ;
#1062 =( NAMED_UNIT ( * ) PLANE_ANGLE_UNIT ( ) SI_UNIT ( $, .RADIAN. ) );
#1063 = AXIS2_PLACEMENT_3D ( 'NONE', #2966, #737, #1220 ) ;
#1064 = LINE ( 'NONE', #1095, #1517 ) ;
#1065 =( BOUNDED_SURFACE ( )  B_SPLINE_SURFACE ( 3, 2, ( 
 ( #3875, #3935, #2485 ),
 ( #745, #2977, #1692 ),
 ( #215, #3431, #4296 ),
 ( #5293, #2550, #1175 ),
 ( #3009, #5703, #4387 ),
 ( #1570, #1664, #3405 ) ),
 .UNSPECIFIED., .F., .F., .F. ) 
 B_SPLINE_SURFACE_WITH_KNOTS ( ( 4, 2, 4 ),
 ( 3, 3 ),
 ( 4.712388980384686121, 5.497787143782136177, 6.283185307179586232 ),
 ( 0.0000000000000000000, 1.000000000000000000 ),
 .UNSPECIFIED. ) 
 GEOMETRIC_REPRESENTATION_ITEM ( )  RATIONAL_B_SPLINE_SURFACE ( (
 ( 1.000000000000000000, 0.7071067811865361374, 1.000000000000000000),
 ( 1.000000000000000000, 0.7087270008780168773, 1.000000000000000000),
 ( 1.000000000000000000, 0.7103212306935218212, 1.000000000000000000),
 ( 1.000000000000000000, 0.7125917778490518106, 1.000000000000000000),
 ( 1.000000000000000000, 0.7132613904374861535, 1.000000000000000000),
 ( 1.000000000000000000, 0.7132504491541877822, 1.000000000000000000) ) ) 
 REPRESENTATION_ITEM ( '' )  SURFACE ( )  );
#1066 = EDGE_CURVE ( 'NONE', #5184, #3518, #5884, .T. ) ;
#1067 = EDGE_CURVE ( 'NONE', #13, #4386, #3564, .T. ) ;
#1068 = ORIENTED_EDGE ( 'NONE', *, *, #4510, .F. ) ;
#1069 = VERTEX_POINT ( 'NONE', #1373 ) ;
#1070 = DIRECTION ( 'NONE',  ( 1.000000000000000000, 4.242215135558921878E-17, -5.457107857195676994E-17 ) ) ;
#1071 = LINE ( 'NONE', #2900, #2551 ) ;
#1072 = VERTEX_POINT ( 'NONE', #4108 ) ;
#1073 = DIRECTION ( 'NONE',  ( 1.000000000000000000, 0.0000000000000000000, -0.0000000000000000000 ) ) ;
#1074 = CARTESIAN_POINT ( 'NONE',  ( 1.500000000000000222, 163.6863135986597229, 17.63617714821959126 ) ) ;
#1075 = ORIENTED_EDGE ( 'NONE', *, *, #3860, .F. ) ;
#1076 = CARTESIAN_POINT ( 'NONE',  ( 65.16268659334791380, 153.4999999999999716, 33.16268659334794222 ) ) ;
#1077 = ORIENTED_EDGE ( 'NONE', *, *, #209, .T. ) ;
#1078 = LINE ( 'NONE', #2908, #52 ) ;
#1079 = ORIENTED_EDGE ( 'NONE', *, *, #1933, .F. ) ;
#1080 = DIRECTION ( 'NONE',  ( 0.0000000000000000000, 1.000000000000000000, -0.0000000000000000000 ) ) ;
#1081 = CARTESIAN_POINT ( 'NONE',  ( -87.58965365774314193, 166.5087262032186572, -35.58965365774311351 ) ) ;
#1082 = PLANE ( 'NONE',  #3092 ) ;
#1083 = ORIENTED_EDGE ( 'NONE', *, *, #697, .T. ) ;
#1084 = CARTESIAN_POINT ( 'NONE',  ( -41.00000000000000711, 153.4999999999999716, 35.32537318669587734 ) ) ;
#1085 = DIRECTION ( 'NONE',  ( -0.0000000000000000000, 0.01745240643728354635, 0.9998476951563911586 ) ) ;
#1086 = EDGE_CURVE ( 'NONE', #5155, #4521, #2187, .T. ) ;
#1087 = CIRCLE ( 'NONE', #5832, 2.000000000000001776 ) ;
#1088 = CARTESIAN_POINT ( 'NONE',  ( 1.500000000000002665, 142.9912737967813712, 35.50007615242180492 ) ) ;
#1089 = CARTESIAN_POINT ( 'NONE',  ( -88.00000000000001421, 2.000000000000001776, -35.99999999999999289 ) ) ;
#1090 = CARTESIAN_POINT ( 'NONE',  ( 85.16268659334791380, 153.4999999999999716, 18.16268659334793867 ) ) ;
#1091 = DIRECTION ( 'NONE',  ( 1.124743087522145519E-31, 0.01745240643728337634, 0.9998476951563911586 ) ) ;
#1092 = AXIS2_PLACEMENT_3D ( 'NONE', #2592, #4421, #3440 ) ;
#1093 = DIRECTION ( 'NONE',  ( 0.0000000000000000000, 1.000000000000000000, -0.0000000000000000000 ) ) ;
#1094 = ADVANCED_FACE ( 'NONE', ( #3135 ), #1716, .F. ) ;
#1095 = CARTESIAN_POINT ( 'NONE',  ( 51.66268659334789959, 153.2999999999999545, 25.66268659334794933 ) ) ;
#1096 = FACE_OUTER_BOUND ( 'NONE', #4701, .T. ) ;
#1097 = COLOUR_RGB ( '',0.8980392156862745390, 0.8980392156862745390, 0.8980392156862745390 ) ;
#1098 = FACE_OUTER_BOUND ( 'NONE', #4493, .T. ) ;
#1099 = CARTESIAN_POINT ( 'NONE',  ( -1.500000000000022871, 163.9917307113122149, 35.13351181345643681 ) ) ;
#1100 = CARTESIAN_POINT ( 'NONE',  ( -88.00000000000001421, 143.0000000000000000, 38.00000000000000711 ) ) ;
#1101 = VERTEX_POINT ( 'NONE', #925 ) ;
#1102 = DIRECTION ( 'NONE',  ( 0.0000000000000000000, -1.000000000000000000, 0.0000000000000000000 ) ) ;
#1103 = ADVANCED_FACE ( 'NONE', ( #3274, #506, #953, #2762, #2319, #4198 ), #1931, .T. ) ;
#1104 = FACE_OUTER_BOUND ( 'NONE', #3814, .T. ) ;
#1105 = COLOUR_RGB ( '',0.8980392156862745390, 0.8980392156862745390, 0.8980392156862745390 ) ;
#1106 = EDGE_LOOP ( 'NONE', ( #3934, #3559, #5595, #5948 ) ) ;
#1107 = DIRECTION ( 'NONE',  ( 1.000000000000000000, 0.0000000000000000000, -6.938893903907227392E-16 ) ) ;
#1108 = ORIENTED_EDGE ( 'NONE', *, *, #4368, .F. ) ;
#1109 = CYLINDRICAL_SURFACE ( 'NONE', #1776, 2.499999999999998668 ) ;
#1110 = VERTEX_POINT ( 'NONE', #3808 ) ;
#1111 = EDGE_CURVE ( 'NONE', #1384, #5216, #5881, .T. ) ;
#1112 = CARTESIAN_POINT ( 'NONE',  ( 87.99999999999998579, 2.000000000000000000, 36.00000000000000711 ) ) ;
#1113 = DIRECTION ( 'NONE',  ( 0.0000000000000000000, 0.0000000000000000000, 1.000000000000000000 ) ) ;
#1114 = CARTESIAN_POINT ( 'NONE',  ( -37.50000000000007816, 143.5000000000000000, 35.49119630351393795 ) ) ;
#1115 = ORIENTED_EDGE ( 'NONE', *, *, #2226, .F. ) ;
#1116 = DIRECTION ( 'NONE',  ( -1.000000000000000000, -0.0000000000000000000, -0.0000000000000000000 ) ) ;
#1117 = VECTOR ( 'NONE', #141, 1000.000000000000000 ) ;
#1118 = CARTESIAN_POINT ( 'NONE',  ( 18.50000000000000711, 142.6945828873475648, 18.50266533476316155 ) ) ;
#1119 = EDGE_CURVE ( 'NONE', #3815, #4109, #2388, .T. ) ;
#1120 = VECTOR ( 'NONE', #5303, 1000.000000000000000 ) ;
#1121 = FACE_OUTER_BOUND ( 'NONE', #26, .T. ) ;
#1122 = CARTESIAN_POINT ( 'NONE',  ( 87.61422915406370748, 153.4999999999999716, 35.61422915406372880 ) ) ;
#1123 = CARTESIAN_POINT ( 'NONE',  ( 89.22530312688783738, 143.0000000000000000, 37.58605088186163101 ) ) ;
#1124 = CARTESIAN_POINT ( 'NONE',  ( -38.00000000000000711, 163.9917307113123286, 35.13351181345643681 ) ) ;
#1125 = CARTESIAN_POINT ( 'NONE',  ( -80.99999999999997158, 163.4999999999999716, 19.91264851713702555 ) ) ;
#1126 = AXIS2_PLACEMENT_3D ( 'NONE', #5387, #5823, #3931 ) ;
#1127 = SURFACE_STYLE_FILL_AREA ( #5234 ) ;
#1128 = ORIENTED_EDGE ( 'NONE', *, *, #548, .T. ) ;
#1129 = EDGE_CURVE ( 'NONE', #4706, #838, #2841, .T. ) ;
#1130 = LINE ( 'NONE', #3446, #226 ) ;
#1131 = ORIENTED_EDGE ( 'NONE', *, *, #1626, .F. ) ;
#1132 = DIRECTION ( 'NONE',  ( -1.000000000000000000, 0.0000000000000000000, -0.0000000000000000000 ) ) ;
#1133 = PRESENTATION_LAYER_ASSIGNMENT (  '', '', ( #4874 ) ) ;
#1134 = LINE ( 'NONE', #1164, #449 ) ;
#1135 = CARTESIAN_POINT ( 'NONE',  ( -85.16268659334794222, 153.5999999999999659, 33.16268659334786406 ) ) ;
#1136 = FACE_OUTER_BOUND ( 'NONE', #3881, .T. ) ;
#1137 = PRESENTATION_LAYER_ASSIGNMENT (  '', '', ( #3720 ) ) ;
#1138 = SURFACE_SIDE_STYLE ('',( #3866 ) ) ;
#1139 = EDGE_CURVE ( 'NONE', #4270, #5924, #1399, .T. ) ;
#1140 = DIRECTION ( 'NONE',  ( -0.01745240643730141053, -0.9998476951563909365, 0.0000000000000000000 ) ) ;
#1141 = VERTEX_POINT ( 'NONE', #2350 ) ;
#1142 = CARTESIAN_POINT ( 'NONE',  ( -87.31685379473367448, 153.4880756386315852, 15.49999999999993427 ) ) ;
#1143 = VERTEX_POINT ( 'NONE', #5623 ) ;
#1144 = CARTESIAN_POINT ( 'NONE',  ( 37.73299334778877068, 143.0000000000000000, 35.94320706283512834 ) ) ;
#1145 = VECTOR ( 'NONE', #1526, 1000.000000000000000 ) ;
#1146 = CARTESIAN_POINT ( 'NONE',  ( 40.99999999999997868, 166.4999999999999716, 16.00000000000000711 ) ) ;
#1147 = EDGE_LOOP ( 'NONE', ( #5256, #4990, #2907, #5801 ) ) ;
#1148 = EDGE_CURVE ( 'NONE', #2849, #3267, #40, .T. ) ;
#1149 = ORIENTED_EDGE ( 'NONE', *, *, #1809, .T. ) ;
#1150 = CARTESIAN_POINT ( 'NONE',  ( 82.99999999999997158, 164.4999999999999716, 30.91264851713705752 ) ) ;
#1151 = VECTOR ( 'NONE', #5696, 1000.000000000000000 ) ;
#1152 = COLOUR_RGB ( '',0.8980392156862745390, 0.8980392156862745390, 0.8980392156862745390 ) ;
#1153 = ORIENTED_EDGE ( 'NONE', *, *, #801, .T. ) ;
#1154 = DIRECTION ( 'NONE',  ( 0.0000000000000000000, 0.0000000000000000000, -1.000000000000000000 ) ) ;
#1155 = DIRECTION ( 'NONE',  ( -0.0000000000000000000, 0.01745240643728354635, 0.9998476951563911586 ) ) ;
#1156 = CARTESIAN_POINT ( 'NONE',  ( 89.99999999999998579, 2.000000000000001776, -35.99999999999999289 ) ) ;
#1157 =( NAMED_UNIT ( * ) PLANE_ANGLE_UNIT ( ) SI_UNIT ( $, .RADIAN. ) );
#1158 = CARTESIAN_POINT ( 'NONE',  ( 51.16268659334791380, 153.2999999999999545, 25.66268659334794222 ) ) ;
#1159 = AXIS2_PLACEMENT_3D ( 'NONE', #236, #5345, #767 ) ;
#1160 = VECTOR ( 'NONE', #3308, 1000.000000000000227 ) ;
#1161 = LINE ( 'NONE', #2564, #4992 ) ;
#1162 = EDGE_LOOP ( 'NONE', ( #2755, #4370, #5371 ) ) ;
#1163 = DIRECTION ( 'NONE',  ( -0.0000000000000000000, 0.01745240643728108651, 0.9998476951563913806 ) ) ;
#1164 = CARTESIAN_POINT ( 'NONE',  ( -87.99142478397965306, 143.4912737967813428, 36.00000000000000711 ) ) ;
#1165 = EDGE_CURVE ( 'NONE', #184, #3611, #3747, .T. ) ;
#1166 = DIRECTION ( 'NONE',  ( 0.0000000000000000000, -6.938893903907223447E-16, 1.000000000000000000 ) ) ;
#1167 = CARTESIAN_POINT ( 'NONE',  ( -87.08972981016493975, 166.4999999999999716, 14.99999999999993072 ) ) ;
#1168 = ORIENTED_EDGE ( 'NONE', *, *, #5086, .T. ) ;
#1169 = CARTESIAN_POINT ( 'NONE',  ( -37.47492007572167694, 143.0000000000000000, 36.38220512171026400 ) ) ;
#1170 = VERTEX_POINT ( 'NONE', #3749 ) ;
#1171 = DIRECTION ( 'NONE',  ( 0.0000000000000000000, 1.000000000000000000, 0.0000000000000000000 ) ) ;
#1172 = ADVANCED_FACE ( 'NONE', ( #1901 ), #1045, .T. ) ;
#1173 = DIRECTION ( 'NONE',  ( -0.9998476951563910475, -0.01745240643730141053, 0.0000000000000000000 ) ) ;
#1174 = VERTEX_POINT ( 'NONE', #3716 ) ;
#1175 = CARTESIAN_POINT ( 'NONE',  ( -87.32349199976204090, 153.5538865636185051, 15.73900665519484221 ) ) ;
#1176 = ORIENTED_EDGE ( 'NONE', *, *, #2937, .T. ) ;
#1177 = CARTESIAN_POINT ( 'NONE',  ( 50.66268659334789959, 153.2999999999999545, 25.66268659334794933 ) ) ;
#1178 = CYLINDRICAL_SURFACE ( 'NONE', #1448, 0.5000000000000004441 ) ;
#1179 = EDGE_CURVE ( 'NONE', #1907, #3332, #5564, .T. ) ;
#1180 = EDGE_CURVE ( 'NONE', #2797, #1110, #1497, .T. ) ;
#1181 = VERTEX_POINT ( 'NONE', #5126 ) ;
#1182 = CARTESIAN_POINT ( 'NONE',  ( -65.16268659334794222, 153.5999999999999659, 33.16268659334788538 ) ) ;
#1183 = CIRCLE ( 'NONE', #4250, 0.4999999999999990008 ) ;
#1184 = CARTESIAN_POINT ( 'NONE',  ( 1.000000000000000222, 164.5003807621090459, 35.62470945781598886 ) ) ;
#1185 = DIRECTION ( 'NONE',  ( -1.000000000000000000, 0.0000000000000000000, -0.0000000000000000000 ) ) ;
#1186 = DIRECTION ( 'NONE',  ( 0.01744974916068272111, -0.9996954598818874604, -0.01744974916068272111 ) ) ;
#1187 = CARTESIAN_POINT ( 'NONE',  ( 18.50000000000000711, 153.1929836864896686, 18.31941506717168267 ) ) ;
#1188 = EDGE_CURVE ( 'NONE', #4121, #5736, #2610, .T. ) ;
#1189 = DIRECTION ( 'NONE',  ( 0.0000000000000000000, 0.0000000000000000000, 1.000000000000000000 ) ) ;
#1190 = ORIENTED_EDGE ( 'NONE', *, *, #3987, .F. ) ;
#1191 = DIRECTION ( 'NONE',  ( 0.0000000000000000000, 0.01745240643730164992, 0.9998476951563909365 ) ) ;
#1192 = PLANE ( 'NONE',  #4688 ) ;
#1193 =( LENGTH_UNIT ( ) NAMED_UNIT ( * ) SI_UNIT ( .MILLI., .METRE. ) );
#1194 = CARTESIAN_POINT ( 'NONE',  ( 51.16268659334791380, 153.2999999999999545, 25.66268659334794222 ) ) ;
#1195 = ORIENTED_EDGE ( 'NONE', *, *, #1809, .F. ) ;
#1196 = EDGE_CURVE ( 'NONE', #5134, #838, #3839, .T. ) ;
#1197 = CARTESIAN_POINT ( 'NONE',  ( -37.55210888228993582, 143.4954915159421489, 35.74964457382347405 ) ) ;
#1198 = VERTEX_POINT ( 'NONE', #2572 ) ;
#1199 = DIRECTION ( 'NONE',  ( 0.0000000000000000000, -0.01745240643730164992, -0.9998476951563909365 ) ) ;
#1200 = VERTEX_POINT ( 'NONE', #648 ) ;
#1201 = CARTESIAN_POINT ( 'NONE',  ( -37.50000000000007816, 143.0048233725372029, 36.27633082758055849 ) ) ;
#1202 = ORIENTED_EDGE ( 'NONE', *, *, #404, .T. ) ;
#1203 = ADVANCED_FACE ( 'NONE', ( #2509 ), #3000, .T. ) ;
#1204 = FACE_BOUND ( 'NONE', #3424, .T. ) ;
#1205 = CARTESIAN_POINT ( 'NONE',  ( -37.50000000000004263, 153.6841813308492419, 17.81076501637484455 ) ) ;
#1206 = ORIENTED_EDGE ( 'NONE', *, *, #552, .F. ) ;
#1207 = CARTESIAN_POINT ( 'NONE',  ( 51.66268659334789959, 153.2999999999999545, 25.66268659334794933 ) ) ;
#1208 = EDGE_CURVE ( 'NONE', #3391, #1290, #5818, .T. ) ;
#1209 = LINE ( 'NONE', #3856, #3677 ) ;
#1210 = ORIENTED_EDGE ( 'NONE', *, *, #1252, .F. ) ;
#1211 = VECTOR ( 'NONE', #4305, 1000.000000000000000 ) ;
#1212 = CARTESIAN_POINT ( 'NONE',  ( 37.99999999999999289, 143.4912737967813428, 35.99142478397965306 ) ) ;
#1213 = CARTESIAN_POINT ( 'NONE',  ( 87.99999999999998579, 135.4999999999999716, 36.00000000000000711 ) ) ;
#1214 = ADVANCED_FACE ( 'NONE', ( #4377 ), #5217, .T. ) ;
#1215 = CARTESIAN_POINT ( 'NONE',  ( -41.00000000000000711, 153.0087262032186288, 35.82529703427406531 ) ) ;
#1216 = LINE ( 'NONE', #2538, #136 ) ;
#1217 =( NAMED_UNIT ( * ) PLANE_ANGLE_UNIT ( ) SI_UNIT ( $, .RADIAN. ) );
#1218 = DIRECTION ( 'NONE',  ( 1.000000000000000000, 0.0000000000000000000, 0.0000000000000000000 ) ) ;
#1219 =( BOUNDED_CURVE ( )  B_SPLINE_CURVE ( 3, ( #4015, #2308, #1514, #4214 ),
 .UNSPECIFIED., .F., .T. ) 
 B_SPLINE_CURVE_WITH_KNOTS ( ( 4, 4 ),
 ( 4.712388980384690562, 6.283185307179567580 ),
 .UNSPECIFIED. ) 
 CURVE ( )  GEOMETRIC_REPRESENTATION_ITEM ( )  RATIONAL_B_SPLINE_CURVE ( ( 1.000000000000000000, 0.8047378541243652705, 0.8047378541243652705, 1.000000000000000000 ) ) 
 REPRESENTATION_ITEM ( '' )  );
#1220 = DIRECTION ( 'NONE',  ( 0.0000000000000000000, 0.0000000000000000000, 1.000000000000000000 ) ) ;
#1221 = ORIENTED_EDGE ( 'NONE', *, *, #1129, .T. ) ;
#1222 = CARTESIAN_POINT ( 'NONE',  ( -95.90448750123042032, 153.2999999999999545, 25.66268659334794933 ) ) ;
#1223 = ORIENTED_EDGE ( 'NONE', *, *, #4010, .T. ) ;
#1224 = B_SPLINE_CURVE_WITH_KNOTS ( 'NONE', 3,
 ( #5336, #1123, #3949, #5713, #5231, #1612, #3982, #5747 ),
 .UNSPECIFIED., .F., .F.,
 ( 4, 2, 2, 4 ),
 ( 0.0000000000000000000, 0.0003847830515607281589, 0.0007695661031214563177, 0.001539132206242979856 ),
 .UNSPECIFIED. ) ;
#1225 =( LENGTH_UNIT ( ) NAMED_UNIT ( * ) SI_UNIT ( .MILLI., .METRE. ) );
#1226 = AXIS2_PLACEMENT_3D ( 'NONE', #633, #666, #254 ) ;
#1227 = FACE_OUTER_BOUND ( 'NONE', #5860, .T. ) ;
#1228 = ORIENTED_EDGE ( 'NONE', *, *, #4183, .F. ) ;
#1229 = CARTESIAN_POINT ( 'NONE',  ( -37.50000000000008527, 143.2757129457318683, 35.71587343748417709 ) ) ;
#1230 = EDGE_LOOP ( 'NONE', ( #1221, #1905, #3222, #1593 ) ) ;
#1231 = SURFACE_STYLE_USAGE ( .BOTH. , #3520 ) ;
#1232 = ORIENTED_EDGE ( 'NONE', *, *, #1877, .T. ) ;
#1233 = DIRECTION ( 'NONE',  ( 0.0000000000000000000, 0.01745240643728142652, 0.9998476951563912696 ) ) ;
#1234 = DIRECTION ( 'NONE',  ( 0.0000000000000000000, -1.000000000000000000, 0.0000000000000000000 ) ) ;
#1235 = EDGE_CURVE ( 'NONE', #5178, #4756, #2099, .T. ) ;
#1236 = EDGE_LOOP ( 'NONE', ( #1257, #5599, #2259, #3779 ) ) ;
#1237 = DIRECTION ( 'NONE',  ( 0.0000000000000000000, 0.0000000000000000000, 1.000000000000000000 ) ) ;
#1238 = CARTESIAN_POINT ( 'NONE',  ( -60.13429575874858557, 153.3412492140541303, 26.81354145250229237 ) ) ;
#1239 = CIRCLE ( 'NONE', #3449, 0.5000000000000004441 ) ;
#1240 = ORIENTED_EDGE ( 'NONE', *, *, #5446, .T. ) ;
#1241 = LINE ( 'NONE', #4883, #4287 ) ;
#1242 = DIRECTION ( 'NONE',  ( 0.0000000000000000000, 0.0000000000000000000, 1.000000000000000000 ) ) ;
#1243 = DIRECTION ( 'NONE',  ( -1.000000000000000000, 0.0000000000000000000, 0.0000000000000000000 ) ) ;
#1244 = EDGE_CURVE ( 'NONE', #5092, #2412, #177, .T. ) ;
#1245 = VECTOR ( 'NONE', #4618, 1000.000000000000227 ) ;
#1246 = CYLINDRICAL_SURFACE ( 'NONE', #1382, 0.5000000000000004441 ) ;
#1247 = CYLINDRICAL_SURFACE ( 'NONE', #2654, 2.499999999999998668 ) ;
#1248 =( GEOMETRIC_REPRESENTATION_CONTEXT ( 3 ) GLOBAL_UNCERTAINTY_ASSIGNED_CONTEXT ( ( #1310 ) ) GLOBAL_UNIT_ASSIGNED_CONTEXT ( ( #4074, #3534, #3595 ) ) REPRESENTATION_CONTEXT ( 'NONE', 'WORKASPACE' ) );
#1249 = VECTOR ( 'NONE', #49, 1000.000000000000000 ) ;
#1250 = DIRECTION ( 'NONE',  ( 0.0000000000000000000, 1.000000000000000000, 0.0000000000000000000 ) ) ;
#1251 = CIRCLE ( 'NONE', #5785, 0.5000000000000004441 ) ;
#1252 = EDGE_CURVE ( 'NONE', #5340, #4080, #5779, .T. ) ;
#1253 = AXIS2_PLACEMENT_3D ( 'NONE', #2618, #841, #2677 ) ;
#1254 = DIRECTION ( 'NONE',  ( 0.0000000000000000000, -0.01745240643730164992, -0.9998476951563909365 ) ) ;
#1255 = VECTOR ( 'NONE', #3107, 1000.000000000000000 ) ;
#1256 = LINE ( 'NONE', #5757, #4823 ) ;
#1257 = ORIENTED_EDGE ( 'NONE', *, *, #3311, .F. ) ;
#1258 = PLANE ( 'NONE',  #5930 ) ;
#1259 = VERTEX_POINT ( 'NONE', #4831 ) ;
#1260 = FACE_OUTER_BOUND ( 'NONE', #2255, .T. ) ;
#1261 =( BOUNDED_CURVE ( )  B_SPLINE_CURVE ( 3, ( #3349, #1978, #1455, #2891 ),
 .UNSPECIFIED., .F., .T. ) 
 B_SPLINE_CURVE_WITH_KNOTS ( ( 4, 4 ),
 ( 3.141592653589783346, 4.712388980384683457 ),
 .UNSPECIFIED. ) 
 CURVE ( )  GEOMETRIC_REPRESENTATION_ITEM ( )  RATIONAL_B_SPLINE_CURVE ( ( 1.000000000000000000, 0.8047378541243641603, 0.8047378541243641603, 1.000000000000000000 ) ) 
 REPRESENTATION_ITEM ( '' )  );
#1262 = LINE ( 'NONE', #4460, #4024 ) ;
#1263 = ORIENTED_EDGE ( 'NONE', *, *, #566, .T. ) ;
#1264 = FACE_OUTER_BOUND ( 'NONE', #2191, .T. ) ;
#1265 = EDGE_LOOP ( 'NONE', ( #5392, #4364, #5852, #3861 ) ) ;
#1266 = DIRECTION ( 'NONE',  ( -0.0000000000000000000, 1.000000000000000000, -0.0000000000000000000 ) ) ;
#1267 = CARTESIAN_POINT ( 'NONE',  ( -89.32287565553230024, 143.0000000000000000, 37.50000000000000711 ) ) ;
#1268 = EDGE_LOOP ( 'NONE', ( #2092, #4353, #5530, #2048 ) ) ;
#1269 = CARTESIAN_POINT ( 'NONE',  ( 89.99999999999998579, 135.4999999999999716, -35.99999999999999289 ) ) ;
#1270 =( NAMED_UNIT ( * ) SI_UNIT ( $, .STERADIAN. ) SOLID_ANGLE_UNIT ( ) );
#1271 = DIRECTION ( 'NONE',  ( 1.000000000000000000, 0.0000000000000000000, -0.0000000000000000000 ) ) ;
#1272 = VERTEX_POINT ( 'NONE', #5243 ) ;
#1273 =( NAMED_UNIT ( * ) SI_UNIT ( $, .STERADIAN. ) SOLID_ANGLE_UNIT ( ) );
#1274 = EDGE_CURVE ( 'NONE', #4270, #5567, #4982, .T. ) ;
#1275 = CARTESIAN_POINT ( 'NONE',  ( -89.96049171198669114, 142.7313552011698619, 36.46147404279061988 ) ) ;
#1276 = DIRECTION ( 'NONE',  ( 1.000000000000000000, -0.0000000000000000000, -0.0000000000000000000 ) ) ;
#1277 = SURFACE_STYLE_USAGE ( .BOTH. , #1756 ) ;
#1278 = CARTESIAN_POINT ( 'NONE',  ( 87.99999999999998579, 143.5000000000000000, -36.49134863155783393 ) ) ;
#1279 = AXIS2_PLACEMENT_3D ( 'NONE', #1294, #839, #3011 ) ;
#1280 = AXIS2_PLACEMENT_3D ( 'NONE', #2810, #1558, #4723 ) ;
#1281 = CARTESIAN_POINT ( 'NONE',  ( -1.500000000000022871, 163.6863135986597229, 17.63617714821959126 ) ) ;
#1282 = ORIENTED_EDGE ( 'NONE', *, *, #3568, .F. ) ;
#1283 = ADVANCED_FACE ( 'NONE', ( #1564 ), #2075, .T. ) ;
#1284 = FACE_OUTER_BOUND ( 'NONE', #3086, .T. ) ;
#1285 = ORIENTED_EDGE ( 'NONE', *, *, #5904, .T. ) ;
#1286 = CARTESIAN_POINT ( 'NONE',  ( 89.96049060640905282, 142.7313571436679922, 36.46147821031641456 ) ) ;
#1287 = AXIS2_PLACEMENT_3D ( 'NONE', #2295, #1375, #4634 ) ;
#1288 = VECTOR ( 'NONE', #3476, 1000.000000000000000 ) ;
#1289 = DIRECTION ( 'NONE',  ( 0.0000000000000000000, 0.0000000000000000000, 1.000000000000000000 ) ) ;
#1290 = VERTEX_POINT ( 'NONE', #2541 ) ;
#1291 = DIRECTION ( 'NONE',  ( -0.0000000000000000000, -0.01745240643728108304, -0.9998476951563913806 ) ) ;
#1292 = ORIENTED_EDGE ( 'NONE', *, *, #2814, .F. ) ;
#1293 = EDGE_CURVE ( 'NONE', #1272, #2638, #93, .T. ) ;
#1294 = CARTESIAN_POINT ( 'NONE',  ( -24.50000000000006395, 152.8850363097216132, 29.32646591711058548 ) ) ;
#1295 = CARTESIAN_POINT ( 'NONE',  ( 87.99999999999998579, 166.4999999999999716, 15.00000000000000355 ) ) ;
#1296 = DIRECTION ( 'NONE',  ( -1.000000000000000000, 0.0000000000000000000, 0.0000000000000000000 ) ) ;
#1297 = CARTESIAN_POINT ( 'NONE',  ( -88.00000000000001421, 143.0000000000000000, -37.99999999999999289 ) ) ;
#1298 = FACE_OUTER_BOUND ( 'NONE', #4629, .T. ) ;
#1299 = CARTESIAN_POINT ( 'NONE',  ( 19.00000000000000355, 153.2889719218947562, 23.81857739053184275 ) ) ;
#1300 = ORIENTED_EDGE ( 'NONE', *, *, #1815, .T. ) ;
#1301 = DIRECTION ( 'NONE',  ( -1.040834085586084059E-15, 0.0000000000000000000, 1.000000000000000000 ) ) ;
#1302 = EDGE_CURVE ( 'NONE', #3811, #4197, #3453, .T. ) ;
#1303 = CARTESIAN_POINT ( 'NONE',  ( -89.58605088186160970, 142.9999999999999716, 37.22530312688786580 ) ) ;
#1304 = CARTESIAN_POINT ( 'NONE',  ( -88.00000000000001421, 142.5000000000000000, 38.00000000000000711 ) ) ;
#1305 = CARTESIAN_POINT ( 'NONE',  ( -95.90448750123042032, 153.2999999999999545, 25.66268659334794933 ) ) ;
#1306 = CARTESIAN_POINT ( 'NONE',  ( 88.49134863155782682, 143.0000000000000000, -36.49134863155783393 ) ) ;
#1307 = VECTOR ( 'NONE', #4312, 1000.000000000000000 ) ;
#1308 = ADVANCED_FACE ( 'NONE', ( #1393, #4942 ), #434, .F. ) ;
#1309 = CYLINDRICAL_SURFACE ( 'NONE', #2516, 4.000000000000007105 ) ;
#1310 = UNCERTAINTY_MEASURE_WITH_UNIT (LENGTH_MEASURE( 1.000000000000000082E-05 ), #4074, 'distance_accuracy_value', 'NONE');
#1311 = ORIENTED_EDGE ( 'NONE', *, *, #4459, .T. ) ;
#1312 = UNCERTAINTY_MEASURE_WITH_UNIT (LENGTH_MEASURE( 1.000000000000000082E-05 ), #2002, 'distance_accuracy_value', 'NONE');
#1313 = AXIS2_PLACEMENT_3D ( 'NONE', #5541, #3560, #4637 ) ;
#1314 = DIRECTION ( 'NONE',  ( 0.0000000000000000000, 0.0000000000000000000, -1.000000000000000000 ) ) ;
#1315 = CARTESIAN_POINT ( 'NONE',  ( 87.81672181825366863, 153.4999999999999147, 16.00000000000000000 ) ) ;
#1316 = EDGE_CURVE ( 'NONE', #3833, #1272, #4448, .T. ) ;
#1317 = VECTOR ( 'NONE', #1465, 1000.000000000000000 ) ;
#1318 = ORIENTED_EDGE ( 'NONE', *, *, #3137, .F. ) ;
#1319 = ORIENTED_EDGE ( 'NONE', *, *, #3225, .T. ) ;
#1320 = CARTESIAN_POINT ( 'NONE',  ( -51.16268659334792801, 153.4999999999999716, 25.66268659334790669 ) ) ;
#1321 = FILL_AREA_STYLE_COLOUR ( '', #5878 ) ;
#1322 = CIRCLE ( 'NONE', #2267, 0.4999999999999990008 ) ;
#1323 = EDGE_CURVE ( 'NONE', #3601, #3538, #565, .T. ) ;
#1324 = EDGE_CURVE ( 'NONE', #2576, #2288, #1723, .T. ) ;
#1325 = ORIENTED_EDGE ( 'NONE', *, *, #3065, .F. ) ;
#1326 = CARTESIAN_POINT ( 'NONE',  ( 19.00000000000000711, 153.6841813308492419, 17.81076501637484455 ) ) ;
#1327 = AXIS2_PLACEMENT_3D ( 'NONE', #407, #318, #2713 ) ;
#1328 = ORIENTED_EDGE ( 'NONE', *, *, #2331, .F. ) ;
#1329 = PRESENTATION_STYLE_ASSIGNMENT (( #5456 ) ) ;
#1330 = CARTESIAN_POINT ( 'NONE',  ( 89.99999999999992895, 143.0000000000000000, -37.99999999999999289 ) ) ;
#1331 = ORIENTED_EDGE ( 'NONE', *, *, #1431, .F. ) ;
#1332 = FACE_OUTER_BOUND ( 'NONE', #3010, .T. ) ;
#1333 = VECTOR ( 'NONE', #930, 1000.000000000000114 ) ;
#1334 = MECHANICAL_DESIGN_GEOMETRIC_PRESENTATION_REPRESENTATION (  '', ( #3166 ), #755 ) ;
#1335 = FACE_OUTER_BOUND ( 'NONE', #3970, .T. ) ;
#1336 = CARTESIAN_POINT ( 'NONE',  ( 40.73456301068112850, 153.5560771390313732, 35.81574298815159807 ) ) ;
#1337 = DIRECTION ( 'NONE',  ( 0.0000000000000000000, 0.0000000000000000000, 1.000000000000000000 ) ) ;
#1338 = VECTOR ( 'NONE', #3896, 1000.000000000000000 ) ;
#1339 = STYLED_ITEM ( 'NONE', ( #821 ), #488 ) ;
#1340 = CARTESIAN_POINT ( 'NONE',  ( -40.47801331038844808, 153.1164993304579696, 35.82341584734059126 ) ) ;
#1341 = ORIENTED_EDGE ( 'NONE', *, *, #990, .T. ) ;
#1342 = CIRCLE ( 'NONE', #300, 2.000000000000001776 ) ;
#1343 = FACE_OUTER_BOUND ( 'NONE', #2196, .T. ) ;
#1344 = ORIENTED_EDGE ( 'NONE', *, *, #3493, .F. ) ;
#1345 = CARTESIAN_POINT ( 'NONE',  ( 87.31685379473366027, 153.4880756386315852, 15.50000000000000355 ) ) ;
#1346 = VECTOR ( 'NONE', #3507, 1000.000000000000000 ) ;
#1347 = DIRECTION ( 'NONE',  ( 0.0000000000000000000, 0.0000000000000000000, -1.000000000000000000 ) ) ;
#1348 = EDGE_LOOP ( 'NONE', ( #1629, #1538, #505, #2354 ) ) ;
#1349 = LINE ( 'NONE', #4028, #5689 ) ;
#1350 = ORIENTED_EDGE ( 'NONE', *, *, #1031, .F. ) ;
#1351 = CIRCLE ( 'NONE', #3846, 4.000000000000007105 ) ;
#1352 = DIRECTION ( 'NONE',  ( -1.000000000000000000, -4.336148172972734633E-17, 7.568774789761131783E-19 ) ) ;
#1353 =( NAMED_UNIT ( * ) PLANE_ANGLE_UNIT ( ) SI_UNIT ( $, .RADIAN. ) );
#1354 = ORIENTED_EDGE ( 'NONE', *, *, #5514, .F. ) ;
#1355 = CARTESIAN_POINT ( 'NONE',  ( -90.00000000000001421, 2.000000000000001776, -37.99999999999999289 ) ) ;
#1356 = CARTESIAN_POINT ( 'NONE',  ( 89.49999999999998579, 143.0000000000000000, -37.32287565553228603 ) ) ;
#1357 = EDGE_CURVE ( 'NONE', #2801, #4109, #4470, .T. ) ;
#1358 = VERTEX_POINT ( 'NONE', #5370 ) ;
#1359 = CARTESIAN_POINT ( 'NONE',  ( 65.16268659334791380, 153.5999999999999659, 33.16268659334794222 ) ) ;
#1360 = CARTESIAN_POINT ( 'NONE',  ( 39.99999999999997868, 166.4999999999999716, 35.08972981016493264 ) ) ;
#1361 = CARTESIAN_POINT ( 'NONE',  ( -80.99999999999997158, 163.4999999999999716, 19.91264851713702555 ) ) ;
#1362 = EDGE_CURVE ( 'NONE', #88, #249, #2684, .T. ) ;
#1363 = CYLINDRICAL_SURFACE ( 'NONE', #2745, 0.5000000000000004441 ) ;
#1364 = CARTESIAN_POINT ( 'NONE',  ( 1.500000000000002665, 142.6858566841288791, 18.00274148718497003 ) ) ;
#1365 = CARTESIAN_POINT ( 'NONE',  ( 88.22962089189250889, 142.6148097581068441, -37.99999999999999289 ) ) ;
#1366 = EDGE_LOOP ( 'NONE', ( #4482, #1416, #2328, #5192 ) ) ;
#1367 = DIRECTION ( 'NONE',  ( -1.204881709592844011E-32, 0.01745240643728337981, 0.9998476951563912696 ) ) ;
#1368 = ORIENTED_EDGE ( 'NONE', *, *, #1688, .F. ) ;
#1369 = CARTESIAN_POINT ( 'NONE',  ( 40.49999999999997868, 153.0087262032186288, 35.82529703427406531 ) ) ;
#1370 = SURFACE_SIDE_STYLE ('',( #1127 ) ) ;
#1371 = EDGE_LOOP ( 'NONE', ( #2240, #4238, #5486, #4835, #3034, #5511, #4023, #2390 ) ) ;
#1372 = EDGE_CURVE ( 'NONE', #423, #867, #377, .T. ) ;
#1373 = CARTESIAN_POINT ( 'NONE',  ( -18.50000000000003553, 152.6930598389115232, 18.32814127039032215 ) ) ;
#1374 = VERTEX_POINT ( 'NONE', #5429 ) ;
#1375 = DIRECTION ( 'NONE',  ( 1.432983589573836455E-34, -0.01745240643728355676, -0.9998476951563912696 ) ) ;
#1376 = EDGE_LOOP ( 'NONE', ( #4719, #1240, #5074 ) ) ;
#1377 =( GEOMETRIC_REPRESENTATION_CONTEXT ( 3 ) GLOBAL_UNCERTAINTY_ASSIGNED_CONTEXT ( ( #5531 ) ) GLOBAL_UNIT_ASSIGNED_CONTEXT ( ( #5224, #5916, #5886 ) ) REPRESENTATION_CONTEXT ( 'NONE', 'WORKASPACE' ) );
#1378 = LINE ( 'NONE', #2868, #1540 ) ;
#1379 = CARTESIAN_POINT ( 'NONE',  ( 37.99999999999999289, 143.4912737967813428, 35.99142478397965306 ) ) ;
#1380 = VERTEX_POINT ( 'NONE', #3586 ) ;
#1381 = AXIS2_PLACEMENT_3D ( 'NONE', #65, #5045, #3278 ) ;
#1382 = AXIS2_PLACEMENT_3D ( 'NONE', #5812, #1681, #4920 ) ;
#1383 = EDGE_CURVE ( 'NONE', #1964, #5444, #3527, .T. ) ;
#1384 = VERTEX_POINT ( 'NONE', #1356 ) ;
#1385 = DIRECTION ( 'NONE',  ( 1.135633145907808066E-16, -0.9998476951563911586, 0.01745240643728354635 ) ) ;
#1386 = CARTESIAN_POINT ( 'NONE',  ( 19.00000000000000355, 153.2889719218947562, 23.81857739053184275 ) ) ;
#1387 = FILL_AREA_STYLE ('',( #3172 ) ) ;
#1388 =( GEOMETRIC_REPRESENTATION_CONTEXT ( 3 ) GLOBAL_UNCERTAINTY_ASSIGNED_CONTEXT ( ( #1005 ) ) GLOBAL_UNIT_ASSIGNED_CONTEXT ( ( #4644, #1859, #495 ) ) REPRESENTATION_CONTEXT ( 'NONE', 'WORKASPACE' ) );
#1389 = EDGE_CURVE ( 'NONE', #1198, #4200, #1773, .T. ) ;
#1390 = FACE_OUTER_BOUND ( 'NONE', #1162, .T. ) ;
#1391 = VECTOR ( 'NONE', #739, 1000.000000000000000 ) ;
#1392 = EDGE_CURVE ( 'NONE', #5933, #1200, #2274, .T. ) ;
#1393 = FACE_OUTER_BOUND ( 'NONE', #447, .T. ) ;
#1394 = ORIENTED_EDGE ( 'NONE', *, *, #4399, .F. ) ;
#1395 = EDGE_LOOP ( 'NONE', ( #208, #2342, #3342, #1354 ) ) ;
#1396 = CARTESIAN_POINT ( 'NONE',  ( 87.81695328090461317, 153.4867395136097628, 15.10777312723894461 ) ) ;
#1397 = AXIS2_PLACEMENT_3D ( 'NONE', #5501, #5032, #2747 ) ;
#1398 = EDGE_LOOP ( 'NONE', ( #2450, #2348, #417, #3712, #2939, #1625, #1988, #2612, #625, #3996, #368, #403, #4617, #614 ) ) ;
#1399 = LINE ( 'NONE', #63, #2491 ) ;
#1400 = AXIS2_PLACEMENT_3D ( 'NONE', #5288, #5700, #2418 ) ;
#1401 = ORIENTED_EDGE ( 'NONE', *, *, #5105, .F. ) ;
#1402 = CARTESIAN_POINT ( 'NONE',  ( -82.99999999999997158, 163.4999999999999716, 30.91264851713705752 ) ) ;
#1403 = EDGE_LOOP ( 'NONE', ( #1962, #5741, #335 ) ) ;
#1404 = LINE ( 'NONE', #1471, #735 ) ;
#1405 = EDGE_CURVE ( 'NONE', #5134, #1659, #4041, .T. ) ;
#1406 = AXIS2_PLACEMENT_3D ( 'NONE', #4902, #3574, #5792 ) ;
#1407 = ORIENTED_EDGE ( 'NONE', *, *, #4558, .T. ) ;
#1408 = DIRECTION ( 'NONE',  ( 1.000000000000000000, 0.0000000000000000000, 0.0000000000000000000 ) ) ;
#1409 = ORIENTED_EDGE ( 'NONE', *, *, #346, .T. ) ;
#1410 = COLOUR_RGB ( '',0.8980392156862745390, 0.8980392156862745390, 0.8980392156862745390 ) ;
#1411 = CARTESIAN_POINT ( 'NONE',  ( 37.17188176382428821, 143.0003238687636156, 36.01855442904448523 ) ) ;
#1412 = FACE_OUTER_BOUND ( 'NONE', #178, .T. ) ;
#1413 = CARTESIAN_POINT ( 'NONE',  ( -87.32537318669588444, 153.4999999999999716, 35.32537318669587734 ) ) ;
#1414 = EDGE_CURVE ( 'NONE', #4268, #2315, #2189, .T. ) ;
#1415 = CIRCLE ( 'NONE', #747, 0.5000000000000004441 ) ;
#1416 = ORIENTED_EDGE ( 'NONE', *, *, #1066, .F. ) ;
#1417 = CYLINDRICAL_SURFACE ( 'NONE', #3260, 0.9999999999999974465 ) ;
#1418 = LINE ( 'NONE', #941, #524 ) ;
#1419 = AXIS2_PLACEMENT_3D ( 'NONE', #1506, #659, #4240 ) ;
#1420 = DIRECTION ( 'NONE',  ( 0.0000000000000000000, -0.01745240643728310226, -0.9998476951563913806 ) ) ;
#1421 = LINE ( 'NONE', #5087, #4218 ) ;
#1422 = ADVANCED_FACE ( 'NONE', ( #4120 ), #2239, .T. ) ;
#1423 = CARTESIAN_POINT ( 'NONE',  ( -82.99999999999997158, 163.4999999999999716, 31.91264851713705752 ) ) ;
#1424 = CLOSED_SHELL ( 'NONE', ( #2044, #5903, #1748, #4420, #5911, #504 ) ) ;
#1425 = FACE_OUTER_BOUND ( 'NONE', #2795, .T. ) ;
#1426 = ORIENTED_EDGE ( 'NONE', *, *, #3462, .T. ) ;
#1427 = UNCERTAINTY_MEASURE_WITH_UNIT (LENGTH_MEASURE( 1.000000000000000082E-05 ), #169, 'distance_accuracy_value', 'NONE');
#1428 = FACE_OUTER_BOUND ( 'NONE', #1945, .T. ) ;
#1429 = ORIENTED_EDGE ( 'NONE', *, *, #4336, .F. ) ;
#1430 = AXIS2_PLACEMENT_3D ( 'NONE', #4289, #4321, #5283 ) ;
#1431 = EDGE_CURVE ( 'NONE', #3538, #1101, #2622, .T. ) ;
#1432 = CARTESIAN_POINT ( 'NONE',  ( 87.82529703427289292, 153.0087262032841977, 15.73746530869816596 ) ) ;
#1433 = EDGE_CURVE ( 'NONE', #5519, #3074, #3558, .T. ) ;
#1434 = CIRCLE ( 'NONE', #298, 4.000000000000007105 ) ;
#1435 = ORIENTED_EDGE ( 'NONE', *, *, #3842, .F. ) ;
#1436 = DIRECTION ( 'NONE',  ( -6.607320121645428388E-16, 0.9998476951563911586, -0.01745240643728373023 ) ) ;
#1437 = VECTOR ( 'NONE', #4467, 1000.000000000000000 ) ;
#1438 = ORIENTED_EDGE ( 'NONE', *, *, #347, .T. ) ;
#1439 = CARTESIAN_POINT ( 'NONE',  ( -88.49134863155785524, 143.0000000000000000, -35.99999999999999289 ) ) ;
#1440 = VERTEX_POINT ( 'NONE', #2208 ) ;
#1441 = EDGE_CURVE ( 'NONE', #1110, #5125, #2689, .T. ) ;
#1442 = CARTESIAN_POINT ( 'NONE',  ( -85.16268659334794222, 153.5999999999999659, 18.16268659334786761 ) ) ;
#1443 = VECTOR ( 'NONE', #2065, 1000.000000000000000 ) ;
#1444 = AXIS2_PLACEMENT_3D ( 'NONE', #2730, #398, #4991 ) ;
#1445 = ORIENTED_EDGE ( 'NONE', *, *, #3408, .F. ) ;
#1446 = CARTESIAN_POINT ( 'NONE',  ( -19.00000000000003908, 153.1929836864896970, 18.31941506717167911 ) ) ;
#1447 = ORIENTED_EDGE ( 'NONE', *, *, #1458, .F. ) ;
#1448 = AXIS2_PLACEMENT_3D ( 'NONE', #5706, #5297, #2454 ) ;
#1449 = CARTESIAN_POINT ( 'NONE',  ( -89.50000000000000000, 135.4999999999999716, -37.49999999999999289 ) ) ;
#1450 = CARTESIAN_POINT ( 'NONE',  ( 89.49999999999998579, 143.0000000000000000, -37.32287565553228603 ) ) ;
#1451 = CARTESIAN_POINT ( 'NONE',  ( 89.99999999999998579, 143.0000000000000000, 38.00000000000000711 ) ) ;
#1452 = ORIENTED_EDGE ( 'NONE', *, *, #1362, .F. ) ;
#1453 = ADVANCED_FACE ( 'NONE', ( #5457 ), #5020, .T. ) ;
#1454 = DIRECTION ( 'NONE',  ( 0.0000000000000000000, 0.0000000000000000000, 1.000000000000000000 ) ) ;
#1455 = CARTESIAN_POINT ( 'NONE',  ( 87.81806690964869233, 153.4229397655917069, 15.00000000000000533 ) ) ;
#1456 = DIRECTION ( 'NONE',  ( 1.000000000000000000, 0.0000000000000000000, 0.0000000000000000000 ) ) ;
#1457 = DIRECTION ( 'NONE',  ( 1.000000000000000000, 0.0000000000000000000, 0.0000000000000000000 ) ) ;
#1458 = EDGE_CURVE ( 'NONE', #5216, #5794, #3125, .T. ) ;
#1459 = DIRECTION ( 'NONE',  ( 0.0000000000000000000, -0.01745240643730164992, -0.9998476951563909365 ) ) ;
#1460 = EDGE_LOOP ( 'NONE', ( #3003, #3217, #4776 ) ) ;
#1461 = DIRECTION ( 'NONE',  ( 0.0000000000000000000, 0.0000000000000000000, 1.000000000000000000 ) ) ;
#1462 = CARTESIAN_POINT ( 'NONE',  ( -80.99999999999997158, 158.9999999999999716, 23.41264851713703976 ) ) ;
#1463 = ORIENTED_EDGE ( 'NONE', *, *, #450, .T. ) ;
#1464 = AXIS2_PLACEMENT_3D ( 'NONE', #5847, #271, #241 ) ;
#1465 = DIRECTION ( 'NONE',  ( 1.000000000000000000, 0.0000000000000000000, 0.0000000000000000000 ) ) ;
#1466 = EDGE_LOOP ( 'NONE', ( #2019, #3108, #149, #4704 ) ) ;
#1467 = ADVANCED_FACE ( 'NONE', ( #2748 ), #2185, .T. ) ;
#1468 = VERTEX_POINT ( 'NONE', #1950 ) ;
#1469 = FACE_OUTER_BOUND ( 'NONE', #681, .T. ) ;
#1470 = EDGE_LOOP ( 'NONE', ( #3389, #1952, #710, #5013 ) ) ;
#1471 = CARTESIAN_POINT ( 'NONE',  ( -40.49999999999998579, 153.4999999999999716, 15.99999999999997691 ) ) ;
#1472 = PRODUCT ( '54F46B23-0FA2-4B98-851C-797676BF8B2A', '54F46B23-0FA2-4B98-851C-797676BF8B2A', '', ( #4538 ) ) ;
#1473 = ORIENTED_EDGE ( 'NONE', *, *, #2245, .F. ) ;
#1474 = CARTESIAN_POINT ( 'NONE',  ( 1.500000000000000222, 163.6863135986597229, 17.63617714821959126 ) ) ;
#1475 = EDGE_CURVE ( 'NONE', #4601, #1964, #192, .T. ) ;
#1476 = AXIS2_PLACEMENT_3D ( 'NONE', #4741, #1572, #2451 ) ;
#1477 = ORIENTED_EDGE ( 'NONE', *, *, #1274, .F. ) ;
#1478 = LINE ( 'NONE', #2487, #3403 ) ;
#1479 = CARTESIAN_POINT ( 'NONE',  ( -88.00000000000001421, 136.9999999999999716, -35.99999999999999289 ) ) ;
#1480 = DIRECTION ( 'NONE',  ( -0.0000000000000000000, -6.938893903907221278E-15, -1.000000000000000000 ) ) ;
#1481 = AXIS2_PLACEMENT_3D ( 'NONE', #2631, #4974, #5900 ) ;
#1482 = ORIENTED_EDGE ( 'NONE', *, *, #1510, .F. ) ;
#1483 = FACE_OUTER_BOUND ( 'NONE', #3312, .T. ) ;
#1484 = AXIS2_PLACEMENT_3D ( 'NONE', #1485, #4157, #2397 ) ;
#1485 = CARTESIAN_POINT ( 'NONE',  ( -80.99999999999997158, 153.4999999999999716, 31.91264851713704331 ) ) ;
#1486 = CARTESIAN_POINT ( 'NONE',  ( 19.00000000000000711, 152.6930598389114948, 18.32814127039032570 ) ) ;
#1487 = CARTESIAN_POINT ( 'NONE',  ( 87.99999999999998579, 2.000000000000001776, -37.99999999999999289 ) ) ;
#1488 = CARTESIAN_POINT ( 'NONE',  ( 37.63784952711625920, 143.0000000000000000, 36.49134863155784103 ) ) ;
#1489 = ORIENTED_EDGE ( 'NONE', *, *, #1670, .T. ) ;
#1490 = UNCERTAINTY_MEASURE_WITH_UNIT (LENGTH_MEASURE( 1.000000000000000082E-05 ), #728, 'distance_accuracy_value', 'NONE');
#1491 = SURFACE_STYLE_USAGE ( .BOTH. , #980 ) ;
#1492 = VERTEX_POINT ( 'NONE', #3289 ) ;
#1493 = FACE_OUTER_BOUND ( 'NONE', #1268, .T. ) ;
#1494 = CARTESIAN_POINT ( 'NONE',  ( -88.00000000000001421, 2.000000000000001776, 36.00000000000000711 ) ) ;
#1495 = ADVANCED_FACE ( 'NONE', ( #1919 ), #4248, .T. ) ;
#1496 = ORIENTED_EDGE ( 'NONE', *, *, #901, .F. ) ;
#1497 = LINE ( 'NONE', #2817, #5270 ) ;
#1498 = ORIENTED_EDGE ( 'NONE', *, *, #5796, .T. ) ;
#1499 = AXIS2_PLACEMENT_3D ( 'NONE', #3566, #3124, #5581 ) ;
#1500 = CARTESIAN_POINT ( 'NONE',  ( -1.292893218813470524, 164.2075321523514617, 35.62982114931345023 ) ) ;
#1501 = VERTEX_POINT ( 'NONE', #606 ) ;
#1502 = CARTESIAN_POINT ( 'NONE',  ( 37.47492007572237327, 143.0000000000000000, 36.38220512170921950 ) ) ;
#1503 = EDGE_CURVE ( 'NONE', #4080, #1505, #5484, .T. ) ;
#1504 = ORIENTED_EDGE ( 'NONE', *, *, #443, .T. ) ;
#1505 = VERTEX_POINT ( 'NONE', #5114 ) ;
#1506 = CARTESIAN_POINT ( 'NONE',  ( 51.16268659334791380, 153.2999999999999545, 25.66268659334794222 ) ) ;
#1507 = VECTOR ( 'NONE', #2609, 1000.000000000000000 ) ;
#1508 = PLANE ( 'NONE',  #768 ) ;
#1509 = EDGE_CURVE ( 'NONE', #1874, #5857, #5640, .T. ) ;
#1510 = EDGE_CURVE ( 'NONE', #5052, #4324, #1002, .T. ) ;
#1511 = ORIENTED_EDGE ( 'NONE', *, *, #4037, .F. ) ;
#1512 = LINE ( 'NONE', #4712, #4499 ) ;
#1513 = CARTESIAN_POINT ( 'NONE',  ( 89.32287565553221498, 136.9999999999999716, 37.50000000000000711 ) ) ;
#1514 = CARTESIAN_POINT ( 'NONE',  ( 37.49999999999997868, 153.3913327210916862, 17.81587670787229882 ) ) ;
#1515 = CARTESIAN_POINT ( 'NONE',  ( -95.90448750123042032, 153.2999999999999545, 26.16268659334844671 ) ) ;
#1516 = CARTESIAN_POINT ( 'NONE',  ( 80.99999999999997158, 164.4999999999999716, 30.91264851713705752 ) ) ;
#1517 = VECTOR ( 'NONE', #4682, 1000.000000000000000 ) ;
#1518 = PLANE ( 'NONE',  #4209 ) ;
#1519 = ORIENTED_EDGE ( 'NONE', *, *, #4715, .T. ) ;
#1520 = CIRCLE ( 'NONE', #3159, 0.5000000000000004441 ) ;
#1521 =( NAMED_UNIT ( * ) SI_UNIT ( $, .STERADIAN. ) SOLID_ANGLE_UNIT ( ) );
#1522 = EDGE_LOOP ( 'NONE', ( #5622, #4579 ) ) ;
#1523 = CYLINDRICAL_SURFACE ( 'NONE', #5724, 0.5000000000000004441 ) ;
#1524 = DIRECTION ( 'NONE',  ( -1.000000000000000000, 3.303156897393814572E-15, -5.765681811209889739E-17 ) ) ;
#1525 = ORIENTED_EDGE ( 'NONE', *, *, #4684, .F. ) ;
#1526 = DIRECTION ( 'NONE',  ( -0.0000000000000000000, -0.0000000000000000000, 1.000000000000000000 ) ) ;
#1527 = CARTESIAN_POINT ( 'NONE',  ( -95.90448750123042032, 153.2999999999999545, 25.16268659334616942 ) ) ;
#1528 = AXIS2_PLACEMENT_3D ( 'NONE', #5185, #2408, #2437 ) ;
#1529 = EDGE_LOOP ( 'NONE', ( #2039, #3756, #539 ) ) ;
#1530 = CARTESIAN_POINT ( 'NONE',  ( -65.16268659334794222, 153.4999999999999716, 33.16268659334788538 ) ) ;
#1531 = ORIENTED_EDGE ( 'NONE', *, *, #1323, .F. ) ;
#1532 = EDGE_CURVE ( 'NONE', #5155, #457, #79, .T. ) ;
#1533 = CARTESIAN_POINT ( 'NONE',  ( 51.66268659334789959, 153.4999999999999716, 26.16268659334794577 ) ) ;
#1534 = ORIENTED_EDGE ( 'NONE', *, *, #646, .T. ) ;
#1535 = DIRECTION ( 'NONE',  ( 0.0000000000000000000, -1.000000000000000000, 0.0000000000000000000 ) ) ;
#1536 = CARTESIAN_POINT ( 'NONE',  ( 89.58605088186158127, 142.9999999999999716, -37.22530312688786580 ) ) ;
#1537 = FACE_OUTER_BOUND ( 'NONE', #2157, .T. ) ;
#1538 = ORIENTED_EDGE ( 'NONE', *, *, #801, .F. ) ;
#1539 = PLANE ( 'NONE',  #3872 ) ;
#1540 = VECTOR ( 'NONE', #4285, 1000.000000000000227 ) ;
#1541 = CIRCLE ( 'NONE', #17, 0.5000000000000004441 ) ;
#1542 = DIRECTION ( 'NONE',  ( 1.734459269189093508E-15, 0.0000000000000000000, -1.000000000000000000 ) ) ;
#1543 = VECTOR ( 'NONE', #5452, 1000.000000000000000 ) ;
#1544 = CARTESIAN_POINT ( 'NONE',  ( 37.49999999999997868, 163.9968424028096763, 35.42636042321400680 ) ) ;
#1545 = ORIENTED_EDGE ( 'NONE', *, *, #5514, .T. ) ;
#1546 =( GEOMETRIC_REPRESENTATION_CONTEXT ( 3 ) GLOBAL_UNCERTAINTY_ASSIGNED_CONTEXT ( ( #4481 ) ) GLOBAL_UNIT_ASSIGNED_CONTEXT ( ( #2471, #4050, #885 ) ) REPRESENTATION_CONTEXT ( 'NONE', 'WORKASPACE' ) );
#1547 = CIRCLE ( 'NONE', #3941, 0.5000000000000004441 ) ;
#1548 = EDGE_CURVE ( 'NONE', #5616, #2414, #3736, .T. ) ;
#1549 = CARTESIAN_POINT ( 'NONE',  ( 1.500000000000000222, 163.9917307113122149, 35.13351181345643681 ) ) ;
#1550 = DIRECTION ( 'NONE',  ( 0.0000000000000000000, 0.0000000000000000000, 1.000000000000000000 ) ) ;
#1551 = CARTESIAN_POINT ( 'NONE',  ( 39.99999999999999289, 154.0087262032186288, 35.80784196934585140 ) ) ;
#1552 = CARTESIAN_POINT ( 'NONE',  ( -37.00000000000003553, 153.3849601572997869, 29.31773971389191402 ) ) ;
#1553 = CARTESIAN_POINT ( 'NONE',  ( -88.00000000000001421, 166.9999999999999716, -35.99999999999999289 ) ) ;
#1554 = ORIENTED_EDGE ( 'NONE', *, *, #3734, .F. ) ;
#1555 = EDGE_CURVE ( 'NONE', #5329, #2816, #4118, .T. ) ;
#1556 = DIRECTION ( 'NONE',  ( 0.0000000000000000000, 0.9998476951563912696, -0.01745240643728108304 ) ) ;
#1557 = ORIENTED_EDGE ( 'NONE', *, *, #3089, .T. ) ;
#1558 = DIRECTION ( 'NONE',  ( 1.000000000000000000, -0.0000000000000000000, -0.0000000000000000000 ) ) ;
#1559 = CARTESIAN_POINT ( 'NONE',  ( -40.99999999999999289, 153.9999999999999716, 15.49999999999997691 ) ) ;
#1560 = EDGE_LOOP ( 'NONE', ( #837, #2441, #4148, #3138 ) ) ;
#1561 = CYLINDRICAL_SURFACE ( 'NONE', #22, 2.000000000000001776 ) ;
#1562 = DIRECTION ( 'NONE',  ( -1.124743087522145519E-31, -0.01745240643728337634, -0.9998476951563911586 ) ) ;
#1563 = VERTEX_POINT ( 'NONE', #4186 ) ;
#1564 = FACE_OUTER_BOUND ( 'NONE', #4181, .T. ) ;
#1565 = EDGE_LOOP ( 'NONE', ( #782, #502, #2175, #43 ) ) ;
#1566 = EDGE_LOOP ( 'NONE', ( #3251, #5791, #3275, #1435 ) ) ;
#1567 = DIRECTION ( 'NONE',  ( -0.01744974916068272111, -0.9996954598818874604, 0.01744974916068272111 ) ) ;
#1568 = ADVANCED_FACE ( 'NONE', ( #5582 ), #2924, .F. ) ;
#1569 = FACE_OUTER_BOUND ( 'NONE', #2851, .T. ) ;
#1570 = CARTESIAN_POINT ( 'NONE',  ( -87.82529703427408663, 153.0087262032186288, 15.99999999999987921 ) ) ;
#1571 = ORIENTED_EDGE ( 'NONE', *, *, #1781, .T. ) ;
#1572 = DIRECTION ( 'NONE',  ( 1.000000000000000000, 0.0000000000000000000, -0.0000000000000000000 ) ) ;
#1573 = COLOUR_RGB ( '',0.8980392156862745390, 0.8980392156862745390, 0.8980392156862745390 ) ;
#1574 =( NAMED_UNIT ( * ) SI_UNIT ( $, .STERADIAN. ) SOLID_ANGLE_UNIT ( ) );
#1575 = EDGE_CURVE ( 'NONE', #2576, #2320, #5555, .T. ) ;
#1576 = COLOUR_RGB ( '',0.8980392156862745390, 0.8980392156862745390, 0.8980392156862745390 ) ;
#1577 = DIRECTION ( 'NONE',  ( 1.000000000000000000, 0.0000000000000000000, 0.0000000000000000000 ) ) ;
#1578 = FILL_AREA_STYLE_COLOUR ( '', #2857 ) ;
#1579 = PLANE ( 'NONE',  #1092 ) ;
#1580 = CARTESIAN_POINT ( 'NONE',  ( -37.50000000000000711, 163.9917307113123286, 35.13351181345643681 ) ) ;
#1581 = EDGE_CURVE ( 'NONE', #4415, #4706, #1421, .T. ) ;
#1582 = CARTESIAN_POINT ( 'NONE',  ( 39.99999999999999289, 154.0087262032186288, 35.80784196934585140 ) ) ;
#1583 = ORIENTED_EDGE ( 'NONE', *, *, #4061, .T. ) ;
#1584 = CARTESIAN_POINT ( 'NONE',  ( 36.99999999999997868, 153.8411730616323041, 26.80481524928365289 ) ) ;
#1585 = ORIENTED_EDGE ( 'NONE', *, *, #541, .F. ) ;
#1586 = DIRECTION ( 'NONE',  ( -0.0000000000000000000, 0.0000000000000000000, 1.000000000000000000 ) ) ;
#1587 = PLANE ( 'NONE',  #1780 ) ;
#1588 = FILL_AREA_STYLE_COLOUR ( '', #4800 ) ;
#1589 = PLANE ( 'NONE',  #3525 ) ;
#1590 = AXIS2_PLACEMENT_3D ( 'NONE', #3287, #5679, #1550 ) ;
#1591 = EDGE_CURVE ( 'NONE', #1198, #4344, #1434, .T. ) ;
#1592 = FILL_AREA_STYLE_COLOUR ( '', #4508 ) ;
#1593 = ORIENTED_EDGE ( 'NONE', *, *, #916, .T. ) ;
#1594 = DIRECTION ( 'NONE',  ( 1.000000000000000000, 0.0000000000000000000, 0.0000000000000000000 ) ) ;
#1595 = EDGE_LOOP ( 'NONE', ( #1786, #1426, #5152, #1128, #5906, #563, #5536, #1525, #2407, #3844, #5190 ) ) ;
#1596 = CARTESIAN_POINT ( 'NONE',  ( -88.00000000000001421, 143.0000000000000000, 36.00000000000000711 ) ) ;
#1597 = CARTESIAN_POINT ( 'NONE',  ( 89.99999999999998579, 142.5000000000000000, -35.99999999999999289 ) ) ;
#1598 = CARTESIAN_POINT ( 'NONE',  ( -85.16268659334794222, 153.5999999999999659, 33.16268659334786406 ) ) ;
#1599 = B_SPLINE_CURVE_WITH_KNOTS ( 'NONE', 3,
 ( #4639, #3696, #5545, #1411, #3252, #5950, #542, #2712, #2739, #5079, #966, #2798 ),
 .UNSPECIFIED., .F., .F.,
 ( 4, 2, 2, 2, 2, 4 ),
 ( 0.0000000000000000000, 2.870900106415500571E-05, 5.741800212831001143E-05, 0.0001148360042566200229, 0.0002296720085132400457, 0.0004593440170264810130 ),
 .UNSPECIFIED. ) ;
#1600 = CIRCLE ( 'NONE', #2547, 2.000000000000001776 ) ;
#1601 = ORIENTED_EDGE ( 'NONE', *, *, #552, .T. ) ;
#1602 = PLANE ( 'NONE',  #336 ) ;
#1603 = EDGE_CURVE ( 'NONE', #3367, #5519, #3501, .T. ) ;
#1604 = FACE_BOUND ( 'NONE', #3647, .T. ) ;
#1605 = AXIS2_PLACEMENT_3D ( 'NONE', #3316, #4247, #5143 ) ;
#1606 = ORIENTED_EDGE ( 'NONE', *, *, #4846, .F. ) ;
#1607 = CARTESIAN_POINT ( 'NONE',  ( -87.08972981016493975, 166.9999999999999716, 14.99999999999993427 ) ) ;
#1608 = COLOUR_RGB ( '',0.8980392156862745390, 0.8980392156862745390, 0.8980392156862745390 ) ;
#1609 = CYLINDRICAL_SURFACE ( 'NONE', #1226, 5.999999999999999112 ) ;
#1610 = EDGE_CURVE ( 'NONE', #3324, #3769, #2178, .T. ) ;
#1611 = CARTESIAN_POINT ( 'NONE',  ( -18.00000000000003553, 163.6950398018784938, 18.13610099579778634 ) ) ;
#1612 = CARTESIAN_POINT ( 'NONE',  ( 88.46147404279064119, 142.7313552011698903, 37.96049171198669114 ) ) ;
#1613 = LINE ( 'NONE', #2532, #1443 ) ;
#1614 =( NAMED_UNIT ( * ) SI_UNIT ( $, .STERADIAN. ) SOLID_ANGLE_UNIT ( ) );
#1615 = CARTESIAN_POINT ( 'NONE',  ( 24.49999999999999289, 152.7890480743165540, 23.82730359375048224 ) ) ;
#1616 = ORIENTED_EDGE ( 'NONE', *, *, #5158, .F. ) ;
#1617 = ADVANCED_FACE ( 'NONE', ( #3442 ), #2034, .T. ) ;
#1618 = CARTESIAN_POINT ( 'NONE',  ( -80.99999999999997158, 164.4999999999999716, 20.91264851713701844 ) ) ;
#1619 =( GEOMETRIC_REPRESENTATION_CONTEXT ( 3 ) GLOBAL_UNCERTAINTY_ASSIGNED_CONTEXT ( ( #471 ) ) GLOBAL_UNIT_ASSIGNED_CONTEXT ( ( #4342, #1705, #670 ) ) REPRESENTATION_CONTEXT ( 'NONE', 'WORKASPACE' ) );
#1620 = CARTESIAN_POINT ( 'NONE',  ( -80.99999999999997158, 158.9999999999999716, 25.91264851713703621 ) ) ;
#1621 = PRESENTATION_STYLE_ASSIGNMENT (( #2012 ) ) ;
#1622 = CARTESIAN_POINT ( 'NONE',  ( 87.99999999999998579, 2.000000000000000888, 36.00000000000000711 ) ) ;
#1623 = CARTESIAN_POINT ( 'NONE',  ( -37.50000000000000711, 163.9917307113123286, 35.13351181345643681 ) ) ;
#1624 = FACE_OUTER_BOUND ( 'NONE', #4971, .T. ) ;
#1625 = ORIENTED_EDGE ( 'NONE', *, *, #1555, .F. ) ;
#1626 = EDGE_CURVE ( 'NONE', #3239, #2846, #5268, .T. ) ;
#1627 = EDGE_CURVE ( 'NONE', #1468, #2638, #3458, .T. ) ;
#1628 = LINE ( 'NONE', #776, #3315 ) ;
#1629 = ORIENTED_EDGE ( 'NONE', *, *, #1302, .F. ) ;
#1630 = LINE ( 'NONE', #1596, #830 ) ;
#1631 = VECTOR ( 'NONE', #1718, 1000.000000000000000 ) ;
#1632 = DIRECTION ( 'NONE',  ( 0.01744974916068272111, -0.9996954598818874604, 0.01744974916068272111 ) ) ;
#1633 = ORIENTED_EDGE ( 'NONE', *, *, #5056, .F. ) ;
#1634 = CARTESIAN_POINT ( 'NONE',  ( 18.00000000000000711, 152.6843336356928660, 17.82821742281213062 ) ) ;
#1635 = VERTEX_POINT ( 'NONE', #4341 ) ;
#1636 = EDGE_CURVE ( 'NONE', #489, #1143, #3054, .T. ) ;
#1637 = SURFACE_STYLE_USAGE ( .BOTH. , #3910 ) ;
#1638 = AXIS2_PLACEMENT_3D ( 'NONE', #736, #5189, #1254 ) ;
#1639 =( GEOMETRIC_REPRESENTATION_CONTEXT ( 3 ) GLOBAL_UNCERTAINTY_ASSIGNED_CONTEXT ( ( #1490 ) ) GLOBAL_UNIT_ASSIGNED_CONTEXT ( ( #728, #3916, #1614 ) ) REPRESENTATION_CONTEXT ( 'NONE', 'WORKASPACE' ) );
#1640 = VERTEX_POINT ( 'NONE', #4820 ) ;
#1641 = DIRECTION ( 'NONE',  ( 1.000000000000000000, 0.0000000000000000000, 0.0000000000000000000 ) ) ;
#1642 = AXIS2_PLACEMENT_3D ( 'NONE', #4424, #5778, #4398 ) ;
#1643 = AXIS2_PLACEMENT_3D ( 'NONE', #1207, #3048, #753 ) ;
#1644 = DIRECTION ( 'NONE',  ( 1.000000000000000000, 0.0000000000000000000, 0.0000000000000000000 ) ) ;
#1645 = CARTESIAN_POINT ( 'NONE',  ( 51.66268659334789959, 153.2999999999999545, 25.66268659334794933 ) ) ;
#1646 = AXIS2_PLACEMENT_3D ( 'NONE', #3096, #855, #5009 ) ;
#1647 = VECTOR ( 'NONE', #5082, 1000.000000000000114 ) ;
#1648 = VECTOR ( 'NONE', #14, 1000.000000000000000 ) ;
#1649 = EDGE_CURVE ( 'NONE', #895, #3748, #304, .T. ) ;
#1650 = CYLINDRICAL_SURFACE ( 'NONE', #2685, 0.5000000000000004441 ) ;
#1651 = FACE_OUTER_BOUND ( 'NONE', #1665, .T. ) ;
#1652 = FACE_OUTER_BOUND ( 'NONE', #1460, .T. ) ;
#1653 = DIRECTION ( 'NONE',  ( -1.135633145907808312E-16, 0.9998476951563912696, -0.01745240643728354982 ) ) ;
#1654 = LINE ( 'NONE', #2997, #4222 ) ;
#1655 = EDGE_CURVE ( 'NONE', #3963, #933, #3887, .T. ) ;
#1656 = DIRECTION ( 'NONE',  ( 0.0000000000000000000, 0.0000000000000000000, 1.000000000000000000 ) ) ;
#1657 = ORIENTED_EDGE ( 'NONE', *, *, #2721, .T. ) ;
#1658 = DIRECTION ( 'NONE',  ( 1.000000000000000000, 6.606313794787629144E-16, -1.153136362241978194E-17 ) ) ;
#1659 = VERTEX_POINT ( 'NONE', #2500 ) ;
#1660 = DIRECTION ( 'NONE',  ( 1.000000000000000000, 0.0000000000000000000, 0.0000000000000000000 ) ) ;
#1661 = EDGE_CURVE ( 'NONE', #2976, #2837, #1733, .T. ) ;
#1662 = ORIENTED_EDGE ( 'NONE', *, *, #1688, .T. ) ;
#1663 = ORIENTED_EDGE ( 'NONE', *, *, #3065, .T. ) ;
#1664 = CARTESIAN_POINT ( 'NONE',  ( -87.81672181825372547, 153.4999999999999716, 15.99999999999990585 ) ) ;
#1665 = EDGE_LOOP ( 'NONE', ( #4937, #4586, #5565, #2761 ) ) ;
#1666 = FACE_OUTER_BOUND ( 'NONE', #1898, .T. ) ;
#1667 = DIRECTION ( 'NONE',  ( 0.0000000000000000000, 0.0000000000000000000, 1.000000000000000000 ) ) ;
#1668 = DIRECTION ( 'NONE',  ( -6.606313794787629144E-16, 1.000000000000000000, 7.617980657150405894E-33 ) ) ;
#1669 = ADVANCED_FACE ( 'NONE', ( #5807 ), #5337, .T. ) ;
#1670 = EDGE_CURVE ( 'NONE', #3663, #4150, #1613, .T. ) ;
#1671 = CARTESIAN_POINT ( 'NONE',  ( 1.000000000000000222, 164.5003807621090459, 35.62470945781598886 ) ) ;
#1672 = CARTESIAN_POINT ( 'NONE',  ( 87.99999999999998579, 2.000000000000001776, -35.99999999999999289 ) ) ;
#1673 = ORIENTED_EDGE ( 'NONE', *, *, #1009, .T. ) ;
#1674 = DIRECTION ( 'NONE',  ( 2.422007932726071426E-16, 0.9998476951563909365, -0.01745240643730164992 ) ) ;
#1675 = DIRECTION ( 'NONE',  ( 1.016891010636460749E-31, 0.9998476951563911586, -0.01745240643728373023 ) ) ;
#1676 = CARTESIAN_POINT ( 'NONE',  ( -1.000000000000084155, 142.9999999999997442, 36.00000000000001421 ) ) ;
#1677 = CARTESIAN_POINT ( 'NONE',  ( -90.00000000000002842, 142.6148097581068157, -36.22962089189254442 ) ) ;
#1678 = EDGE_LOOP ( 'NONE', ( #4689, #3099, #2731, #2944 ) ) ;
#1679 = DIRECTION ( 'NONE',  ( 0.0000000000000000000, -0.9998476951563912696, 0.01745240643728108304 ) ) ;
#1680 = AXIS2_PLACEMENT_3D ( 'NONE', #1611, #5302, #3385 ) ;
#1681 = DIRECTION ( 'NONE',  ( 0.0000000000000000000, 0.0000000000000000000, -1.000000000000000000 ) ) ;
#1682 = CARTESIAN_POINT ( 'NONE',  ( 37.50000000000000000, 143.2757203808535849, 35.71586461691284597 ) ) ;
#1683 = CARTESIAN_POINT ( 'NONE',  ( -40.00000000000000711, 154.0087262032186288, 35.80784196934585140 ) ) ;
#1684 = EDGE_CURVE ( 'NONE', #5359, #1640, #2489, .T. ) ;
#1685 = CYLINDRICAL_SURFACE ( 'NONE', #4696, 4.000000000000007105 ) ;
#1686 = EDGE_LOOP ( 'NONE', ( #511, #1519, #409, #5648, #2084, #2877, #1498 ) ) ;
#1687 = CARTESIAN_POINT ( 'NONE',  ( -38.00000000000016342, 143.4912737967813428, 35.99142478397965306 ) ) ;
#1688 = EDGE_CURVE ( 'NONE', #651, #5670, #3939, .T. ) ;
#1689 = DIRECTION ( 'NONE',  ( 0.0000000000000000000, 0.0000000000000000000, 1.000000000000000000 ) ) ;
#1690 = CARTESIAN_POINT ( 'NONE',  ( -90.00000000000001421, 2.000000000000001776, -35.99999999999999289 ) ) ;
#1691 = VERTEX_POINT ( 'NONE', #5304 ) ;
#1692 = CARTESIAN_POINT ( 'NONE',  ( -87.31250068184634472, 153.8687326543479514, 15.49999999999992717 ) ) ;
#1693 = ORIENTED_EDGE ( 'NONE', *, *, #730, .T. ) ;
#1694 = DIRECTION ( 'NONE',  ( -5.782411586589353694E-16, 0.01745240643728337634, 0.9998476951563911586 ) ) ;
#1695 = EDGE_CURVE ( 'NONE', #4601, #623, #3530, .T. ) ;
#1696 = CARTESIAN_POINT ( 'NONE',  ( 65.16268659334791380, 153.5999999999999659, 18.16268659334793867 ) ) ;
#1697 =( GEOMETRIC_REPRESENTATION_CONTEXT ( 3 ) GLOBAL_UNCERTAINTY_ASSIGNED_CONTEXT ( ( #3355 ) ) GLOBAL_UNIT_ASSIGNED_CONTEXT ( ( #5598, #5128, #3843 ) ) REPRESENTATION_CONTEXT ( 'NONE', 'WORKASPACE' ) );
#1698 = CARTESIAN_POINT ( 'NONE',  ( 82.99999999999997158, 163.4999999999999716, 30.91264851713705752 ) ) ;
#1699 = DIRECTION ( 'NONE',  ( 1.000000000000000000, -0.0000000000000000000, -0.0000000000000000000 ) ) ;
#1700 = ADVANCED_FACE ( 'NONE', ( #3020 ), #725, .F. ) ;
#1701 = ORIENTED_EDGE ( 'NONE', *, *, #2059, .F. ) ;
#1702 = AXIS2_PLACEMENT_3D ( 'NONE', #55, #4049, #1779 ) ;
#1703 = FACE_OUTER_BOUND ( 'NONE', #131, .T. ) ;
#1704 = DIRECTION ( 'NONE',  ( -0.0000000000000000000, -0.0000000000000000000, 1.000000000000000000 ) ) ;
#1705 =( NAMED_UNIT ( * ) PLANE_ANGLE_UNIT ( ) SI_UNIT ( $, .RADIAN. ) );
#1706 = CARTESIAN_POINT ( 'NONE',  ( -40.49999999999999289, 166.4999999999999716, 15.99999999999997691 ) ) ;
#1707 = FACE_OUTER_BOUND ( 'NONE', #5254, .T. ) ;
#1708 = VECTOR ( 'NONE', #2282, 1000.000000000000000 ) ;
#1709 = EDGE_LOOP ( 'NONE', ( #1176, #1927, #518, #3669 ) ) ;
#1710 = LINE ( 'NONE', #4381, #4458 ) ;
#1711 = ORIENTED_EDGE ( 'NONE', *, *, #1509, .F. ) ;
#1712 = SURFACE_SIDE_STYLE ('',( #4433 ) ) ;
#1713 = CARTESIAN_POINT ( 'NONE',  ( 36.99999999999999289, 142.9040117645949408, 30.50083767663986123 ) ) ;
#1714 = ORIENTED_EDGE ( 'NONE', *, *, #4437, .F. ) ;
#1715 = EDGE_CURVE ( 'NONE', #432, #4117, #4917, .T. ) ;
#1716 = CYLINDRICAL_SURFACE ( 'NONE', #394, 0.4999999999999990008 ) ;
#1717 = DIRECTION ( 'NONE',  ( 0.0000000000000000000, -0.0000000000000000000, 1.000000000000000000 ) ) ;
#1718 = DIRECTION ( 'NONE',  ( 1.000000000000000000, 0.0000000000000000000, 0.0000000000000000000 ) ) ;
#1719 = PLANE ( 'NONE',  #1253 ) ;
#1720 = CIRCLE ( 'NONE', #4987, 2.000000000000001776 ) ;
#1721 = EDGE_CURVE ( 'NONE', #1563, #2698, #3618, .T. ) ;
#1722 = CARTESIAN_POINT ( 'NONE',  ( -80.99999999999997158, 163.4999999999999716, 30.91264851713705752 ) ) ;
#1723 = LINE ( 'NONE', #4529, #2869 ) ;
#1724 = PRESENTATION_LAYER_ASSIGNMENT (  '', '', ( #3454 ) ) ;
#1725 = ORIENTED_EDGE ( 'NONE', *, *, #5596, .T. ) ;
#1726 = PLANE ( 'NONE',  #5451 ) ;
#1727 = DIRECTION ( 'NONE',  ( 1.787102317491156001E-32, -0.9998476951563912696, 0.01745240643728340410 ) ) ;
#1728 = MECHANICAL_DESIGN_GEOMETRIC_PRESENTATION_REPRESENTATION (  '', ( #3835 ), #5873 ) ;
#1729 = EDGE_CURVE ( 'NONE', #867, #5046, #2177, .T. ) ;
#1730 = CIRCLE ( 'NONE', #575, 2.000000000000001776 ) ;
#1731 = SURFACE_STYLE_USAGE ( .BOTH. , #5462 ) ;
#1732 = FACE_OUTER_BOUND ( 'NONE', #4725, .T. ) ;
#1733 = CIRCLE ( 'NONE', #3555, 0.5000000000000004441 ) ;
#1734 = VECTOR ( 'NONE', #4142, 1000.000000000000000 ) ;
#1735 = EDGE_CURVE ( 'NONE', #4601, #933, #5879, .T. ) ;
#1736 =( GEOMETRIC_REPRESENTATION_CONTEXT ( 3 ) GLOBAL_UNCERTAINTY_ASSIGNED_CONTEXT ( ( #1836 ) ) GLOBAL_UNIT_ASSIGNED_CONTEXT ( ( #2918, #5260, #693 ) ) REPRESENTATION_CONTEXT ( 'NONE', 'WORKASPACE' ) );
#1737 = CARTESIAN_POINT ( 'NONE',  ( -40.50000000000000711, 153.9999999999999432, 35.30791812176765632 ) ) ;
#1738 = EDGE_LOOP ( 'NONE', ( #5438, #5872, #4905, #5417 ) ) ;
#1739 = UNCERTAINTY_MEASURE_WITH_UNIT (LENGTH_MEASURE( 1.000000000000000082E-05 ), #3280, 'distance_accuracy_value', 'NONE');
#1740 = CARTESIAN_POINT ( 'NONE',  ( -65.16268659334794222, 153.5999999999999659, 18.16268659334788893 ) ) ;
#1741 = CARTESIAN_POINT ( 'NONE',  ( 89.78742461314413958, 142.9152856398069389, 36.90603250973696703 ) ) ;
#1742 = DIRECTION ( 'NONE',  ( 1.000000000000000000, 0.0000000000000000000, 0.0000000000000000000 ) ) ;
#1743 = ORIENTED_EDGE ( 'NONE', *, *, #5290, .T. ) ;
#1744 = LINE ( 'NONE', #2162, #4911 ) ;
#1745 = VERTEX_POINT ( 'NONE', #881 ) ;
#1746 = CARTESIAN_POINT ( 'NONE',  ( 65.16268659334791380, 153.5999999999999659, 33.16268659334794222 ) ) ;
#1747 = CYLINDRICAL_SURFACE ( 'NONE', #2495, 0.5000000000000004441 ) ;
#1748 = ADVANCED_FACE ( 'NONE', ( #1332 ), #4068, .F. ) ;
#1749 = VERTEX_POINT ( 'NONE', #2656 ) ;
#1750 = CARTESIAN_POINT ( 'NONE',  ( -88.20249266419001799, 142.9999999999999716, -36.20249266418998957 ) ) ;
#1751 = DIRECTION ( 'NONE',  ( 1.734723475976806306E-15, -0.01745240643728337634, -0.9998476951563911586 ) ) ;
#1752 = ORIENTED_EDGE ( 'NONE', *, *, #795, .F. ) ;
#1753 = CARTESIAN_POINT ( 'NONE',  ( -88.00000000000001421, 166.4999999999999716, 35.08972981016493264 ) ) ;
#1754 = CARTESIAN_POINT ( 'NONE',  ( 87.99999999999998579, 153.9999999999999716, 15.50000000000000355 ) ) ;
#1755 = CYLINDRICAL_SURFACE ( 'NONE', #1702, 0.5000000000000004441 ) ;
#1756 = SURFACE_SIDE_STYLE ('',( #5502 ) ) ;
#1757 = ADVANCED_FACE ( 'NONE', ( #1828 ), #2241, .T. ) ;
#1758 = CARTESIAN_POINT ( 'NONE',  ( -89.50000000000000000, 143.0000000000000000, -37.32287565553230024 ) ) ;
#1759 = CARTESIAN_POINT ( 'NONE',  ( -40.73456301068204510, 153.5560771390313732, 35.81574298815159807 ) ) ;
#1760 = VERTEX_POINT ( 'NONE', #4451 ) ;
#1761 = LINE ( 'NONE', #2222, #534 ) ;
#1762 = ORIENTED_EDGE ( 'NONE', *, *, #3894, .T. ) ;
#1763 = LINE ( 'NONE', #4836, #1029 ) ;
#1764 = CARTESIAN_POINT ( 'NONE',  ( -87.31814306207050436, 153.7071067811865532, 15.49999999999993427 ) ) ;
#1765 = ORIENTED_EDGE ( 'NONE', *, *, #3012, .F. ) ;
#1766 = VERTEX_POINT ( 'NONE', #1359 ) ;
#1767 = COLOUR_RGB ( '',0.8980392156862745390, 0.8980392156862745390, 0.8980392156862745390 ) ;
#1768 = DIRECTION ( 'NONE',  ( -1.000000000000000000, 0.0000000000000000000, -9.130123557772672032E-16 ) ) ;
#1769 = DIRECTION ( 'NONE',  ( 1.000000000000000000, 0.0000000000000000000, -1.095614826932720471E-16 ) ) ;
#1770 = ORIENTED_EDGE ( 'NONE', *, *, #4539, .F. ) ;
#1771 = CARTESIAN_POINT ( 'NONE',  ( 36.99999999999998579, 153.3936863605184442, 29.81766356147018726 ) ) ;
#1772 = FILL_AREA_STYLE_COLOUR ( '', #82 ) ;
#1773 = LINE ( 'NONE', #4008, #4046 ) ;
#1774 = EDGE_LOOP ( 'NONE', ( #4525, #2606, #1583, #5676 ) ) ;
#1775 = CARTESIAN_POINT ( 'NONE',  ( 50.66268659334789959, 153.2999999999999545, 29.63131355994482519 ) ) ;
#1776 = AXIS2_PLACEMENT_3D ( 'NONE', #2938, #4804, #682 ) ;
#1777 = COLOUR_RGB ( '',0.3490196078431372362, 0.0000000000000000000, 0.0000000000000000000 ) ;
#1778 = FACE_OUTER_BOUND ( 'NONE', #5419, .T. ) ;
#1779 = DIRECTION ( 'NONE',  ( -1.000000000000000000, 0.0000000000000000000, 0.0000000000000000000 ) ) ;
#1780 = AXIS2_PLACEMENT_3D ( 'NONE', #1038, #1897, #2435 ) ;
#1781 = EDGE_CURVE ( 'NONE', #2053, #3754, #4044, .T. ) ;
#1782 = CARTESIAN_POINT ( 'NONE',  ( 87.99999999999998579, 142.5000000000000000, -37.99999999999999289 ) ) ;
#1783 = VERTEX_POINT ( 'NONE', #4012 ) ;
#1784 = CIRCLE ( 'NONE', #4763, 2.499999999999998668 ) ;
#1785 = DIRECTION ( 'NONE',  ( 0.0000000000000000000, -0.0000000000000000000, 1.000000000000000000 ) ) ;
#1786 = ORIENTED_EDGE ( 'NONE', *, *, #3376, .F. ) ;
#1787 = DIRECTION ( 'NONE',  ( -0.0000000000000000000, -1.000000000000000000, 0.0000000000000000000 ) ) ;
#1788 = FACE_OUTER_BOUND ( 'NONE', #3080, .T. ) ;
#1789 = ORIENTED_EDGE ( 'NONE', *, *, #3502, .T. ) ;
#1790 = CARTESIAN_POINT ( 'NONE',  ( 80.99999999999997158, 163.4999999999999716, 30.91264851713705752 ) ) ;
#1791 = EDGE_CURVE ( 'NONE', #4521, #1440, #2716, .T. ) ;
#1792 = EDGE_LOOP ( 'NONE', ( #5083, #4951, #4654, #4173 ) ) ;
#1793 = CARTESIAN_POINT ( 'NONE',  ( 37.49999999999997868, 163.6863135986597229, 17.63617714821959126 ) ) ;
#1794 = SURFACE_STYLE_FILL_AREA ( #483 ) ;
#1795 = CIRCLE ( 'NONE', #5362, 0.4999999999999918954 ) ;
#1796 = VERTEX_POINT ( 'NONE', #5494 ) ;
#1797 =( LENGTH_UNIT ( ) NAMED_UNIT ( * ) SI_UNIT ( .MILLI., .METRE. ) );
#1798 = ADVANCED_FACE ( 'NONE', ( #3204 ), #3739, .F. ) ;
#1799 = ORIENTED_EDGE ( 'NONE', *, *, #3704, .F. ) ;
#1800 = CARTESIAN_POINT ( 'NONE',  ( 47.19405962675103439, 153.2999999999999545, 26.16268659334789604 ) ) ;
#1801 = DIRECTION ( 'NONE',  ( -1.000000000000000000, -6.606313794787629144E-16, 1.153136362241978194E-17 ) ) ;
#1802 = DIRECTION ( 'NONE',  ( 0.0000000000000000000, 0.0000000000000000000, -1.000000000000000000 ) ) ;
#1803 = ORIENTED_EDGE ( 'NONE', *, *, #4887, .F. ) ;
#1804 = DIRECTION ( 'NONE',  ( 1.000000000000000000, -0.0000000000000000000, 0.0000000000000000000 ) ) ;
#1805 = AXIS2_PLACEMENT_3D ( 'NONE', #1056, #5296, #4708 ) ;
#1806 = AXIS2_PLACEMENT_3D ( 'NONE', #2702, #894, #2611 ) ;
#1807 = CYLINDRICAL_SURFACE ( 'NONE', #1481, 0.5000000000000004441 ) ;
#1808 = FACE_OUTER_BOUND ( 'NONE', #5699, .T. ) ;
#1809 = EDGE_CURVE ( 'NONE', #4162, #4284, #3561, .T. ) ;
#1810 = FACE_OUTER_BOUND ( 'NONE', #2055, .T. ) ;
#1811 = ORIENTED_EDGE ( 'NONE', *, *, #4027, .T. ) ;
#1812 = STYLED_ITEM ( 'NONE', ( #2234 ), #834 ) ;
#1813 = ORIENTED_EDGE ( 'NONE', *, *, #2393, .T. ) ;
#1814 = LINE ( 'NONE', #1345, #3238 ) ;
#1815 = EDGE_CURVE ( 'NONE', #786, #2825, #5027, .T. ) ;
#1816 = EDGE_LOOP ( 'NONE', ( #8, #20, #1368, #2733 ) ) ;
#1817 = ORIENTED_EDGE ( 'NONE', *, *, #1721, .F. ) ;
#1818 = LINE ( 'NONE', #1439, #2225 ) ;
#1819 = ORIENTED_EDGE ( 'NONE', *, *, #1053, .F. ) ;
#1820 = CIRCLE ( 'NONE', #214, 2.000000000000001776 ) ;
#1821 = DIRECTION ( 'NONE',  ( -6.769652589177782893E-16, 0.0000000000000000000, 1.000000000000000000 ) ) ;
#1822 = ADVANCED_FACE ( 'NONE', ( #4507 ), #910, .T. ) ;
#1823 = CARTESIAN_POINT ( 'NONE',  ( 36.99999999999997868, 153.3849601572997869, 29.31773971389199218 ) ) ;
#1824 = ORIENTED_EDGE ( 'NONE', *, *, #5880, .T. ) ;
#1825 =( BOUNDED_CURVE ( )  B_SPLINE_CURVE ( 3, ( #3314, #5643, #108, #2831 ),
 .UNSPECIFIED., .F., .T. ) 
 B_SPLINE_CURVE_WITH_KNOTS ( ( 4, 4 ),
 ( 1.570796326794903663, 3.124139361069776744 ),
 .UNSPECIFIED. ) 
 CURVE ( )  GEOMETRIC_REPRESENTATION_ITEM ( )  RATIONAL_B_SPLINE_CURVE ( ( 1.000000000000000000, 0.8088336327694731764, 0.8088336327694731764, 1.000000000000000000 ) ) 
 REPRESENTATION_ITEM ( '' )  );
#1826 = DIRECTION ( 'NONE',  ( 0.0000000000000000000, 0.0000000000000000000, -1.000000000000000000 ) ) ;
#1827 = ORIENTED_EDGE ( 'NONE', *, *, #415, .F. ) ;
#1828 = FACE_OUTER_BOUND ( 'NONE', #3001, .T. ) ;
#1829 = CARTESIAN_POINT ( 'NONE',  ( 87.99999999999998579, 136.9999999999999716, 38.00000000000000711 ) ) ;
#1830 = DIRECTION ( 'NONE',  ( -1.000000000000000000, 0.0000000000000000000, 1.000236400559824643E-14 ) ) ;
#1831 = LINE ( 'NONE', #4514, #3912 ) ;
#1832 = CARTESIAN_POINT ( 'NONE',  ( 37.99999999999999289, 143.0000000000000000, 36.49134863155784814 ) ) ;
#1833 = ORIENTED_EDGE ( 'NONE', *, *, #970, .T. ) ;
#1834 = VECTOR ( 'NONE', #4650, 1000.000000000000000 ) ;
#1835 = EDGE_CURVE ( 'NONE', #2896, #4324, #2772, .T. ) ;
#1836 = UNCERTAINTY_MEASURE_WITH_UNIT (LENGTH_MEASURE( 1.000000000000000082E-05 ), #2918, 'distance_accuracy_value', 'NONE');
#1837 = DIRECTION ( 'NONE',  ( 0.0000000000000000000, -0.01745240643730164992, -0.9998476951563909365 ) ) ;
#1838 = ORIENTED_EDGE ( 'NONE', *, *, #1188, .T. ) ;
#1839 = CARTESIAN_POINT ( 'NONE',  ( -37.50000000000007816, 143.0048233725372029, 36.27633082758055849 ) ) ;
#1840 = AXIS2_PLACEMENT_3D ( 'NONE', #5804, #3016, #4340 ) ;
#1841 = FILL_AREA_STYLE_COLOUR ( '', #5776 ) ;
#1842 = VERTEX_POINT ( 'NONE', #515 ) ;
#1843 = ORIENTED_EDGE ( 'NONE', *, *, #2647, .F. ) ;
#1844 = EDGE_CURVE ( 'NONE', #5691, #738, #130, .T. ) ;
#1845 = CARTESIAN_POINT ( 'NONE',  ( 87.99999999999998579, 136.9999999999999716, -37.99999999999999289 ) ) ;
#1846 = ORIENTED_EDGE ( 'NONE', *, *, #3895, .T. ) ;
#1847 = STYLED_ITEM ( 'NONE', ( #1055 ), #3268 ) ;
#1848 = AXIS2_PLACEMENT_3D ( 'NONE', #4347, #1586, #2469 ) ;
#1849 = VERTEX_POINT ( 'NONE', #4591 ) ;
#1850 = AXIS2_PLACEMENT_3D ( 'NONE', #1793, #426, #4172 ) ;
#1851 = VERTEX_POINT ( 'NONE', #3819 ) ;
#1852 = EDGE_CURVE ( 'NONE', #590, #895, #3255, .T. ) ;
#1853 = DIRECTION ( 'NONE',  ( 0.0000000000000000000, 0.0000000000000000000, 1.000000000000000000 ) ) ;
#1854 = CARTESIAN_POINT ( 'NONE',  ( 40.99999999999997868, 153.9999999999999716, 16.00000000000000711 ) ) ;
#1855 = MECHANICAL_DESIGN_GEOMETRIC_PRESENTATION_REPRESENTATION (  '', ( #2231 ), #1388 ) ;
#1856 = ORIENTED_EDGE ( 'NONE', *, *, #2720, .F. ) ;
#1857 =( BOUNDED_CURVE ( )  B_SPLINE_CURVE ( 3, ( #3053, #3087, #668, #724 ),
 .UNSPECIFIED., .F., .T. ) 
 B_SPLINE_CURVE_WITH_KNOTS ( ( 4, 4 ),
 ( 4.712388980384696779, 6.265732014659569415 ),
 .UNSPECIFIED. ) 
 CURVE ( )  GEOMETRIC_REPRESENTATION_ITEM ( )  RATIONAL_B_SPLINE_CURVE ( ( 1.000000000000000000, 0.8088336327694731764, 0.8088336327694731764, 1.000000000000000000 ) ) 
 REPRESENTATION_ITEM ( '' )  );
#1858 = EDGE_CURVE ( 'NONE', #2970, #399, #599, .T. ) ;
#1859 =( NAMED_UNIT ( * ) PLANE_ANGLE_UNIT ( ) SI_UNIT ( $, .RADIAN. ) );
#1860 = DIRECTION ( 'NONE',  ( 0.0000000000000000000, 0.0000000000000000000, -1.000000000000000000 ) ) ;
#1861 = CARTESIAN_POINT ( 'NONE',  ( 80.99999999999997158, 158.9999999999999716, 25.91264851713703621 ) ) ;
#1862 = DIRECTION ( 'NONE',  ( -3.303660060822714588E-15, -0.9998476951563911586, 0.01745240643728340063 ) ) ;
#1863 = DIRECTION ( 'NONE',  ( 0.0000000000000000000, -0.9998476951563913806, 0.01745240643728354982 ) ) ;
#1864 = ORIENTED_EDGE ( 'NONE', *, *, #2217, .T. ) ;
#1865 = DIRECTION ( 'NONE',  ( 0.0000000000000000000, 1.000000000000000000, -0.0000000000000000000 ) ) ;
#1866 = DIRECTION ( 'NONE',  ( -0.0000000000000000000, -0.0000000000000000000, -1.000000000000000000 ) ) ;
#1867 = ORIENTED_EDGE ( 'NONE', *, *, #4279, .F. ) ;
#1868 = CARTESIAN_POINT ( 'NONE',  ( 87.82529703427404399, 153.0087262032186288, 15.99999999999999645 ) ) ;
#1869 = STYLED_ITEM ( 'NONE', ( #677 ), #3993 ) ;
#1870 = ORIENTED_EDGE ( 'NONE', *, *, #5049, .F. ) ;
#1871 = CARTESIAN_POINT ( 'NONE',  ( -88.00000000000001421, 2.000000000000001776, -35.99999999999999289 ) ) ;
#1872 = ORIENTED_EDGE ( 'NONE', *, *, #1252, .T. ) ;
#1873 = CARTESIAN_POINT ( 'NONE',  ( 80.99999999999997158, 163.4999999999999716, 30.91264851713705752 ) ) ;
#1874 = VERTEX_POINT ( 'NONE', #1413 ) ;
#1875 =( NAMED_UNIT ( * ) SI_UNIT ( $, .STERADIAN. ) SOLID_ANGLE_UNIT ( ) );
#1876 = AXIS2_PLACEMENT_3D ( 'NONE', #2317, #1787, #9 ) ;
#1877 = EDGE_CURVE ( 'NONE', #935, #5908, #5575, .T. ) ;
#1878 = EDGE_LOOP ( 'NONE', ( #4444, #391, #2077, #618 ) ) ;
#1879 = DIRECTION ( 'NONE',  ( -1.000000000000000000, -0.0000000000000000000, -0.0000000000000000000 ) ) ;
#1880 = ORIENTED_EDGE ( 'NONE', *, *, #268, .T. ) ;
#1881 = AXIS2_PLACEMENT_3D ( 'NONE', #2074, #299, #3029 ) ;
#1882 = DIRECTION ( 'NONE',  ( 0.0000000000000000000, 0.0000000000000000000, 1.000000000000000000 ) ) ;
#1883 = DIRECTION ( 'NONE',  ( 1.000000000000000000, -0.0000000000000000000, -0.0000000000000000000 ) ) ;
#1884 = EDGE_CURVE ( 'NONE', #396, #3769, #5198, .T. ) ;
#1885 = AXIS2_PLACEMENT_3D ( 'NONE', #5603, #2771, #5951 ) ;
#1886 = ORIENTED_EDGE ( 'NONE', *, *, #5068, .T. ) ;
#1887 = LINE ( 'NONE', #3729, #3836 ) ;
#1888 = CARTESIAN_POINT ( 'NONE',  ( 87.08972981016492554, 166.9999999999999716, -35.08972981016491843 ) ) ;
#1889 = CIRCLE ( 'NONE', #381, 2.499999999999998668 ) ;
#1890 = DIRECTION ( 'NONE',  ( 1.000000000000000000, 0.0000000000000000000, 0.0000000000000000000 ) ) ;
#1891 = DIRECTION ( 'NONE',  ( 0.0000000000000000000, -0.01745240643730164992, -0.9998476951563909365 ) ) ;
#1892 = EDGE_CURVE ( 'NONE', #590, #1930, #2597, .T. ) ;
#1893 = CIRCLE ( 'NONE', #2678, 0.5000000000000058842 ) ;
#1894 = UNCERTAINTY_MEASURE_WITH_UNIT (LENGTH_MEASURE( 1.000000000000000082E-05 ), #3169, 'distance_accuracy_value', 'NONE');
#1895 = ORIENTED_EDGE ( 'NONE', *, *, #842, .T. ) ;
#1896 = UNCERTAINTY_MEASURE_WITH_UNIT (LENGTH_MEASURE( 1.000000000000000082E-05 ), #4298, 'distance_accuracy_value', 'NONE');
#1897 = DIRECTION ( 'NONE',  ( 1.000000000000000000, 0.0000000000000000000, 6.769652589177782893E-16 ) ) ;
#1898 = EDGE_LOOP ( 'NONE', ( #1482, #3771, #1195, #3109, #2503, #4058 ) ) ;
#1899 = CARTESIAN_POINT ( 'NONE',  ( 87.99142478397962464, 143.4912737967813428, -35.99999999999999289 ) ) ;
#1900 = ORIENTED_EDGE ( 'NONE', *, *, #2955, .F. ) ;
#1901 = FACE_OUTER_BOUND ( 'NONE', #1792, .T. ) ;
#1902 = VECTOR ( 'NONE', #1154, 1000.000000000000000 ) ;
#1903 = ORIENTED_EDGE ( 'NONE', *, *, #751, .F. ) ;
#1904 = CARTESIAN_POINT ( 'NONE',  ( -88.00000000000001421, 2.000000000000000000, -35.99999999999999289 ) ) ;
#1905 = ORIENTED_EDGE ( 'NONE', *, *, #1196, .F. ) ;
#1906 = VECTOR ( 'NONE', #2006, 1000.000000000000000 ) ;
#1907 = VERTEX_POINT ( 'NONE', #492 ) ;
#1908 = ORIENTED_EDGE ( 'NONE', *, *, #3364, .F. ) ;
#1909 = STYLED_ITEM ( 'NONE', ( #251 ), #2001 ) ;
#1910 = PRESENTATION_LAYER_ASSIGNMENT (  '', '', ( #3643 ) ) ;
#1911 = DIRECTION ( 'NONE',  ( -0.0000000000000000000, 1.000000000000000000, -0.0000000000000000000 ) ) ;
#1912 = CARTESIAN_POINT ( 'NONE',  ( 50.66268659334789959, 153.2999999999999545, 21.69405962675105570 ) ) ;
#1913 = DIRECTION ( 'NONE',  ( 0.0000000000000000000, 0.0000000000000000000, 1.000000000000000000 ) ) ;
#1914 = ORIENTED_EDGE ( 'NONE', *, *, #1067, .T. ) ;
#1915 = CARTESIAN_POINT ( 'NONE',  ( -89.50000000000000000, 136.9999999999999716, -37.32287565553230024 ) ) ;
#1916 = EDGE_CURVE ( 'NONE', #1930, #5382, #1541, .T. ) ;
#1917 = LINE ( 'NONE', #5553, #815 ) ;
#1918 = CARTESIAN_POINT ( 'NONE',  ( 36.99999999999998579, 152.8937625129402704, 29.82638976468882674 ) ) ;
#1919 = FACE_OUTER_BOUND ( 'NONE', #2446, .T. ) ;
#1920 = CARTESIAN_POINT ( 'NONE',  ( 80.99999999999997158, 158.9999999999999716, 23.41264851713703976 ) ) ;
#1921 = B_SPLINE_CURVE_WITH_KNOTS ( 'NONE', 3,
 ( #4574, #5533, #4517, #3684, #862, #2701, #4166, #2289 ),
 .UNSPECIFIED., .F., .F.,
 ( 4, 2, 2, 4 ),
 ( 0.0000000000000000000, 0.0003847830515607281589, 0.0007695661031214563177, 0.001539132206242979856 ),
 .UNSPECIFIED. ) ;
#1922 = CARTESIAN_POINT ( 'NONE',  ( -88.49134863155785524, 143.0000000000000000, -36.49134863155783393 ) ) ;
#1923 = ORIENTED_EDGE ( 'NONE', *, *, #983, .T. ) ;
#1924 = ADVANCED_FACE ( 'NONE', ( #3788 ), #1508, .F. ) ;
#1925 = CARTESIAN_POINT ( 'NONE',  ( 87.32537318669582760, 153.4999999999999716, 15.70710678118655501 ) ) ;
#1926 = DIRECTION ( 'NONE',  ( 0.0000000000000000000, -0.01745240643728354635, -0.9998476951563911586 ) ) ;
#1927 = ORIENTED_EDGE ( 'NONE', *, *, #5412, .F. ) ;
#1928 = SURFACE_STYLE_USAGE ( .BOTH. , #2297 ) ;
#1929 =( BOUNDED_CURVE ( )  B_SPLINE_CURVE ( 3, ( #1582, #581, #3662, #5041 ),
 .UNSPECIFIED., .F., .F. ) 
 B_SPLINE_CURVE_WITH_KNOTS ( ( 4, 4 ),
 ( 4.712388980384689674, 6.283185307179586232 ),
 .UNSPECIFIED. ) 
 CURVE ( )  GEOMETRIC_REPRESENTATION_ITEM ( )  RATIONAL_B_SPLINE_CURVE ( ( 1.000000000000000000, 0.8047378541243649375, 0.8047378541243649375, 1.000000000000000000 ) ) 
 REPRESENTATION_ITEM ( '' )  );
#1930 = VERTEX_POINT ( 'NONE', #5168 ) ;
#1931 = PLANE ( 'NONE',  #3556 ) ;
#1932 = ORIENTED_EDGE ( 'NONE', *, *, #1414, .F. ) ;
#1933 = EDGE_CURVE ( 'NONE', #2638, #3904, #1026, .T. ) ;
#1934 = LINE ( 'NONE', #3331, #3685 ) ;
#1935 = ORIENTED_EDGE ( 'NONE', *, *, #5573, .F. ) ;
#1936 = CARTESIAN_POINT ( 'NONE',  ( 37.10421776457802423, 143.0000000000000000, 36.00793545236844295 ) ) ;
#1937 = ORIENTED_EDGE ( 'NONE', *, *, #3639, .T. ) ;
#1938 = DIRECTION ( 'NONE',  ( 0.0000000000000000000, 0.0000000000000000000, 1.000000000000000000 ) ) ;
#1939 = VECTOR ( 'NONE', #4440, 1000.000000000000000 ) ;
#1940 = ORIENTED_EDGE ( 'NONE', *, *, #4412, .F. ) ;
#1941 = AXIS2_PLACEMENT_3D ( 'NONE', #3505, #3026, #3893 ) ;
#1942 = DIRECTION ( 'NONE',  ( 1.000000000000000000, -0.0000000000000000000, 9.130123557772672032E-16 ) ) ;
#1943 = FACE_OUTER_BOUND ( 'NONE', #2198, .T. ) ;
#1944 = DIRECTION ( 'NONE',  ( -0.0000000000000000000, -1.000000000000000000, -0.0000000000000000000 ) ) ;
#1945 = EDGE_LOOP ( 'NONE', ( #875, #1394, #1115, #924 ) ) ;
#1946 = LINE ( 'NONE', #2830, #3646 ) ;
#1947 = CARTESIAN_POINT ( 'NONE',  ( 87.99999999999998579, 135.4999999999999716, -35.99999999999999289 ) ) ;
#1948 = FILL_AREA_STYLE ('',( #3792 ) ) ;
#1949 = DIRECTION ( 'NONE',  ( -0.0000000000000000000, -0.9998476951563913806, 0.01745240643728355676 ) ) ;
#1950 = CARTESIAN_POINT ( 'NONE',  ( -39.99999999999999289, 166.9999999999999716, 15.99999999999997691 ) ) ;
#1951 = DIRECTION ( 'NONE',  ( -0.01744974916068272111, -0.9996954598818874604, -0.01744974916068272111 ) ) ;
#1952 = ORIENTED_EDGE ( 'NONE', *, *, #5904, .F. ) ;
#1953 = ORIENTED_EDGE ( 'NONE', *, *, #1148, .F. ) ;
#1954 = DIRECTION ( 'NONE',  ( -0.0000000000000000000, -1.000000000000000000, 0.0000000000000000000 ) ) ;
#1955 = CARTESIAN_POINT ( 'NONE',  ( -89.50000000000000000, 135.4999999999999716, -37.32287565553230024 ) ) ;
#1956 = ORIENTED_EDGE ( 'NONE', *, *, #4597, .T. ) ;
#1957 = CYLINDRICAL_SURFACE ( 'NONE', #2386, 0.5000000000000004441 ) ;
#1958 = DIRECTION ( 'NONE',  ( 1.000000000000000000, 0.0000000000000000000, 0.0000000000000000000 ) ) ;
#1959 = VECTOR ( 'NONE', #5759, 1000.000000000000000 ) ;
#1960 = EDGE_CURVE ( 'NONE', #2926, #2053, #3374, .T. ) ;
#1961 = CARTESIAN_POINT ( 'NONE',  ( 87.99999999999998579, 153.4999999999999716, 15.50000000000000355 ) ) ;
#1962 = ORIENTED_EDGE ( 'NONE', *, *, #3544, .F. ) ;
#1963 = VECTOR ( 'NONE', #3151, 1000.000000000000000 ) ;
#1964 = VERTEX_POINT ( 'NONE', #101 ) ;
#1965 = DIRECTION ( 'NONE',  ( -0.0000000000000000000, -0.9998476951563911586, 0.01745240643728355329 ) ) ;
#1966 = EDGE_CURVE ( 'NONE', #2797, #3282, #2285, .T. ) ;
#1967 = ORIENTED_EDGE ( 'NONE', *, *, #4775, .T. ) ;
#1968 = DIRECTION ( 'NONE',  ( -0.0000000000000000000, -1.000000000000000000, -0.0000000000000000000 ) ) ;
#1969 = ORIENTED_EDGE ( 'NONE', *, *, #3450, .T. ) ;
#1970 = FILL_AREA_STYLE_COLOUR ( '', #3118 ) ;
#1971 = VECTOR ( 'NONE', #3158, 1000.000000000000227 ) ;
#1972 = CARTESIAN_POINT ( 'NONE',  ( -1.500000000000022871, 163.6863135986597229, 17.63617714821959126 ) ) ;
#1973 = EDGE_CURVE ( 'NONE', #2382, #2846, #4273, .T. ) ;
#1974 = EDGE_LOOP ( 'NONE', ( #1463, #5478, #2619, #5218 ) ) ;
#1975 = VECTOR ( 'NONE', #4596, 1000.000000000000000 ) ;
#1976 = DIRECTION ( 'NONE',  ( -1.000000000000000000, 0.0000000000000000000, 0.0000000000000000000 ) ) ;
#1977 = CARTESIAN_POINT ( 'NONE',  ( 50.66268659334792801, 153.4999999999999716, 25.16268659334793512 ) ) ;
#1978 = CARTESIAN_POINT ( 'NONE',  ( 87.82529703427407242, 153.0087262032186288, 15.41421356237310114 ) ) ;
#1979 =( NAMED_UNIT ( * ) SI_UNIT ( $, .STERADIAN. ) SOLID_ANGLE_UNIT ( ) );
#1980 = CARTESIAN_POINT ( 'NONE',  ( 39.99999999999997868, 153.9999999999999716, 35.30791812176765632 ) ) ;
#1981 = AXIS2_PLACEMENT_3D ( 'NONE', #1479, #3697, #3228 ) ;
#1982 = DIRECTION ( 'NONE',  ( -1.734723475976803939E-15, 0.0000000000000000000, 1.000000000000000000 ) ) ;
#1983 = ORIENTED_EDGE ( 'NONE', *, *, #4558, .F. ) ;
#1984 = AXIS2_PLACEMENT_3D ( 'NONE', #4583, #1073, #4726 ) ;
#1985 = DIRECTION ( 'NONE',  ( 0.0000000000000000000, -6.938893903907223447E-16, -1.000000000000000000 ) ) ;
#1986 = ORIENTED_EDGE ( 'NONE', *, *, #4747, .T. ) ;
#1987 =( NAMED_UNIT ( * ) SI_UNIT ( $, .STERADIAN. ) SOLID_ANGLE_UNIT ( ) );
#1988 = ORIENTED_EDGE ( 'NONE', *, *, #4294, .T. ) ;
#1989 = DIRECTION ( 'NONE',  ( 1.000000000000000000, 0.0000000000000000000, 1.100260040615809048E-14 ) ) ;
#1990 = LINE ( 'NONE', #118, #2067 ) ;
#1991 = CIRCLE ( 'NONE', #5474, 0.4999999999999990008 ) ;
#1992 = VERTEX_POINT ( 'NONE', #74 ) ;
#1993 = ORIENTED_EDGE ( 'NONE', *, *, #3494, .T. ) ;
#1994 = ORIENTED_EDGE ( 'NONE', *, *, #1067, .F. ) ;
#1995 = ADVANCED_FACE ( 'NONE', ( #5109 ), #3726, .F. ) ;
#1996 = CARTESIAN_POINT ( 'NONE',  ( 87.99999999999998579, 2.000000000000001776, 36.00000000000000711 ) ) ;
#1997 = DIRECTION ( 'NONE',  ( 0.0000000000000000000, 0.0000000000000000000, 1.000000000000000000 ) ) ;
#1998 = CARTESIAN_POINT ( 'NONE',  ( -40.99999999999999289, 166.4999999999999716, 15.99999999999997691 ) ) ;
#1999 = ORIENTED_EDGE ( 'NONE', *, *, #2536, .T. ) ;
#2000 = STYLED_ITEM ( 'NONE', ( #1621 ), #5911 ) ;
#2001 = ADVANCED_FACE ( 'NONE', ( #3759, #5604 ), #5136, .F. ) ;
#2002 =( LENGTH_UNIT ( ) NAMED_UNIT ( * ) SI_UNIT ( .MILLI., .METRE. ) );
#2003 = VERTEX_POINT ( 'NONE', #4392 ) ;
#2004 = EDGE_CURVE ( 'NONE', #1072, #1766, #4843, .T. ) ;
#2005 = PLANE ( 'NONE',  #3149 ) ;
#2006 = DIRECTION ( 'NONE',  ( 1.000000000000000000, 0.0000000000000000000, 0.0000000000000000000 ) ) ;
#2007 = PRESENTATION_STYLE_ASSIGNMENT (( #197 ) ) ;
#2008 =( LENGTH_UNIT ( ) NAMED_UNIT ( * ) SI_UNIT ( .MILLI., .METRE. ) );
#2009 = DIRECTION ( 'NONE',  ( 0.0000000000000000000, 0.0000000000000000000, -1.000000000000000000 ) ) ;
#2010 = CYLINDRICAL_SURFACE ( 'NONE', #1941, 0.5000000000000004441 ) ;
#2011 = ORIENTED_EDGE ( 'NONE', *, *, #2252, .T. ) ;
#2012 = SURFACE_STYLE_USAGE ( .BOTH. , #5692 ) ;
#2013 = LINE ( 'NONE', #5727, #4193 ) ;
#2014 = ADVANCED_FACE ( 'NONE', ( #3942 ), #1178, .T. ) ;
#2015 = FILL_AREA_STYLE ('',( #1592 ) ) ;
#2016 = DIRECTION ( 'NONE',  ( 0.0000000000000000000, 0.0000000000000000000, 1.000000000000000000 ) ) ;
#2017 = EDGE_LOOP ( 'NONE', ( #5913, #5424, #5915, #1039, #1282, #4243, #644, #1969, #3760, #4832 ) ) ;
#2018 = CARTESIAN_POINT ( 'NONE',  ( -95.90448750123042032, 153.2999999999999545, 25.16268659334835434 ) ) ;
#2019 = ORIENTED_EDGE ( 'NONE', *, *, #5773, .F. ) ;
#2020 = PLANE ( 'NONE',  #4006 ) ;
#2021 = AXIS2_PLACEMENT_3D ( 'NONE', #3737, #5062, #5148 ) ;
#2022 = CARTESIAN_POINT ( 'NONE',  ( 89.83842956992816653, 142.8733093726085883, -36.79642841966378342 ) ) ;
#2023 = ADVANCED_FACE ( 'NONE', ( #2523 ), #2188, .F. ) ;
#2024 = ORIENTED_EDGE ( 'NONE', *, *, #1180, .F. ) ;
#2025 = CARTESIAN_POINT ( 'NONE',  ( -87.81672181825372547, 153.0087262032186288, 35.82529703427406531 ) ) ;
#2026 = CARTESIAN_POINT ( 'NONE',  ( 82.99999999999997158, 163.4999999999999716, 30.91264851713705752 ) ) ;
#2027 = ORIENTED_EDGE ( 'NONE', *, *, #1139, .F. ) ;
#2028 = AXIS2_PLACEMENT_3D ( 'NONE', #696, #5712, #5745 ) ;
#2029 = AXIS2_PLACEMENT_3D ( 'NONE', #3392, #1954, #3740 ) ;
#2030 = EDGE_CURVE ( 'NONE', #5558, #1964, #5327, .T. ) ;
#2031 = DIRECTION ( 'NONE',  ( 0.0000000000000000000, 0.0000000000000000000, 1.000000000000000000 ) ) ;
#2032 = CARTESIAN_POINT ( 'NONE',  ( 82.99999999999997158, 153.4999999999999716, 31.91264851713704331 ) ) ;
#2033 = CARTESIAN_POINT ( 'NONE',  ( -82.99999999999997158, 164.4999999999999716, 30.91264851713705752 ) ) ;
#2034 = CYLINDRICAL_SURFACE ( 'NONE', #99, 0.4999999999999990008 ) ;
#2035 = EDGE_CURVE ( 'NONE', #4966, #4734, #2947, .T. ) ;
#2036 = ADVANCED_FACE ( 'NONE', ( #4781, #5739, #4363, #1604 ), #2585, .T. ) ;
#2037 = ORIENTED_EDGE ( 'NONE', *, *, #1372, .F. ) ;
#2038 = CARTESIAN_POINT ( 'NONE',  ( -40.00000000000000711, 154.0087262032186288, 35.80784196934585140 ) ) ;
#2039 = ORIENTED_EDGE ( 'NONE', *, *, #3599, .T. ) ;
#2040 = CARTESIAN_POINT ( 'NONE',  ( -40.00000000000000711, 166.4999999999999716, 35.08972981016493264 ) ) ;
#2041 =( NAMED_UNIT ( * ) SI_UNIT ( $, .STERADIAN. ) SOLID_ANGLE_UNIT ( ) );
#2042 = DIRECTION ( 'NONE',  ( 0.0000000000000000000, 0.0000000000000000000, 1.000000000000000000 ) ) ;
#2043 = VECTOR ( 'NONE', #77, 1000.000000000000000 ) ;
#2044 = ADVANCED_FACE ( 'NONE', ( #315 ), #3435, .F. ) ;
#2045 = DIRECTION ( 'NONE',  ( -1.000000000000000000, -8.061746710179082123E-17, -2.133637095002691028E-15 ) ) ;
#2046 =( BOUNDED_CURVE ( )  B_SPLINE_CURVE ( 3, ( #1184, #4818, #4847, #1549 ),
 .UNSPECIFIED., .F., .T. ) 
 B_SPLINE_CURVE_WITH_KNOTS ( ( 4, 4 ),
 ( 4.712388980384680792, 6.283185307179581791 ),
 .UNSPECIFIED. ) 
 CURVE ( )  GEOMETRIC_REPRESENTATION_ITEM ( )  RATIONAL_B_SPLINE_CURVE ( ( 1.000000000000000000, 0.8047378541243628280, 0.8047378541243628280, 1.000000000000000000 ) ) 
 REPRESENTATION_ITEM ( '' )  );
#2047 = DIRECTION ( 'NONE',  ( 0.0000000000000000000, 0.01745240643728354982, -0.9998476951563912696 ) ) ;
#2048 = ORIENTED_EDGE ( 'NONE', *, *, #1877, .F. ) ;
#2049 = CARTESIAN_POINT ( 'NONE',  ( -37.86793625591886325, 143.4912737967929672, 35.99142478397947542 ) ) ;
#2050 = EDGE_LOOP ( 'NONE', ( #352, #3831, #2706, #16 ) ) ;
#2051 = DIRECTION ( 'NONE',  ( 1.000000000000000000, 0.0000000000000000000, 0.0000000000000000000 ) ) ;
#2052 = DIRECTION ( 'NONE',  ( -5.423418723394455286E-31, 0.01745240643728337634, 0.9998476951563911586 ) ) ;
#2053 = VERTEX_POINT ( 'NONE', #402 ) ;
#2054 = VECTOR ( 'NONE', #446, 1000.000000000000000 ) ;
#2055 = EDGE_LOOP ( 'NONE', ( #5864, #472, #4237, #3297 ) ) ;
#2056 = SURFACE_STYLE_FILL_AREA ( #3338 ) ;
#2057 = CARTESIAN_POINT ( 'NONE',  ( -40.70710678118655323, 153.4999999999999716, 35.32537318669587734 ) ) ;
#2058 = CARTESIAN_POINT ( 'NONE',  ( -40.50000000000000711, 153.4999999999999716, 35.99999999999998579 ) ) ;
#2059 = EDGE_CURVE ( 'NONE', #5211, #1796, #4466, .T. ) ;
#2060 = ORIENTED_EDGE ( 'NONE', *, *, #3438, .T. ) ;
#2061 = CARTESIAN_POINT ( 'NONE',  ( 40.99999999999997868, 153.9999999999999716, 16.00000000000001066 ) ) ;
#2062 =( GEOMETRIC_REPRESENTATION_CONTEXT ( 3 ) GLOBAL_UNCERTAINTY_ASSIGNED_CONTEXT ( ( #1739 ) ) GLOBAL_UNIT_ASSIGNED_CONTEXT ( ( #3280, #537, #1875 ) ) REPRESENTATION_CONTEXT ( 'NONE', 'WORKASPACE' ) );
#2063 = CARTESIAN_POINT ( 'NONE',  ( 87.32537318669585602, 153.4999999999999716, 35.32537318669587734 ) ) ;
#2064 = SURFACE_STYLE_FILL_AREA ( #5372 ) ;
#2065 = DIRECTION ( 'NONE',  ( -1.000000000000000000, 0.0000000000000000000, 0.0000000000000000000 ) ) ;
#2066 = EDGE_CURVE ( 'NONE', #4882, #1492, #5688, .T. ) ;
#2067 = VECTOR ( 'NONE', #3396, 1000.000000000000000 ) ;
#2068 = DIRECTION ( 'NONE',  ( 1.000000000000000000, -0.0000000000000000000, -0.0000000000000000000 ) ) ;
#2069 = SURFACE_STYLE_FILL_AREA ( #3390 ) ;
#2070 = LINE ( 'NONE', #1618, #1288 ) ;
#2071 = VECTOR ( 'NONE', #1951, 1000.000000000000000 ) ;
#2072 = DIRECTION ( 'NONE',  ( -3.086847045131617298E-15, -0.9998476951563912696, 0.01745240643728354982 ) ) ;
#2073 = ADVANCED_FACE ( 'NONE', ( #345 ), #1719, .T. ) ;
#2074 = CARTESIAN_POINT ( 'NONE',  ( -90.00000000000001421, 135.4999999999999716, 38.00000000000000711 ) ) ;
#2075 = PLANE ( 'NONE',  #2683 ) ;
#2076 = DIRECTION ( 'NONE',  ( 0.0000000000000000000, 0.01745240643730164992, 0.9998476951563909365 ) ) ;
#2077 = ORIENTED_EDGE ( 'NONE', *, *, #3445, .F. ) ;
#2078 = DIRECTION ( 'NONE',  ( -1.200283680671789509E-14, 0.0000000000000000000, 1.000000000000000000 ) ) ;
#2079 = EDGE_LOOP ( 'NONE', ( #3807, #5822, #1401, #4666 ) ) ;
#2080 = EDGE_CURVE ( 'NONE', #4966, #5482, #4497, .T. ) ;
#2081 = COLOUR_RGB ( '',0.3490196078431372362, 0.0000000000000000000, 0.0000000000000000000 ) ;
#2082 = EDGE_LOOP ( 'NONE', ( #145, #658, #2858, #3541 ) ) ;
#2083 = ORIENTED_EDGE ( 'NONE', *, *, #2796, .F. ) ;
#2084 = ORIENTED_EDGE ( 'NONE', *, *, #5780, .T. ) ;
#2085 = CARTESIAN_POINT ( 'NONE',  ( -37.50000000000002842, 153.3913327210916862, 17.81587670787230593 ) ) ;
#2086 = SURFACE_STYLE_USAGE ( .BOTH. , #3492 ) ;
#2087 = FACE_OUTER_BOUND ( 'NONE', #1560, .T. ) ;
#2088 = ADVANCED_FACE ( 'NONE', ( #3551 ), #3091, .F. ) ;
#2089 = CARTESIAN_POINT ( 'NONE',  ( -88.00000000000001421, 142.5000000000000000, -37.99999999999999289 ) ) ;
#2090 = DIRECTION ( 'NONE',  ( 0.0000000000000000000, -1.000000000000000000, 0.0000000000000000000 ) ) ;
#2091 = DIRECTION ( 'NONE',  ( 0.0000000000000000000, 1.000000000000000000, -0.0000000000000000000 ) ) ;
#2092 = ORIENTED_EDGE ( 'NONE', *, *, #2676, .T. ) ;
#2093 = SURFACE_SIDE_STYLE ('',( #2069 ) ) ;
#2094 = CIRCLE ( 'NONE', #2883, 0.4999999999999990008 ) ;
#2095 = DIRECTION ( 'NONE',  ( 0.0000000000000000000, -0.9998476951563912696, 0.01745240643728108304 ) ) ;
#2096 = CARTESIAN_POINT ( 'NONE',  ( -60.13429575874858557, 142.8952855613763404, 30.00091382906153470 ) ) ;
#2097 = DIRECTION ( 'NONE',  ( 0.0000000000000000000, 1.000000000000000000, -0.0000000000000000000 ) ) ;
#2098 = FACE_OUTER_BOUND ( 'NONE', #4252, .T. ) ;
#2099 = LINE ( 'NONE', #3422, #1338 ) ;
#2100 = EDGE_CURVE ( 'NONE', #396, #5605, #4936, .T. ) ;
#2101 = VERTEX_POINT ( 'NONE', #5918 ) ;
#2102 = DIRECTION ( 'NONE',  ( -0.0000000000000000000, 1.000000000000000000, -0.0000000000000000000 ) ) ;
#2103 = ORIENTED_EDGE ( 'NONE', *, *, #3599, .F. ) ;
#2104 = FACE_OUTER_BOUND ( 'NONE', #4697, .T. ) ;
#2105 = ORIENTED_EDGE ( 'NONE', *, *, #4919, .F. ) ;
#2106 = CARTESIAN_POINT ( 'NONE',  ( -90.00000000000001421, 143.0000000000000000, 36.00000000000000711 ) ) ;
#2107 = EDGE_LOOP ( 'NONE', ( #1325, #4872, #5919, #4165, #3042, #204, #1752, #905, #2792, #2920, #5063, #5896, #5401, #3641 ) ) ;
#2108 = CARTESIAN_POINT ( 'NONE',  ( 37.49999999999997868, 163.6863135986597229, 17.63617714821959126 ) ) ;
#2109 = DIRECTION ( 'NONE',  ( 1.000000000000000000, 0.0000000000000000000, -0.0000000000000000000 ) ) ;
#2110 = SURFACE_STYLE_FILL_AREA ( #660 ) ;
#2111 =( BOUNDED_CURVE ( )  B_SPLINE_CURVE ( 3, ( #639, #1488, #4308, #5510 ),
 .UNSPECIFIED., .F., .T. ) 
 B_SPLINE_CURVE_WITH_KNOTS ( ( 4, 4 ),
 ( 3.786484474529353841E-14, 1.037091746270643489 ),
 .UNSPECIFIED. ) 
 CURVE ( )  GEOMETRIC_REPRESENTATION_ITEM ( )  RATIONAL_B_SPLINE_CURVE ( ( 1.000000000000000000, 0.9123605257899090049, 0.9123605257899090049, 1.000000000000000000 ) ) 
 REPRESENTATION_ITEM ( '' )  );
#2112 = VERTEX_POINT ( 'NONE', #3077 ) ;
#2113 = CARTESIAN_POINT ( 'NONE',  ( -88.00000000000001421, 164.5003807621090459, 35.62470945781598886 ) ) ;
#2114 = STYLED_ITEM ( 'NONE', ( #5118 ), #2409 ) ;
#2115 = SURFACE_STYLE_FILL_AREA ( #3614 ) ;
#2116 = DIRECTION ( 'NONE',  ( 0.0000000000000000000, -1.000000000000000000, 0.0000000000000000000 ) ) ;
#2117 = ORIENTED_EDGE ( 'NONE', *, *, #1433, .F. ) ;
#2118 = FACE_OUTER_BOUND ( 'NONE', #4742, .T. ) ;
#2119 = CARTESIAN_POINT ( 'NONE',  ( -80.99999999999997158, 163.4999999999999716, 30.91264851713705752 ) ) ;
#2120 = FACE_OUTER_BOUND ( 'NONE', #554, .T. ) ;
#2121 = CARTESIAN_POINT ( 'NONE',  ( 51.16268659334791380, 153.4999999999999716, 25.66268659334794222 ) ) ;
#2122 = DIRECTION ( 'NONE',  ( 4.336808689942017736E-17, -0.9998476951563912696, 0.01745240643728337981 ) ) ;
#2123 = VECTOR ( 'NONE', #4495, 1000.000000000000000 ) ;
#2124 = SPHERICAL_SURFACE ( 'NONE', #4624, 0.5000000000000000000 ) ;
#2125 = DIRECTION ( 'NONE',  ( 1.000000000000000000, 0.0000000000000000000, 0.0000000000000000000 ) ) ;
#2126 = FACE_OUTER_BOUND ( 'NONE', #1236, .T. ) ;
#2127 = ADVANCED_FACE ( 'NONE', ( #5890 ), #1747, .T. ) ;
#2128 = AXIS2_PLACEMENT_3D ( 'NONE', #1873, #3195, #2732 ) ;
#2129 = DIRECTION ( 'NONE',  ( -1.000000000000000000, -0.0000000000000000000, -0.0000000000000000000 ) ) ;
#2130 = ORIENTED_EDGE ( 'NONE', *, *, #684, .T. ) ;
#2131 = LINE ( 'NONE', #3187, #3421 ) ;
#2132 = ORIENTED_EDGE ( 'NONE', *, *, #638, .F. ) ;
#2133 = DIRECTION ( 'NONE',  ( 0.0000000000000000000, 0.0000000000000000000, 1.000000000000000000 ) ) ;
#2134 = EDGE_CURVE ( 'NONE', #2112, #1200, #2477, .T. ) ;
#2135 = LINE ( 'NONE', #5389, #4787 ) ;
#2136 = ORIENTED_EDGE ( 'NONE', *, *, #3721, .F. ) ;
#2137 = CARTESIAN_POINT ( 'NONE',  ( -51.16268659334792801, 153.2999999999999545, 25.66268659334790669 ) ) ;
#2138 = ORIENTED_EDGE ( 'NONE', *, *, #697, .F. ) ;
#2139 = CARTESIAN_POINT ( 'NONE',  ( 85.16268659334791380, 153.5999999999999659, 18.16268659334793867 ) ) ;
#2140 = CARTESIAN_POINT ( 'NONE',  ( -41.00000000000000711, 152.9999999999999716, 35.32537318669587734 ) ) ;
#2141 = ORIENTED_EDGE ( 'NONE', *, *, #719, .T. ) ;
#2142 = CYLINDRICAL_SURFACE ( 'NONE', #3552, 0.5000000000000004441 ) ;
#2143 = CARTESIAN_POINT ( 'NONE',  ( 37.99999999999999289, 143.5000000000000000, 36.49134863155784814 ) ) ;
#2144 = ORIENTED_EDGE ( 'NONE', *, *, #4437, .T. ) ;
#2145 = AXIS2_PLACEMENT_3D ( 'NONE', #4215, #4680, #78 ) ;
#2146 = DIRECTION ( 'NONE',  ( 5.382239850496761683E-17, 0.01745240643728340410, 0.9998476951563913806 ) ) ;
#2147 = EDGE_CURVE ( 'NONE', #5102, #5095, #871, .T. ) ;
#2148 = CARTESIAN_POINT ( 'NONE',  ( -19.00000000000004974, 153.2889719218947562, 23.81857739053180012 ) ) ;
#2149 = PRESENTATION_LAYER_ASSIGNMENT (  '', '', ( #2842 ) ) ;
#2150 = CARTESIAN_POINT ( 'NONE',  ( 87.08972981016492554, 166.9999999999999716, 15.00000000000000355 ) ) ;
#2151 = CARTESIAN_POINT ( 'NONE',  ( -51.16268659334792801, 153.4999999999999716, 29.66268659334791380 ) ) ;
#2152 = CARTESIAN_POINT ( 'NONE',  ( -41.00000000000000711, 153.4999999999999716, 35.32537318669587734 ) ) ;
#2153 = DIRECTION ( 'NONE',  ( 0.0000000000000000000, 0.0000000000000000000, 1.000000000000000000 ) ) ;
#2154 = ORIENTED_EDGE ( 'NONE', *, *, #4229, .T. ) ;
#2155 = EDGE_CURVE ( 'NONE', #1069, #4638, #4323, .T. ) ;
#2156 = CARTESIAN_POINT ( 'NONE',  ( -37.86558988414554960, 142.9999999999999716, 35.99999999994957989 ) ) ;
#2157 = EDGE_LOOP ( 'NONE', ( #127, #3488, #5632, #5157 ) ) ;
#2158 = FILL_AREA_STYLE ('',( #741 ) ) ;
#2159 = VECTOR ( 'NONE', #4528, 1000.000000000000000 ) ;
#2160 = DIRECTION ( 'NONE',  ( -0.0000000000000000000, 1.000000000000000000, 0.0000000000000000000 ) ) ;
#2161 = ORIENTED_EDGE ( 'NONE', *, *, #3928, .T. ) ;
#2162 = CARTESIAN_POINT ( 'NONE',  ( -80.99999999999997158, 153.4999999999999716, 31.91264851713704331 ) ) ;
#2163 = ORIENTED_EDGE ( 'NONE', *, *, #5099, .F. ) ;
#2164 = ADVANCED_FACE ( 'NONE', ( #4897 ), #3989, .F. ) ;
#2165 = AXIS2_PLACEMENT_3D ( 'NONE', #5394, #749, #401 ) ;
#2166 = PLANE ( 'NONE',  #903 ) ;
#2167 = CARTESIAN_POINT ( 'NONE',  ( -37.13907163471133543, 143.0000000000000853, 36.00000000000000711 ) ) ;
#2168 = CARTESIAN_POINT ( 'NONE',  ( -37.50000000000000711, 163.9044686791258982, 30.13427333767440786 ) ) ;
#2169 = VECTOR ( 'NONE', #4331, 1000.000000000000000 ) ;
#2170 = DIRECTION ( 'NONE',  ( 2.713635291641614879E-31, -0.9998476951563911586, 0.01745240643728340063 ) ) ;
#2171 = EDGE_CURVE ( 'NONE', #200, #4907, #1351, .T. ) ;
#2172 = DIRECTION ( 'NONE',  ( -1.000000000000000000, 0.0000000000000000000, 0.0000000000000000000 ) ) ;
#2173 = CARTESIAN_POINT ( 'NONE',  ( -19.00000000000005329, 153.3412492140541303, 26.81354145250236343 ) ) ;
#2174 = VECTOR ( 'NONE', #5639, 1000.000000000000114 ) ;
#2175 = ORIENTED_EDGE ( 'NONE', *, *, #1684, .F. ) ;
#2176 = FILL_AREA_STYLE ('',( #2794 ) ) ;
#2177 = LINE ( 'NONE', #4944, #5577 ) ;
#2178 = CIRCLE ( 'NONE', #5278, 2.000000000000001776 ) ;
#2179 = SURFACE_STYLE_USAGE ( .BOTH. , #412 ) ;
#2180 = AXIS2_PLACEMENT_3D ( 'NONE', #3015, #5367, #4913 ) ;
#2181 = ADVANCED_FACE ( 'NONE', ( #3867 ), #1685, .F. ) ;
#2182 = EDGE_CURVE ( 'NONE', #280, #574, #2601, .T. ) ;
#2183 = PRESENTATION_STYLE_ASSIGNMENT (( #1731 ) ) ;
#2184 = DIRECTION ( 'NONE',  ( 1.000000000000000000, 0.0000000000000000000, 0.0000000000000000000 ) ) ;
#2185 = PLANE ( 'NONE',  #3648 ) ;
#2186 = FILL_AREA_STYLE ('',( #4051 ) ) ;
#2187 = CIRCLE ( 'NONE', #107, 0.4999999999999918954 ) ;
#2188 = TOROIDAL_SURFACE ( 'NONE', #578, 1.000000000000000000, 0.5000000000000000000 ) ;
#2189 = CIRCLE ( 'NONE', #3360, 0.5000000000000004441 ) ;
#2190 = CARTESIAN_POINT ( 'NONE',  ( 89.22530357388887978, 143.0000000000000000, -37.58605048764376022 ) ) ;
#2191 = EDGE_LOOP ( 'NONE', ( #5516, #452, #4430, #3246 ) ) ;
#2192 = LINE ( 'NONE', #5439, #3036 ) ;
#2193 = ORIENTED_EDGE ( 'NONE', *, *, #603, .T. ) ;
#2194 = CARTESIAN_POINT ( 'NONE',  ( -18.50000000000004619, 152.7890480743165540, 23.82730359375044316 ) ) ;
#2195 = DIRECTION ( 'NONE',  ( 0.0000000000000000000, 1.000000000000000000, -0.0000000000000000000 ) ) ;
#2196 = EDGE_LOOP ( 'NONE', ( #5129, #3859, #4258, #2824 ) ) ;
#2197 = LINE ( 'NONE', #3605, #1255 ) ;
#2198 = EDGE_LOOP ( 'NONE', ( #3961, #4530, #2083, #1079 ) ) ;
#2199 = LINE ( 'NONE', #5799, #4445 ) ;
#2200 = FACE_OUTER_BOUND ( 'NONE', #3689, .T. ) ;
#2201 = DIRECTION ( 'NONE',  ( 3.303660060822714588E-15, 0.9998476951563911586, -0.01745240643728355329 ) ) ;
#2202 = EDGE_CURVE ( 'NONE', #4233, #786, #2094, .T. ) ;
#2203 = EDGE_LOOP ( 'NONE', ( #3306, #4177, #4694, #3038, #3890, #2141 ) ) ;
#2204 = LINE ( 'NONE', #844, #3932 ) ;
#2205 = ORIENTED_EDGE ( 'NONE', *, *, #3376, .T. ) ;
#2206 = VECTOR ( 'NONE', #5905, 1000.000000000000227 ) ;
#2207 = CARTESIAN_POINT ( 'NONE',  ( 88.49134863155782682, 143.0000000000000000, 36.49134863155784814 ) ) ;
#2208 = CARTESIAN_POINT ( 'NONE',  ( -37.50000000000004263, 153.6841813308492419, 17.81076501637484455 ) ) ;
#2209 = EDGE_LOOP ( 'NONE', ( #211, #984, #1409, #4631 ) ) ;
#2210 =( NAMED_UNIT ( * ) PLANE_ANGLE_UNIT ( ) SI_UNIT ( $, .RADIAN. ) );
#2211 = EDGE_CURVE ( 'NONE', #4200, #2003, #308, .T. ) ;
#2212 =( LENGTH_UNIT ( ) NAMED_UNIT ( * ) SI_UNIT ( .MILLI., .METRE. ) );
#2213 = FACE_OUTER_BOUND ( 'NONE', #5021, .T. ) ;
#2214 = CARTESIAN_POINT ( 'NONE',  ( 50.66268659334792801, 153.2999999999999545, 26.16268659334793867 ) ) ;
#2215 = PRESENTATION_STYLE_ASSIGNMENT (( #1277 ) ) ;
#2216 = DIRECTION ( 'NONE',  ( 0.0000000000000000000, 1.000000000000000000, 0.0000000000000000000 ) ) ;
#2217 = EDGE_CURVE ( 'NONE', #396, #1174, #1820, .T. ) ;
#2218 = ADVANCED_FACE ( 'NONE', ( #1624 ), #680, .T. ) ;
#2219 = CIRCLE ( 'NONE', #607, 4.000000000000007105 ) ;
#2220 = CARTESIAN_POINT ( 'NONE',  ( -40.86640219470718449, 153.5000000000181899, 35.81672181825096857 ) ) ;
#2221 = ORIENTED_EDGE ( 'NONE', *, *, #4474, .F. ) ;
#2222 = CARTESIAN_POINT ( 'NONE',  ( -82.99999999999997158, 153.4999999999999716, 31.91264851713704331 ) ) ;
#2223 = ORIENTED_EDGE ( 'NONE', *, *, #1066, .T. ) ;
#2224 = DIRECTION ( 'NONE',  ( 0.0000000000000000000, 0.0000000000000000000, -1.000000000000000000 ) ) ;
#2225 = VECTOR ( 'NONE', #3164, 1000.000000000000000 ) ;
#2226 = EDGE_CURVE ( 'NONE', #3833, #4943, #4056, .T. ) ;
#2227 = PLANE ( 'NONE',  #5169 ) ;
#2228 = VERTEX_POINT ( 'NONE', #3537 ) ;
#2229 = LINE ( 'NONE', #4085, #3182 ) ;
#2230 = EDGE_LOOP ( 'NONE', ( #2543, #1999, #1937, #1833 ) ) ;
#2231 = STYLED_ITEM ( 'NONE', ( #3701 ), #2852 ) ;
#2232 = LINE ( 'NONE', #3804, #5164 ) ;
#2233 = VERTEX_POINT ( 'NONE', #3897 ) ;
#2234 = PRESENTATION_STYLE_ASSIGNMENT (( #3168 ) ) ;
#2235 = ORIENTED_EDGE ( 'NONE', *, *, #2331, .T. ) ;
#2236 = CYLINDRICAL_SURFACE ( 'NONE', #45, 4.000000000000007105 ) ;
#2237 = CYLINDRICAL_SURFACE ( 'NONE', #3536, 0.4999999999999918954 ) ;
#2238 = EDGE_CURVE ( 'NONE', #3904, #5223, #1256, .T. ) ;
#2239 = PLANE ( 'NONE',  #761 ) ;
#2240 = ORIENTED_EDGE ( 'NONE', *, *, #2035, .F. ) ;
#2241 = CYLINDRICAL_SURFACE ( 'NONE', #4999, 0.5000000000000004441 ) ;
#2242 = AXIS2_PLACEMENT_3D ( 'NONE', #2725, #2287, #1785 ) ;
#2243 = FILL_AREA_STYLE_COLOUR ( '', #5076 ) ;
#2244 = CIRCLE ( 'NONE', #67, 2.000000000000001776 ) ;
#2245 = EDGE_CURVE ( 'NONE', #4090, #613, #3984, .T. ) ;
#2246 = CARTESIAN_POINT ( 'NONE',  ( -82.99999999999997158, 153.4999999999999716, 19.91264851713703266 ) ) ;
#2247 = DIRECTION ( 'NONE',  ( -1.000000000000000000, 0.0000000000000000000, 0.0000000000000000000 ) ) ;
#2248 = CARTESIAN_POINT ( 'NONE',  ( 88.49134863155782682, 143.0000000000000000, 36.00000000000000711 ) ) ;
#2249 = AXIS2_PLACEMENT_3D ( 'NONE', #1112, #3871, #2940 ) ;
#2250 = DIRECTION ( 'NONE',  ( -1.095614826932720471E-16, 0.0000000000000000000, -1.000000000000000000 ) ) ;
#2251 = ORIENTED_EDGE ( 'NONE', *, *, #324, .T. ) ;
#2252 = EDGE_CURVE ( 'NONE', #5691, #3273, #2696, .T. ) ;
#2253 = CIRCLE ( 'NONE', #166, 6.000000000000002665 ) ;
#2254 = CARTESIAN_POINT ( 'NONE',  ( 24.49999999999999289, 152.7890480743165540, 23.82730359375048224 ) ) ;
#2255 = EDGE_LOOP ( 'NONE', ( #2582, #714, #5150, #4768 ) ) ;
#2256 = CARTESIAN_POINT ( 'NONE',  ( 87.80784196934583008, 154.0087262032186288, 15.50000000000000355 ) ) ;
#2257 = STYLED_ITEM ( 'NONE', ( #2778 ), #5028 ) ;
#2258 = LINE ( 'NONE', #4754, #4894 ) ;
#2259 = ORIENTED_EDGE ( 'NONE', *, *, #1884, .T. ) ;
#2260 = DIRECTION ( 'NONE',  ( 1.000000000000000000, 0.0000000000000000000, 0.0000000000000000000 ) ) ;
#2261 = ORIENTED_EDGE ( 'NONE', *, *, #1503, .F. ) ;
#2262 = ADVANCED_FACE ( 'NONE', ( #802 ), #2476, .T. ) ;
#2263 = EDGE_CURVE ( 'NONE', #399, #5216, #5628, .T. ) ;
#2264 = DIRECTION ( 'NONE',  ( 1.000000000000000000, 0.0000000000000000000, 0.0000000000000000000 ) ) ;
#2265 = VERTEX_POINT ( 'NONE', #5407 ) ;
#2266 = CARTESIAN_POINT ( 'NONE',  ( 18.49999999999999645, 153.2889719218947562, 23.81857739053184275 ) ) ;
#2267 = AXIS2_PLACEMENT_3D ( 'NONE', #1980, #4187, #1891 ) ;
#2268 = ORIENTED_EDGE ( 'NONE', *, *, #1441, .T. ) ;
#2269 = FILL_AREA_STYLE_COLOUR ( '', #1057 ) ;
#2270 = CIRCLE ( 'NONE', #5658, 2.000000000000001776 ) ;
#2271 = EDGE_LOOP ( 'NONE', ( #5106, #75, #4770, #1263 ) ) ;
#2272 = PLANE ( 'NONE',  #4356 ) ;
#2273 = DIRECTION ( 'NONE',  ( -1.000000000000000000, 0.0000000000000000000, 0.0000000000000000000 ) ) ;
#2274 = LINE ( 'NONE', #5492, #4808 ) ;
#2275 = ORIENTED_EDGE ( 'NONE', *, *, #1016, .T. ) ;
#2276 = AXIS2_PLACEMENT_3D ( 'NONE', #4032, #314, #2109 ) ;
#2277 = ADVANCED_FACE ( 'NONE', ( #3680 ), #1309, .F. ) ;
#2278 = DIRECTION ( 'NONE',  ( 6.607320121645429374E-16, -0.9998476951563912696, 0.01745240643728354982 ) ) ;
#2279 = VECTOR ( 'NONE', #1632, 1000.000000000000000 ) ;
#2280 = CARTESIAN_POINT ( 'NONE',  ( -90.00000000000001421, 142.5000000000000000, 36.00000000000000711 ) ) ;
#2281 = DIRECTION ( 'NONE',  ( 0.0000000000000000000, 0.0000000000000000000, 1.000000000000000000 ) ) ;
#2282 = DIRECTION ( 'NONE',  ( -0.0000000000000000000, 1.000000000000000000, -0.0000000000000000000 ) ) ;
#2283 = CARTESIAN_POINT ( 'NONE',  ( 88.79643093939718312, 142.8733103523264276, -37.83842844513313963 ) ) ;
#2284 = EDGE_LOOP ( 'NONE', ( #339, #4084, #700 ) ) ;
#2285 = CIRCLE ( 'NONE', #5498, 2.499999999999998668 ) ;
#2286 = AXIS2_PLACEMENT_3D ( 'NONE', #4587, #4063, #487 ) ;
#2287 = DIRECTION ( 'NONE',  ( 0.0000000000000000000, 1.000000000000000000, 0.0000000000000000000 ) ) ;
#2288 = VERTEX_POINT ( 'NONE', #4541 ) ;
#2289 = CARTESIAN_POINT ( 'NONE',  ( -88.00000000000001421, 142.5000000000000000, -37.99999999999999289 ) ) ;
#2290 = EDGE_CURVE ( 'NONE', #2593, #1842, #887, .T. ) ;
#2291 = LINE ( 'NONE', #3352, #2581 ) ;
#2292 = ORIENTED_EDGE ( 'NONE', *, *, #5326, .T. ) ;
#2293 = DIRECTION ( 'NONE',  ( 0.0000000000000000000, -0.01745240643730164992, -0.9998476951563909365 ) ) ;
#2294 = ORIENTED_EDGE ( 'NONE', *, *, #5066, .F. ) ;
#2295 = CARTESIAN_POINT ( 'NONE',  ( -60.13429575874858557, 153.3936863605184442, 29.81766356147018726 ) ) ;
#2296 = VERTEX_POINT ( 'NONE', #5871 ) ;
#2297 = SURFACE_SIDE_STYLE ('',( #1794 ) ) ;
#2298 = SURFACE_STYLE_FILL_AREA ( #2176 ) ;
#2299 = ADVANCED_FACE ( 'NONE', ( #1810 ), #3183, .F. ) ;
#2300 = ADVANCED_FACE ( 'NONE', ( #5012 ), #888, .T. ) ;
#2301 = ORIENTED_EDGE ( 'NONE', *, *, #2358, .F. ) ;
#2302 = DIRECTION ( 'NONE',  ( 1.000000000000000000, 0.0000000000000000000, 0.0000000000000000000 ) ) ;
#2303 = ORIENTED_EDGE ( 'NONE', *, *, #868, .F. ) ;
#2304 = CARTESIAN_POINT ( 'NONE',  ( 24.49999999999999289, 152.8850363097216132, 29.32646591711063166 ) ) ;
#2305 = DIRECTION ( 'NONE',  ( 0.0000000000000000000, 0.0000000000000000000, 1.000000000000000000 ) ) ;
#2306 = ORIENTED_EDGE ( 'NONE', *, *, #3786, .F. ) ;
#2307 = CARTESIAN_POINT ( 'NONE',  ( 65.16268659334791380, 153.4999999999999716, 18.16268659334793867 ) ) ;
#2308 = CARTESIAN_POINT ( 'NONE',  ( 37.29289321881342545, 153.1878719949922640, 18.02656645741411268 ) ) ;
#2309 = FACE_OUTER_BOUND ( 'NONE', #2957, .T. ) ;
#2310 = CARTESIAN_POINT ( 'NONE',  ( -37.50000000000000711, 163.6863135986598365, 17.63617714821959126 ) ) ;
#2311 = CARTESIAN_POINT ( 'NONE',  ( 89.32287565553227182, 143.0000000000000000, -37.49999999999999289 ) ) ;
#2312 = ORIENTED_EDGE ( 'NONE', *, *, #4147, .T. ) ;
#2313 = PRESENTATION_LAYER_ASSIGNMENT (  '', '', ( #4927 ) ) ;
#2314 = PLANE ( 'NONE',  #158 ) ;
#2315 = VERTEX_POINT ( 'NONE', #1832 ) ;
#2316 = EDGE_CURVE ( 'NONE', #5050, #1505, #2751, .T. ) ;
#2317 = CARTESIAN_POINT ( 'NONE',  ( -51.16268659334792801, 153.2999999999999545, 25.66268659334790669 ) ) ;
#2318 = ORIENTED_EDGE ( 'NONE', *, *, #5588, .F. ) ;
#2319 = FACE_BOUND ( 'NONE', #2545, .T. ) ;
#2320 = VERTEX_POINT ( 'NONE', #4134 ) ;
#2321 = FACE_OUTER_BOUND ( 'NONE', #2209, .T. ) ;
#2322 = ORIENTED_EDGE ( 'NONE', *, *, #5664, .T. ) ;
#2323 = AXIS2_PLACEMENT_3D ( 'NONE', #1320, #5943, #928 ) ;
#2324 = EDGE_CURVE ( 'NONE', #3924, #1874, #5529, .T. ) ;
#2325 = DIRECTION ( 'NONE',  ( 0.0000000000000000000, -0.9998476951563912696, 0.01745240643728406676 ) ) ;
#2326 = ORIENTED_EDGE ( 'NONE', *, *, #2591, .T. ) ;
#2327 = VECTOR ( 'NONE', #3150, 1000.000000000000000 ) ;
#2328 = ORIENTED_EDGE ( 'NONE', *, *, #3478, .T. ) ;
#2329 = CARTESIAN_POINT ( 'NONE',  ( 37.99999999999999289, 143.0000000000000000, 36.49134863155784814 ) ) ;
#2330 = CARTESIAN_POINT ( 'NONE',  ( -38.00000000000000711, 164.5003807621091596, 35.62470945781598886 ) ) ;
#2331 = EDGE_CURVE ( 'NONE', #1468, #5829, #4614, .T. ) ;
#2332 = CARTESIAN_POINT ( 'NONE',  ( 37.99999999999997868, 164.5003807621090459, 35.62470945781598886 ) ) ;
#2333 = VECTOR ( 'NONE', #1644, 1000.000000000000000 ) ;
#2334 = VERTEX_POINT ( 'NONE', #1922 ) ;
#2335 = CYLINDRICAL_SURFACE ( 'NONE', #193, 4.000000000000007105 ) ;
#2336 = SURFACE_STYLE_USAGE ( .BOTH. , #3825 ) ;
#2337 = EDGE_CURVE ( 'NONE', #4109, #2636, #3321, .T. ) ;
#2338 = DIRECTION ( 'NONE',  ( 1.000000000000000000, 8.061746710179082123E-17, 2.133637095002691028E-15 ) ) ;
#2339 = CARTESIAN_POINT ( 'NONE',  ( 88.20249266418997536, 142.9999999999999716, 36.20249266419000378 ) ) ;
#2340 = TOROIDAL_SURFACE ( 'NONE', #5746, 1.000000000000000000, 0.5000000000000000000 ) ;
#2341 = CARTESIAN_POINT ( 'NONE',  ( -37.00000000000003553, 152.8850363097216132, 29.32646591711055351 ) ) ;
#2342 = ORIENTED_EDGE ( 'NONE', *, *, #2647, .T. ) ;
#2343 = DIRECTION ( 'NONE',  ( 0.0000000000000000000, 0.01745240643728311267, 0.9998476951563913806 ) ) ;
#2344 = DIRECTION ( 'NONE',  ( -1.000000000000000000, 0.0000000000000000000, 6.938893903907227392E-16 ) ) ;
#2345 = VERTEX_POINT ( 'NONE', #4253 ) ;
#2346 = DIRECTION ( 'NONE',  ( 0.0000000000000000000, 1.000000000000000000, 0.0000000000000000000 ) ) ;
#2347 = VECTOR ( 'NONE', #4348, 1000.000000000000000 ) ;
#2348 = ORIENTED_EDGE ( 'NONE', *, *, #4603, .T. ) ;
#2349 = ADVANCED_FACE ( 'NONE', ( #1425 ), #3266, .T. ) ;
#2350 = CARTESIAN_POINT ( 'NONE',  ( -89.50000000000001421, 135.4999999999999716, 37.32287565553230024 ) ) ;
#2351 = AXIS2_PLACEMENT_3D ( 'NONE', #5627, #2445, #5221 ) ;
#2352 = ORIENTED_EDGE ( 'NONE', *, *, #3348, .F. ) ;
#2353 = PLANE ( 'NONE',  #1850 ) ;
#2354 = ORIENTED_EDGE ( 'NONE', *, *, #4163, .F. ) ;
#2355 = DIRECTION ( 'NONE',  ( -1.000000000000000000, 0.0000000000000000000, -9.130123557772672032E-16 ) ) ;
#2356 = AXIS2_PLACEMENT_3D ( 'NONE', #3744, #3298, #4728 ) ;
#2357 = ORIENTED_EDGE ( 'NONE', *, *, #2365, .F. ) ;
#2358 = EDGE_CURVE ( 'NONE', #557, #3391, #1183, .T. ) ;
#2359 = DIRECTION ( 'NONE',  ( -0.0000000000000000000, -1.000000000000000000, -0.0000000000000000000 ) ) ;
#2360 = ORIENTED_EDGE ( 'NONE', *, *, #2035, .T. ) ;
#2361 = VECTOR ( 'NONE', #794, 1000.000000000000000 ) ;
#2362 = CARTESIAN_POINT ( 'NONE',  ( -87.99142478397965306, 143.4912737967813143, -35.99142478397963885 ) ) ;
#2363 = CARTESIAN_POINT ( 'NONE',  ( -80.99999999999997158, 153.4999999999999716, 31.91264851713704331 ) ) ;
#2364 = STYLED_ITEM ( 'NONE', ( #1329 ), #5432 ) ;
#2365 = EDGE_CURVE ( 'NONE', #4907, #3239, #977, .T. ) ;
#2366 = CARTESIAN_POINT ( 'NONE',  ( 1.000000000000000888, 143.0000000000000000, 36.00000000000000711 ) ) ;
#2367 = AXIS2_PLACEMENT_3D ( 'NONE', #370, #4001, #4842 ) ;
#2368 = FACE_OUTER_BOUND ( 'NONE', #310, .T. ) ;
#2369 = CARTESIAN_POINT ( 'NONE',  ( -87.32537318669588444, 153.4999999999999716, 35.32537318669587734 ) ) ;
#2370 = CARTESIAN_POINT ( 'NONE',  ( 51.66268659334789959, 153.2999999999999545, 25.16268659334794222 ) ) ;
#2371 = EDGE_CURVE ( 'NONE', #3699, #4500, #4350, .T. ) ;
#2372 = EDGE_CURVE ( 'NONE', #445, #5480, #5107, .T. ) ;
#2373 = UNCERTAINTY_MEASURE_WITH_UNIT (LENGTH_MEASURE( 1.000000000000000082E-05 ), #4314, 'distance_accuracy_value', 'NONE');
#2374 = ORIENTED_EDGE ( 'NONE', *, *, #2393, .F. ) ;
#2375 = UNCERTAINTY_MEASURE_WITH_UNIT (LENGTH_MEASURE( 1.000000000000000082E-05 ), #4921, 'distance_accuracy_value', 'NONE');
#2376 = CARTESIAN_POINT ( 'NONE',  ( 87.30791812176764211, 153.9999999999999716, 15.50000000000000355 ) ) ;
#2377 = PLANE ( 'NONE',  #5846 ) ;
#2378 = CARTESIAN_POINT ( 'NONE',  ( -88.00000000000001421, 143.0000000000000000, 36.00000000000000711 ) ) ;
#2379 = ORIENTED_EDGE ( 'NONE', *, *, #5629, .T. ) ;
#2380 = DIRECTION ( 'NONE',  ( -0.0000000000000000000, -0.9998476951563911586, 0.01745240643728355329 ) ) ;
#2381 = VECTOR ( 'NONE', #253, 1000.000000000000000 ) ;
#2382 = VERTEX_POINT ( 'NONE', #4598 ) ;
#2383 = DIRECTION ( 'NONE',  ( 0.0000000000000000000, 0.0000000000000000000, 1.000000000000000000 ) ) ;
#2384 = ORIENTED_EDGE ( 'NONE', *, *, #4926, .T. ) ;
#2385 = CARTESIAN_POINT ( 'NONE',  ( 37.50010445763206945, 143.0000000000000000, 35.48648260605565241 ) ) ;
#2386 = AXIS2_PLACEMENT_3D ( 'NONE', #4145, #1821, #428 ) ;
#2387 = VECTOR ( 'NONE', #5674, 1000.000000000000000 ) ;
#2388 = CIRCLE ( 'NONE', #4322, 4.000000000000007105 ) ;
#2389 = ORIENTED_EDGE ( 'NONE', *, *, #3727, .T. ) ;
#2390 = ORIENTED_EDGE ( 'NONE', *, *, #940, .T. ) ;
#2391 = VECTOR ( 'NONE', #1234, 1000.000000000000000 ) ;
#2392 = SURFACE_STYLE_FILL_AREA ( #4673 ) ;
#2393 = EDGE_CURVE ( 'NONE', #2948, #1501, #499, .T. ) ;
#2394 = ORIENTED_EDGE ( 'NONE', *, *, #1729, .T. ) ;
#2395 = FACE_OUTER_BOUND ( 'NONE', #1106, .T. ) ;
#2396 = PRODUCT_DEFINITION ( 'UNKNOWN', '', #3837, #2697 ) ;
#2397 = DIRECTION ( 'NONE',  ( 0.0000000000000000000, 1.000000000000000000, 6.938893903907223447E-16 ) ) ;
#2398 = CARTESIAN_POINT ( 'NONE',  ( 85.16268659334791380, 153.5999999999999659, 33.16268659334792801 ) ) ;
#2399 = PRESENTATION_STYLE_ASSIGNMENT (( #4306 ) ) ;
#2400 = EDGE_CURVE ( 'NONE', #5508, #5155, #2904, .T. ) ;
#2401 = CYLINDRICAL_SURFACE ( 'NONE', #742, 4.000000000000007105 ) ;
#2402 =( BOUNDED_CURVE ( )  B_SPLINE_CURVE ( 3, ( #1001, #5204, #1032, #2832 ),
 .UNSPECIFIED., .F., .T. ) 
 B_SPLINE_CURVE_WITH_KNOTS ( ( 4, 4 ),
 ( 3.141592653589980522, 4.712388980384876191 ),
 .UNSPECIFIED. ) 
 CURVE ( )  GEOMETRIC_REPRESENTATION_ITEM ( )  RATIONAL_B_SPLINE_CURVE ( ( 1.000000000000000000, 0.8047378541243652705, 0.8047378541243652705, 1.000000000000000000 ) ) 
 REPRESENTATION_ITEM ( '' )  );
#2403 = CARTESIAN_POINT ( 'NONE',  ( -87.08972981016493975, 166.4999999999999716, 15.49999999999993427 ) ) ;
#2404 = DIRECTION ( 'NONE',  ( 0.0000000000000000000, -0.0000000000000000000, 1.000000000000000000 ) ) ;
#2405 = VERTEX_POINT ( 'NONE', #2431 ) ;
#2406 = DIRECTION ( 'NONE',  ( -6.607320121645428388E-16, 0.9998476951563911586, -0.01745240643728354635 ) ) ;
#2407 = ORIENTED_EDGE ( 'NONE', *, *, #252, .T. ) ;
#2408 = DIRECTION ( 'NONE',  ( -4.336808689942017736E-17, 0.9998476951563912696, -0.01745240643728337981 ) ) ;
#2409 = ADVANCED_FACE ( 'NONE', ( #4720 ), #3799, .T. ) ;
#2410 = SURFACE_STYLE_FILL_AREA ( #558 ) ;
#2411 = VECTOR ( 'NONE', #612, 1000.000000000000000 ) ;
#2412 = VERTEX_POINT ( 'NONE', #2959 ) ;
#2413 = CARTESIAN_POINT ( 'NONE',  ( 51.16268659334791380, 153.2999999999999545, 25.66268659334794222 ) ) ;
#2414 = VERTEX_POINT ( 'NONE', #4889 ) ;
#2415 = FILL_AREA_STYLE_COLOUR ( '', #1097 ) ;
#2416 = ORIENTED_EDGE ( 'NONE', *, *, #1815, .F. ) ;
#2417 = ADVANCED_FACE ( 'NONE', ( #640 ), #2537, .T. ) ;
#2418 = DIRECTION ( 'NONE',  ( 0.0000000000000000000, 0.0000000000000000000, 1.000000000000000000 ) ) ;
#2419 = ORIENTED_EDGE ( 'NONE', *, *, #5239, .F. ) ;
#2420 = VECTOR ( 'NONE', #4819, 1000.000000000000000 ) ;
#2421 = EDGE_LOOP ( 'NONE', ( #1075, #362, #4909, #3728 ) ) ;
#2422 = DIRECTION ( 'NONE',  ( -1.200283680671791875E-14, 0.0000000000000000000, 1.000000000000000000 ) ) ;
#2423 = CARTESIAN_POINT ( 'NONE',  ( -90.00000000000001421, 135.4999999999999716, 38.00000000000000711 ) ) ;
#2424 = ORIENTED_EDGE ( 'NONE', *, *, #3291, .T. ) ;
#2425 = DIRECTION ( 'NONE',  ( 0.0000000000000000000, 0.0000000000000000000, -1.000000000000000000 ) ) ;
#2426 = LINE ( 'NONE', #4302, #553 ) ;
#2427 = DIRECTION ( 'NONE',  ( -0.0000000000000000000, -1.000000000000000000, -6.938893903907222461E-16 ) ) ;
#2428 = LINE ( 'NONE', #2398, #5936 ) ;
#2429 = CARTESIAN_POINT ( 'NONE',  ( 87.99142478397962464, 143.4912737967813143, 35.99142478397965306 ) ) ;
#2430 = DIRECTION ( 'NONE',  ( -0.0000000000000000000, -1.000000000000000000, -0.0000000000000000000 ) ) ;
#2431 = CARTESIAN_POINT ( 'NONE',  ( -80.99999999999997158, 164.4999999999999716, 20.91264851713701844 ) ) ;
#2432 = ORIENTED_EDGE ( 'NONE', *, *, #2735, .F. ) ;
#2433 = DIRECTION ( 'NONE',  ( 0.0000000000000000000, -0.01745240643730164992, -0.9998476951563909365 ) ) ;
#2434 =( BOUNDED_CURVE ( )  B_SPLINE_CURVE ( 3, ( #4662, #2480, #1500, #5698 ),
 .UNSPECIFIED., .F., .T. ) 
 B_SPLINE_CURVE_WITH_KNOTS ( ( 4, 4 ),
 ( 3.141592653589797557, 4.712388980384702997 ),
 .UNSPECIFIED. ) 
 CURVE ( )  GEOMETRIC_REPRESENTATION_ITEM ( )  RATIONAL_B_SPLINE_CURVE ( ( 1.000000000000000000, 0.8047378541243628280, 0.8047378541243628280, 1.000000000000000000 ) ) 
 REPRESENTATION_ITEM ( '' )  );
#2435 = DIRECTION ( 'NONE',  ( 6.769652589177782893E-16, 0.0000000000000000000, -1.000000000000000000 ) ) ;
#2436 = VERTEX_POINT ( 'NONE', #5781 ) ;
#2437 = DIRECTION ( 'NONE',  ( 0.0000000000000000000, 0.01745240643728311267, 0.9998476951563913806 ) ) ;
#2438 = VECTOR ( 'NONE', #3270, 1000.000000000000000 ) ;
#2439 = ORIENTED_EDGE ( 'NONE', *, *, #4426, .T. ) ;
#2440 = EDGE_CURVE ( 'NONE', #242, #744, #764, .T. ) ;
#2441 = ORIENTED_EDGE ( 'NONE', *, *, #580, .F. ) ;
#2442 = AXIS2_PLACEMENT_3D ( 'NONE', #5690, #1007, #4227 ) ;
#2443 = DIRECTION ( 'NONE',  ( 1.000000000000000000, -0.0000000000000000000, -0.0000000000000000000 ) ) ;
#2444 = ORIENTED_EDGE ( 'NONE', *, *, #4710, .F. ) ;
#2445 = DIRECTION ( 'NONE',  ( -0.0000000000000000000, -1.000000000000000000, -0.0000000000000000000 ) ) ;
#2446 = EDGE_LOOP ( 'NONE', ( #5188, #3841, #2105, #2294 ) ) ;
#2447 = SURFACE_STYLE_USAGE ( .BOTH. , #4906 ) ;
#2448 = ADVANCED_FACE ( 'NONE', ( #1651 ), #3955, .F. ) ;
#2449 = ADVANCED_FACE ( 'NONE', ( #1098 ), #3025, .T. ) ;
#2450 = ORIENTED_EDGE ( 'NONE', *, *, #2983, .F. ) ;
#2451 = DIRECTION ( 'NONE',  ( 0.0000000000000000000, 0.0000000000000000000, 1.000000000000000000 ) ) ;
#2452 = ORIENTED_EDGE ( 'NONE', *, *, #2501, .F. ) ;
#2453 = MECHANICAL_DESIGN_GEOMETRIC_PRESENTATION_REPRESENTATION (  '', ( #5552 ), #364 ) ;
#2454 = DIRECTION ( 'NONE',  ( 3.035766082959409654E-15, 1.000000000000000000, 0.0000000000000000000 ) ) ;
#2455 = ORIENTED_EDGE ( 'NONE', *, *, #3305, .T. ) ;
#2456 = CARTESIAN_POINT ( 'NONE',  ( -87.58965365774314193, 166.5087262032186288, 14.99999999999993072 ) ) ;
#2457 = AXIS2_PLACEMENT_3D ( 'NONE', #5011, #2216, #3596 ) ;
#2458 = DIRECTION ( 'NONE',  ( 0.0000000000000000000, 0.0000000000000000000, -1.000000000000000000 ) ) ;
#2459 = CARTESIAN_POINT ( 'NONE',  ( 89.32287565553227182, 135.4999999999999716, -37.49999999999999289 ) ) ;
#2460 = DIRECTION ( 'NONE',  ( 1.000000000000000000, 0.0000000000000000000, 0.0000000000000000000 ) ) ;
#2461 = DIRECTION ( 'NONE',  ( -0.0000000000000000000, 1.000000000000000000, -0.0000000000000000000 ) ) ;
#2462 = VECTOR ( 'NONE', #4941, 1000.000000000000227 ) ;
#2463 = CARTESIAN_POINT ( 'NONE',  ( 89.99999999999998579, 143.0000000000000000, 38.00000000000000711 ) ) ;
#2464 = EDGE_CURVE ( 'NONE', #651, #4080, #5237, .T. ) ;
#2465 = DIRECTION ( 'NONE',  ( 0.0000000000000000000, 0.0000000000000000000, 1.000000000000000000 ) ) ;
#2466 = VERTEX_POINT ( 'NONE', #4310 ) ;
#2467 = VECTOR ( 'NONE', #2554, 1000.000000000000000 ) ;
#2468 = DIRECTION ( 'NONE',  ( 0.0000000000000000000, 0.0000000000000000000, 1.000000000000000000 ) ) ;
#2469 = DIRECTION ( 'NONE',  ( 1.000000000000000000, 0.0000000000000000000, 0.0000000000000000000 ) ) ;
#2470 = ORIENTED_EDGE ( 'NONE', *, *, #2937, .F. ) ;
#2471 =( LENGTH_UNIT ( ) NAMED_UNIT ( * ) SI_UNIT ( .MILLI., .METRE. ) );
#2472 = SURFACE_SIDE_STYLE ('',( #2410 ) ) ;
#2473 = EDGE_CURVE ( 'NONE', #1374, #4601, #1130, .T. ) ;
#2474 = ORIENTED_EDGE ( 'NONE', *, *, #4202, .T. ) ;
#2475 = CARTESIAN_POINT ( 'NONE',  ( -65.16268659334794222, 153.5999999999999659, 33.16268659334788538 ) ) ;
#2476 =( BOUNDED_SURFACE ( )  B_SPLINE_SURFACE ( 3, 2, ( 
 ( #3597, #828, #4100 ),
 ( #5504, #2220, #2664 ),
 ( #1340, #1759, #2723 ),
 ( #3127, #5468, #2635 ),
 ( #444, #4456, #358 ),
 ( #388, #4077, #1737 ) ),
 .UNSPECIFIED., .F., .F., .F. ) 
 B_SPLINE_SURFACE_WITH_KNOTS ( ( 4, 2, 4 ),
 ( 3, 3 ),
 ( 3.141592653589790451, 3.926990816987245392, 4.712388980384700332 ),
 ( 0.0000000000000000000, 1.000000000000000000 ),
 .UNSPECIFIED. ) 
 GEOMETRIC_REPRESENTATION_ITEM ( )  RATIONAL_B_SPLINE_SURFACE ( (
 ( 1.000000000000000000, 0.7132504491541878933, 1.000000000000000000),
 ( 1.000000000000000000, 0.7132613904365314728, 1.000000000000000000),
 ( 1.000000000000000000, 0.7125917778503161326, 1.000000000000000000),
 ( 1.000000000000000000, 0.7103212306922581654, 1.000000000000000000),
 ( 1.000000000000000000, 0.7087270008789601228, 1.000000000000000000),
 ( 1.000000000000000000, 0.7071067811865475727, 1.000000000000000000) ) ) 
 REPRESENTATION_ITEM ( '' )  SURFACE ( )  );
#2477 = LINE ( 'NONE', #5819, #778 ) ;
#2478 = ORIENTED_EDGE ( 'NONE', *, *, #2371, .T. ) ;
#2479 = MECHANICAL_DESIGN_GEOMETRIC_PRESENTATION_REPRESENTATION (  '', ( #1339 ), #5479 ) ;
#2480 = CARTESIAN_POINT ( 'NONE',  ( -1.500000000000021760, 163.9968424028096763, 35.42636042321400680 ) ) ;
#2481 = ORIENTED_EDGE ( 'NONE', *, *, #2182, .F. ) ;
#2482 = DIRECTION ( 'NONE',  ( 5.204170427930418917E-15, 0.01745240643728310226, 0.9998476951563913806 ) ) ;
#2483 = AXIS2_PLACEMENT_3D ( 'NONE', #1698, #3523, #1237 ) ;
#2484 = CARTESIAN_POINT ( 'NONE',  ( -89.32287565553230024, 143.0000000000000000, 37.50000000000000711 ) ) ;
#2485 = CARTESIAN_POINT ( 'NONE',  ( -87.30791812176767053, 154.0000000000000000, 15.49999999999993427 ) ) ;
#2486 = ORIENTED_EDGE ( 'NONE', *, *, #3926, .T. ) ;
#2487 = CARTESIAN_POINT ( 'NONE',  ( 51.66268659334789959, 153.2999999999999545, 21.69405962675105570 ) ) ;
#2488 = PRESENTATION_LAYER_ASSIGNMENT (  '', '', ( #2000 ) ) ;
#2489 = CIRCLE ( 'NONE', #1059, 1.000000000000000888 ) ;
#2490 = SURFACE_STYLE_USAGE ( .BOTH. , #4779 ) ;
#2491 = VECTOR ( 'NONE', #4168, 1000.000000000000114 ) ;
#2492 = EDGE_CURVE ( 'NONE', #4205, #4358, #5811, .T. ) ;
#2493 = ADVANCED_FACE ( 'NONE', ( #674 ), #2504, .F. ) ;
#2494 = ORIENTED_EDGE ( 'NONE', *, *, #1392, .T. ) ;
#2495 = AXIS2_PLACEMENT_3D ( 'NONE', #3581, #5423, #1296 ) ;
#2496 = CARTESIAN_POINT ( 'NONE',  ( -87.82529703427408663, 153.0087262032186288, 15.99999999999993427 ) ) ;
#2497 = CARTESIAN_POINT ( 'NONE',  ( -80.99999999999997158, 164.4999999999999716, 30.91264851713705752 ) ) ;
#2498 = PLANE ( 'NONE',  #1840 ) ;
#2499 =( LENGTH_UNIT ( ) NAMED_UNIT ( * ) SI_UNIT ( .MILLI., .METRE. ) );
#2500 = CARTESIAN_POINT ( 'NONE',  ( -65.16268659334794222, 153.5999999999999659, 18.16268659334788893 ) ) ;
#2501 = EDGE_CURVE ( 'NONE', #1492, #5908, #3491, .T. ) ;
#2502 = DIRECTION ( 'NONE',  ( 1.000000000000000000, 4.336148172972734633E-17, -7.568774789761209783E-19 ) ) ;
#2503 = ORIENTED_EDGE ( 'NONE', *, *, #5695, .F. ) ;
#2504 = CYLINDRICAL_SURFACE ( 'NONE', #46, 0.4999999999999918954 ) ;
#2505 = LINE ( 'NONE', #234, #2821 ) ;
#2506 = CARTESIAN_POINT ( 'NONE',  ( -41.00000000000000711, 153.4999999999999716, 35.99999999999998579 ) ) ;
#2507 = DIRECTION ( 'NONE',  ( 0.0000000000000000000, 0.0000000000000000000, 1.000000000000000000 ) ) ;
#2508 = CARTESIAN_POINT ( 'NONE',  ( 80.99999999999997158, 153.4999999999999716, 31.91264851713704331 ) ) ;
#2509 = FACE_OUTER_BOUND ( 'NONE', #1147, .T. ) ;
#2510 = DIRECTION ( 'NONE',  ( -6.607320121645429374E-16, 0.9998476951563913806, -0.01745240643728355676 ) ) ;
#2511 = VERTEX_POINT ( 'NONE', #5342 ) ;
#2512 = EDGE_CURVE ( 'NONE', #2849, #1374, #5606, .T. ) ;
#2513 = DIRECTION ( 'NONE',  ( -0.01745240643728354635, -0.9998476951563911586, -1.593426271528659736E-17 ) ) ;
#2514 = ORIENTED_EDGE ( 'NONE', *, *, #2059, .T. ) ;
#2515 = CARTESIAN_POINT ( 'NONE',  ( 37.86558988414404325, 142.9999999999999716, 35.99999999994957989 ) ) ;
#2516 = AXIS2_PLACEMENT_3D ( 'NONE', #3154, #5036, #32 ) ;
#2517 = SPHERICAL_SURFACE ( 'NONE', #3638, 2.000000000000000000 ) ;
#2518 = ORIENTED_EDGE ( 'NONE', *, *, #1548, .F. ) ;
#2519 = CARTESIAN_POINT ( 'NONE',  ( -37.50000000000007816, 143.0940449097486180, 35.97181904481116987 ) ) ;
#2520 = ORIENTED_EDGE ( 'NONE', *, *, #5058, .F. ) ;
#2521 = ADVANCED_FACE ( 'NONE', ( #3323 ), #3801, .T. ) ;
#2522 = SURFACE_STYLE_USAGE ( .BOTH. , #3433 ) ;
#2523 = FACE_OUTER_BOUND ( 'NONE', #2079, .T. ) ;
#2524 = ORIENTED_EDGE ( 'NONE', *, *, #4603, .F. ) ;
#2525 = STYLED_ITEM ( 'NONE', ( #628 ), #3261 ) ;
#2526 = DIRECTION ( 'NONE',  ( 5.781530897296977703E-16, 0.0000000000000000000, -1.000000000000000000 ) ) ;
#2527 = ADVANCED_FACE ( 'NONE', ( #3356 ), #1523, .F. ) ;
#2528 = DIRECTION ( 'NONE',  ( 0.0000000000000000000, -1.000000000000000000, 0.0000000000000000000 ) ) ;
#2529 = CARTESIAN_POINT ( 'NONE',  ( -37.50000000000004263, 152.8850363097216132, 29.32646591711055351 ) ) ;
#2530 = SURFACE_SIDE_STYLE ('',( #2064 ) ) ;
#2531 = AXIS2_PLACEMENT_3D ( 'NONE', #5515, #535, #987 ) ;
#2532 = CARTESIAN_POINT ( 'NONE',  ( -80.99999999999997158, 153.4999999999999716, 19.91264851713703266 ) ) ;
#2533 = CARTESIAN_POINT ( 'NONE',  ( 87.99999999999998579, 142.5000000000000000, -37.99999999999999289 ) ) ;
#2534 = AXIS2_PLACEMENT_3D ( 'NONE', #53, #133, #4246 ) ;
#2535 = VERTEX_POINT ( 'NONE', #4652 ) ;
#2536 = EDGE_CURVE ( 'NONE', #1635, #184, #5589, .T. ) ;
#2537 = PLANE ( 'NONE',  #601 ) ;
#2538 = CARTESIAN_POINT ( 'NONE',  ( -87.58107844172279499, 166.9999999999999716, -35.08972981016491843 ) ) ;
#2539 = DIRECTION ( 'NONE',  ( 0.0000000000000000000, -0.0000000000000000000, -1.000000000000000000 ) ) ;
#2540 = SPHERICAL_SURFACE ( 'NONE', #2848, 0.5000000000000000000 ) ;
#2541 = CARTESIAN_POINT ( 'NONE',  ( 37.13907163471125017, 143.0000000000000000, 36.00000000000001421 ) ) ;
#2542 = DIRECTION ( 'NONE',  ( 0.0000000000000000000, 1.000000000000000000, -0.0000000000000000000 ) ) ;
#2543 = ORIENTED_EDGE ( 'NONE', *, *, #3926, .F. ) ;
#2544 = DIRECTION ( 'NONE',  ( 0.0000000000000000000, 1.000000000000000000, -6.938893903907222461E-16 ) ) ;
#2545 = EDGE_LOOP ( 'NONE', ( #138, #1131, #958 ) ) ;
#2546 = CARTESIAN_POINT ( 'NONE',  ( 50.66268659334789959, 153.2999999999999545, 25.66268659334794933 ) ) ;
#2547 = AXIS2_PLACEMENT_3D ( 'NONE', #1904, #3780, #3425 ) ;
#2548 = CYLINDRICAL_SURFACE ( 'NONE', #4585, 0.5000000000000058842 ) ;
#2549 = ORIENTED_EDGE ( 'NONE', *, *, #1244, .T. ) ;
#2550 = CARTESIAN_POINT ( 'NONE',  ( -87.81574298815162649, 153.5560771390311743, 15.73456301068305585 ) ) ;
#2551 = VECTOR ( 'NONE', #4856, 1000.000000000000000 ) ;
#2552 = ORIENTED_EDGE ( 'NONE', *, *, #2372, .F. ) ;
#2553 = CARTESIAN_POINT ( 'NONE',  ( 87.37858577753277700, 166.9999999999999716, -35.37858577753275569 ) ) ;
#2554 = DIRECTION ( 'NONE',  ( 0.0000000000000000000, 0.0000000000000000000, -1.000000000000000000 ) ) ;
#2555 =( NAMED_UNIT ( * ) PLANE_ANGLE_UNIT ( ) SI_UNIT ( $, .RADIAN. ) );
#2556 = AXIS2_PLACEMENT_3D ( 'NONE', #3802, #1524, #5183 ) ;
#2557 = AXIS2_PLACEMENT_3D ( 'NONE', #2766, #2146, #2325 ) ;
#2558 = LINE ( 'NONE', #5774, #2670 ) ;
#2559 = DIRECTION ( 'NONE',  ( 1.000000000000000000, 0.0000000000000000000, 0.0000000000000000000 ) ) ;
#2560 = FACE_OUTER_BOUND ( 'NONE', #1395, .T. ) ;
#2561 = CARTESIAN_POINT ( 'NONE',  ( 87.99999999999998579, 153.9999999999999716, 16.00000000000000355 ) ) ;
#2562 = DIRECTION ( 'NONE',  ( 1.000000000000000000, -0.0000000000000000000, -0.0000000000000000000 ) ) ;
#2563 = EDGE_CURVE ( 'NONE', #4284, #5052, #3119, .T. ) ;
#2564 = CARTESIAN_POINT ( 'NONE',  ( -80.99999999999997158, 164.4999999999999716, 30.91264851713705752 ) ) ;
#2565 = DIRECTION ( 'NONE',  ( 0.0000000000000000000, 0.0000000000000000000, -1.000000000000000000 ) ) ;
#2566 = AXIS2_PLACEMENT_3D ( 'NONE', #1622, #1250, #3567 ) ;
#2567 = FILL_AREA_STYLE ('',( #1588 ) ) ;
#2568 = CARTESIAN_POINT ( 'NONE',  ( 18.99999999999999289, 152.7890480743165540, 23.82730359375048224 ) ) ;
#2569 = EDGE_CURVE ( 'NONE', #1200, #5933, #4622, .T. ) ;
#2570 = EDGE_CURVE ( 'NONE', #5307, #3273, #2899, .T. ) ;
#2571 = AXIS2_PLACEMENT_3D ( 'NONE', #2590, #789, #4504 ) ;
#2572 = CARTESIAN_POINT ( 'NONE',  ( 55.13131355994481453, 153.2999999999999545, 25.16268659334798485 ) ) ;
#2573 = CARTESIAN_POINT ( 'NONE',  ( -18.50000000000004974, 152.8413253664759281, 26.82226765572100646 ) ) ;
#2574 = ORIENTED_EDGE ( 'NONE', *, *, #2758, .F. ) ;
#2575 = CARTESIAN_POINT ( 'NONE',  ( -80.99999999999997158, 153.4999999999999716, 19.91264851713703266 ) ) ;
#2576 = VERTEX_POINT ( 'NONE', #4164 ) ;
#2577 = DIRECTION ( 'NONE',  ( 0.0000000000000000000, 0.0000000000000000000, -1.000000000000000000 ) ) ;
#2578 = FACE_OUTER_BOUND ( 'NONE', #3666, .T. ) ;
#2579 = ORIENTED_EDGE ( 'NONE', *, *, #3364, .T. ) ;
#2580 = CARTESIAN_POINT ( 'NONE',  ( -40.00000000000000711, 166.5087262032186288, 35.58965365774312772 ) ) ;
#2581 = VECTOR ( 'NONE', #199, 1000.000000000000000 ) ;
#2582 = ORIENTED_EDGE ( 'NONE', *, *, #3383, .T. ) ;
#2583 = CARTESIAN_POINT ( 'NONE',  ( -88.00000000000001421, 0.0000000000000000000, -37.99999999999999289 ) ) ;
#2584 = CARTESIAN_POINT ( 'NONE',  ( -37.63784952711634446, 143.0000000000000000, 36.49134863155784814 ) ) ;
#2585 = PLANE ( 'NONE',  #964 ) ;
#2586 = B_SPLINE_CURVE_WITH_KNOTS ( 'NONE', 3,
 ( #3513, #3103, #1286, #5353, #1741, #363, #3069, #3994 ),
 .UNSPECIFIED., .F., .F.,
 ( 4, 2, 2, 4 ),
 ( -8.944286221983803310E-06, 0.0007612254436492325079, 0.001146310308584849724, 0.001531395173520467157 ),
 .UNSPECIFIED. ) ;
#2587 = ORIENTED_EDGE ( 'NONE', *, *, #2864, .T. ) ;
#2588 = LINE ( 'NONE', #4817, #5684 ) ;
#2589 = VECTOR ( 'NONE', #790, 1000.000000000000000 ) ;
#2590 = CARTESIAN_POINT ( 'NONE',  ( -90.00000000000001421, 143.0000000000000000, -37.99999999999999289 ) ) ;
#2591 = EDGE_CURVE ( 'NONE', #2265, #2698, #2219, .T. ) ;
#2592 = CARTESIAN_POINT ( 'NONE',  ( -60.13429575874858557, 153.3412492140541303, 26.81354145250229237 ) ) ;
#2593 = VERTEX_POINT ( 'NONE', #5559 ) ;
#2594 = CARTESIAN_POINT ( 'NONE',  ( 51.66268659334789959, 153.4999999999999716, 25.66268659334794933 ) ) ;
#2595 = DIRECTION ( 'NONE',  ( -6.938893903907222067E-15, 0.0000000000000000000, 1.000000000000000000 ) ) ;
#2596 = PLANE ( 'NONE',  #5763 ) ;
#2597 = CIRCLE ( 'NONE', #3372, 0.5000000000000004441 ) ;
#2598 =( GEOMETRIC_REPRESENTATION_CONTEXT ( 3 ) GLOBAL_UNCERTAINTY_ASSIGNED_CONTEXT ( ( #3708 ) ) GLOBAL_UNIT_ASSIGNED_CONTEXT ( ( #4550, #424, #4930 ) ) REPRESENTATION_CONTEXT ( 'NONE', 'WORKASPACE' ) );
#2599 = CYLINDRICAL_SURFACE ( 'NONE', #94, 0.4999999999999990008 ) ;
#2600 =( LENGTH_UNIT ( ) NAMED_UNIT ( * ) SI_UNIT ( .MILLI., .METRE. ) );
#2601 = CIRCLE ( 'NONE', #4230, 0.5000000000000058842 ) ;
#2602 = ADVANCED_FACE ( 'NONE', ( #1428 ), #3269, .F. ) ;
#2603 = DIRECTION ( 'NONE',  ( 1.000000000000000000, 0.0000000000000000000, 0.0000000000000000000 ) ) ;
#2604 = CYLINDRICAL_SURFACE ( 'NONE', #5151, 0.5000000000000004441 ) ;
#2605 = DIRECTION ( 'NONE',  ( -0.0000000000000000000, 1.000000000000000000, -0.0000000000000000000 ) ) ;
#2606 = ORIENTED_EDGE ( 'NONE', *, *, #2100, .T. ) ;
#2607 = EDGE_CURVE ( 'NONE', #3456, #1992, #555, .T. ) ;
#2608 = CARTESIAN_POINT ( 'NONE',  ( -37.54765669778151960, 143.0000000000000000, 35.75150249534831204 ) ) ;
#2609 = DIRECTION ( 'NONE',  ( 0.0000000000000000000, 1.000000000000000000, -0.0000000000000000000 ) ) ;
#2610 = B_SPLINE_CURVE_WITH_KNOTS ( 'NONE', 3,
 ( #3329, #1011, #4660, #560, #5156, #2873, #4698, #3959 ),
 .UNSPECIFIED., .F., .F.,
 ( 4, 2, 2, 4 ),
 ( -8.944286221983815168E-06, 0.0007612254436492390131, 0.001146310308584850592, 0.001531395173520461953 ),
 .UNSPECIFIED. ) ;
#2611 = DIRECTION ( 'NONE',  ( 0.0000000000000000000, -0.01745240643730164992, -0.9998476951563909365 ) ) ;
#2612 = ORIENTED_EDGE ( 'NONE', *, *, #1610, .T. ) ;
#2613 = SPHERICAL_SURFACE ( 'NONE', #1444, 0.5000000000000000000 ) ;
#2614 = ORIENTED_EDGE ( 'NONE', *, *, #1695, .T. ) ;
#2615 = EDGE_CURVE ( 'NONE', #2414, #4500, #5339, .T. ) ;
#2616 = DIRECTION ( 'NONE',  ( -3.086847045131617692E-15, -0.9998476951563913806, 0.01745240643728354982 ) ) ;
#2617 = CARTESIAN_POINT ( 'NONE',  ( -82.99999999999997158, 153.4999999999999716, 19.91264851713703266 ) ) ;
#2618 = CARTESIAN_POINT ( 'NONE',  ( -90.00000000000001421, 135.4999999999999716, 38.00000000000000711 ) ) ;
#2619 = ORIENTED_EDGE ( 'NONE', *, *, #443, .F. ) ;
#2620 = LINE ( 'NONE', #694, #1902 ) ;
#2621 = PRESENTATION_LAYER_ASSIGNMENT (  '', '', ( #2114 ) ) ;
#2622 = LINE ( 'NONE', #3615, #2589 ) ;
#2623 = ORIENTED_EDGE ( 'NONE', *, *, #2844, .F. ) ;
#2624 = PRESENTATION_STYLE_ASSIGNMENT (( #2953 ) ) ;
#2625 = DIRECTION ( 'NONE',  ( -0.0000000000000000000, 1.000000000000000000, -0.0000000000000000000 ) ) ;
#2626 = CARTESIAN_POINT ( 'NONE',  ( -40.50000000000000711, 153.9999999999999716, 35.30791812176764921 ) ) ;
#2627 = STYLED_ITEM ( 'NONE', ( #4522 ), #3387 ) ;
#2628 = ADVANCED_FACE ( 'NONE', ( #1006 ), #2010, .F. ) ;
#2629 = DIRECTION ( 'NONE',  ( 0.0000000000000000000, 0.0000000000000000000, 1.000000000000000000 ) ) ;
#2630 = VECTOR ( 'NONE', #2979, 1000.000000000000000 ) ;
#2631 = CARTESIAN_POINT ( 'NONE',  ( 40.99999999999997868, 153.4999999999999716, 16.00000000000000711 ) ) ;
#2632 = CARTESIAN_POINT ( 'NONE',  ( 18.00000000000000711, 142.6858566841288791, 18.00274148718497003 ) ) ;
#2633 = DIRECTION ( 'NONE',  ( 0.0000000000000000000, 0.9998476951563912696, -0.01745240643728108304 ) ) ;
#2634 = ADVANCED_FACE ( 'NONE', ( #4827 ), #3060, .T. ) ;
#2635 = CARTESIAN_POINT ( 'NONE',  ( -40.55388656361834876, 153.7390066551950838, 35.31702943332597044 ) ) ;
#2636 = VERTEX_POINT ( 'NONE', #765 ) ;
#2637 = CARTESIAN_POINT ( 'NONE',  ( 87.99999999999998579, 143.0000000000000000, 36.00000000000000711 ) ) ;
#2638 = VERTEX_POINT ( 'NONE', #1706 ) ;
#2639 = PLANE ( 'NONE',  #3153 ) ;
#2640 = EDGE_CURVE ( 'NONE', #3142, #2265, #2995, .T. ) ;
#2641 = PLANE ( 'NONE',  #1047 ) ;
#2642 = ORIENTED_EDGE ( 'NONE', *, *, #3493, .T. ) ;
#2643 = DIRECTION ( 'NONE',  ( -1.000000000000000000, 0.0000000000000000000, 0.0000000000000000000 ) ) ;
#2644 = ORIENTED_EDGE ( 'NONE', *, *, #4294, .F. ) ;
#2645 = CARTESIAN_POINT ( 'NONE',  ( 51.66268659334789959, 153.4999999999999716, 29.63131355994483229 ) ) ;
#2646 = DIRECTION ( 'NONE',  ( -1.000000000000000000, 0.0000000000000000000, 0.0000000000000000000 ) ) ;
#2647 = EDGE_CURVE ( 'NONE', #5508, #2928, #675, .T. ) ;
#2648 = AXIS2_PLACEMENT_3D ( 'NONE', #2637, #2102, #5286 ) ;
#2649 = EDGE_CURVE ( 'NONE', #2872, #2909, #1216, .T. ) ;
#2650 = ORIENTED_EDGE ( 'NONE', *, *, #1016, .F. ) ;
#2651 = CARTESIAN_POINT ( 'NONE',  ( -47.19405962675104149, 153.2999999999999545, 25.16268659334786051 ) ) ;
#2652 = DIRECTION ( 'NONE',  ( -0.0000000000000000000, 1.000000000000000000, 0.0000000000000000000 ) ) ;
#2653 = ORIENTED_EDGE ( 'NONE', *, *, #268, .F. ) ;
#2654 = AXIS2_PLACEMENT_3D ( 'NONE', #1620, #797, #355 ) ;
#2655 = CARTESIAN_POINT ( 'NONE',  ( -80.99999999999997158, 164.4999999999999716, 30.91264851713705752 ) ) ;
#2656 = CARTESIAN_POINT ( 'NONE',  ( -47.19405962675104149, 153.2999999999999545, 25.16268659334786051 ) ) ;
#2657 = CARTESIAN_POINT ( 'NONE',  ( -24.50000000000006395, 153.3849601572997869, 29.31773971389194244 ) ) ;
#2658 = VECTOR ( 'NONE', #5075, 1000.000000000000000 ) ;
#2659 = CARTESIAN_POINT ( 'NONE',  ( 51.66268659334789959, 153.2999999999999545, 26.16268659334794577 ) ) ;
#2660 = CARTESIAN_POINT ( 'NONE',  ( 40.49999999999997868, 166.4999999999999716, 35.08972981016493264 ) ) ;
#2661 = ADVANCED_FACE ( 'NONE', ( #4855 ), #3919, .T. ) ;
#2662 = DIRECTION ( 'NONE',  ( 0.0000000000000000000, -1.000000000000000000, 0.0000000000000000000 ) ) ;
#2663 = MECHANICAL_DESIGN_GEOMETRIC_PRESENTATION_REPRESENTATION (  '', ( #3809 ), #5455 ) ;
#2664 = CARTESIAN_POINT ( 'NONE',  ( -40.86873265434802960, 153.4999999999999716, 35.32537318669405124 ) ) ;
#2665 = ORIENTED_EDGE ( 'NONE', *, *, #3727, .F. ) ;
#2666 = CARTESIAN_POINT ( 'NONE',  ( 51.66268659334789959, 153.2999999999999545, 29.63131355994482519 ) ) ;
#2667 = ORIENTED_EDGE ( 'NONE', *, *, #3608, .T. ) ;
#2668 = ADVANCED_FACE ( 'NONE', ( #1652 ), #703, .F. ) ;
#2669 = LINE ( 'NONE', #392, #1507 ) ;
#2670 = VECTOR ( 'NONE', #4713, 1000.000000000000000 ) ;
#2671 = DIRECTION ( 'NONE',  ( 0.0000000000000000000, 1.000000000000000000, -6.938893903907222461E-16 ) ) ;
#2672 = VERTEX_POINT ( 'NONE', #327 ) ;
#2673 = VERTEX_POINT ( 'NONE', #4428 ) ;
#2674 = PRESENTATION_LAYER_ASSIGNMENT (  '', '', ( #5866 ) ) ;
#2675 = FILL_AREA_STYLE_COLOUR ( '', #1576 ) ;
#2676 = EDGE_CURVE ( 'NONE', #935, #5042, #3122, .T. ) ;
#2677 = DIRECTION ( 'NONE',  ( 0.0000000000000000000, -0.0000000000000000000, 1.000000000000000000 ) ) ;
#2678 = AXIS2_PLACEMENT_3D ( 'NONE', #5291, #4773, #1173 ) ;
#2679 = ORIENTED_EDGE ( 'NONE', *, *, #2134, .F. ) ;
#2680 = CARTESIAN_POINT ( 'NONE',  ( 87.58965365774311351, 166.5087262032186288, 15.00000000000000355 ) ) ;
#2681 = ORIENTED_EDGE ( 'NONE', *, *, #1627, .T. ) ;
#2682 =( BOUNDED_SURFACE ( )  B_SPLINE_SURFACE ( 3, 2, ( 
 ( #5518, #3224, #4584 ),
 ( #484, #2515, #5734 ),
 ( #1502, #1144, #3428 ),
 ( #1936, #2847, #3845 ),
 ( #685, #180, #3812 ),
 ( #564, #2385, #3902 ) ),
 .UNSPECIFIED., .F., .F., .F. ) 
 B_SPLINE_SURFACE_WITH_KNOTS ( ( 4, 2, 4 ),
 ( 3, 3 ),
 ( 3.170375225757434785E-15, 0.7901105523778362283, 1.580221104755669348 ),
 ( 0.0000000000000000000, 1.000000000000000000 ),
 .UNSPECIFIED. ) 
 GEOMETRIC_REPRESENTATION_ITEM ( )  RATIONAL_B_SPLINE_SURFACE ( (
 ( 1.000000000000000000, 0.7132504491541878933, 1.000000000000000000),
 ( 1.000000000000000000, 0.7132616446087749473, 1.000000000000000000),
 ( 1.000000000000000000, 0.7125835084803844310, 1.000000000000000000),
 ( 1.000000000000000000, 0.7102885334710442589, 1.000000000000000000),
 ( 1.000000000000000000, 0.7086786371785354088, 1.000000000000000000),
 ( 1.000000000000000000, 0.7070486254068851784, 1.000000000000000000) ) ) 
 REPRESENTATION_ITEM ( '' )  SURFACE ( )  );
#2683 = AXIS2_PLACEMENT_3D ( 'NONE', #3365, #1166, #706 ) ;
#2684 = LINE ( 'NONE', #2714, #5584 ) ;
#2685 = AXIS2_PLACEMENT_3D ( 'NONE', #3473, #2629, #5809 ) ;
#2686 = ORIENTED_EDGE ( 'NONE', *, *, #850, .T. ) ;
#2687 = EDGE_CURVE ( 'NONE', #2405, #4162, #2070, .T. ) ;
#2688 = SURFACE_STYLE_FILL_AREA ( #1387 ) ;
#2689 = CIRCLE ( 'NONE', #4683, 2.499999999999998668 ) ;
#2690 = VECTOR ( 'NONE', #5607, 1000.000000000000000 ) ;
#2691 = COLOUR_RGB ( '',0.0000000000000000000, 0.0000000000000000000, 0.0000000000000000000 ) ;
#2692 = CARTESIAN_POINT ( 'NONE',  ( -40.50000000000000711, 166.4999999999999716, 35.08972981016493264 ) ) ;
#2693 = VECTOR ( 'NONE', #5078, 1000.000000000000000 ) ;
#2694 = VECTOR ( 'NONE', #1085, 1000.000000000000227 ) ;
#2695 = MECHANICAL_DESIGN_GEOMETRIC_PRESENTATION_REPRESENTATION (  '', ( #3643 ), #676 ) ;
#2696 = LINE ( 'NONE', #1281, #2206 ) ;
#2697 = PRODUCT_DEFINITION_CONTEXT ( 'detailed design', #4687, 'design' ) ;
#2698 = VERTEX_POINT ( 'NONE', #5240 ) ;
#2699 = CARTESIAN_POINT ( 'NONE',  ( 40.49999999999997868, 153.9999999999999716, 35.30791812176765632 ) ) ;
#2700 = EDGE_LOOP ( 'NONE', ( #2667, #1319, #3686, #1993 ) ) ;
#2701 = CARTESIAN_POINT ( 'NONE',  ( -88.46147404279064119, 142.7313552011698903, -37.96049171198665562 ) ) ;
#2702 = CARTESIAN_POINT ( 'NONE',  ( -1.000000000000022871, 163.9917307113122149, 35.13351181345643681 ) ) ;
#2703 = ORIENTED_EDGE ( 'NONE', *, *, #1852, .T. ) ;
#2704 = ADVANCED_FACE ( 'NONE', ( #3094 ), #2124, .T. ) ;
#2705 = DIRECTION ( 'NONE',  ( 0.0000000000000000000, 0.0000000000000000000, 1.000000000000000000 ) ) ;
#2706 = ORIENTED_EDGE ( 'NONE', *, *, #868, .T. ) ;
#2707 = CARTESIAN_POINT ( 'NONE',  ( 37.49999999999998579, 152.8850363097216132, 29.32646591711063166 ) ) ;
#2708 = DIRECTION ( 'NONE',  ( 1.135633145907808066E-16, -0.9998476951563911586, 0.01745240643728373023 ) ) ;
#2709 = ORIENTED_EDGE ( 'NONE', *, *, #3291, .F. ) ;
#2710 = DIRECTION ( 'NONE',  ( 0.0000000000000000000, 0.0000000000000000000, 1.000000000000000000 ) ) ;
#2711 = ORIENTED_EDGE ( 'NONE', *, *, #4814, .F. ) ;
#2712 = CARTESIAN_POINT ( 'NONE',  ( 37.25574958525594838, 143.0016833970298080, 36.09644175124661558 ) ) ;
#2713 = DIRECTION ( 'NONE',  ( 0.0000000000000000000, 0.0000000000000000000, -1.000000000000000000 ) ) ;
#2714 = CARTESIAN_POINT ( 'NONE',  ( 87.58107844172276657, 166.5087262032186288, -35.58965365774311351 ) ) ;
#2715 = ORIENTED_EDGE ( 'NONE', *, *, #727, .F. ) ;
#2716 = LINE ( 'NONE', #5897, #3180 ) ;
#2717 = AXIS2_PLACEMENT_3D ( 'NONE', #4979, #3656, #2153 ) ;
#2718 = DIRECTION ( 'NONE',  ( 0.0000000000000000000, -1.000000000000000000, 0.0000000000000000000 ) ) ;
#2719 = CARTESIAN_POINT ( 'NONE',  ( 89.99999999999992895, 143.0000000000000000, -37.49999999999999289 ) ) ;
#2720 = EDGE_CURVE ( 'NONE', #1259, #3199, #5275, .T. ) ;
#2721 = EDGE_CURVE ( 'NONE', #5043, #5095, #2505, .T. ) ;
#2722 = VECTOR ( 'NONE', #4389, 1000.000000000000000 ) ;
#2723 = CARTESIAN_POINT ( 'NONE',  ( -40.73900665519513353, 153.5538865636182777, 35.32349199976293619 ) ) ;
#2724 = ORIENTED_EDGE ( 'NONE', *, *, #5035, .T. ) ;
#2725 = CARTESIAN_POINT ( 'NONE',  ( -90.00000000000001421, 136.9999999999999716, 38.00000000000000711 ) ) ;
#2726 = ORIENTED_EDGE ( 'NONE', *, *, #4241, .F. ) ;
#2727 = DIRECTION ( 'NONE',  ( -1.000000000000000000, 0.0000000000000000000, -0.0000000000000000000 ) ) ;
#2728 = DIRECTION ( 'NONE',  ( 0.0000000000000000000, -1.000000000000000000, 0.0000000000000000000 ) ) ;
#2729 = ORIENTED_EDGE ( 'NONE', *, *, #1357, .T. ) ;
#2730 = CARTESIAN_POINT ( 'NONE',  ( 40.99999999999997868, 153.9999999999999716, 16.00000000000000711 ) ) ;
#2731 = ORIENTED_EDGE ( 'NONE', *, *, #1405, .F. ) ;
#2732 = DIRECTION ( 'NONE',  ( 0.0000000000000000000, 0.0000000000000000000, 1.000000000000000000 ) ) ;
#2733 = ORIENTED_EDGE ( 'NONE', *, *, #4483, .T. ) ;
#2734 = CARTESIAN_POINT ( 'NONE',  ( -87.82529703427408663, 153.0087262032186288, 35.82529703427406531 ) ) ;
#2735 = EDGE_CURVE ( 'NONE', #4638, #423, #239, .T. ) ;
#2736 = EDGE_LOOP ( 'NONE', ( #4809, #1068 ) ) ;
#2737 = DIRECTION ( 'NONE',  ( 1.000000000000000000, 0.0000000000000000000, 0.0000000000000000000 ) ) ;
#2738 = ORIENTED_EDGE ( 'NONE', *, *, #2134, .T. ) ;
#2739 = CARTESIAN_POINT ( 'NONE',  ( 37.28386288723194752, 143.0021332778921987, 36.12221540859051316 ) ) ;
#2740 = CARTESIAN_POINT ( 'NONE',  ( -19.00000000000005329, 152.8413253664759281, 26.82226765572100646 ) ) ;
#2741 = DIRECTION ( 'NONE',  ( -1.000000000000000000, 0.0000000000000000000, 1.000236400559824643E-14 ) ) ;
#2742 = ORIENTED_EDGE ( 'NONE', *, *, #3854, .T. ) ;
#2743 = DIRECTION ( 'NONE',  ( -1.000000000000000000, 0.0000000000000000000, -0.0000000000000000000 ) ) ;
#2744 = EDGE_CURVE ( 'NONE', #2948, #5810, #5308, .T. ) ;
#2745 = AXIS2_PLACEMENT_3D ( 'NONE', #30, #5404, #5464 ) ;
#2746 = FILL_AREA_STYLE ('',( #3593 ) ) ;
#2747 = DIRECTION ( 'NONE',  ( 0.0000000000000000000, 0.0000000000000000000, 1.000000000000000000 ) ) ;
#2748 = FACE_OUTER_BOUND ( 'NONE', #2284, .T. ) ;
#2749 = ADVANCED_FACE ( 'NONE', ( #5377 ), #1246, .F. ) ;
#2750 = CARTESIAN_POINT ( 'NONE',  ( -40.00000000000000711, 166.9999999999999716, 35.08972981016493264 ) ) ;
#2751 = LINE ( 'NONE', #4569, #890 ) ;
#2752 = VERTEX_POINT ( 'NONE', #1361 ) ;
#2753 = VECTOR ( 'NONE', #5279, 1000.000000000000000 ) ;
#2754 = CYLINDRICAL_SURFACE ( 'NONE', #5442, 0.4999999999999990008 ) ;
#2755 = ORIENTED_EDGE ( 'NONE', *, *, #48, .T. ) ;
#2756 = ADVANCED_FACE ( 'NONE', ( #2213 ), #1807, .F. ) ;
#2757 = DIRECTION ( 'NONE',  ( 0.0000000000000000000, 1.000000000000000000, -0.0000000000000000000 ) ) ;
#2758 = EDGE_CURVE ( 'NONE', #399, #3456, #853, .T. ) ;
#2759 = VECTOR ( 'NONE', #1457, 1000.000000000000000 ) ;
#2760 = DIRECTION ( 'NONE',  ( -0.0000000000000000000, -1.000000000000000000, 0.0000000000000000000 ) ) ;
#2761 = ORIENTED_EDGE ( 'NONE', *, *, #4833, .F. ) ;
#2762 = FACE_BOUND ( 'NONE', #1403, .T. ) ;
#2763 = ORIENTED_EDGE ( 'NONE', *, *, #4524, .T. ) ;
#2764 = EDGE_LOOP ( 'NONE', ( #2130, #3695, #1903, #803 ) ) ;
#2765 = CARTESIAN_POINT ( 'NONE',  ( -89.32287565553230024, 135.4999999999999716, -37.49999999999999289 ) ) ;
#2766 = CARTESIAN_POINT ( 'NONE',  ( -19.00000000000003908, 152.6843336356928376, 17.82821742281213062 ) ) ;
#2767 = CIRCLE ( 'NONE', #4777, 0.5000000000000004441 ) ;
#2768 = ORIENTED_EDGE ( 'NONE', *, *, #5934, .F. ) ;
#2769 = FILL_AREA_STYLE ('',( #2269 ) ) ;
#2770 = AXIS2_PLACEMENT_3D ( 'NONE', #4523, #5655, #1989 ) ;
#2771 = DIRECTION ( 'NONE',  ( -0.0000000000000000000, 1.000000000000000000, -0.0000000000000000000 ) ) ;
#2772 = LINE ( 'NONE', #2363, #5181 ) ;
#2773 = AXIS2_PLACEMENT_3D ( 'NONE', #3995, #2195, #3967 ) ;
#2774 = FACE_OUTER_BOUND ( 'NONE', #3968, .T. ) ;
#2775 = EDGE_CURVE ( 'NONE', #819, #2673, #238, .T. ) ;
#2776 = VECTOR ( 'NONE', #382, 1000.000000000000000 ) ;
#2777 = DIRECTION ( 'NONE',  ( -1.734723475976803939E-15, 0.0000000000000000000, 1.000000000000000000 ) ) ;
#2778 = PRESENTATION_STYLE_ASSIGNMENT (( #3235 ) ) ;
#2779 = AXIS2_PLACEMENT_3D ( 'NONE', #4216, #3733, #3264 ) ;
#2780 = VECTOR ( 'NONE', #1408, 1000.000000000000000 ) ;
#2781 = EDGE_CURVE ( 'NONE', #5382, #2414, #5928, .T. ) ;
#2782 = DIRECTION ( 'NONE',  ( -1.000000000000000000, 0.0000000000000000000, 0.0000000000000000000 ) ) ;
#2783 = VECTOR ( 'NONE', #3864, 1000.000000000000000 ) ;
#2784 = ORIENTED_EDGE ( 'NONE', *, *, #5597, .F. ) ;
#2785 = VECTOR ( 'NONE', #196, 1000.000000000000114 ) ;
#2786 = DIRECTION ( 'NONE',  ( -0.0000000000000000000, -0.0000000000000000000, 1.000000000000000000 ) ) ;
#2787 = EDGE_LOOP ( 'NONE', ( #172, #2474, #5789, #2312, #1743, #5397 ) ) ;
#2788 = CARTESIAN_POINT ( 'NONE',  ( -95.90448750123042032, 153.2999999999999545, 25.66268659334794933 ) ) ;
#2789 = ORIENTED_EDGE ( 'NONE', *, *, #2512, .T. ) ;
#2790 = DIRECTION ( 'NONE',  ( 0.0000000000000000000, 0.9998476951563912696, -0.01745240643728108304 ) ) ;
#2791 = ADVANCED_FACE ( 'NONE', ( #465 ), #4072, .F. ) ;
#2792 = ORIENTED_EDGE ( 'NONE', *, *, #2536, .F. ) ;
#2793 = ORIENTED_EDGE ( 'NONE', *, *, #2324, .F. ) ;
#2794 = FILL_AREA_STYLE_COLOUR ( '', #5641 ) ;
#2795 = EDGE_LOOP ( 'NONE', ( #3633, #3474, #3750, #2768 ) ) ;
#2796 = EDGE_CURVE ( 'NONE', #3904, #3833, #4633, .T. ) ;
#2797 = VERTEX_POINT ( 'NONE', #384 ) ;
#2798 = CARTESIAN_POINT ( 'NONE',  ( 37.49999999999999289, 143.0048233725370892, 36.27633082758126193 ) ) ;
#2799 = CARTESIAN_POINT ( 'NONE',  ( -90.00000000000001421, 136.9999999999999716, 38.00000000000000711 ) ) ;
#2800 = CARTESIAN_POINT ( 'NONE',  ( -40.49999999999999289, 153.4999999999999716, 15.99999999999997691 ) ) ;
#2801 = VERTEX_POINT ( 'NONE', #2659 ) ;
#2802 = DIRECTION ( 'NONE',  ( 3.303660060822714983E-15, 0.9998476951563911586, -0.01745240643728354635 ) ) ;
#2803 = CARTESIAN_POINT ( 'NONE',  ( -80.99999999999997158, 153.4999999999999716, 31.91264851713704331 ) ) ;
#2804 = DIRECTION ( 'NONE',  ( 0.0000000000000000000, 0.0000000000000000000, 1.000000000000000000 ) ) ;
#2805 = DIRECTION ( 'NONE',  ( -0.01745240643730189278, -0.9998476951563910475, 0.0000000000000000000 ) ) ;
#2806 = EDGE_CURVE ( 'NONE', #3128, #5810, #823, .T. ) ;
#2807 = CARTESIAN_POINT ( 'NONE',  ( 47.19405962675103439, 153.2999999999999545, 25.16268659334789604 ) ) ;
#2808 = EDGE_LOOP ( 'NONE', ( #1202, #5694, #952, #5626 ) ) ;
#2809 = VECTOR ( 'NONE', #5721, 1000.000000000000000 ) ;
#2810 = CARTESIAN_POINT ( 'NONE',  ( -82.99999999999997158, 163.4999999999999716, 30.91264851713705752 ) ) ;
#2811 =( LENGTH_UNIT ( ) NAMED_UNIT ( * ) SI_UNIT ( .MILLI., .METRE. ) );
#2812 = EDGE_LOOP ( 'NONE', ( #359, #5069, #5624, #4235 ) ) ;
#2813 = CARTESIAN_POINT ( 'NONE',  ( -37.17898338946796599, 143.0004322879135259, 36.02476575797376768 ) ) ;
#2814 = EDGE_CURVE ( 'NONE', #2296, #5458, #4048, .T. ) ;
#2815 = VECTOR ( 'NONE', #1385, 1000.000000000000114 ) ;
#2816 = VERTEX_POINT ( 'NONE', #1829 ) ;
#2817 = CARTESIAN_POINT ( 'NONE',  ( -80.99999999999997158, 158.9999999999999716, 28.41264851713703621 ) ) ;
#2818 = ORIENTED_EDGE ( 'NONE', *, *, #4474, .T. ) ;
#2819 = DIRECTION ( 'NONE',  ( 0.0000000000000000000, 0.0000000000000000000, 1.000000000000000000 ) ) ;
#2820 = ORIENTED_EDGE ( 'NONE', *, *, #788, .T. ) ;
#2821 = VECTOR ( 'NONE', #3985, 1000.000000000000000 ) ;
#2822 = CARTESIAN_POINT ( 'NONE',  ( -60.13429575874858557, 152.8937625129402704, 29.82638976468869885 ) ) ;
#2823 = ADVANCED_FACE ( 'NONE', ( #1778 ), #3621, .F. ) ;
#2824 = ORIENTED_EDGE ( 'NONE', *, *, #1695, .F. ) ;
#2825 = VERTEX_POINT ( 'NONE', #1 ) ;
#2826 = FACE_OUTER_BOUND ( 'NONE', #4337, .T. ) ;
#2827 = CARTESIAN_POINT ( 'NONE',  ( 40.99999999999997868, 153.4999999999999716, 15.50000000000000355 ) ) ;
#2828 = EDGE_CURVE ( 'NONE', #5558, #1907, #1219, .T. ) ;
#2829 = ORIENTED_EDGE ( 'NONE', *, *, #769, .T. ) ;
#2830 = CARTESIAN_POINT ( 'NONE',  ( 89.99999999999992895, 143.0000000000000000, 37.50000000000000711 ) ) ;
#2831 = CARTESIAN_POINT ( 'NONE',  ( -87.99142478397965306, 143.4912737967813143, 35.99142478397965306 ) ) ;
#2832 = CARTESIAN_POINT ( 'NONE',  ( -37.50000000000007816, 143.5000000000000000, 35.49119630351393795 ) ) ;
#2833 = CARTESIAN_POINT ( 'NONE',  ( -60.13429575874858557, 153.3849601572997869, 29.31773971389186428 ) ) ;
#2834 = DIRECTION ( 'NONE',  ( -1.000000000000000000, 0.0000000000000000000, 0.0000000000000000000 ) ) ;
#2835 = VECTOR ( 'NONE', #919, 1000.000000000000000 ) ;
#2836 = SURFACE_STYLE_FILL_AREA ( #3706 ) ;
#2837 = VERTEX_POINT ( 'NONE', #2150 ) ;
#2838 =( NAMED_UNIT ( * ) PLANE_ANGLE_UNIT ( ) SI_UNIT ( $, .RADIAN. ) );
#2839 = VECTOR ( 'NONE', #2184, 1000.000000000000000 ) ;
#2840 = ORIENTED_EDGE ( 'NONE', *, *, #1441, .F. ) ;
#2841 = LINE ( 'NONE', #1530, #1734 ) ;
#2842 = STYLED_ITEM ( 'NONE', ( #2624 ), #4376 ) ;
#2843 = ORIENTED_EDGE ( 'NONE', *, *, #4833, .T. ) ;
#2844 = EDGE_CURVE ( 'NONE', #4907, #2382, #972, .T. ) ;
#2845 = CARTESIAN_POINT ( 'NONE',  ( -87.08972981016493975, 166.4999999999999716, 14.99999999999993427 ) ) ;
#2846 = VERTEX_POINT ( 'NONE', #1977 ) ;
#2847 = CARTESIAN_POINT ( 'NONE',  ( 37.54765669777955850, 143.0000000000000000, 35.75150249534918601 ) ) ;
#2848 = AXIS2_PLACEMENT_3D ( 'NONE', #3922, #2999, #4858 ) ;
#2849 = VERTEX_POINT ( 'NONE', #4619 ) ;
#2850 = LINE ( 'NONE', #4176, #2780 ) ;
#2851 = EDGE_LOOP ( 'NONE', ( #2455, #1452, #1344, #3353 ) ) ;
#2852 = ADVANCED_FACE ( 'NONE', ( #5580 ), #520, .F. ) ;
#2853 = AXIS2_PLACEMENT_3D ( 'NONE', #5089, #2805, #387 ) ;
#2854 = CARTESIAN_POINT ( 'NONE',  ( -95.90448750123042032, 153.2999999999999545, 26.16268659334617297 ) ) ;
#2855 = CARTESIAN_POINT ( 'NONE',  ( 65.16268659334791380, 153.5999999999999659, 33.16268659334794222 ) ) ;
#2856 = FILL_AREA_STYLE_COLOUR ( '', #4045 ) ;
#2857 = COLOUR_RGB ( '',0.2470588235294117752, 0.2470588235294117752, 0.2470588235294117752 ) ;
#2858 = ORIENTED_EDGE ( 'NONE', *, *, #3563, .F. ) ;
#2859 = DIRECTION ( 'NONE',  ( -0.0000000000000000000, 1.000000000000000000, -0.0000000000000000000 ) ) ;
#2860 = EDGE_CURVE ( 'NONE', #3293, #1851, #1825, .T. ) ;
#2861 = PLANE ( 'NONE',  #2534 ) ;
#2862 = DIRECTION ( 'NONE',  ( 0.0000000000000000000, -1.000000000000000000, -6.938893903907222461E-16 ) ) ;
#2863 = CARTESIAN_POINT ( 'NONE',  ( 88.49134863155782682, 143.0000000000000000, 36.49134863155784814 ) ) ;
#2864 = EDGE_CURVE ( 'NONE', #2228, #4415, #1917, .T. ) ;
#2865 = ORIENTED_EDGE ( 'NONE', *, *, #1892, .T. ) ;
#2866 = UNCERTAINTY_MEASURE_WITH_UNIT (LENGTH_MEASURE( 1.000000000000000082E-05 ), #2600, 'distance_accuracy_value', 'NONE');
#2867 = VERTEX_POINT ( 'NONE', #4185 ) ;
#2868 = CARTESIAN_POINT ( 'NONE',  ( -37.50000000000000711, 163.6863135986598365, 17.63617714821959126 ) ) ;
#2869 = VECTOR ( 'NONE', #5400, 1000.000000000000000 ) ;
#2870 = VECTOR ( 'NONE', #160, 1000.000000000000000 ) ;
#2871 = COLOUR_RGB ( '',0.8980392156862745390, 0.8980392156862745390, 0.8980392156862745390 ) ;
#2872 = VERTEX_POINT ( 'NONE', #1888 ) ;
#2873 = CARTESIAN_POINT ( 'NONE',  ( -89.12257414551439183, 142.9790346634358968, 37.66000269403289025 ) ) ;
#2874 = VECTOR ( 'NONE', #317, 1000.000000000000000 ) ;
#2875 = ORIENTED_EDGE ( 'NONE', *, *, #1148, .T. ) ;
#2876 = LINE ( 'NONE', #2018, #3121 ) ;
#2877 = ORIENTED_EDGE ( 'NONE', *, *, #4189, .F. ) ;
#2878 = CARTESIAN_POINT ( 'NONE',  ( -18.50000000000004974, 142.8428484149120266, 26.99679172009384232 ) ) ;
#2879 = MECHANICAL_DESIGN_GEOMETRIC_PRESENTATION_REPRESENTATION (  '', ( #4692 ), #2598 ) ;
#2880 = ADVANCED_FACE ( 'NONE', ( #1030 ), #2861, .T. ) ;
#2881 = ORIENTED_EDGE ( 'NONE', *, *, #516, .F. ) ;
#2882 = ORIENTED_EDGE ( 'NONE', *, *, #3089, .F. ) ;
#2883 = AXIS2_PLACEMENT_3D ( 'NONE', #5348, #3031, #4378 ) ;
#2884 = DIRECTION ( 'NONE',  ( 0.0000000000000000000, 0.0000000000000000000, -1.000000000000000000 ) ) ;
#2885 = CARTESIAN_POINT ( 'NONE',  ( 37.70710678118653192, 164.2075321523514617, 35.62982114931345023 ) ) ;
#2886 = EDGE_CURVE ( 'NONE', #2593, #2535, #3345, .T. ) ;
#2887 = ORIENTED_EDGE ( 'NONE', *, *, #4727, .T. ) ;
#2888 = CARTESIAN_POINT ( 'NONE',  ( 51.16268659334791380, 153.2999999999999545, 25.66268659334794222 ) ) ;
#2889 = DIRECTION ( 'NONE',  ( 1.000000000000000000, 0.0000000000000000000, 0.0000000000000000000 ) ) ;
#2890 = DIRECTION ( 'NONE',  ( 0.0000000000000000000, 0.0000000000000000000, -1.000000000000000000 ) ) ;
#2891 = CARTESIAN_POINT ( 'NONE',  ( 87.80784196934583008, 154.0087262032186288, 15.00000000000000355 ) ) ;
#2892 = FILL_AREA_STYLE_COLOUR ( '', #2871 ) ;
#2893 = DIRECTION ( 'NONE',  ( -1.000000000000000000, 0.0000000000000000000, 0.0000000000000000000 ) ) ;
#2894 = EDGE_CURVE ( 'NONE', #2320, #2672, #1418, .T. ) ;
#2895 =( NAMED_UNIT ( * ) SI_UNIT ( $, .STERADIAN. ) SOLID_ANGLE_UNIT ( ) );
#2896 = VERTEX_POINT ( 'NONE', #4714 ) ;
#2897 = CARTESIAN_POINT ( 'NONE',  ( 80.99999999999997158, 153.4999999999999716, 19.91264851713703266 ) ) ;
#2898 = ORIENTED_EDGE ( 'NONE', *, *, #3262, .F. ) ;
#2899 = LINE ( 'NONE', #1099, #5415 ) ;
#2900 = CARTESIAN_POINT ( 'NONE',  ( -90.00000000000001421, 135.4999999999999716, -37.99999999999999289 ) ) ;
#2901 = ORIENTED_EDGE ( 'NONE', *, *, #3346, .F. ) ;
#2902 = CARTESIAN_POINT ( 'NONE',  ( -40.00000000000000711, 142.9912737967813428, 35.50007615242181203 ) ) ;
#2903 = FACE_OUTER_BOUND ( 'NONE', #513, .T. ) ;
#2904 = CIRCLE ( 'NONE', #5409, 0.5000000000000004441 ) ;
#2905 = EDGE_LOOP ( 'NONE', ( #2681, #4137, #5110, #909 ) ) ;
#2906 = CARTESIAN_POINT ( 'NONE',  ( -37.50000000000000711, 163.9968424028097616, 35.42636042321400680 ) ) ;
#2907 = ORIENTED_EDGE ( 'NONE', *, *, #2400, .F. ) ;
#2908 = CARTESIAN_POINT ( 'NONE',  ( -85.16268659334794222, 153.5999999999999659, 18.16268659334786761 ) ) ;
#2909 = VERTEX_POINT ( 'NONE', #3732 ) ;
#2910 = CARTESIAN_POINT ( 'NONE',  ( -37.50000000000004263, 153.8848840048779891, 29.30901351067327454 ) ) ;
#2911 = VECTOR ( 'NONE', #2009, 1000.000000000000000 ) ;
#2912 = LINE ( 'NONE', #3514, #3073 ) ;
#2913 = CARTESIAN_POINT ( 'NONE',  ( 82.99999999999997158, 158.9999999999999716, 28.41264851713703621 ) ) ;
#2914 = MECHANICAL_DESIGN_GEOMETRIC_PRESENTATION_REPRESENTATION (  '', ( #1847 ), #1377 ) ;
#2915 = ORIENTED_EDGE ( 'NONE', *, *, #1389, .T. ) ;
#2916 = FACE_OUTER_BOUND ( 'NONE', #1974, .T. ) ;
#2917 = EDGE_CURVE ( 'NONE', #5127, #978, #1087, .T. ) ;
#2918 =( LENGTH_UNIT ( ) NAMED_UNIT ( * ) SI_UNIT ( .MILLI., .METRE. ) );
#2919 = CIRCLE ( 'NONE', #2323, 4.000000000000007105 ) ;
#2920 = ORIENTED_EDGE ( 'NONE', *, *, #901, .T. ) ;
#2921 =( NAMED_UNIT ( * ) SI_UNIT ( $, .STERADIAN. ) SOLID_ANGLE_UNIT ( ) );
#2922 = CARTESIAN_POINT ( 'NONE',  ( -40.50000000000000711, 153.4880756386315852, 35.31685379473367448 ) ) ;
#2923 = LINE ( 'NONE', #576, #3617 ) ;
#2924 = CYLINDRICAL_SURFACE ( 'NONE', #5784, 2.499999999999998668 ) ;
#2925 = CARTESIAN_POINT ( 'NONE',  ( -65.16268659334794222, 153.5999999999999659, 33.16268659334788538 ) ) ;
#2926 = VERTEX_POINT ( 'NONE', #163 ) ;
#2927 = DIRECTION ( 'NONE',  ( -1.000000000000000000, 0.0000000000000000000, 0.0000000000000000000 ) ) ;
#2928 = VERTEX_POINT ( 'NONE', #5111 ) ;
#2929 = EDGE_CURVE ( 'NONE', #4461, #895, #5926, .T. ) ;
#2930 = FACE_OUTER_BOUND ( 'NONE', #1371, .T. ) ;
#2931 = VERTEX_POINT ( 'NONE', #1000 ) ;
#2932 = DIRECTION ( 'NONE',  ( 0.0000000000000000000, 0.0000000000000000000, -1.000000000000000000 ) ) ;
#2933 = FACE_OUTER_BOUND ( 'NONE', #3382, .T. ) ;
#2934 = ORIENTED_EDGE ( 'NONE', *, *, #5927, .T. ) ;
#2935 = DIRECTION ( 'NONE',  ( 0.0000000000000000000, 0.9998476951563909365, -0.01745240643730164992 ) ) ;
#2936 = ORIENTED_EDGE ( 'NONE', *, *, #3608, .F. ) ;
#2937 = EDGE_CURVE ( 'NONE', #859, #3047, #3114, .T. ) ;
#2938 = CARTESIAN_POINT ( 'NONE',  ( 80.99999999999997158, 158.9999999999999716, 25.91264851713703621 ) ) ;
#2939 = ORIENTED_EDGE ( 'NONE', *, *, #4926, .F. ) ;
#2940 = DIRECTION ( 'NONE',  ( 1.000000000000000000, 0.0000000000000000000, 0.0000000000000000000 ) ) ;
#2941 = AXIS2_PLACEMENT_3D ( 'NONE', #3783, #5665, #4771 ) ;
#2942 = CARTESIAN_POINT ( 'NONE',  ( -51.16268659334792801, 153.2999999999999545, 29.66268659334791380 ) ) ;
#2943 = CARTESIAN_POINT ( 'NONE',  ( -87.99999999999994316, 164.5003807621093301, 35.62470945781598175 ) ) ;
#2944 = ORIENTED_EDGE ( 'NONE', *, *, #1196, .T. ) ;
#2945 = LINE ( 'NONE', #4334, #5722 ) ;
#2946 = CARTESIAN_POINT ( 'NONE',  ( -88.00000000000001421, 2.000000000000001776, 38.00000000000000711 ) ) ;
#2947 = LINE ( 'NONE', #750, #2694 ) ;
#2948 = VERTEX_POINT ( 'NONE', #2459 ) ;
#2949 = PLANE ( 'NONE',  #954 ) ;
#2950 = CIRCLE ( 'NONE', #4879, 0.5000000000000004441 ) ;
#2951 = FILL_AREA_STYLE ('',( #1578 ) ) ;
#2952 = LINE ( 'NONE', #5836, #2333 ) ;
#2953 = SURFACE_STYLE_USAGE ( .BOTH. , #2530 ) ;
#2954 = CARTESIAN_POINT ( 'NONE',  ( 40.49999999999996447, 153.7071067811865248, 35.31814306207050436 ) ) ;
#2955 = EDGE_CURVE ( 'NONE', #3047, #4500, #319, .T. ) ;
#2956 = CARTESIAN_POINT ( 'NONE',  ( -87.32537318669588444, 153.4999999999999716, 15.99999999999993427 ) ) ;
#2957 = EDGE_LOOP ( 'NONE', ( #1940, #1153, #3155, #3336, #3972, #3640, #1285 ) ) ;
#2958 = MECHANICAL_DESIGN_GEOMETRIC_PRESENTATION_REPRESENTATION (  '', ( #5866 ), #285 ) ;
#2959 = CARTESIAN_POINT ( 'NONE',  ( 85.16268659334791380, 153.4999999999999716, 33.16268659334792801 ) ) ;
#2960 = ORIENTED_EDGE ( 'NONE', *, *, #5004, .F. ) ;
#2961 = DIRECTION ( 'NONE',  ( -3.303660060822714588E-15, -0.9998476951563911586, 0.01745240643728355329 ) ) ;
#2962 = FILL_AREA_STYLE_COLOUR ( '', #4859 ) ;
#2963 = CARTESIAN_POINT ( 'NONE',  ( 87.99999999999998579, 135.4999999999999716, 36.00000000000000711 ) ) ;
#2964 =( LENGTH_UNIT ( ) NAMED_UNIT ( * ) SI_UNIT ( .MILLI., .METRE. ) );
#2965 = PRESENTATION_STYLE_ASSIGNMENT (( #5311 ) ) ;
#2966 = CARTESIAN_POINT ( 'NONE',  ( 51.16268659334791380, 153.4999999999999716, 25.66268659334794222 ) ) ;
#2967 = VERTEX_POINT ( 'NONE', #1090 ) ;
#2968 = MECHANICAL_DESIGN_GEOMETRIC_PRESENTATION_REPRESENTATION (  '', ( #3454 ), #1639 ) ;
#2969 = FILL_AREA_STYLE ('',( #2415 ) ) ;
#2970 = VERTEX_POINT ( 'NONE', #2089 ) ;
#2971 = CARTESIAN_POINT ( 'NONE',  ( -90.00000000000001421, 143.0000000000000000, 38.00000000000000711 ) ) ;
#2972 = B_SPLINE_CURVE_WITH_KNOTS ( 'NONE', 3,
 ( #1114, #4871, #1229, #2519, #5321, #1201 ),
 .UNSPECIFIED., .F., .F.,
 ( 4, 2, 4 ),
 ( -4.473498314756796040E-06, 0.0004697089659588274077, 0.0009438914302324116334 ),
 .UNSPECIFIED. ) ;
#2973 = EDGE_CURVE ( 'NONE', #4268, #2511, #2952, .T. ) ;
#2974 = AXIS2_PLACEMENT_3D ( 'NONE', #5802, #4394, #3945 ) ;
#2975 = FACE_OUTER_BOUND ( 'NONE', #1816, .T. ) ;
#2976 = VERTEX_POINT ( 'NONE', #4786 ) ;
#2977 = CARTESIAN_POINT ( 'NONE',  ( -87.81012743574351020, 153.8777919207435332, 15.49771557524223553 ) ) ;
#2978 = ORIENTED_EDGE ( 'NONE', *, *, #3502, .F. ) ;
#2979 = DIRECTION ( 'NONE',  ( -1.000000000000000000, -0.0000000000000000000, -0.0000000000000000000 ) ) ;
#2980 = AXIS2_PLACEMENT_3D ( 'NONE', #3063, #5753, #5212 ) ;
#2981 = STYLED_ITEM ( 'NONE', ( #4473 ), #1748 ) ;
#2982 = PRESENTATION_LAYER_ASSIGNMENT (  '', '', ( #4692 ) ) ;
#2983 = EDGE_CURVE ( 'NONE', #1796, #2593, #1209, .T. ) ;
#2984 = ORIENTED_EDGE ( 'NONE', *, *, #5719, .T. ) ;
#2985 = PRESENTATION_LAYER_ASSIGNMENT (  '', '', ( #4329 ) ) ;
#2986 = LINE ( 'NONE', #4365, #2381 ) ;
#2987 = AXIS2_PLACEMENT_3D ( 'NONE', #4765, #2935, #619 ) ;
#2988 = FACE_OUTER_BOUND ( 'NONE', #3870, .T. ) ;
#2989 = CYLINDRICAL_SURFACE ( 'NONE', #993, 0.5000000000000004441 ) ;
#2990 = CARTESIAN_POINT ( 'NONE',  ( -40.00000000000000711, 153.9999999999999716, 35.30791812176765632 ) ) ;
#2991 = DIRECTION ( 'NONE',  ( 3.303660060822714983E-15, 0.9998476951563912696, -0.01745240643728354982 ) ) ;
#2992 = DIRECTION ( 'NONE',  ( -1.000000000000000000, 0.0000000000000000000, 0.0000000000000000000 ) ) ;
#2993 = ORIENTED_EDGE ( 'NONE', *, *, #5754, .F. ) ;
#2994 = SURFACE_STYLE_USAGE ( .BOTH. , #2093 ) ;
#2995 = LINE ( 'NONE', #3418, #51 ) ;
#2996 = CARTESIAN_POINT ( 'NONE',  ( 1.000000000000000222, 163.9917307113122149, 35.13351181345643681 ) ) ;
#2997 = CARTESIAN_POINT ( 'NONE',  ( 80.99999999999997158, 164.4999999999999716, 30.91264851713705752 ) ) ;
#2998 = ADVANCED_FACE ( 'NONE', ( #289 ), #2498, .F. ) ;
#2999 = DIRECTION ( 'NONE',  ( 0.0000000000000000000, 1.000000000000000000, 0.0000000000000000000 ) ) ;
#3000 = CYLINDRICAL_SURFACE ( 'NONE', #5889, 0.5000000000000004441 ) ;
#3001 = EDGE_LOOP ( 'NONE', ( #4115, #3587, #3838, #4057 ) ) ;
#3002 = DIRECTION ( 'NONE',  ( -6.606313794787629144E-16, 1.000000000000000000, 7.617980657150405894E-33 ) ) ;
#3003 = ORIENTED_EDGE ( 'NONE', *, *, #2796, .T. ) ;
#3004 = EDGE_CURVE ( 'NONE', #5223, #5042, #4749, .T. ) ;
#3005 = DIRECTION ( 'NONE',  ( 1.000000000000000000, 0.0000000000000000000, 0.0000000000000000000 ) ) ;
#3006 = AXIS2_PLACEMENT_3D ( 'NONE', #5932, #2250, #4019 ) ;
#3007 = DIRECTION ( 'NONE',  ( 1.000000000000000000, 0.0000000000000000000, 0.0000000000000000000 ) ) ;
#3008 = ORIENTED_EDGE ( 'NONE', *, *, #5656, .T. ) ;
#3009 = CARTESIAN_POINT ( 'NONE',  ( -87.82529703427292134, 153.0087262032841977, 15.73746530869798299 ) ) ;
#3010 = EDGE_LOOP ( 'NONE', ( #500, #880, #1799, #1438 ) ) ;
#3011 = DIRECTION ( 'NONE',  ( 0.0000000000000000000, 0.0000000000000000000, 1.000000000000000000 ) ) ;
#3012 = EDGE_CURVE ( 'NONE', #5102, #3074, #3220, .T. ) ;
#3013 = DIRECTION ( 'NONE',  ( -1.000000000000000000, -4.336148172972734633E-17, 7.568774789761209783E-19 ) ) ;
#3014 = CIRCLE ( 'NONE', #1279, 0.5000000000000004441 ) ;
#3015 = CARTESIAN_POINT ( 'NONE',  ( -40.50000000000000711, 152.9999999999999716, 35.32537318669587734 ) ) ;
#3016 = DIRECTION ( 'NONE',  ( -1.200283680671789509E-14, 0.0000000000000000000, -1.000000000000000000 ) ) ;
#3017 = EDGE_CURVE ( 'NONE', #4521, #5482, #4844, .T. ) ;
#3018 = CARTESIAN_POINT ( 'NONE',  ( 89.99999999999992895, 0.0000000000000000000, -37.99999999999999289 ) ) ;
#3019 = CIRCLE ( 'NONE', #1381, 0.4999999999999990008 ) ;
#3020 = FACE_OUTER_BOUND ( 'NONE', #848, .T. ) ;
#3021 = DIRECTION ( 'NONE',  ( 1.000000000000000000, -0.0000000000000000000, -1.095614826932720471E-16 ) ) ;
#3022 = CARTESIAN_POINT ( 'NONE',  ( -24.50000000000004974, 152.7890480743165540, 23.82730359375042894 ) ) ;
#3023 = AXIS2_PLACEMENT_3D ( 'NONE', #796, #4536, #3206 ) ;
#3024 = ORIENTED_EDGE ( 'NONE', *, *, #2492, .T. ) ;
#3025 = CYLINDRICAL_SURFACE ( 'NONE', #5421, 0.5000000000000004441 ) ;
#3026 = DIRECTION ( 'NONE',  ( 1.000000000000000000, 4.336148172972734633E-17, -7.568774789761209783E-19 ) ) ;
#3027 = CYLINDRICAL_SURFACE ( 'NONE', #1018, 0.4999999999999990008 ) ;
#3028 = DIRECTION ( 'NONE',  ( 0.0000000000000000000, 0.0000000000000000000, 1.000000000000000000 ) ) ;
#3029 = DIRECTION ( 'NONE',  ( 0.0000000000000000000, -0.0000000000000000000, 1.000000000000000000 ) ) ;
#3030 = DIRECTION ( 'NONE',  ( -0.0000000000000000000, -1.000000000000000000, 0.0000000000000000000 ) ) ;
#3031 = DIRECTION ( 'NONE',  ( -1.211003966363035713E-16, -0.9998476951563909365, 0.01745240643730164992 ) ) ;
#3032 = ORIENTED_EDGE ( 'NONE', *, *, #3700, .F. ) ;
#3033 = CARTESIAN_POINT ( 'NONE',  ( 51.66268659334789959, 153.2999999999999545, 25.66268659334794933 ) ) ;
#3034 = ORIENTED_EDGE ( 'NONE', *, *, #5030, .F. ) ;
#3035 = CYLINDRICAL_SURFACE ( 'NONE', #5949, 1.000000000000011324 ) ;
#3036 = VECTOR ( 'NONE', #4544, 1000.000000000000000 ) ;
#3037 = CYLINDRICAL_SURFACE ( 'NONE', #383, 0.5000000000000004441 ) ;
#3038 = ORIENTED_EDGE ( 'NONE', *, *, #4609, .T. ) ;
#3039 = ADVANCED_FACE ( 'NONE', ( #3980 ), #3051, .F. ) ;
#3040 = LINE ( 'NONE', #2943, #5085 ) ;
#3041 = AXIS2_PLACEMENT_3D ( 'NONE', #263, #2072, #5378 ) ;
#3042 = ORIENTED_EDGE ( 'NONE', *, *, #2806, .T. ) ;
#3043 = CARTESIAN_POINT ( 'NONE',  ( -88.00000000000001421, 143.0000000000000000, -37.99999999999999289 ) ) ;
#3044 = CARTESIAN_POINT ( 'NONE',  ( -1.500000000000022871, 163.6863135986597229, 17.63617714821959126 ) ) ;
#3045 = DIRECTION ( 'NONE',  ( -1.000000000000000000, -0.0000000000000000000, 0.0000000000000000000 ) ) ;
#3046 =( GEOMETRIC_REPRESENTATION_CONTEXT ( 3 ) GLOBAL_UNCERTAINTY_ASSIGNED_CONTEXT ( ( #4021 ) ) GLOBAL_UNIT_ASSIGNED_CONTEXT ( ( #2499, #1157, #257 ) ) REPRESENTATION_CONTEXT ( 'NONE', 'WORKASPACE' ) );
#3047 = VERTEX_POINT ( 'NONE', #2063 ) ;
#3048 = DIRECTION ( 'NONE',  ( 1.000000000000000000, 0.0000000000000000000, 0.0000000000000000000 ) ) ;
#3049 = COLOUR_RGB ( '',0.3490196078431372362, 0.0000000000000000000, 0.0000000000000000000 ) ;
#3050 = CYLINDRICAL_SURFACE ( 'NONE', #4886, 1.000000000000000888 ) ;
#3051 = PLANE ( 'NONE',  #3131 ) ;
#3052 = ORIENTED_EDGE ( 'NONE', *, *, #1892, .F. ) ;
#3053 = CARTESIAN_POINT ( 'NONE',  ( 88.49134863155782682, 143.0000000000000000, -36.49134863155783393 ) ) ;
#3054 = LINE ( 'NONE', #322, #4996 ) ;
#3055 = FACE_OUTER_BOUND ( 'NONE', #5697, .T. ) ;
#3056 = VECTOR ( 'NONE', #3703, 1000.000000000000000 ) ;
#3057 = EDGE_CURVE ( 'NONE', #2672, #4756, #4366, .T. ) ;
#3058 = ORIENTED_EDGE ( 'NONE', *, *, #3173, .T. ) ;
#3059 = CARTESIAN_POINT ( 'NONE',  ( -40.00000000000000711, 153.4229397655917069, 35.81806690964869944 ) ) ;
#3060 = PLANE ( 'NONE',  #1848 ) ;
#3061 = AXIS2_PLACEMENT_3D ( 'NONE', #5572, #1801, #996 ) ;
#3062 = DIRECTION ( 'NONE',  ( 0.0000000000000000000, 0.01745240643730164992, 0.9998476951563909365 ) ) ;
#3063 = CARTESIAN_POINT ( 'NONE',  ( -65.16268659334794222, 153.5999999999999659, 18.16268659334788893 ) ) ;
#3064 = LINE ( 'NONE', #5346, #5154 ) ;
#3065 = EDGE_CURVE ( 'NONE', #5794, #120, #231, .T. ) ;
#3066 = DIRECTION ( 'NONE',  ( -0.0000000000000000000, -1.000000000000000000, -0.0000000000000000000 ) ) ;
#3067 = ORIENTED_EDGE ( 'NONE', *, *, #267, .F. ) ;
#3068 = DIRECTION ( 'NONE',  ( 0.0000000000000000000, 0.0000000000000000000, 1.000000000000000000 ) ) ;
#3069 = CARTESIAN_POINT ( 'NONE',  ( 89.58605048764377443, 143.0000000000000000, 37.22530357388889399 ) ) ;
#3070 = VECTOR ( 'NONE', #5830, 1000.000000000000000 ) ;
#3071 = CARTESIAN_POINT ( 'NONE',  ( -88.00000000000001421, 136.9999999999999716, -35.99999999999999289 ) ) ;
#3072 = EDGE_LOOP ( 'NONE', ( #1223, #5751, #3751, #3193 ) ) ;
#3073 = VECTOR ( 'NONE', #2671, 1000.000000000000000 ) ;
#3074 = VERTEX_POINT ( 'NONE', #1156 ) ;
#3075 = DIRECTION ( 'NONE',  ( -0.0000000000000000000, 1.000000000000000000, 0.0000000000000000000 ) ) ;
#3076 = LINE ( 'NONE', #4910, #4402 ) ;
#3077 = CARTESIAN_POINT ( 'NONE',  ( -55.13131355994481453, 153.2999999999999545, 25.16268659334794222 ) ) ;
#3078 = AXIS2_PLACEMENT_3D ( 'NONE', #164, #3317, #3794 ) ;
#3079 = ADVANCED_FACE ( 'NONE', ( #634 ), #2989, .F. ) ;
#3080 = EDGE_LOOP ( 'NONE', ( #2424, #3463, #1711, #2793 ) ) ;
#3081 = LINE ( 'NONE', #1771, #5874 ) ;
#3082 = PRESENTATION_LAYER_ASSIGNMENT (  '', '', ( #2981 ) ) ;
#3083 = AXIS2_PLACEMENT_3D ( 'NONE', #2061, #1641, #3468 ) ;
#3084 = SURFACE_SIDE_STYLE ('',( #2115 ) ) ;
#3085 = CARTESIAN_POINT ( 'NONE',  ( -65.16268659334794222, 153.5999999999999659, 18.16268659334788893 ) ) ;
#3086 = EDGE_LOOP ( 'NONE', ( #4852, #1049, #5569, #4925, #3628 ) ) ;
#3087 = CARTESIAN_POINT ( 'NONE',  ( 88.20249266418998957, 143.0000000000000000, -36.20249266418999667 ) ) ;
#3088 = DIRECTION ( 'NONE',  ( -1.000000000000000000, 0.0000000000000000000, 0.0000000000000000000 ) ) ;
#3089 = EDGE_CURVE ( 'NONE', #819, #5736, #3590, .T. ) ;
#3090 = CARTESIAN_POINT ( 'NONE',  ( 89.99999999999998579, 143.0000000000000000, -35.99999999999999289 ) ) ;
#3091 = TOROIDAL_SURFACE ( 'NONE', #5088, 1.000000000000000000, 0.5000000000000000000 ) ;
#3092 = AXIS2_PLACEMENT_3D ( 'NONE', #4739, #4149, #4332 ) ;
#3093 = CARTESIAN_POINT ( 'NONE',  ( -80.99999999999997158, 163.4999999999999716, 30.91264851713705752 ) ) ;
#3094 = FACE_OUTER_BOUND ( 'NONE', #151, .T. ) ;
#3095 = CARTESIAN_POINT ( 'NONE',  ( 40.99999999999997868, 166.4999999999999716, 15.50000000000000888 ) ) ;
#3096 = CARTESIAN_POINT ( 'NONE',  ( 0.0000000000000000000, 0.0000000000000000000, 0.0000000000000000000 ) ) ;
#3097 = ADVANCED_FACE ( 'NONE', ( #4881 ), #722, .F. ) ;
#3098 = CARTESIAN_POINT ( 'NONE',  ( -87.32537318669588444, 153.4999999999999716, 35.81672181825371837 ) ) ;
#3099 = ORIENTED_EDGE ( 'NONE', *, *, #347, .F. ) ;
#3100 = DIRECTION ( 'NONE',  ( -0.0000000000000000000, 0.01745240643728354635, 0.9998476951563911586 ) ) ;
#3101 = EDGE_LOOP ( 'NONE', ( #988, #90, #540, #1827 ) ) ;
#3102 = B_SPLINE_CURVE_WITH_KNOTS ( 'NONE', 3,
 ( #3272, #4104, #4138, #3240, #982, #5067, #949, #2813, #4630, #530, #4655, #4695 ),
 .UNSPECIFIED., .F., .F.,
 ( 4, 2, 2, 2, 2, 4 ),
 ( 0.0000000000000000000, 0.0002278479729079214511, 0.0003417719593618896712, 0.0003987339525888813300, 0.0004272149492023836646, 0.0004556959458158859992 ),
 .UNSPECIFIED. ) ;
#3103 = CARTESIAN_POINT ( 'NONE',  ( 89.99999999999998579, 142.6148097581068157, 36.22962089189255153 ) ) ;
#3104 = ADVANCED_FACE ( 'NONE', ( #5775 ), #1579, .T. ) ;
#3105 = CARTESIAN_POINT ( 'NONE',  ( -40.00000000000000711, 166.4999999999999716, 35.08972981016493264 ) ) ;
#3106 = ORIENTED_EDGE ( 'NONE', *, *, #5310, .F. ) ;
#3107 = DIRECTION ( 'NONE',  ( 1.000000000000000000, 0.0000000000000000000, 1.200283680671791718E-14 ) ) ;
#3108 = ORIENTED_EDGE ( 'NONE', *, *, #1603, .T. ) ;
#3109 = ORIENTED_EDGE ( 'NONE', *, *, #404, .F. ) ;
#3110 = CYLINDRICAL_SURFACE ( 'NONE', #4669, 2.000000000000001776 ) ;
#3111 = CARTESIAN_POINT ( 'NONE',  ( -37.00000000000004263, 152.8850363097216132, 29.32646591711055351 ) ) ;
#3112 = EDGE_LOOP ( 'NONE', ( #139, #3394, #1168, #3400 ) ) ;
#3113 = EDGE_CURVE ( 'NONE', #3754, #557, #5265, .T. ) ;
#3114 =( BOUNDED_CURVE ( )  B_SPLINE_CURVE ( 3, ( #4397, #5203, #1122, #3947 ),
 .UNSPECIFIED., .F., .T. ) 
 B_SPLINE_CURVE_WITH_KNOTS ( ( 4, 4 ),
 ( 0.01745329251996122905, 1.570796326794896558 ),
 .UNSPECIFIED. ) 
 CURVE ( )  GEOMETRIC_REPRESENTATION_ITEM ( )  RATIONAL_B_SPLINE_CURVE ( ( 1.000000000000000000, 0.8088336327694586325, 0.8088336327694586325, 1.000000000000000000 ) ) 
 REPRESENTATION_ITEM ( '' )  );
#3115 = CARTESIAN_POINT ( 'NONE',  ( 87.99999999999998579, 2.000000000000001776, 36.00000000000000711 ) ) ;
#3116 = ORIENTED_EDGE ( 'NONE', *, *, #1966, .T. ) ;
#3117 = CARTESIAN_POINT ( 'NONE',  ( -65.16268659334794222, 153.5999999999999659, 18.16268659334788893 ) ) ;
#3118 = COLOUR_RGB ( '',0.3490196078431372362, 0.0000000000000000000, 0.0000000000000000000 ) ;
#3119 = CIRCLE ( 'NONE', #1280, 1.000000000000000888 ) ;
#3120 = ADVANCED_FACE ( 'NONE', ( #4206 ), #2272, .T. ) ;
#3121 = VECTOR ( 'NONE', #5625, 1000.000000000000000 ) ;
#3122 = CIRCLE ( 'NONE', #3878, 0.4999999999999990008 ) ;
#3123 = CARTESIAN_POINT ( 'NONE',  ( -89.50000000000001421, 143.0000000000000000, 37.32287565553230024 ) ) ;
#3124 = DIRECTION ( 'NONE',  ( 5.382239850496761683E-17, 0.01745240643728340410, 0.9998476951563912696 ) ) ;
#3125 = LINE ( 'NONE', #2719, #4315 ) ;
#3126 = DIRECTION ( 'NONE',  ( -1.000000000000000000, 0.0000000000000000000, 0.0000000000000000000 ) ) ;
#3127 = CARTESIAN_POINT ( 'NONE',  ( -40.10777312723851651, 153.4867395136061248, 35.81695328090470554 ) ) ;
#3128 = VERTEX_POINT ( 'NONE', #5053 ) ;
#3129 = UNCERTAINTY_MEASURE_WITH_UNIT (LENGTH_MEASURE( 1.000000000000000082E-05 ), #1225, 'distance_accuracy_value', 'NONE');
#3130 = DIRECTION ( 'NONE',  ( -0.0000000000000000000, 1.000000000000000000, -0.0000000000000000000 ) ) ;
#3131 = AXIS2_PLACEMENT_3D ( 'NONE', #195, #1185, #5230 ) ;
#3132 = FACE_OUTER_BOUND ( 'NONE', #2764, .T. ) ;
#3133 = DIRECTION ( 'NONE',  ( 0.0000000000000000000, 0.0000000000000000000, 1.000000000000000000 ) ) ;
#3134 = VERTEX_POINT ( 'NONE', #995 ) ;
#3135 = FACE_OUTER_BOUND ( 'NONE', #3512, .T. ) ;
#3136 = ADVANCED_FACE ( 'NONE', ( #877 ), #2236, .F. ) ;
#3137 = EDGE_CURVE ( 'NONE', #1290, #1745, #1599, .T. ) ;
#3138 = ORIENTED_EDGE ( 'NONE', *, *, #4263, .F. ) ;
#3139 = FACE_OUTER_BOUND ( 'NONE', #482, .T. ) ;
#3140 = DIRECTION ( 'NONE',  ( 1.387778780781445478E-15, 0.0000000000000000000, -1.000000000000000000 ) ) ;
#3141 = VECTOR ( 'NONE', #2786, 1000.000000000000000 ) ;
#3142 = VERTEX_POINT ( 'NONE', #1800 ) ;
#3143 = LINE ( 'NONE', #4998, #4997 ) ;
#3144 = DIRECTION ( 'NONE',  ( 0.0000000000000000000, 0.0000000000000000000, 1.000000000000000000 ) ) ;
#3145 = ORIENTED_EDGE ( 'NONE', *, *, #5310, .T. ) ;
#3146 = CARTESIAN_POINT ( 'NONE',  ( -19.00000000000003908, 152.6930598389114948, 18.32814127039032215 ) ) ;
#3147 = LINE ( 'NONE', #3591, #3927 ) ;
#3148 =( BOUNDED_CURVE ( )  B_SPLINE_CURVE ( 3, ( #338, #1764, #3160, #2956 ),
 .UNSPECIFIED., .F., .F. ) 
 B_SPLINE_CURVE_WITH_KNOTS ( ( 4, 4 ),
 ( 4.712388980384737636, 6.283185307179586232 ),
 .UNSPECIFIED. ) 
 CURVE ( )  GEOMETRIC_REPRESENTATION_ITEM ( )  RATIONAL_B_SPLINE_CURVE ( ( 1.000000000000000000, 0.8047378541243761507, 0.8047378541243761507, 1.000000000000000000 ) ) 
 REPRESENTATION_ITEM ( '' )  );
#3149 = AXIS2_PLACEMENT_3D ( 'NONE', #3441, #5838, #699 ) ;
#3150 = DIRECTION ( 'NONE',  ( 0.0000000000000000000, -1.000000000000000000, 0.0000000000000000000 ) ) ;
#3151 = DIRECTION ( 'NONE',  ( -0.0000000000000000000, 1.000000000000000000, -0.0000000000000000000 ) ) ;
#3152 = SHAPE_DEFINITION_REPRESENTATION ( #3773, #3607 ) ;
#3153 = AXIS2_PLACEMENT_3D ( 'NONE', #3964, #2133, #4954 ) ;
#3154 = CARTESIAN_POINT ( 'NONE',  ( 51.16268659334791380, 153.2999999999999545, 25.66268659334794222 ) ) ;
#3155 = ORIENTED_EDGE ( 'NONE', *, *, #5257, .T. ) ;
#3156 = LINE ( 'NONE', #4983, #2835 ) ;
#3157 = EDGE_LOOP ( 'NONE', ( #1606, #5121, #1341, #5238 ) ) ;
#3158 = DIRECTION ( 'NONE',  ( -0.0000000000000000000, 0.01745240643728354635, 0.9998476951563911586 ) ) ;
#3159 = AXIS2_PLACEMENT_3D ( 'NONE', #3946, #3979, #5399 ) ;
#3160 = CARTESIAN_POINT ( 'NONE',  ( -87.32537318669589865, 153.5000000000000000, 15.70710678118646975 ) ) ;
#3161 = ORIENTED_EDGE ( 'NONE', *, *, #2440, .F. ) ;
#3162 = CARTESIAN_POINT ( 'NONE',  ( 37.49999999999999289, 143.5000000000000000, 35.49119630351393795 ) ) ;
#3163 = ORIENTED_EDGE ( 'NONE', *, *, #1555, .T. ) ;
#3164 = DIRECTION ( 'NONE',  ( 0.0000000000000000000, 0.0000000000000000000, -1.000000000000000000 ) ) ;
#3165 = EDGE_CURVE ( 'NONE', #5408, #2315, #4613, .T. ) ;
#3166 = STYLED_ITEM ( 'NONE', ( #5685 ), #337 ) ;
#3167 = EDGE_LOOP ( 'NONE', ( #2579, #2703, #4290, #4135 ) ) ;
#3168 = SURFACE_STYLE_USAGE ( .BOTH. , #431 ) ;
#3169 =( LENGTH_UNIT ( ) NAMED_UNIT ( * ) SI_UNIT ( .MILLI., .METRE. ) );
#3170 = DIRECTION ( 'NONE',  ( -0.0000000000000000000, 1.000000000000000000, -0.0000000000000000000 ) ) ;
#3171 = ORIENTED_EDGE ( 'NONE', *, *, #727, .T. ) ;
#3172 = FILL_AREA_STYLE_COLOUR ( '', #2691 ) ;
#3173 = EDGE_CURVE ( 'NONE', #4344, #2003, #1478, .T. ) ;
#3174 = VECTOR ( 'NONE', #1675, 1000.000000000000227 ) ;
#3175 = LINE ( 'NONE', #2307, #2776 ) ;
#3176 = CIRCLE ( 'NONE', #2483, 1.000000000000000888 ) ;
#3177 = DIRECTION ( 'NONE',  ( -1.000236400559824643E-14, 0.0000000000000000000, -1.000000000000000000 ) ) ;
#3178 = STYLED_ITEM ( 'NONE', ( #3325 ), #5903 ) ;
#3179 = CARTESIAN_POINT ( 'NONE',  ( 40.99999999999997868, 153.4999999999999716, 35.32537318669587734 ) ) ;
#3180 = VECTOR ( 'NONE', #4531, 1000.000000000000114 ) ;
#3181 = LINE ( 'NONE', #5465, #4395 ) ;
#3182 = VECTOR ( 'NONE', #5445, 1000.000000000000000 ) ;
#3183 = PLANE ( 'NONE',  #3006 ) ;
#3184 = ORIENTED_EDGE ( 'NONE', *, *, #5446, .F. ) ;
#3185 = ADVANCED_FACE ( 'NONE', ( #4778 ), #5196, .F. ) ;
#3186 = UNCERTAINTY_MEASURE_WITH_UNIT (LENGTH_MEASURE( 1.000000000000000082E-05 ), #5005, 'distance_accuracy_value', 'NONE');
#3187 = CARTESIAN_POINT ( 'NONE',  ( 65.16268659334791380, 153.4999999999999716, 18.16268659334793867 ) ) ;
#3188 = ORIENTED_EDGE ( 'NONE', *, *, #181, .T. ) ;
#3189 = CARTESIAN_POINT ( 'NONE',  ( 87.81574298814976487, 153.5560771390348407, 15.73456301068218366 ) ) ;
#3190 = CARTESIAN_POINT ( 'NONE',  ( -87.32537318669588444, 152.9999999999999716, 35.99999999999998579 ) ) ;
#3191 = ORIENTED_EDGE ( 'NONE', *, *, #5414, .F. ) ;
#3192 = DIRECTION ( 'NONE',  ( 0.0000000000000000000, 0.0000000000000000000, 1.000000000000000000 ) ) ;
#3193 = ORIENTED_EDGE ( 'NONE', *, *, #3842, .T. ) ;
#3194 = EDGE_CURVE ( 'NONE', #4155, #1181, #3496, .T. ) ;
#3195 = DIRECTION ( 'NONE',  ( 1.000000000000000000, 0.0000000000000000000, -0.0000000000000000000 ) ) ;
#3196 = ORIENTED_EDGE ( 'NONE', *, *, #2100, .F. ) ;
#3197 = DIRECTION ( 'NONE',  ( 0.0000000000000000000, 0.01745240643730164992, 0.9998476951563909365 ) ) ;
#3198 = EDGE_LOOP ( 'NONE', ( #121, #5037, #2623, #123 ) ) ;
#3199 = VERTEX_POINT ( 'NONE', #4707 ) ;
#3200 = EDGE_CURVE ( 'NONE', #1492, #5857, #1022, .T. ) ;
#3201 = DIRECTION ( 'NONE',  ( -1.000000000000000000, 0.0000000000000000000, 0.0000000000000000000 ) ) ;
#3202 = DIRECTION ( 'NONE',  ( 0.0000000000000000000, 0.0000000000000000000, -1.000000000000000000 ) ) ;
#3203 = ORIENTED_EDGE ( 'NONE', *, *, #5475, .T. ) ;
#3204 = FACE_OUTER_BOUND ( 'NONE', #5687, .T. ) ;
#3205 = EDGE_CURVE ( 'NONE', #3849, #4121, #2945, .T. ) ;
#3206 = DIRECTION ( 'NONE',  ( 0.0000000000000000000, 0.0000000000000000000, 1.000000000000000000 ) ) ;
#3207 = CARTESIAN_POINT ( 'NONE',  ( 82.99999999999997158, 163.4999999999999716, 19.91264851713702555 ) ) ;
#3208 = APPLICATION_PROTOCOL_DEFINITION ( 'draft international standard', 'automotive_design', 1998, #5495 ) ;
#3209 =( GEOMETRIC_REPRESENTATION_CONTEXT ( 3 ) GLOBAL_UNCERTAINTY_ASSIGNED_CONTEXT ( ( #2866 ) ) GLOBAL_UNIT_ASSIGNED_CONTEXT ( ( #2600, #4826, #701 ) ) REPRESENTATION_CONTEXT ( 'NONE', 'WORKASPACE' ) );
#3210 = DIRECTION ( 'NONE',  ( 1.000000000000000000, 0.0000000000000000000, 0.0000000000000000000 ) ) ;
#3211 = DIRECTION ( 'NONE',  ( 0.0000000000000000000, 0.0000000000000000000, -1.000000000000000000 ) ) ;
#3212 = CARTESIAN_POINT ( 'NONE',  ( -90.00000000000001421, 142.5000000000000000, -35.99999999999999289 ) ) ;
#3213 = ORIENTED_EDGE ( 'NONE', *, *, #4636, .F. ) ;
#3214 = CARTESIAN_POINT ( 'NONE',  ( 87.32537318669402282, 153.4999999999999716, 15.86873265434852698 ) ) ;
#3215 = CIRCLE ( 'NONE', #4938, 1.000000000000011546 ) ;
#3216 = SURFACE_STYLE_USAGE ( .BOTH. , #1370 ) ;
#3217 = ORIENTED_EDGE ( 'NONE', *, *, #2226, .T. ) ;
#3218 = CARTESIAN_POINT ( 'NONE',  ( -37.00000000000003553, 153.8848840048779891, 29.30901351067327454 ) ) ;
#3219 = ORIENTED_EDGE ( 'NONE', *, *, #5922, .T. ) ;
#3220 = CIRCLE ( 'NONE', #437, 2.000000000000001776 ) ;
#3221 =( NAMED_UNIT ( * ) PLANE_ANGLE_UNIT ( ) SI_UNIT ( $, .RADIAN. ) );
#3222 = ORIENTED_EDGE ( 'NONE', *, *, #646, .F. ) ;
#3223 = FACE_OUTER_BOUND ( 'NONE', #1678, .T. ) ;
#3224 = CARTESIAN_POINT ( 'NONE',  ( 38.00000000000000711, 143.0000000000000000, 36.00000000000000711 ) ) ;
#3225 = EDGE_CURVE ( 'NONE', #2345, #3833, #3379, .T. ) ;
#3226 = CYLINDRICAL_SURFACE ( 'NONE', #2286, 1.000000000000011324 ) ;
#3227 = ORIENTED_EDGE ( 'NONE', *, *, #3734, .T. ) ;
#3228 = DIRECTION ( 'NONE',  ( 0.0000000000000000000, 0.0000000000000000000, 1.000000000000000000 ) ) ;
#3229 = CARTESIAN_POINT ( 'NONE',  ( 1.500000000000000222, 163.9917307113122149, 35.13351181345644392 ) ) ;
#3230 = VECTOR ( 'NONE', #1866, 1000.000000000000000 ) ;
#3231 = ADVANCED_FACE ( 'NONE', ( #5737 ), #1602, .T. ) ;
#3232 = VECTOR ( 'NONE', #4537, 1000.000000000000000 ) ;
#3233 = CARTESIAN_POINT ( 'NONE',  ( -89.83842956992819495, 142.8733093726085883, 36.79642841966379052 ) ) ;
#3234 = PLANE ( 'NONE',  #827 ) ;
#3235 = SURFACE_STYLE_USAGE ( .BOTH. , #5929 ) ;
#3236 = ORIENTED_EDGE ( 'NONE', *, *, #4919, .T. ) ;
#3237 = UNCERTAINTY_MEASURE_WITH_UNIT (LENGTH_MEASURE( 1.000000000000000082E-05 ), #2811, 'distance_accuracy_value', 'NONE');
#3238 = VECTOR ( 'NONE', #5935, 1000.000000000000114 ) ;
#3239 = VERTEX_POINT ( 'NONE', #5633 ) ;
#3240 = CARTESIAN_POINT ( 'NONE',  ( -37.28362904740193073, 143.0021297222393173, 36.12201170536596351 ) ) ;
#3241 = VECTOR ( 'NONE', #2834, 1000.000000000000000 ) ;
#3242 = ORIENTED_EDGE ( 'NONE', *, *, #3952, .T. ) ;
#3243 = CARTESIAN_POINT ( 'NONE',  ( 24.49999999999999289, 153.3936863605184442, 29.81766356147018726 ) ) ;
#3244 = ORIENTED_EDGE ( 'NONE', *, *, #4412, .T. ) ;
#3245 = PLANE ( 'NONE',  #2531 ) ;
#3246 = ORIENTED_EDGE ( 'NONE', *, *, #5396, .F. ) ;
#3247 = SPHERICAL_SURFACE ( 'NONE', #1313, 2.000000000000000000 ) ;
#3248 = ORIENTED_EDGE ( 'NONE', *, *, #4533, .F. ) ;
#3249 = CARTESIAN_POINT ( 'NONE',  ( 40.99999999999997868, 153.4999999999999716, 35.32537318669587734 ) ) ;
#3250 = AXIS2_PLACEMENT_3D ( 'NONE', #784, #1667, #5361 ) ;
#3251 = ORIENTED_EDGE ( 'NONE', *, *, #1509, .T. ) ;
#3252 = CARTESIAN_POINT ( 'NONE',  ( 37.17908492827970690, 143.0004338360818394, 36.02485445248445473 ) ) ;
#3253 = LINE ( 'NONE', #4640, #3826 ) ;
#3254 = EDGE_CURVE ( 'NONE', #432, #1170, #5113, .T. ) ;
#3255 = LINE ( 'NONE', #2827, #3465 ) ;
#3256 = CLOSED_SHELL ( 'NONE', ( #2181, #3993, #1568, #2023, #1103, #2036, #3427, #3888, #2880, #1308, #1995, #5375, #4564, #588, #153, #5956, #5335, #5405, #5248, #4580, #3413, #5229, #4327, #5740, #4945, #4641, #5673, #469, #4393, #54, #2661, #3120, #911, #2073, #698, #5549, #1822, #5179, #4675, #2349, #4895, #3743, #2634, #2218, #1214, #4807, #4178, #288, #3039, #2299, #3185, #3850, #5942, #4757, #1924, #1024, #3966, #3913, #4171, #4245, #5621, #4299, #1422, #678, #5333, #3388, #3104, #2164, #3637, #4867, #2448, #3767, #2628, #1172, #5709, #3806, #3097, #1798, #5524, #2527, #3705, #2493, #1203, #2088, #1094, #2127, #3873, #1700, #4736, #36, #5002, #991, #4133, #3937, #5717, #2756, #378, #2300, #4853, #3, #1453, #69, #1495, #4081, #2521, #937, #2602, #5613, #922, #464, #217, #2668, #5891, #1757, #598, #5166, #2704, #2262, #5831, #146, #2014, #1617, #3975, #189, #438, #3687, #111, #4438, #3079, #5867, #4956, #2749, #2449, #621, #4219, #826, #1283, #488, #2417, #834, #2409, #976, #2001, #3569, #371, #3387, #2852, #2823, #4571, #4376, #5432, #5199, #3136, #2998, #4154, #5131, #4139, #4511, #1669, #3231, #2277, #4659, #4822, #713, #2791, #3619, #132, #5761, #5497, #1467, #3625, #4610, #573, #229 ) ) ;
#3257 = ORIENTED_EDGE ( 'NONE', *, *, #3519, .T. ) ;
#3258 = CARTESIAN_POINT ( 'NONE',  ( 40.99999999999997868, 153.4999999999999716, 16.00000000000001066 ) ) ;
#3259 = AXIS2_PLACEMENT_3D ( 'NONE', #5070, #985, #2790 ) ;
#3260 = AXIS2_PLACEMENT_3D ( 'NONE', #999, #4275, #519 ) ;
#3261 = MANIFOLD_SOLID_BREP ( 'Extrude8[1]', #476 ) ;
#3262 = EDGE_CURVE ( 'NONE', #5065, #3518, #3817, .T. ) ;
#3263 = DIRECTION ( 'NONE',  ( -0.0000000000000000000, -1.000000000000000000, -0.0000000000000000000 ) ) ;
#3264 = DIRECTION ( 'NONE',  ( 0.9998476951563910475, 0.01745240643730141053, 0.0000000000000000000 ) ) ;
#3265 = DIRECTION ( 'NONE',  ( -0.0000000000000000000, -0.0000000000000000000, -1.000000000000000000 ) ) ;
#3266 = PLANE ( 'NONE',  #4717 ) ;
#3267 = VERTEX_POINT ( 'NONE', #156 ) ;
#3268 = ADVANCED_FACE ( 'NONE', ( #4361 ), #1539, .T. ) ;
#3269 = CYLINDRICAL_SURFACE ( 'NONE', #5611, 0.5000000000000004441 ) ;
#3270 = DIRECTION ( 'NONE',  ( 0.0000000000000000000, 0.0000000000000000000, -1.000000000000000000 ) ) ;
#3271 = ORIENTED_EDGE ( 'NONE', *, *, #2245, .T. ) ;
#3272 = CARTESIAN_POINT ( 'NONE',  ( -37.50000000000007816, 143.0048233725372029, 36.27633082758055849 ) ) ;
#3273 = VERTEX_POINT ( 'NONE', #4908 ) ;
#3274 = FACE_BOUND ( 'NONE', #525, .T. ) ;
#3275 = ORIENTED_EDGE ( 'NONE', *, *, #2066, .F. ) ;
#3276 = EDGE_CURVE ( 'NONE', #1101, #5043, #313, .T. ) ;
#3277 = EDGE_CURVE ( 'NONE', #4810, #457, #3014, .T. ) ;
#3278 = DIRECTION ( 'NONE',  ( 6.938893903907242577E-15, -0.01745240643730164992, -0.9998476951563909365 ) ) ;
#3279 = ORIENTED_EDGE ( 'NONE', *, *, #3004, .T. ) ;
#3280 =( LENGTH_UNIT ( ) NAMED_UNIT ( * ) SI_UNIT ( .MILLI., .METRE. ) );
#3281 = VERTEX_POINT ( 'NONE', #5420 ) ;
#3282 = VERTEX_POINT ( 'NONE', #4841 ) ;
#3283 = LINE ( 'NONE', #3758, #3444 ) ;
#3284 = DIRECTION ( 'NONE',  ( -0.0000000000000000000, 1.000000000000000000, -0.0000000000000000000 ) ) ;
#3285 = EDGE_LOOP ( 'NONE', ( #1554, #1880, #5386 ) ) ;
#3286 = CARTESIAN_POINT ( 'NONE',  ( -65.16268659334794222, 153.4999999999999716, 18.16268659334788893 ) ) ;
#3287 = CARTESIAN_POINT ( 'NONE',  ( 40.99999999999997868, 152.9999999999999716, 35.32537318669587734 ) ) ;
#3288 = CARTESIAN_POINT ( 'NONE',  ( -18.50000000000003553, 142.6945828873475648, 18.50266533476315445 ) ) ;
#3289 = CARTESIAN_POINT ( 'NONE',  ( -41.00000000000000711, 153.0087262032186288, 35.82529703427406531 ) ) ;
#3290 = LINE ( 'NONE', #5115, #2071 ) ;
#3291 = EDGE_CURVE ( 'NONE', #3924, #613, #3679, .T. ) ;
#3292 = DIRECTION ( 'NONE',  ( -1.000000000000000000, 0.0000000000000000000, 0.0000000000000000000 ) ) ;
#3293 = VERTEX_POINT ( 'NONE', #3971 ) ;
#3294 = DIRECTION ( 'NONE',  ( -1.000000000000000000, 0.0000000000000000000, 0.0000000000000000000 ) ) ;
#3295 =( BOUNDED_CURVE ( )  B_SPLINE_CURVE ( 3, ( #2167, #3550, #2584, #283 ),
 .UNSPECIFIED., .F., .T. ) 
 B_SPLINE_CURVE_WITH_KNOTS ( ( 4, 4 ),
 ( 2.104500907318992198, 3.141592653589603934 ),
 .UNSPECIFIED. ) 
 CURVE ( )  GEOMETRIC_REPRESENTATION_ITEM ( )  RATIONAL_B_SPLINE_CURVE ( ( 1.000000000000000000, 0.9123605257899078946, 0.9123605257899078946, 1.000000000000000000 ) ) 
 REPRESENTATION_ITEM ( '' )  );
#3296 = SURFACE_STYLE_FILL_AREA ( #5560 ) ;
#3297 = ORIENTED_EDGE ( 'NONE', *, *, #3333, .T. ) ;
#3298 = DIRECTION ( 'NONE',  ( -4.336808689942017736E-17, 0.9998476951563912696, -0.01745240643728337981 ) ) ;
#3299 = ORIENTED_EDGE ( 'NONE', *, *, #1636, .F. ) ;
#3300 = CARTESIAN_POINT ( 'NONE',  ( 87.99999999999998579, 143.0000000000000000, -35.99999999999999289 ) ) ;
#3301 = EDGE_LOOP ( 'NONE', ( #2552, #2060, #4730, #5320 ) ) ;
#3302 = FACE_OUTER_BOUND ( 'NONE', #3416, .T. ) ;
#3303 = ORIENTED_EDGE ( 'NONE', *, *, #3173, .F. ) ;
#3304 = EDGE_CURVE ( 'NONE', #5366, #5307, #427, .T. ) ;
#3305 = EDGE_CURVE ( 'NONE', #2872, #249, #5743, .T. ) ;
#3306 = ORIENTED_EDGE ( 'NONE', *, *, #2894, .T. ) ;
#3307 = PRESENTATION_LAYER_ASSIGNMENT (  '', '', ( #5328 ) ) ;
#3308 = DIRECTION ( 'NONE',  ( -0.0000000000000000000, 0.01745240643728354635, 0.9998476951563911586 ) ) ;
#3309 = ORIENTED_EDGE ( 'NONE', *, *, #1655, .T. ) ;
#3310 = CARTESIAN_POINT ( 'NONE',  ( -90.00000000000001421, 142.5000000000000000, -37.99999999999999289 ) ) ;
#3311 = EDGE_CURVE ( 'NONE', #1174, #3324, #5360, .T. ) ;
#3312 = EDGE_LOOP ( 'NONE', ( #2326, #1817, #3369, #4958 ) ) ;
#3313 =( NAMED_UNIT ( * ) PLANE_ANGLE_UNIT ( ) SI_UNIT ( $, .RADIAN. ) );
#3314 = CARTESIAN_POINT ( 'NONE',  ( -88.49134863155785524, 143.0000000000000000, 36.49134863155784814 ) ) ;
#3315 = VECTOR ( 'NONE', #3130, 1000.000000000000000 ) ;
#3316 = CARTESIAN_POINT ( 'NONE',  ( 89.49999999999998579, 142.5000000000000000, -37.99999999999999289 ) ) ;
#3317 = DIRECTION ( 'NONE',  ( -0.0000000000000000000, -1.000000000000000000, -0.0000000000000000000 ) ) ;
#3318 = PLANE ( 'NONE',  #5252 ) ;
#3319 = FACE_BOUND ( 'NONE', #843, .T. ) ;
#3320 = VECTOR ( 'NONE', #1091, 1000.000000000000114 ) ;
#3321 = LINE ( 'NONE', #1036, #222 ) ;
#3322 = EDGE_LOOP ( 'NONE', ( #2011, #4282, #746, #5723 ) ) ;
#3323 = FACE_OUTER_BOUND ( 'NONE', #687, .T. ) ;
#3324 = VERTEX_POINT ( 'NONE', #400 ) ;
#3325 = PRESENTATION_STYLE_ASSIGNMENT (( #1928 ) ) ;
#3326 = DIRECTION ( 'NONE',  ( 0.0000000000000000000, -1.000000000000000000, 0.0000000000000000000 ) ) ;
#3327 = CIRCLE ( 'NONE', #453, 2.000000000000001776 ) ;
#3328 = EDGE_LOOP ( 'NONE', ( #2898, #4036, #3219, #2223 ) ) ;
#3329 = CARTESIAN_POINT ( 'NONE',  ( -88.00000000000001421, 142.5000000000000000, 38.00000000000000711 ) ) ;
#3330 = ORIENTED_EDGE ( 'NONE', *, *, #2238, .T. ) ;
#3331 = CARTESIAN_POINT ( 'NONE',  ( -1.500000000000085931, 143.0000000000000000, 36.00000000000001421 ) ) ;
#3332 = VERTEX_POINT ( 'NONE', #2108 ) ;
#3333 = EDGE_CURVE ( 'NONE', #2976, #3936, #3549, .T. ) ;
#3334 = CARTESIAN_POINT ( 'NONE',  ( -18.50000000000004619, 153.2889719218947562, 23.81857739053180012 ) ) ;
#3335 = AXIS2_PLACEMENT_3D ( 'NONE', #1494, #3326, #5592 ) ;
#3336 = ORIENTED_EDGE ( 'NONE', *, *, #5396, .T. ) ;
#3337 = ORIENTED_EDGE ( 'NONE', *, *, #5664, .F. ) ;
#3338 = FILL_AREA_STYLE ('',( #1970 ) ) ;
#3339 = CARTESIAN_POINT ( 'NONE',  ( -95.90448750123042032, 153.4999999999999716, 26.16268659334618008 ) ) ;
#3340 = CARTESIAN_POINT ( 'NONE',  ( -40.00000000000000711, 143.0000000000000000, 36.00000000000000711 ) ) ;
#3341 = VECTOR ( 'NONE', #5338, 1000.000000000000114 ) ;
#3342 = ORIENTED_EDGE ( 'NONE', *, *, #3928, .F. ) ;
#3343 = DIRECTION ( 'NONE',  ( -0.0000000000000000000, -0.0000000000000000000, -1.000000000000000000 ) ) ;
#3344 = CARTESIAN_POINT ( 'NONE',  ( 87.99999999999998579, 143.0000000000000000, -36.49134863155783393 ) ) ;
#3345 = LINE ( 'NONE', #5175, #4170 ) ;
#3346 = EDGE_CURVE ( 'NONE', #3199, #2967, #4031, .T. ) ;
#3347 = AXIS2_PLACEMENT_3D ( 'NONE', #3818, #129, #1542 ) ;
#3348 = EDGE_CURVE ( 'NONE', #13, #3999, #5393, .T. ) ;
#3349 = CARTESIAN_POINT ( 'NONE',  ( 87.82529703427405821, 153.0087262032186288, 16.00000000000000711 ) ) ;
#3350 =( LENGTH_UNIT ( ) NAMED_UNIT ( * ) SI_UNIT ( .MILLI., .METRE. ) );
#3351 = CARTESIAN_POINT ( 'NONE',  ( 87.99999999999998579, 0.0000000000000000000, -35.99999999999999289 ) ) ;
#3352 = CARTESIAN_POINT ( 'NONE',  ( 80.99999999999997158, 158.9999999999999716, 23.41264851713703976 ) ) ;
#3353 = ORIENTED_EDGE ( 'NONE', *, *, #2649, .F. ) ;
#3354 = ORIENTED_EDGE ( 'NONE', *, *, #1111, .F. ) ;
#3355 = UNCERTAINTY_MEASURE_WITH_UNIT (LENGTH_MEASURE( 1.000000000000000082E-05 ), #5598, 'distance_accuracy_value', 'NONE');
#3356 = FACE_OUTER_BOUND ( 'NONE', #1470, .T. ) ;
#3357 = CARTESIAN_POINT ( 'NONE',  ( 87.99999999999998579, 142.5000000000000000, 38.00000000000000711 ) ) ;
#3358 = VERTEX_POINT ( 'NONE', #2645 ) ;
#3359 = CYLINDRICAL_SURFACE ( 'NONE', #4, 0.4999999999999990008 ) ;
#3360 = AXIS2_PLACEMENT_3D ( 'NONE', #2143, #5025, #3144 ) ;
#3361 = DIRECTION ( 'NONE',  ( -1.200283680671789509E-14, 0.0000000000000000000, 1.000000000000000000 ) ) ;
#3362 = AXIS2_PLACEMENT_3D ( 'NONE', #1360, #939, #439 ) ;
#3363 = EDGE_LOOP ( 'NONE', ( #333, #1935, #2993, #4485 ) ) ;
#3364 = EDGE_CURVE ( 'NONE', #4500, #590, #4059, .T. ) ;
#3365 = CARTESIAN_POINT ( 'NONE',  ( 80.99999999999997158, 153.4999999999999716, 31.91264851713704331 ) ) ;
#3366 = PRESENTATION_LAYER_ASSIGNMENT (  '', '', ( #1812 ) ) ;
#3367 = VERTEX_POINT ( 'NONE', #4464 ) ;
#3368 = DIRECTION ( 'NONE',  ( 0.0000000000000000000, 0.0000000000000000000, -1.000000000000000000 ) ) ;
#3369 = ORIENTED_EDGE ( 'NONE', *, *, #5596, .F. ) ;
#3370 = CARTESIAN_POINT ( 'NONE',  ( 82.99999999999997158, 158.9999999999999716, 25.91264851713703621 ) ) ;
#3371 =( GEOMETRIC_REPRESENTATION_CONTEXT ( 3 ) GLOBAL_UNCERTAINTY_ASSIGNED_CONTEXT ( ( #3657 ) ) GLOBAL_UNIT_ASSIGNED_CONTEXT ( ( #1040, #4405, #328 ) ) REPRESENTATION_CONTEXT ( 'NONE', 'WORKASPACE' ) );
#3372 = AXIS2_PLACEMENT_3D ( 'NONE', #1854, #1480, #5635 ) ;
#3373 = AXIS2_PLACEMENT_3D ( 'NONE', #1998, #3848, #3487 ) ;
#3374 =( BOUNDED_CURVE ( )  B_SPLINE_CURVE ( 3, ( #2332, #2885, #1544, #4616 ),
 .UNSPECIFIED., .F., .T. ) 
 B_SPLINE_CURVE_WITH_KNOTS ( ( 4, 4 ),
 ( 4.712388980384680792, 6.283185307179581791 ),
 .UNSPECIFIED. ) 
 CURVE ( )  GEOMETRIC_REPRESENTATION_ITEM ( )  RATIONAL_B_SPLINE_CURVE ( ( 1.000000000000000000, 0.8047378541243628280, 0.8047378541243628280, 1.000000000000000000 ) ) 
 REPRESENTATION_ITEM ( '' )  );
#3375 = DIRECTION ( 'NONE',  ( 0.9998476951563910475, -0.01745240643730141053, 0.0000000000000000000 ) ) ;
#3376 = EDGE_CURVE ( 'NONE', #623, #5100, #2199, .T. ) ;
#3377 = ORIENTED_EDGE ( 'NONE', *, *, #4539, .T. ) ;
#3378 = AXIS2_PLACEMENT_3D ( 'NONE', #707, #2129, #3960 ) ;
#3379 = LINE ( 'NONE', #596, #799 ) ;
#3380 = CARTESIAN_POINT ( 'NONE',  ( 82.99999999999997158, 158.9999999999999716, 25.91264851713703621 ) ) ;
#3381 = CARTESIAN_POINT ( 'NONE',  ( -1.500000000000022871, 163.6863135986597229, 17.63617714821959126 ) ) ;
#3382 = EDGE_LOOP ( 'NONE', ( #5023, #4191, #3930, #176 ) ) ;
#3383 = EDGE_CURVE ( 'NONE', #1992, #2970, #369, .T. ) ;
#3384 = CARTESIAN_POINT ( 'NONE',  ( -80.99999999999997158, 163.4999999999999716, 31.91264851713705752 ) ) ;
#3385 = DIRECTION ( 'NONE',  ( 0.0000000000000000000, 0.01745240643730164992, 0.9998476951563909365 ) ) ;
#3386 = LINE ( 'NONE', #1125, #3241 ) ;
#3387 = ADVANCED_FACE ( 'NONE', ( #1666, #1204 ), #2166, .F. ) ;
#3388 = ADVANCED_FACE ( 'NONE', ( #5073 ), #42, .F. ) ;
#3389 = ORIENTED_EDGE ( 'NONE', *, *, #5004, .T. ) ;
#3390 = FILL_AREA_STYLE ('',( #5274 ) ) ;
#3391 = VERTEX_POINT ( 'NONE', #15 ) ;
#3392 = CARTESIAN_POINT ( 'NONE',  ( -51.16268659334792801, 153.4999999999999716, 25.66268659334790669 ) ) ;
#3393 = FACE_OUTER_BOUND ( 'NONE', #4661, .T. ) ;
#3394 = ORIENTED_EDGE ( 'NONE', *, *, #3675, .F. ) ;
#3395 = CARTESIAN_POINT ( 'NONE',  ( -88.00000000000001421, 143.0000000000000000, 36.00000000000000711 ) ) ;
#3396 = DIRECTION ( 'NONE',  ( 1.000000000000000000, 0.0000000000000000000, 0.0000000000000000000 ) ) ;
#3397 =( GEOMETRIC_REPRESENTATION_CONTEXT ( 3 ) GLOBAL_UNCERTAINTY_ASSIGNED_CONTEXT ( ( #1427 ) ) GLOBAL_UNIT_ASSIGNED_CONTEXT ( ( #169, #582, #1521 ) ) REPRESENTATION_CONTEXT ( 'NONE', 'WORKASPACE' ) );
#3398 = VERTEX_POINT ( 'NONE', #957 ) ;
#3399 = CARTESIAN_POINT ( 'NONE',  ( -60.13429575874858557, 152.8850363097216132, 29.32646591711050377 ) ) ;
#3400 = ORIENTED_EDGE ( 'NONE', *, *, #5049, .T. ) ;
#3401 = EDGE_LOOP ( 'NONE', ( #1872, #5532, #4606 ) ) ;
#3402 = DIRECTION ( 'NONE',  ( 5.382239850496761683E-17, 0.01745240643728340410, 0.9998476951563913806 ) ) ;
#3403 = VECTOR ( 'NONE', #218, 1000.000000000000000 ) ;
#3404 = VECTOR ( 'NONE', #140, 1000.000000000000000 ) ;
#3405 = CARTESIAN_POINT ( 'NONE',  ( -87.32537318669588444, 153.4999999999999716, 15.99999999999990585 ) ) ;
#3406 = LINE ( 'NONE', #2855, #4204 ) ;
#3407 = DIRECTION ( 'NONE',  ( 0.0000000000000000000, -0.0000000000000000000, 1.000000000000000000 ) ) ;
#3408 = EDGE_CURVE ( 'NONE', #791, #933, #3215, .T. ) ;
#3409 = CARTESIAN_POINT ( 'NONE',  ( -88.00000000000001421, 143.0000000000000000, 14.99999999999993072 ) ) ;
#3410 = DIRECTION ( 'NONE',  ( 0.0000000000000000000, 0.0000000000000000000, -1.000000000000000000 ) ) ;
#3411 = PLANE ( 'NONE',  #266 ) ;
#3412 = DIRECTION ( 'NONE',  ( -0.0000000000000000000, -1.000000000000000000, -0.0000000000000000000 ) ) ;
#3413 = ADVANCED_FACE ( 'NONE', ( #2321 ), #3245, .F. ) ;
#3414 = FACE_OUTER_BOUND ( 'NONE', #2421, .T. ) ;
#3415 = FACE_OUTER_BOUND ( 'NONE', #2787, .T. ) ;
#3416 = EDGE_LOOP ( 'NONE', ( #4231, #272, #592, #2379 ) ) ;
#3417 = CARTESIAN_POINT ( 'NONE',  ( 80.99999999999997158, 164.4999999999999716, 30.91264851713705752 ) ) ;
#3418 = CARTESIAN_POINT ( 'NONE',  ( 47.19405962675103439, 153.2999999999999545, 26.16268659334789604 ) ) ;
#3419 = CARTESIAN_POINT ( 'NONE',  ( -40.49999999999999289, 153.9999999999999716, 15.99999999999997691 ) ) ;
#3420 = CARTESIAN_POINT ( 'NONE',  ( -24.50000000000006395, 152.8937625129402704, 29.82638976468877701 ) ) ;
#3421 = VECTOR ( 'NONE', #5064, 1000.000000000000000 ) ;
#3422 = CARTESIAN_POINT ( 'NONE',  ( 80.99999999999997158, 153.4999999999999716, 19.91264851713703266 ) ) ;
#3423 = DIRECTION ( 'NONE',  ( -0.0000000000000000000, 1.000000000000000000, -0.0000000000000000000 ) ) ;
#3424 = EDGE_LOOP ( 'NONE', ( #2268, #5654 ) ) ;
#3425 = DIRECTION ( 'NONE',  ( -1.000000000000000000, 0.0000000000000000000, 0.0000000000000000000 ) ) ;
#3426 = ORIENTED_EDGE ( 'NONE', *, *, #1715, .F. ) ;
#3427 = ADVANCED_FACE ( 'NONE', ( #869 ), #2353, .F. ) ;
#3428 = CARTESIAN_POINT ( 'NONE',  ( 37.73746003786082071, 143.4922260601743460, 35.93683640723617856 ) ) ;
#3429 = CIRCLE ( 'NONE', #1400, 0.5000000000000004441 ) ;
#3430 = DIRECTION ( 'NONE',  ( -0.01745240643728354982, -0.9998476951563912696, -1.593426271528659736E-17 ) ) ;
#3431 = CARTESIAN_POINT ( 'NONE',  ( -87.81243243588087921, 153.7457385515208159, 15.54941493834394706 ) ) ;
#3432 = ORIENTED_EDGE ( 'NONE', *, *, #1414, .T. ) ;
#3433 = SURFACE_SIDE_STYLE ('',( #3787 ) ) ;
#3434 = AXIS2_PLACEMENT_3D ( 'NONE', #1527, #3361, #5186 ) ;
#3435 = PLANE ( 'NONE',  #5289 ) ;
#3436 = ORIENTED_EDGE ( 'NONE', *, *, #2781, .F. ) ;
#3437 = DIRECTION ( 'NONE',  ( 1.000000000000000000, 0.0000000000000000000, 0.0000000000000000000 ) ) ;
#3438 = EDGE_CURVE ( 'NONE', #445, #5638, #610, .T. ) ;
#3439 = PRESENTATION_STYLE_ASSIGNMENT (( #3884 ) ) ;
#3440 = DIRECTION ( 'NONE',  ( 0.0000000000000000000, 0.01745240643728337634, 0.9998476951563911586 ) ) ;
#3441 = CARTESIAN_POINT ( 'NONE',  ( -60.13429575874858557, 153.3936863605184442, 29.81766356147005936 ) ) ;
#3442 = FACE_OUTER_BOUND ( 'NONE', #4228, .T. ) ;
#3443 = LINE ( 'NONE', #4885, #4196 ) ;
#3444 = VECTOR ( 'NONE', #5522, 1000.000000000000000 ) ;
#3445 = EDGE_CURVE ( 'NONE', #1964, #791, #4071, .T. ) ;
#3446 = CARTESIAN_POINT ( 'NONE',  ( 18.50000000000000711, 152.6843336356928660, 17.82821742281213417 ) ) ;
#3447 = DIRECTION ( 'NONE',  ( 1.000000000000000000, 0.0000000000000000000, 0.0000000000000000000 ) ) ;
#3448 = PLANE ( 'NONE',  #3041 ) ;
#3449 = AXIS2_PLACEMENT_3D ( 'NONE', #3105, #422, #1289 ) ;
#3450 = EDGE_CURVE ( 'NONE', #3293, #2334, #1818, .T. ) ;
#3451 = DIRECTION ( 'NONE',  ( -6.769652589177782893E-16, -0.0000000000000000000, 1.000000000000000000 ) ) ;
#3452 = ORIENTED_EDGE ( 'NONE', *, *, #4524, .F. ) ;
#3453 = CIRCLE ( 'NONE', #1638, 0.4999999999999990008 ) ;
#3454 = STYLED_ITEM ( 'NONE', ( #4576 ), #371 ) ;
#3455 = CARTESIAN_POINT ( 'NONE',  ( -36.99755510693169214, 143.0000000000000000, 35.74592621383288105 ) ) ;
#3456 = VERTEX_POINT ( 'NONE', #1845 ) ;
#3457 = CARTESIAN_POINT ( 'NONE',  ( -88.00000000000001421, 135.4999999999999716, -37.99999999999999289 ) ) ;
#3458 = CIRCLE ( 'NONE', #1642, 0.5000000000000004441 ) ;
#3459 = CARTESIAN_POINT ( 'NONE',  ( -88.00000000000001421, 166.4999999999999716, -35.08972981016491843 ) ) ;
#3460 = ORIENTED_EDGE ( 'NONE', *, *, #3113, .F. ) ;
#3461 = FACE_OUTER_BOUND ( 'NONE', #3546, .T. ) ;
#3462 = EDGE_CURVE ( 'NONE', #623, #3963, #3019, .T. ) ;
#3463 = ORIENTED_EDGE ( 'NONE', *, *, #19, .F. ) ;
#3464 = CARTESIAN_POINT ( 'NONE',  ( 87.58461242599877039, 166.7975381764235294, -35.58461242599875618 ) ) ;
#3465 = VECTOR ( 'NONE', #5548, 1000.000000000000000 ) ;
#3466 = PLANE ( 'NONE',  #2276 ) ;
#3467 = MECHANICAL_DESIGN_GEOMETRIC_PRESENTATION_REPRESENTATION (  '', ( #1909 ), #201 ) ;
#3468 = DIRECTION ( 'NONE',  ( 0.0000000000000000000, 0.0000000000000000000, -1.000000000000000000 ) ) ;
#3469 = AXIS2_PLACEMENT_3D ( 'NONE', #3115, #1271, #4914 ) ;
#3470 = CARTESIAN_POINT ( 'NONE',  ( -1.500000000000085931, 142.6858566841288791, 18.00274148718497003 ) ) ;
#3471 = CARTESIAN_POINT ( 'NONE',  ( -88.49134863155785524, 143.5000000000000000, -35.99999999999999289 ) ) ;
#3472 = DIRECTION ( 'NONE',  ( 0.0000000000000000000, 0.0000000000000000000, -1.000000000000000000 ) ) ;
#3473 = CARTESIAN_POINT ( 'NONE',  ( 40.99999999999997868, 153.9999999999999716, 15.50000000000000355 ) ) ;
#3474 = ORIENTED_EDGE ( 'NONE', *, *, #842, .F. ) ;
#3475 = DIRECTION ( 'NONE',  ( 5.782411586589353694E-16, -0.01745240643728337981, -0.9998476951563911586 ) ) ;
#3476 = DIRECTION ( 'NONE',  ( -1.000000000000000000, 0.0000000000000000000, 0.0000000000000000000 ) ) ;
#3477 = LINE ( 'NONE', #264, #2783 ) ;
#3478 = EDGE_CURVE ( 'NONE', #5184, #2576, #4735, .T. ) ;
#3479 = CARTESIAN_POINT ( 'NONE',  ( -40.99999999999999289, 166.4999999999999716, 15.99999999999997691 ) ) ;
#3480 = ORIENTED_EDGE ( 'NONE', *, *, #5173, .F. ) ;
#3481 = CARTESIAN_POINT ( 'NONE',  ( -37.73299334778709380, 143.0000000000000000, 35.94320706283610178 ) ) ;
#3482 = ORIENTED_EDGE ( 'NONE', *, *, #1383, .T. ) ;
#3483 = CARTESIAN_POINT ( 'NONE',  ( -88.00000000000000000, 2.000000000000000000, 36.00000000000000711 ) ) ;
#3484 = EDGE_CURVE ( 'NONE', #3999, #594, #2919, .T. ) ;
#3485 = CARTESIAN_POINT ( 'NONE',  ( 87.99999999999998579, 143.0000000000000000, 36.00000000000000711 ) ) ;
#3486 = ORIENTED_EDGE ( 'NONE', *, *, #3786, .T. ) ;
#3487 = DIRECTION ( 'NONE',  ( 0.0000000000000000000, 0.0000000000000000000, 1.000000000000000000 ) ) ;
#3488 = ORIENTED_EDGE ( 'NONE', *, *, #5542, .F. ) ;
#3489 = CARTESIAN_POINT ( 'NONE',  ( -89.50000000000001421, 135.4999999999999716, 37.50000000000000711 ) ) ;
#3490 = DIRECTION ( 'NONE',  ( 0.0000000000000000000, 0.0000000000000000000, -1.000000000000000000 ) ) ;
#3491 =( BOUNDED_CURVE ( )  B_SPLINE_CURVE ( 3, ( #1215, #230, #3059, #2038 ),
 .UNSPECIFIED., .F., .T. ) 
 B_SPLINE_CURVE_WITH_KNOTS ( ( 4, 4 ),
 ( 3.141592653589831752, 4.712388980384728754 ),
 .UNSPECIFIED. ) 
 CURVE ( )  GEOMETRIC_REPRESENTATION_ITEM ( )  RATIONAL_B_SPLINE_CURVE ( ( 1.000000000000000000, 0.8047378541243649375, 0.8047378541243649375, 1.000000000000000000 ) ) 
 REPRESENTATION_ITEM ( '' )  );
#3492 = SURFACE_SIDE_STYLE ('',( #2392 ) ) ;
#3493 = EDGE_CURVE ( 'NONE', #2909, #88, #4703, .T. ) ;
#3494 = EDGE_CURVE ( 'NONE', #1272, #280, #481, .T. ) ;
#3495 = ORIENTED_EDGE ( 'NONE', *, *, #751, .T. ) ;
#3496 = CIRCLE ( 'NONE', #5609, 0.5000000000000004441 ) ;
#3497 = VECTOR ( 'NONE', #3294, 1000.000000000000000 ) ;
#3498 = FACE_OUTER_BOUND ( 'NONE', #5246, .T. ) ;
#3499 = DIRECTION ( 'NONE',  ( 0.0000000000000000000, -1.000000000000000000, 3.469446951953611033E-15 ) ) ;
#3500 = EDGE_LOOP ( 'NONE', ( #5039, #5390, #3452, #5731, #1473, #3905, #3877 ) ) ;
#3501 = LINE ( 'NONE', #4884, #5172 ) ;
#3502 = EDGE_CURVE ( 'NONE', #4612, #5102, #3609, .T. ) ;
#3503 = DIRECTION ( 'NONE',  ( 5.204170427930418917E-15, 0.01745240643728310226, 0.9998476951563913806 ) ) ;
#3504 = ORIENTED_EDGE ( 'NONE', *, *, #5056, .T. ) ;
#3505 = CARTESIAN_POINT ( 'NONE',  ( -60.13429575874858557, 153.6929075340678992, 18.31068886395303963 ) ) ;
#3506 = SURFACE_SIDE_STYLE ('',( #704 ) ) ;
#3507 = DIRECTION ( 'NONE',  ( -1.000000000000000000, 0.0000000000000000000, -0.0000000000000000000 ) ) ;
#3508 = CARTESIAN_POINT ( 'NONE',  ( -60.13429575874858557, 152.8850363097216132, 29.32646591711063166 ) ) ;
#3509 = CARTESIAN_POINT ( 'NONE',  ( -51.16268659334792801, 153.2999999999999545, 25.66268659334790669 ) ) ;
#3510 = ORIENTED_EDGE ( 'NONE', *, *, #4814, .T. ) ;
#3511 = CARTESIAN_POINT ( 'NONE',  ( -37.49877755350821218, 143.4977775137172102, 35.61860004430470639 ) ) ;
#3512 = EDGE_LOOP ( 'NONE', ( #1311, #3604, #4346, #1843 ) ) ;
#3513 = CARTESIAN_POINT ( 'NONE',  ( 89.99999999999998579, 142.5000000000000000, 36.00000000000000711 ) ) ;
#3514 = CARTESIAN_POINT ( 'NONE',  ( 82.99999999999997158, 153.4999999999999716, 19.91264851713703266 ) ) ;
#3515 = VERTEX_POINT ( 'NONE', #1533 ) ;
#3516 = FACE_BOUND ( 'NONE', #5659, .T. ) ;
#3517 = AXIS2_PLACEMENT_3D ( 'NONE', #296, #4828, #2125 ) ;
#3518 = VERTEX_POINT ( 'NONE', #591 ) ;
#3519 = EDGE_CURVE ( 'NONE', #620, #574, #5728, .T. ) ;
#3520 = SURFACE_SIDE_STYLE ('',( #748 ) ) ;
#3521 = CYLINDRICAL_SURFACE ( 'NONE', #3250, 2.000000000000001776 ) ;
#3522 = PRESENTATION_STYLE_ASSIGNMENT (( #1637 ) ) ;
#3523 = DIRECTION ( 'NONE',  ( 1.000000000000000000, 0.0000000000000000000, -0.0000000000000000000 ) ) ;
#3524 = EDGE_CURVE ( 'NONE', #1749, #2112, #2876, .T. ) ;
#3525 = AXIS2_PLACEMENT_3D ( 'NONE', #1074, #587, #4286 ) ;
#3526 = DIRECTION ( 'NONE',  ( -0.0000000000000000000, -1.000000000000000000, -0.0000000000000000000 ) ) ;
#3527 = LINE ( 'NONE', #1299, #4330 ) ;
#3528 = ORIENTED_EDGE ( 'NONE', *, *, #4533, .T. ) ;
#3529 = FILL_AREA_STYLE_COLOUR ( '', #1608 ) ;
#3530 = LINE ( 'NONE', #1187, #2785 ) ;
#3531 = PRESENTATION_LAYER_ASSIGNMENT (  '', '', ( #2257 ) ) ;
#3532 = EDGE_CURVE ( 'NONE', #3282, #2797, #4535, .T. ) ;
#3533 = CIRCLE ( 'NONE', #375, 2.000000000000001776 ) ;
#3534 =( NAMED_UNIT ( * ) PLANE_ANGLE_UNIT ( ) SI_UNIT ( $, .RADIAN. ) );
#3535 = FACE_OUTER_BOUND ( 'NONE', #1054, .T. ) ;
#3536 = AXIS2_PLACEMENT_3D ( 'NONE', #2740, #491, #4589 ) ;
#3537 = CARTESIAN_POINT ( 'NONE',  ( -85.16268659334794222, 153.5999999999999659, 18.16268659334786761 ) ) ;
#3538 = VERTEX_POINT ( 'NONE', #1048 ) ;
#3539 = UNCERTAINTY_MEASURE_WITH_UNIT (LENGTH_MEASURE( 1.000000000000000082E-05 ), #2008, 'distance_accuracy_value', 'NONE');
#3540 = DIRECTION ( 'NONE',  ( 0.0000000000000000000, 0.9998476951563912696, -0.01745240643728108304 ) ) ;
#3541 = ORIENTED_EDGE ( 'NONE', *, *, #2570, .F. ) ;
#3542 = CARTESIAN_POINT ( 'NONE',  ( -80.99999999999997158, 163.4999999999999716, 20.91264851713705042 ) ) ;
#3543 = CIRCLE ( 'NONE', #944, 4.000000000000007105 ) ;
#3544 = EDGE_CURVE ( 'NONE', #5349, #4200, #4769, .T. ) ;
#3545 = DIRECTION ( 'NONE',  ( 6.607320121645428388E-16, -0.9998476951563911586, 0.01745240643728354635 ) ) ;
#3546 = EDGE_LOOP ( 'NONE', ( #2709, #3067, #1886, #3271 ) ) ;
#3547 = CARTESIAN_POINT ( 'NONE',  ( -37.00000000000004263, 153.4024125637370162, 30.31758740904830418 ) ) ;
#3548 = ORIENTED_EDGE ( 'NONE', *, *, #4116, .F. ) ;
#3549 = LINE ( 'NONE', #4933, #2722 ) ;
#3550 = CARTESIAN_POINT ( 'NONE',  ( -37.32330706977530355, 143.0000000000000000, 36.31183310830112276 ) ) ;
#3551 = FACE_OUTER_BOUND ( 'NONE', #5765, .T. ) ;
#3552 = AXIS2_PLACEMENT_3D ( 'NONE', #4338, #2031, #3437 ) ;
#3553 = EDGE_CURVE ( 'NONE', #2228, #1849, #1078, .T. ) ;
#3554 = LINE ( 'NONE', #2651, #665 ) ;
#3555 = AXIS2_PLACEMENT_3D ( 'NONE', #225, #258, #5748 ) ;
#3556 = AXIS2_PLACEMENT_3D ( 'NONE', #1961, #3688, #5594 ) ;
#3557 =( NAMED_UNIT ( * ) PLANE_ANGLE_UNIT ( ) SI_UNIT ( $, .RADIAN. ) );
#3558 = LINE ( 'NONE', #4505, #951 ) ;
#3559 = ORIENTED_EDGE ( 'NONE', *, *, #1581, .F. ) ;
#3560 = DIRECTION ( 'NONE',  ( 0.0000000000000000000, 1.000000000000000000, 0.0000000000000000000 ) ) ;
#3561 = LINE ( 'NONE', #5402, #5282 ) ;
#3562 = PRESENTATION_LAYER_ASSIGNMENT (  '', '', ( #1909 ) ) ;
#3563 = EDGE_CURVE ( 'NONE', #3273, #1380, #2434, .T. ) ;
#3564 = CIRCLE ( 'NONE', #965, 4.000000000000007105 ) ;
#3565 =( LENGTH_UNIT ( ) NAMED_UNIT ( * ) SI_UNIT ( .MILLI., .METRE. ) );
#3566 = CARTESIAN_POINT ( 'NONE',  ( -37.50000000000000711, 163.6863135986598365, 17.63617714821959126 ) ) ;
#3567 = DIRECTION ( 'NONE',  ( 1.000000000000000000, 0.0000000000000000000, 0.0000000000000000000 ) ) ;
#3568 = EDGE_CURVE ( 'NONE', #5314, #5366, #1934, .T. ) ;
#3569 = ADVANCED_FACE ( 'NONE', ( #3302 ), #1109, .F. ) ;
#3570 = DIRECTION ( 'NONE',  ( -0.0000000000000000000, -0.0000000000000000000, 1.000000000000000000 ) ) ;
#3571 = ORIENTED_EDGE ( 'NONE', *, *, #2263, .F. ) ;
#3572 = LINE ( 'NONE', #3929, #1959 ) ;
#3573 = ORIENTED_EDGE ( 'NONE', *, *, #2155, .F. ) ;
#3574 = DIRECTION ( 'NONE',  ( 1.000000000000000000, 0.0000000000000000000, -0.0000000000000000000 ) ) ;
#3575 = DIRECTION ( 'NONE',  ( 0.0000000000000000000, -0.01745240643730164992, -0.9998476951563909365 ) ) ;
#3576 = EDGE_LOOP ( 'NONE', ( #3203, #2711, #1803, #5619 ) ) ;
#3577 = CARTESIAN_POINT ( 'NONE',  ( 80.99999999999997158, 164.4999999999999716, 30.91264851713705752 ) ) ;
#3578 = VERTEX_POINT ( 'NONE', #4325 ) ;
#3579 = DIRECTION ( 'NONE',  ( -0.0000000000000000000, -0.0000000000000000000, -1.000000000000000000 ) ) ;
#3580 = CARTESIAN_POINT ( 'NONE',  ( 40.49999999999997868, 166.9999999999999716, 16.00000000000000711 ) ) ;
#3581 = CARTESIAN_POINT ( 'NONE',  ( 87.08972981016492554, 166.4999999999999716, -35.99999999999999289 ) ) ;
#3582 = COLOUR_RGB ( '',0.8980392156862745390, 0.8980392156862745390, 0.8980392156862745390 ) ;
#3583 = CARTESIAN_POINT ( 'NONE',  ( -87.99646601572399618, 143.2024618235764137, -35.99646601572399618 ) ) ;
#3584 = DIRECTION ( 'NONE',  ( 1.000000000000000000, -0.0000000000000000000, -0.0000000000000000000 ) ) ;
#3585 = EDGE_CURVE ( 'NONE', #1170, #5065, #210, .T. ) ;
#3586 = CARTESIAN_POINT ( 'NONE',  ( -1.000000000000021316, 164.5003807621090459, 35.62470945781598886 ) ) ;
#3587 = ORIENTED_EDGE ( 'NONE', *, *, #2316, .F. ) ;
#3588 = CARTESIAN_POINT ( 'NONE',  ( 37.49999999999999289, 143.4948883085025386, 35.78422336308547358 ) ) ;
#3589 = PLANE ( 'NONE',  #4201 ) ;
#3590 = CIRCLE ( 'NONE', #2028, 2.000000000000001776 ) ;
#3591 = CARTESIAN_POINT ( 'NONE',  ( 65.16268659334791380, 153.5999999999999659, 18.16268659334793867 ) ) ;
#3592 = AXIS2_PLACEMENT_3D ( 'NONE', #5843, #1163, #2095 ) ;
#3593 = FILL_AREA_STYLE_COLOUR ( '', #1767 ) ;
#3594 = LINE ( 'NONE', #884, #4281 ) ;
#3595 =( NAMED_UNIT ( * ) SI_UNIT ( $, .STERADIAN. ) SOLID_ANGLE_UNIT ( ) );
#3596 = DIRECTION ( 'NONE',  ( 1.000000000000000000, 0.0000000000000000000, 0.0000000000000000000 ) ) ;
#3597 = CARTESIAN_POINT ( 'NONE',  ( -41.00000000000004974, 153.0087262032186288, 35.82529703427406531 ) ) ;
#3598 = ORIENTED_EDGE ( 'NONE', *, *, #5485, .F. ) ;
#3599 = EDGE_CURVE ( 'NONE', #5043, #184, #1600, .T. ) ;
#3600 = CARTESIAN_POINT ( 'NONE',  ( 65.16268659334791380, 153.5999999999999659, 33.16268659334794222 ) ) ;
#3601 = VERTEX_POINT ( 'NONE', #5249 ) ;
#3602 = SPHERICAL_SURFACE ( 'NONE', #4468, 2.000000000000000000 ) ;
#3603 = PLANE ( 'NONE',  #2773 ) ;
#3604 = ORIENTED_EDGE ( 'NONE', *, *, #2080, .F. ) ;
#3605 = CARTESIAN_POINT ( 'NONE',  ( -95.90448750123042032, 153.4999999999999716, 26.16268659334617297 ) ) ;
#3606 = ORIENTED_EDGE ( 'NONE', *, *, #2464, .F. ) ;
#3607 = ADVANCED_BREP_SHAPE_REPRESENTATION ( '54F46B23-0FA2-4B98-851C-797676BF8B2A', ( #3261, #5028, #5365, #1646 ), #1546 ) ;
#3608 = EDGE_CURVE ( 'NONE', #280, #2345, #1014, .T. ) ;
#3609 = LINE ( 'NONE', #650, #3782 ) ;
#3610 = CIRCLE ( 'NONE', #2648, 2.000000000000001776 ) ;
#3611 = VERTEX_POINT ( 'NONE', #91 ) ;
#3612 = DIRECTION ( 'NONE',  ( -0.0000000000000000000, 1.000000000000000000, -0.0000000000000000000 ) ) ;
#3613 = EDGE_LOOP ( 'NONE', ( #493, #429, #274, #2587 ) ) ;
#3614 = FILL_AREA_STYLE ('',( #1772 ) ) ;
#3615 = CARTESIAN_POINT ( 'NONE',  ( -90.00000000000001421, 0.0000000000000000000, 36.00000000000000711 ) ) ;
#3616 = EDGE_LOOP ( 'NONE', ( #2221, #5334, #3822, #1010 ) ) ;
#3617 = VECTOR ( 'NONE', #3763, 1000.000000000000114 ) ;
#3618 = LINE ( 'NONE', #1775, #3652 ) ;
#3619 = ADVANCED_FACE ( 'NONE', ( #1469 ), #5385, .T. ) ;
#3620 = MECHANICAL_DESIGN_GEOMETRIC_PRESENTATION_REPRESENTATION (  '', ( #4649 ), #2062 ) ;
#3621 = PLANE ( 'NONE',  #5034 ) ;
#3622 = CARTESIAN_POINT ( 'NONE',  ( 55.13131355994478611, 153.2999999999999545, 26.16268659334798485 ) ) ;
#3623 = CARTESIAN_POINT ( 'NONE',  ( 40.47801331038846939, 153.1164993304543032, 35.82341584734066231 ) ) ;
#3624 = B_SPLINE_CURVE_WITH_KNOTS ( 'NONE', 3,
 ( #672, #1677, #4851, #354, #3953, #5306, #4888, #4343 ),
 .UNSPECIFIED., .F., .F.,
 ( 4, 2, 2, 4 ),
 ( -8.944286221983803310E-06, 0.0007612254436492325079, 0.001146310308584849724, 0.001531395173520467157 ),
 .UNSPECIFIED. ) ;
#3625 = ADVANCED_FACE ( 'NONE', ( #4952 ), #1258, .T. ) ;
#3626 = CIRCLE ( 'NONE', #936, 0.5000000000000004441 ) ;
#3627 = CARTESIAN_POINT ( 'NONE',  ( -87.82529703427408663, 153.0087262032186288, 15.99999999999993427 ) ) ;
#3628 = ORIENTED_EDGE ( 'NONE', *, *, #4747, .F. ) ;
#3629 = LINE ( 'NONE', #5471, #3230 ) ;
#3630 = CARTESIAN_POINT ( 'NONE',  ( 87.82341584734062678, 153.1164993304544168, 15.47801331038796313 ) ) ;
#3631 = CIRCLE ( 'NONE', #1035, 2.000000000000001776 ) ;
#3632 = CYLINDRICAL_SURFACE ( 'NONE', #1806, 0.4999999999999990008 ) ;
#3633 = ORIENTED_EDGE ( 'NONE', *, *, #5773, .T. ) ;
#3634 = ORIENTED_EDGE ( 'NONE', *, *, #5485, .T. ) ;
#3635 = DIRECTION ( 'NONE',  ( -1.000000000000000000, -6.606313794787629144E-16, 1.153136362241978194E-17 ) ) ;
#3636 = LINE ( 'NONE', #5483, #1333 ) ;
#3637 = ADVANCED_FACE ( 'NONE', ( #5410 ), #2340, .F. ) ;
#3638 = AXIS2_PLACEMENT_3D ( 'NONE', #5319, #5222, #3007 ) ;
#3639 = EDGE_CURVE ( 'NONE', #184, #2931, #3572, .T. ) ;
#3640 = ORIENTED_EDGE ( 'NONE', *, *, #5030, .T. ) ;
#3641 = ORIENTED_EDGE ( 'NONE', *, *, #380, .T. ) ;
#3642 = CARTESIAN_POINT ( 'NONE',  ( -51.16268659334792801, 153.2999999999999545, 25.66268659334790669 ) ) ;
#3643 = STYLED_ITEM ( 'NONE', ( #2965 ), #1283 ) ;
#3644 = DIRECTION ( 'NONE',  ( 0.0000000000000000000, 1.000000000000000000, -0.0000000000000000000 ) ) ;
#3645 = CARTESIAN_POINT ( 'NONE',  ( -82.99999999999997158, 158.9999999999999716, 25.91264851713703621 ) ) ;
#3646 = VECTOR ( 'NONE', #106, 1000.000000000000000 ) ;
#3647 = EDGE_LOOP ( 'NONE', ( #2494, #68 ) ) ;
#3648 = AXIS2_PLACEMENT_3D ( 'NONE', #1305, #1093, #110 ) ;
#3649 = AXIS2_PLACEMENT_3D ( 'NONE', #3978, #5742, #1577 ) ;
#3650 = CARTESIAN_POINT ( 'NONE',  ( -89.66000337367614748, 142.9790344793958923, 37.12257320436375352 ) ) ;
#3651 = PLANE ( 'NONE',  #1397 ) ;
#3652 = VECTOR ( 'NONE', #5925, 1000.000000000000000 ) ;
#3653 = DIRECTION ( 'NONE',  ( 1.000000000000000000, 0.0000000000000000000, -0.0000000000000000000 ) ) ;
#3654 = TOROIDAL_SURFACE ( 'NONE', #3373, 1.000000000000000000, 0.5000000000000000000 ) ;
#3655 = COLOUR_RGB ( '',0.0000000000000000000, 0.0000000000000000000, 0.0000000000000000000 ) ;
#3656 = DIRECTION ( 'NONE',  ( -0.0000000000000000000, -1.000000000000000000, -0.0000000000000000000 ) ) ;
#3657 = UNCERTAINTY_MEASURE_WITH_UNIT (LENGTH_MEASURE( 1.000000000000000082E-05 ), #1040, 'distance_accuracy_value', 'NONE');
#3658 = ORIENTED_EDGE ( 'NONE', *, *, #3333, .F. ) ;
#3659 = ORIENTED_EDGE ( 'NONE', *, *, #5880, .F. ) ;
#3660 = EDGE_CURVE ( 'NONE', #1358, #5307, #1710, .T. ) ;
#3661 = LINE ( 'NONE', #1369, #547 ) ;
#3662 = CARTESIAN_POINT ( 'NONE',  ( 40.41421356237307805, 153.0087262032186004, 35.82529703427405821 ) ) ;
#3663 = VERTEX_POINT ( 'NONE', #2575 ) ;
#3664 = ORIENTED_EDGE ( 'NONE', *, *, #2591, .F. ) ;
#3665 = DIRECTION ( 'NONE',  ( 1.000000000000000000, 0.0000000000000000000, -0.0000000000000000000 ) ) ;
#3666 = EDGE_LOOP ( 'NONE', ( #629, #5219, #4870, #2936 ) ) ;
#3667 = LINE ( 'NONE', #5944, #1145 ) ;
#3668 = EDGE_CURVE ( 'NONE', #744, #5638, #256, .T. ) ;
#3669 = ORIENTED_EDGE ( 'NONE', *, *, #4727, .F. ) ;
#3670 = FACE_OUTER_BOUND ( 'NONE', #4313, .T. ) ;
#3671 = DIRECTION ( 'NONE',  ( -0.0000000000000000000, -0.9998476951563911586, 0.01745240643728355329 ) ) ;
#3672 = EDGE_CURVE ( 'NONE', #3398, #1760, #3610, .T. ) ;
#3673 = MECHANICAL_DESIGN_GEOMETRIC_PRESENTATION_REPRESENTATION (  '', ( #2114 ), #3397 ) ;
#3674 = DIRECTION ( 'NONE',  ( 0.0000000000000000000, 6.938893903907223447E-16, 1.000000000000000000 ) ) ;
#3675 = EDGE_CURVE ( 'NONE', #3815, #3358, #1628, .T. ) ;
#3676 = CARTESIAN_POINT ( 'NONE',  ( -38.00000000000007816, 143.0000000000000000, 36.49134863155784814 ) ) ;
#3677 = VECTOR ( 'NONE', #2116, 1000.000000000000000 ) ;
#3678 = LINE ( 'NONE', #2310, #5955 ) ;
#3679 = CIRCLE ( 'NONE', #702, 0.5000000000000004441 ) ;
#3680 = FACE_OUTER_BOUND ( 'NONE', #4577, .T. ) ;
#3681 = ORIENTED_EDGE ( 'NONE', *, *, #3348, .T. ) ;
#3682 = CARTESIAN_POINT ( 'NONE',  ( 80.99999999999997158, 158.9999999999999716, 25.91264851713703621 ) ) ;
#3683 = ORIENTED_EDGE ( 'NONE', *, *, #2030, .T. ) ;
#3684 = CARTESIAN_POINT ( 'NONE',  ( -88.90603047479994814, 142.9152849476968754, -37.78742568475038155 ) ) ;
#3685 = VECTOR ( 'NONE', #4234, 1000.000000000000000 ) ;
#3686 = ORIENTED_EDGE ( 'NONE', *, *, #1316, .T. ) ;
#3687 = ADVANCED_FACE ( 'NONE', ( #1284 ), #5931, .F. ) ;
#3688 = DIRECTION ( 'NONE',  ( 0.0000000000000000000, 1.000000000000000000, 0.0000000000000000000 ) ) ;
#3689 = EDGE_LOOP ( 'NONE', ( #1531, #5601, #1511, #1331 ) ) ;
#3690 = VECTOR ( 'NONE', #912, 1000.000000000000000 ) ;
#3691 = CARTESIAN_POINT ( 'NONE',  ( -87.58965365774314193, 166.5087262032186572, -35.58965365774311351 ) ) ;
#3692 = ORIENTED_EDGE ( 'NONE', *, *, #5475, .F. ) ;
#3693 = ORIENTED_EDGE ( 'NONE', *, *, #5124, .F. ) ;
#3694 = EDGE_CURVE ( 'NONE', #3134, #4344, #3900, .T. ) ;
#3695 = ORIENTED_EDGE ( 'NONE', *, *, #4069, .F. ) ;
#3696 = CARTESIAN_POINT ( 'NONE',  ( 37.14889830414266925, 142.9999999999999716, 36.00000000000001421 ) ) ;
#3697 = DIRECTION ( 'NONE',  ( -0.0000000000000000000, -1.000000000000000000, -0.0000000000000000000 ) ) ;
#3698 = DIRECTION ( 'NONE',  ( 0.0000000000000000000, 1.000000000000000000, 0.0000000000000000000 ) ) ;
#3699 = VERTEX_POINT ( 'NONE', #709 ) ;
#3700 = EDGE_CURVE ( 'NONE', #3663, #2752, #4022, .T. ) ;
#3701 = PRESENTATION_STYLE_ASSIGNMENT (( #2336 ) ) ;
#3702 = CARTESIAN_POINT ( 'NONE',  ( 89.49999999999998579, 135.4999999999999716, 37.32287565553230024 ) ) ;
#3703 = DIRECTION ( 'NONE',  ( -0.0000000000000000000, 1.000000000000000000, -0.0000000000000000000 ) ) ;
#3704 = EDGE_CURVE ( 'NONE', #1659, #2228, #5351, .T. ) ;
#3705 = ADVANCED_FACE ( 'NONE', ( #334 ), #1013, .T. ) ;
#3706 = FILL_AREA_STYLE ('',( #4190 ) ) ;
#3707 = ORIENTED_EDGE ( 'NONE', *, *, #5797, .T. ) ;
#3708 = UNCERTAINTY_MEASURE_WITH_UNIT (LENGTH_MEASURE( 1.000000000000000082E-05 ), #4550, 'distance_accuracy_value', 'NONE');
#3709 = DIRECTION ( 'NONE',  ( 0.0000000000000000000, 0.0000000000000000000, 1.000000000000000000 ) ) ;
#3710 = CIRCLE ( 'NONE', #1876, 4.000000000000007105 ) ;
#3711 = FILL_AREA_STYLE_COLOUR ( '', #1777 ) ;
#3712 = ORIENTED_EDGE ( 'NONE', *, *, #4279, .T. ) ;
#3713 = CARTESIAN_POINT ( 'NONE',  ( 87.31702943332683731, 153.7390066551943733, 15.55388656361901845 ) ) ;
#3714 =( GEOMETRIC_REPRESENTATION_CONTEXT ( 3 ) GLOBAL_UNCERTAINTY_ASSIGNED_CONTEXT ( ( #5894 ) ) GLOBAL_UNIT_ASSIGNED_CONTEXT ( ( #886, #56, #5059 ) ) REPRESENTATION_CONTEXT ( 'NONE', 'WORKASPACE' ) );
#3715 = ORIENTED_EDGE ( 'NONE', *, *, #5116, .F. ) ;
#3716 = CARTESIAN_POINT ( 'NONE',  ( -89.32287565553230024, 135.4999999999999716, 37.50000000000000711 ) ) ;
#3717 = ORIENTED_EDGE ( 'NONE', *, *, #3057, .F. ) ;
#3718 = CARTESIAN_POINT ( 'NONE',  ( -87.37858577753277700, 166.9999999999999716, -35.37858577753275569 ) ) ;
#3719 = ORIENTED_EDGE ( 'NONE', *, *, #1532, .T. ) ;
#3720 = STYLED_ITEM ( 'NONE', ( #3439 ), #5365 ) ;
#3721 = EDGE_CURVE ( 'NONE', #5170, #5092, #2131, .T. ) ;
#3722 = VERTEX_POINT ( 'NONE', #3212 ) ;
#3723 = AXIS2_PLACEMENT_3D ( 'NONE', #4963, #4060, #1233 ) ;
#3724 = EDGE_LOOP ( 'NONE', ( #2478, #1900, #2470, #5749 ) ) ;
#3725 = CARTESIAN_POINT ( 'NONE',  ( 36.99999999999997868, 153.1929836864896970, 18.31941506717167911 ) ) ;
#3726 = PLANE ( 'NONE',  #3746 ) ;
#3727 = EDGE_CURVE ( 'NONE', #1766, #1259, #891, .T. ) ;
#3728 = ORIENTED_EDGE ( 'NONE', *, *, #4790, .F. ) ;
#3729 = CARTESIAN_POINT ( 'NONE',  ( -40.00000000000000711, 166.9999999999999716, 35.58107844172278078 ) ) ;
#3730 = AXIS2_PLACEMENT_3D ( 'NONE', #1871, #5098, #89 ) ;
#3731 = VECTOR ( 'NONE', #2430, 1000.000000000000000 ) ;
#3732 = CARTESIAN_POINT ( 'NONE',  ( -87.08972981016493975, 166.9999999999999716, -35.08972981016491843 ) ) ;
#3733 = DIRECTION ( 'NONE',  ( 0.01745240643730141053, -0.9998476951563909365, -4.844015865452076785E-16 ) ) ;
#3734 = EDGE_CURVE ( 'NONE', #1143, #594, #2192, .T. ) ;
#3735 = DIRECTION ( 'NONE',  ( 0.0000000000000000000, 1.000000000000000000, 0.0000000000000000000 ) ) ;
#3736 = CIRCLE ( 'NONE', #2779, 0.5000000000000058842 ) ;
#3737 = CARTESIAN_POINT ( 'NONE',  ( -40.99999999999999289, 166.9999999999999716, 15.99999999999997691 ) ) ;
#3738 = VERTEX_POINT ( 'NONE', #5907 ) ;
#3739 = TOROIDAL_SURFACE ( 'NONE', #4502, 1.000000000000000000, 0.5000000000000000000 ) ;
#3740 = DIRECTION ( 'NONE',  ( 0.0000000000000000000, 0.0000000000000000000, 1.000000000000000000 ) ) ;
#3741 = DIRECTION ( 'NONE',  ( -0.0000000000000000000, -0.0000000000000000000, -1.000000000000000000 ) ) ;
#3742 = ORIENTED_EDGE ( 'NONE', *, *, #3895, .F. ) ;
#3743 = ADVANCED_FACE ( 'NONE', ( #501 ), #418, .F. ) ;
#3744 = CARTESIAN_POINT ( 'NONE',  ( 24.49999999999999289, 153.2889719218947562, 23.81857739053184275 ) ) ;
#3745 = EDGE_CURVE ( 'NONE', #249, #811, #947, .T. ) ;
#3746 = AXIS2_PLACEMENT_3D ( 'NONE', #1451, #544, #1913 ) ;
#3747 = CIRCLE ( 'NONE', #3730, 2.000000000000001776 ) ;
#3748 = VERTEX_POINT ( 'NONE', #2699 ) ;
#3749 = CARTESIAN_POINT ( 'NONE',  ( 80.99999999999997158, 164.4999999999999716, 20.91264851713701844 ) ) ;
#3750 = ORIENTED_EDGE ( 'NONE', *, *, #2492, .F. ) ;
#3751 = ORIENTED_EDGE ( 'NONE', *, *, #2324, .T. ) ;
#3752 = EDGE_CURVE ( 'NONE', #4324, #4150, #1761, .T. ) ;
#3753 = LINE ( 'NONE', #4043, #3903 ) ;
#3754 = VERTEX_POINT ( 'NONE', #4516 ) ;
#3755 = DIRECTION ( 'NONE',  ( 0.0000000000000000000, 0.0000000000000000000, 1.000000000000000000 ) ) ;
#3756 = ORIENTED_EDGE ( 'NONE', *, *, #1165, .T. ) ;
#3757 = DIRECTION ( 'NONE',  ( -1.000000000000000000, 0.0000000000000000000, 0.0000000000000000000 ) ) ;
#3758 = CARTESIAN_POINT ( 'NONE',  ( 89.49999999999998579, 136.9999999999999716, -37.49999999999999289 ) ) ;
#3759 = FACE_BOUND ( 'NONE', #2736, .T. ) ;
#3760 = ORIENTED_EDGE ( 'NONE', *, *, #5357, .T. ) ;
#3761 = LINE ( 'NONE', #4182, #4900 ) ;
#3762 = EDGE_CURVE ( 'NONE', #2846, #4009, #59, .T. ) ;
#3763 = DIRECTION ( 'NONE',  ( 0.0000000000000000000, -0.9998476951563911586, 0.01745240643728354635 ) ) ;
#3764 = DIRECTION ( 'NONE',  ( 1.000000000000000000, 0.0000000000000000000, 9.130123557772672032E-16 ) ) ;
#3765 = DIRECTION ( 'NONE',  ( -0.0000000000000000000, 1.000000000000000000, -0.0000000000000000000 ) ) ;
#3766 = VECTOR ( 'NONE', #3570, 1000.000000000000000 ) ;
#3767 = ADVANCED_FACE ( 'NONE', ( #4102 ), #3793, .T. ) ;
#3768 = DIRECTION ( 'NONE',  ( -1.153136362241978194E-17, -7.617980657150404526E-33, -1.000000000000000000 ) ) ;
#3769 = VERTEX_POINT ( 'NONE', #5507 ) ;
#3770 = CARTESIAN_POINT ( 'NONE',  ( 65.16268659334791380, 153.5999999999999659, 33.16268659334794222 ) ) ;
#3771 = ORIENTED_EDGE ( 'NONE', *, *, #2563, .F. ) ;
#3772 = LINE ( 'NONE', #586, #5374 ) ;
#3773 = PRODUCT_DEFINITION_SHAPE ( 'NONE', 'NONE',  #2396 ) ;
#3774 = FACE_OUTER_BOUND ( 'NONE', #5299, .T. ) ;
#3775 = VECTOR ( 'NONE', #3757, 1000.000000000000000 ) ;
#3776 = ORIENTED_EDGE ( 'NONE', *, *, #956, .T. ) ;
#3777 = DIRECTION ( 'NONE',  ( 0.0000000000000000000, 1.000000000000000000, -0.0000000000000000000 ) ) ;
#3778 = EDGE_CURVE ( 'NONE', #3936, #5382, #3156, .T. ) ;
#3779 = ORIENTED_EDGE ( 'NONE', *, *, #1610, .F. ) ;
#3780 = DIRECTION ( 'NONE',  ( -0.0000000000000000000, -0.0000000000000000000, -1.000000000000000000 ) ) ;
#3781 = ORIENTED_EDGE ( 'NONE', *, *, #1274, .T. ) ;
#3782 = VECTOR ( 'NONE', #4291, 1000.000000000000000 ) ;
#3783 = CARTESIAN_POINT ( 'NONE',  ( -37.00000000000004263, 152.9024887161588993, 30.32631361226694722 ) ) ;
#3784 = ORIENTED_EDGE ( 'NONE', *, *, #3976, .F. ) ;
#3785 = VECTOR ( 'NONE', #5500, 1000.000000000000000 ) ;
#3786 = EDGE_CURVE ( 'NONE', #3738, #5119, #5842, .T. ) ;
#3787 = SURFACE_STYLE_FILL_AREA ( #4671 ) ;
#3788 = FACE_OUTER_BOUND ( 'NONE', #3322, .T. ) ;
#3789 = EDGE_LOOP ( 'NONE', ( #3236, #66, #5593, #2235 ) ) ;
#3790 = DIRECTION ( 'NONE',  ( 0.0000000000000000000, 0.0000000000000000000, 1.000000000000000000 ) ) ;
#3791 = DIRECTION ( 'NONE',  ( -0.0000000000000000000, -1.000000000000000000, -0.0000000000000000000 ) ) ;
#3792 = FILL_AREA_STYLE_COLOUR ( '', #1105 ) ;
#3793 = TOROIDAL_SURFACE ( 'NONE', #626, 5.500000000000001776, 0.5000000000000000000 ) ;
#3794 = DIRECTION ( 'NONE',  ( -6.938893903907222067E-15, 0.0000000000000000000, 1.000000000000000000 ) ) ;
#3795 = CARTESIAN_POINT ( 'NONE',  ( -18.00000000000003553, 152.6843336356928660, 17.82821742281212707 ) ) ;
#3796 = EDGE_CURVE ( 'NONE', #3748, #1930, #3629, .T. ) ;
#3797 = DIRECTION ( 'NONE',  ( 0.0000000000000000000, 1.000000000000000000, -0.0000000000000000000 ) ) ;
#3798 = ORIENTED_EDGE ( 'NONE', *, *, #3254, .T. ) ;
#3799 = PLANE ( 'NONE',  #4156 ) ;
#3800 = EDGE_LOOP ( 'NONE', ( #33, #2416, #39, #2715 ) ) ;
#3801 = CYLINDRICAL_SURFACE ( 'NONE', #800, 0.4999999999999990008 ) ;
#3802 = CARTESIAN_POINT ( 'NONE',  ( -37.50000000000000711, 163.6863135986598365, 17.63617714821959126 ) ) ;
#3803 = EDGE_LOOP ( 'NONE', ( #3145, #946, #3829, #5273 ) ) ;
#3804 = CARTESIAN_POINT ( 'NONE',  ( 87.08972981016492554, 166.9999999999999716, -35.58107844172276657 ) ) ;
#3805 = CIRCLE ( 'NONE', #5850, 0.4999999999999990008 ) ;
#3806 = ADVANCED_FACE ( 'NONE', ( #1343 ), #2754, .F. ) ;
#3807 = ORIENTED_EDGE ( 'NONE', *, *, #5521, .T. ) ;
#3808 = CARTESIAN_POINT ( 'NONE',  ( -82.99999999999997158, 158.9999999999999716, 28.41264851713703621 ) ) ;
#3809 = STYLED_ITEM ( 'NONE', ( #5153 ), #4815 ) ;
#3810 = ORIENTED_EDGE ( 'NONE', *, *, #2400, .T. ) ;
#3811 = VERTEX_POINT ( 'NONE', #34 ) ;
#3812 = CARTESIAN_POINT ( 'NONE',  ( 37.49877755350811270, 143.4977775137171818, 35.61860004430497639 ) ) ;
#3813 = MECHANICAL_DESIGN_GEOMETRIC_PRESENTATION_REPRESENTATION (  '', ( #4874 ), #1619 ) ;
#3814 = EDGE_LOOP ( 'NONE', ( #4064, #2784, #5631, #5015 ) ) ;
#3815 = VERTEX_POINT ( 'NONE', #2666 ) ;
#3816 = AXIS2_PLACEMENT_3D ( 'NONE', #1947, #3791, #5642 ) ;
#3817 = LINE ( 'NONE', #1150, #4159 ) ;
#3818 = CARTESIAN_POINT ( 'NONE',  ( -18.50000000000004974, 153.3412492140541303, 26.81354145250236343 ) ) ;
#3819 = CARTESIAN_POINT ( 'NONE',  ( -87.99142478397965306, 143.4912737967813143, 35.99142478397965306 ) ) ;
#3820 = ADVANCED_FACE ( 'NONE', ( #4600 ), #2314, .F. ) ;
#3821 = AXIS2_PLACEMENT_3D ( 'NONE', #1295, #1769, #3490 ) ;
#3822 = ORIENTED_EDGE ( 'NONE', *, *, #2155, .T. ) ;
#3823 = PLANE ( 'NONE',  #5384 ) ;
#3824 = DIRECTION ( 'NONE',  ( 0.0000000000000000000, 0.0000000000000000000, 1.000000000000000000 ) ) ;
#3825 = SURFACE_SIDE_STYLE ('',( #4679 ) ) ;
#3826 = VECTOR ( 'NONE', #5080, 1000.000000000000000 ) ;
#3827 = LINE ( 'NONE', #5233, #2759 ) ;
#3828 = FILL_AREA_STYLE_COLOUR ( '', #1152 ) ;
#3829 = ORIENTED_EDGE ( 'NONE', *, *, #1960, .F. ) ;
#3830 = CARTESIAN_POINT ( 'NONE',  ( 1.000000000000002665, 142.9912737967813712, 35.50007615242180492 ) ) ;
#3831 = ORIENTED_EDGE ( 'NONE', *, *, #4876, .T. ) ;
#3832 = LINE ( 'NONE', #1462, #4380 ) ;
#3833 = VERTEX_POINT ( 'NONE', #1559 ) ;
#3834 = FACE_OUTER_BOUND ( 'NONE', #60, .T. ) ;
#3835 = STYLED_ITEM ( 'NONE', ( #2399 ), #1568 ) ;
#3836 = VECTOR ( 'NONE', #546, 1000.000000000000000 ) ;
#3837 = PRODUCT_DEFINITION_FORMATION_WITH_SPECIFIED_SOURCE ( 'ANY', '', #1472, .NOT_KNOWN. ) ;
#3838 = ORIENTED_EDGE ( 'NONE', *, *, #181, .F. ) ;
#3839 = LINE ( 'NONE', #2475, #3925 ) ;
#3840 = CIRCLE ( 'NONE', #5388, 2.000000000000001776 ) ;
#3841 = ORIENTED_EDGE ( 'NONE', *, *, #3494, .F. ) ;
#3842 = EDGE_CURVE ( 'NONE', #1874, #4882, #4194, .T. ) ;
#3843 =( NAMED_UNIT ( * ) SI_UNIT ( $, .STERADIAN. ) SOLID_ANGLE_UNIT ( ) );
#3844 = ORIENTED_EDGE ( 'NONE', *, *, #4985, .F. ) ;
#3845 = CARTESIAN_POINT ( 'NONE',  ( 37.55210888228937449, 143.4954915159421205, 35.74964457382295535 ) ) ;
#3846 = AXIS2_PLACEMENT_3D ( 'NONE', #1194, #2542, #2016 ) ;
#3847 = CARTESIAN_POINT ( 'NONE',  ( -87.82529703427408663, 153.0087262032186288, 15.49999999999993427 ) ) ;
#3848 = DIRECTION ( 'NONE',  ( 0.0000000000000000000, 1.000000000000000000, -0.0000000000000000000 ) ) ;
#3849 = VERTEX_POINT ( 'NONE', #3357 ) ;
#3850 = ADVANCED_FACE ( 'NONE', ( #528 ), #1587, .F. ) ;
#3851 = SURFACE_STYLE_FILL_AREA ( #185 ) ;
#3852 = ORIENTED_EDGE ( 'NONE', *, *, #4766, .F. ) ;
#3853 = CARTESIAN_POINT ( 'NONE',  ( -90.00000000000001421, 143.0000000000000000, 38.00000000000000711 ) ) ;
#3854 = EDGE_CURVE ( 'NONE', #1101, #2931, #2244, .T. ) ;
#3855 = LINE ( 'NONE', #3344, #4105 ) ;
#3856 = CARTESIAN_POINT ( 'NONE',  ( 89.99999999999998579, 143.0000000000000000, 36.00000000000000711 ) ) ;
#3857 = DIRECTION ( 'NONE',  ( 1.000000000000000000, 0.0000000000000000000, 0.0000000000000000000 ) ) ;
#3858 = CARTESIAN_POINT ( 'NONE',  ( 40.99999999999997868, 166.9999999999999716, 15.00000000000000888 ) ) ;
#3859 = ORIENTED_EDGE ( 'NONE', *, *, #1655, .F. ) ;
#3860 = EDGE_CURVE ( 'NONE', #3282, #5125, #3832, .T. ) ;
#3861 = ORIENTED_EDGE ( 'NONE', *, *, #5817, .F. ) ;
#3862 = CARTESIAN_POINT ( 'NONE',  ( -90.00000000000001421, 2.000000000000001776, -35.99999999999999289 ) ) ;
#3863 =( NAMED_UNIT ( * ) PLANE_ANGLE_UNIT ( ) SI_UNIT ( $, .RADIAN. ) );
#3864 = DIRECTION ( 'NONE',  ( 1.000000000000000000, 4.242215135558921878E-17, -5.457107857195676994E-17 ) ) ;
#3865 = CARTESIAN_POINT ( 'NONE',  ( 65.16268659334791380, 153.5999999999999659, 18.16268659334793867 ) ) ;
#3866 = SURFACE_STYLE_FILL_AREA ( #2015 ) ;
#3867 = FACE_OUTER_BOUND ( 'NONE', #1037, .T. ) ;
#3868 = ORIENTED_EDGE ( 'NONE', *, *, #3205, .T. ) ;
#3869 = CARTESIAN_POINT ( 'NONE',  ( 80.99999999999997158, 164.4999999999999716, 20.91264851713701844 ) ) ;
#3870 = EDGE_LOOP ( 'NONE', ( #2574, #5520, #3354, #998, #4582, #2303, #3634, #1895, #4953, #1765, #2978, #5356, #1813, #1770 ) ) ;
#3871 = DIRECTION ( 'NONE',  ( 0.0000000000000000000, -0.0000000000000000000, -1.000000000000000000 ) ) ;
#3872 = AXIS2_PLACEMENT_3D ( 'NONE', #1746, #3075, #1717 ) ;
#3873 = ADVANCED_FACE ( 'NONE', ( #3393 ), #5120, .T. ) ;
#3874 = CARTESIAN_POINT ( 'NONE',  ( 89.96049171198664851, 142.7313552011698619, -36.46147404279061277 ) ) ;
#3875 = CARTESIAN_POINT ( 'NONE',  ( -87.80784196934585850, 154.0087262032186857, 14.99999999999993427 ) ) ;
#3876 = AXIS2_PLACEMENT_3D ( 'NONE', #2845, #562, #122 ) ;
#3877 = ORIENTED_EDGE ( 'NONE', *, *, #622, .T. ) ;
#3878 = AXIS2_PLACEMENT_3D ( 'NONE', #2040, #4372, #1191 ) ;
#3879 = DIRECTION ( 'NONE',  ( 9.130123557772672032E-16, 0.0000000000000000000, -1.000000000000000000 ) ) ;
#3880 = CYLINDRICAL_SURFACE ( 'NONE', #1805, 0.5000000000000004441 ) ;
#3881 = EDGE_LOOP ( 'NONE', ( #2419, #3257, #2481 ) ) ;
#3882 = DIRECTION ( 'NONE',  ( -0.0000000000000000000, -0.0000000000000000000, -1.000000000000000000 ) ) ;
#3883 = VECTOR ( 'NONE', #754, 1000.000000000000114 ) ;
#3884 = SURFACE_STYLE_USAGE ( .BOTH. , #4785 ) ;
#3885 = DIRECTION ( 'NONE',  ( 6.938893903907222067E-15, 0.0000000000000000000, -1.000000000000000000 ) ) ;
#3886 = CARTESIAN_POINT ( 'NONE',  ( 89.49999999999998579, 135.4999999999999716, -37.32287565553228603 ) ) ;
#3887 = LINE ( 'NONE', #669, #3174 ) ;
#3888 = ADVANCED_FACE ( 'NONE', ( #4693 ), #2377, .F. ) ;
#3889 = LINE ( 'NONE', #762, #188 ) ;
#3890 = ORIENTED_EDGE ( 'NONE', *, *, #3262, .T. ) ;
#3891 = DIRECTION ( 'NONE',  ( 0.0000000000000000000, 1.000000000000000000, -6.938893903907223447E-16 ) ) ;
#3892 = ORIENTED_EDGE ( 'NONE', *, *, #2860, .T. ) ;
#3893 = DIRECTION ( 'NONE',  ( 0.0000000000000000000, 1.000000000000000000, 0.0000000000000000000 ) ) ;
#3894 = EDGE_CURVE ( 'NONE', #1004, #2053, #5618, .T. ) ;
#3895 = EDGE_CURVE ( 'NONE', #4121, #5127, #4257, .T. ) ;
#3896 = DIRECTION ( 'NONE',  ( 1.000000000000000000, 0.0000000000000000000, 0.0000000000000000000 ) ) ;
#3897 = CARTESIAN_POINT ( 'NONE',  ( 82.99999999999997158, 158.9999999999999716, 23.41264851713703976 ) ) ;
#3898 = VERTEX_POINT ( 'NONE', #1955 ) ;
#3899 = PRESENTATION_LAYER_ASSIGNMENT (  '', '', ( #1869 ) ) ;
#3900 = LINE ( 'NONE', #3033, #4750 ) ;
#3901 = ORIENTED_EDGE ( 'NONE', *, *, #1235, .F. ) ;
#3902 = CARTESIAN_POINT ( 'NONE',  ( 37.50002220644552153, 143.5000822413102242, 35.48648183095160391 ) ) ;
#3903 = VECTOR ( 'NONE', #5600, 1000.000000000000000 ) ;
#3904 = VERTEX_POINT ( 'NONE', #3419 ) ;
#3905 = ORIENTED_EDGE ( 'NONE', *, *, #692, .T. ) ;
#3906 = ORIENTED_EDGE ( 'NONE', *, *, #411, .T. ) ;
#3907 = SURFACE_SIDE_STYLE ('',( #2056 ) ) ;
#3908 = DIRECTION ( 'NONE',  ( 0.0000000000000000000, 0.0000000000000000000, -1.000000000000000000 ) ) ;
#3909 = CIRCLE ( 'NONE', #1126, 2.499999999999998668 ) ;
#3910 = SURFACE_SIDE_STYLE ('',( #2110 ) ) ;
#3911 = ORIENTED_EDGE ( 'NONE', *, *, #4316, .T. ) ;
#3912 = VECTOR ( 'NONE', #975, 1000.000000000000000 ) ;
#3913 = ADVANCED_FACE ( 'NONE', ( #2930 ), #4760, .F. ) ;
#3914 = DIRECTION ( 'NONE',  ( 0.0000000000000000000, -0.0000000000000000000, -1.000000000000000000 ) ) ;
#3915 = DIRECTION ( 'NONE',  ( 1.000000000000000000, -0.0000000000000000000, -0.0000000000000000000 ) ) ;
#3916 =( NAMED_UNIT ( * ) PLANE_ANGLE_UNIT ( ) SI_UNIT ( $, .RADIAN. ) );
#3917 = ORIENTED_EDGE ( 'NONE', *, *, #175, .F. ) ;
#3918 = DIRECTION ( 'NONE',  ( 0.0000000000000000000, -0.0000000000000000000, 1.000000000000000000 ) ) ;
#3919 = CYLINDRICAL_SURFACE ( 'NONE', #4939, 2.000000000000001776 ) ;
#3920 = DIRECTION ( 'NONE',  ( 0.0000000000000000000, 0.0000000000000000000, 1.000000000000000000 ) ) ;
#3921 = CARTESIAN_POINT ( 'NONE',  ( -90.00000000000001421, 136.9999999999999716, 36.00000000000000711 ) ) ;
#3922 = CARTESIAN_POINT ( 'NONE',  ( -87.08972981016493975, 166.4999999999999716, 14.99999999999993250 ) ) ;
#3923 = AXIS2_PLACEMENT_3D ( 'NONE', #5416, #2728, #451 ) ;
#3924 = VERTEX_POINT ( 'NONE', #643 ) ;
#3925 = VECTOR ( 'NONE', #5730, 1000.000000000000000 ) ;
#3926 = EDGE_CURVE ( 'NONE', #1635, #4211, #1071, .T. ) ;
#3927 = VECTOR ( 'NONE', #5461, 1000.000000000000000 ) ;
#3928 = EDGE_CURVE ( 'NONE', #2436, #2928, #4404, .T. ) ;
#3929 = CARTESIAN_POINT ( 'NONE',  ( -90.00000000000001421, 2.000000000000001776, 38.00000000000000711 ) ) ;
#3930 = ORIENTED_EDGE ( 'NONE', *, *, #1009, .F. ) ;
#3931 = DIRECTION ( 'NONE',  ( 0.0000000000000000000, 0.0000000000000000000, -1.000000000000000000 ) ) ;
#3932 = VECTOR ( 'NONE', #2170, 1000.000000000000227 ) ;
#3933 = DIRECTION ( 'NONE',  ( -1.000000000000000000, 0.0000000000000000000, 0.0000000000000000000 ) ) ;
#3934 = ORIENTED_EDGE ( 'NONE', *, *, #1129, .F. ) ;
#3935 = CARTESIAN_POINT ( 'NONE',  ( -87.80784196934585850, 154.0087262032186572, 15.49999999999994849 ) ) ;
#3936 = VERTEX_POINT ( 'NONE', #3095 ) ;
#3937 = ADVANCED_FACE ( 'NONE', ( #5241 ), #4453, .T. ) ;
#3938 = CARTESIAN_POINT ( 'NONE',  ( -1.000000000000085931, 142.9912737967813712, 35.50007615242180492 ) ) ;
#3939 = CIRCLE ( 'NONE', #4319, 0.5000000000000004441 ) ;
#3940 = CARTESIAN_POINT ( 'NONE',  ( 39.99999999999997868, 166.9999999999999716, 16.00000000000000711 ) ) ;
#3941 = AXIS2_PLACEMENT_3D ( 'NONE', #5939, #2643, #2705 ) ;
#3942 = FACE_OUTER_BOUND ( 'NONE', #4674, .T. ) ;
#3943 = ORIENTED_EDGE ( 'NONE', *, *, #3113, .T. ) ;
#3944 = VECTOR ( 'NONE', #2201, 1000.000000000000227 ) ;
#3945 = DIRECTION ( 'NONE',  ( -1.000000000000000000, 0.0000000000000000000, 0.0000000000000000000 ) ) ;
#3946 = CARTESIAN_POINT ( 'NONE',  ( 39.99999999999997868, 166.4999999999999716, 35.08972981016493264 ) ) ;
#3947 = CARTESIAN_POINT ( 'NONE',  ( 87.32537318669585602, 153.4999999999999716, 35.32537318669587734 ) ) ;
#3948 = ORIENTED_EDGE ( 'NONE', *, *, #3976, .T. ) ;
#3949 = CARTESIAN_POINT ( 'NONE',  ( 89.12257320436373220, 142.9790344793958923, 37.66000337367612616 ) ) ;
#3950 = DIRECTION ( 'NONE',  ( 0.0000000000000000000, 0.01745240643730164992, 0.9998476951563909365 ) ) ;
#3951 = DIRECTION ( 'NONE',  ( 0.0000000000000000000, 0.0000000000000000000, 1.000000000000000000 ) ) ;
#3952 = EDGE_CURVE ( 'NONE', #1505, #5670, #3986, .T. ) ;
#3953 = CARTESIAN_POINT ( 'NONE',  ( -89.78742461314416801, 142.9152856398069389, -36.90603250973695282 ) ) ;
#3954 = ORIENTED_EDGE ( 'NONE', *, *, #4241, .T. ) ;
#3955 = CYLINDRICAL_SURFACE ( 'NONE', #4722, 0.4999999999999918954 ) ;
#3956 = DIRECTION ( 'NONE',  ( -1.000000000000000000, 0.0000000000000000000, 0.0000000000000000000 ) ) ;
#3957 = FACE_OUTER_BOUND ( 'NONE', #4862, .T. ) ;
#3958 = CARTESIAN_POINT ( 'NONE',  ( 40.55388656361872535, 153.7390066551946575, 35.31702943332597044 ) ) ;
#3959 = CARTESIAN_POINT ( 'NONE',  ( -89.32287565553230024, 143.0000000000000000, 37.50000000000000711 ) ) ;
#3960 = DIRECTION ( 'NONE',  ( 0.0000000000000000000, 0.0000000000000000000, -1.000000000000000000 ) ) ;
#3961 = ORIENTED_EDGE ( 'NONE', *, *, #1293, .F. ) ;
#3962 = CARTESIAN_POINT ( 'NONE',  ( -38.00000000000026290, 143.0000000000000000, 36.49134863155784814 ) ) ;
#3963 = VERTEX_POINT ( 'NONE', #2632 ) ;
#3964 = CARTESIAN_POINT ( 'NONE',  ( -90.00000000000001421, 143.0000000000000000, -37.99999999999999289 ) ) ;
#3965 = AXIS2_PLACEMENT_3D ( 'NONE', #945, #4221, #3292 ) ;
#3966 = ADVANCED_FACE ( 'NONE', ( #4373 ), #3448, .F. ) ;
#3967 = DIRECTION ( 'NONE',  ( 0.0000000000000000000, 0.0000000000000000000, 1.000000000000000000 ) ) ;
#3968 = EDGE_LOOP ( 'NONE', ( #2742, #5848, #2103, #1046 ) ) ;
#3969 = DIRECTION ( 'NONE',  ( 0.0000000000000000000, 1.000000000000000000, -0.0000000000000000000 ) ) ;
#3970 = EDGE_LOOP ( 'NONE', ( #4711, #5561, #5200, #2738 ) ) ;
#3971 = CARTESIAN_POINT ( 'NONE',  ( -88.49134863155785524, 143.0000000000000000, 36.49134863155784814 ) ) ;
#3972 = ORIENTED_EDGE ( 'NONE', *, *, #1844, .T. ) ;
#3973 = CARTESIAN_POINT ( 'NONE',  ( -37.00000000000003553, 153.1929836864896970, 18.31941506717167911 ) ) ;
#3974 = DIRECTION ( 'NONE',  ( 0.0000000000000000000, 0.0000000000000000000, 1.000000000000000000 ) ) ;
#3975 = ADVANCED_FACE ( 'NONE', ( #1732 ), #3027, .T. ) ;
#3976 = EDGE_CURVE ( 'NONE', #1745, #1004, #4896, .T. ) ;
#3977 = ORIENTED_EDGE ( 'NONE', *, *, #4256, .T. ) ;
#3978 = CARTESIAN_POINT ( 'NONE',  ( -40.00000000000000711, 166.4999999999999716, 35.08972981016493264 ) ) ;
#3979 = DIRECTION ( 'NONE',  ( -1.000000000000000000, -0.0000000000000000000, 2.775980356817003727E-14 ) ) ;
#3980 = FACE_OUTER_BOUND ( 'NONE', #4439, .T. ) ;
#3981 = ORIENTED_EDGE ( 'NONE', *, *, #4459, .F. ) ;
#3982 = CARTESIAN_POINT ( 'NONE',  ( 88.22944092466289590, 142.6147197750310909, 38.00000000000000711 ) ) ;
#3983 = DIRECTION ( 'NONE',  ( 0.0000000000000000000, 0.0000000000000000000, 1.000000000000000000 ) ) ;
#3984 =( BOUNDED_CURVE ( )  B_SPLINE_CURVE ( 3, ( #917, #416, #4052, #3627 ),
 .UNSPECIFIED., .F., .T. ) 
 B_SPLINE_CURVE_WITH_KNOTS ( ( 4, 4 ),
 ( 4.712388980384741188, 6.283185307179586232 ),
 .UNSPECIFIED. ) 
 CURVE ( )  GEOMETRIC_REPRESENTATION_ITEM ( )  RATIONAL_B_SPLINE_CURVE ( ( 1.000000000000000000, 0.8047378541243770389, 0.8047378541243770389, 1.000000000000000000 ) ) 
 REPRESENTATION_ITEM ( '' )  );
#3985 = DIRECTION ( 'NONE',  ( 1.000000000000000000, -0.0000000000000000000, -0.0000000000000000000 ) ) ;
#3986 = LINE ( 'NONE', #5844, #5141 ) ;
#3987 = EDGE_CURVE ( 'NONE', #5458, #1851, #1134, .T. ) ;
#3988 = CARTESIAN_POINT ( 'NONE',  ( -40.99999999999999289, 153.4999999999999716, 15.99999999999997691 ) ) ;
#3989 = CYLINDRICAL_SURFACE ( 'NONE', #5793, 0.4999999999999990008 ) ;
#3990 = ORIENTED_EDGE ( 'NONE', *, *, #541, .T. ) ;
#3991 = CARTESIAN_POINT ( 'NONE',  ( 36.99999999999999289, 152.8850363097216132, 29.32646591711063166 ) ) ;
#3992 = ORIENTED_EDGE ( 'NONE', *, *, #2721, .F. ) ;
#3993 = ADVANCED_FACE ( 'NONE', ( #3957 ), #1247, .F. ) ;
#3994 = CARTESIAN_POINT ( 'NONE',  ( 89.49999999999998579, 143.0000000000000000, 37.32287565553230024 ) ) ;
#3995 = CARTESIAN_POINT ( 'NONE',  ( -95.90448750123042032, 153.2999999999999545, 25.66268659334794933 ) ) ;
#3996 = ORIENTED_EDGE ( 'NONE', *, *, #4503, .F. ) ;
#3997 = DIRECTION ( 'NONE',  ( -1.000000000000000000, -0.0000000000000000000, 0.0000000000000000000 ) ) ;
#3998 = CIRCLE ( 'NONE', #5347, 4.000000000000007105 ) ;
#3999 = VERTEX_POINT ( 'NONE', #2151 ) ;
#4000 = DIRECTION ( 'NONE',  ( -1.000000000000000000, 0.0000000000000000000, 0.0000000000000000000 ) ) ;
#4001 = DIRECTION ( 'NONE',  ( -0.0000000000000000000, 0.01745240643728373370, 0.9998476951563913806 ) ) ;
#4002 = DIRECTION ( 'NONE',  ( -1.000000000000000000, 0.0000000000000000000, -1.387778780781445478E-15 ) ) ;
#4003 = VECTOR ( 'NONE', #1965, 1000.000000000000227 ) ;
#4004 = ORIENTED_EDGE ( 'NONE', *, *, #5453, .T. ) ;
#4005 = CARTESIAN_POINT ( 'NONE',  ( -1.500000000000022871, 163.9917307113122149, 35.13351181345644392 ) ) ;
#4006 = AXIS2_PLACEMENT_3D ( 'NONE', #2971, #4806, #2577 ) ;
#4007 =( NAMED_UNIT ( * ) SI_UNIT ( $, .STERADIAN. ) SOLID_ANGLE_UNIT ( ) );
#4008 = CARTESIAN_POINT ( 'NONE',  ( 55.13131355994481453, 153.2999999999999545, 25.16268659334798485 ) ) ;
#4009 = VERTEX_POINT ( 'NONE', #4017 ) ;
#4010 = EDGE_CURVE ( 'NONE', #4882, #4943, #5869, .T. ) ;
#4011 = SURFACE_STYLE_USAGE ( .BOTH. , #4146 ) ;
#4012 = CARTESIAN_POINT ( 'NONE',  ( -90.00000000000001421, 136.9999999999999716, -35.99999999999999289 ) ) ;
#4013 = MECHANICAL_DESIGN_GEOMETRIC_PRESENTATION_REPRESENTATION (  '', ( #2257 ), #3714 ) ;
#4014 = CARTESIAN_POINT ( 'NONE',  ( 80.99999999999997158, 163.4999999999999716, 19.91264851713702555 ) ) ;
#4015 = CARTESIAN_POINT ( 'NONE',  ( 36.99999999999997868, 153.1929836864896970, 18.31941506717167911 ) ) ;
#4016 = CIRCLE ( 'NONE', #463, 4.000000000000007105 ) ;
#4017 = CARTESIAN_POINT ( 'NONE',  ( 50.66268659334789959, 153.4999999999999716, 21.69405962675105215 ) ) ;
#4018 = VECTOR ( 'NONE', #4995, 1000.000000000000000 ) ;
#4019 = DIRECTION ( 'NONE',  ( -1.000000000000000000, 0.0000000000000000000, 1.095614826932720471E-16 ) ) ;
#4020 = ORIENTED_EDGE ( 'NONE', *, *, #2860, .F. ) ;
#4021 = UNCERTAINTY_MEASURE_WITH_UNIT (LENGTH_MEASURE( 1.000000000000000082E-05 ), #2499, 'distance_accuracy_value', 'NONE');
#4022 = LINE ( 'NONE', #5875, #5044 ) ;
#4023 = ORIENTED_EDGE ( 'NONE', *, *, #1139, .T. ) ;
#4024 = VECTOR ( 'NONE', #3545, 1000.000000000000114 ) ;
#4025 = CYLINDRICAL_SURFACE ( 'NONE', #4114, 0.5000000000000004441 ) ;
#4026 = ORIENTED_EDGE ( 'NONE', *, *, #1053, .T. ) ;
#4027 = EDGE_CURVE ( 'NONE', #85, #1141, #4073, .T. ) ;
#4028 = CARTESIAN_POINT ( 'NONE',  ( -38.00000000000007816, 143.4912737967813428, 35.99142478397965306 ) ) ;
#4029 = VECTOR ( 'NONE', #2802, 1000.000000000000114 ) ;
#4030 = ORIENTED_EDGE ( 'NONE', *, *, #5206, .F. ) ;
#4031 = LINE ( 'NONE', #2139, #899 ) ;
#4032 = CARTESIAN_POINT ( 'NONE',  ( 65.16268659334791380, 153.5999999999999659, 18.16268659334793867 ) ) ;
#4033 = CARTESIAN_POINT ( 'NONE',  ( -88.00000000000001421, 143.0000000000000000, 38.00000000000000711 ) ) ;
#4034 = VECTOR ( 'NONE', #2460, 1000.000000000000000 ) ;
#4035 = MECHANICAL_DESIGN_GEOMETRIC_PRESENTATION_REPRESENTATION (  '', ( #1812 ), #485 ) ;
#4036 = ORIENTED_EDGE ( 'NONE', *, *, #3585, .F. ) ;
#4037 = EDGE_CURVE ( 'NONE', #1101, #5605, #5636, .T. ) ;
#4038 = CARTESIAN_POINT ( 'NONE',  ( -87.99142478397965306, 143.4912737967813143, -35.99142478397963885 ) ) ;
#4039 = MECHANICAL_DESIGN_GEOMETRIC_PRESENTATION_REPRESENTATION (  '', ( #2981 ), #105 ) ;
#4040 = CARTESIAN_POINT ( 'NONE',  ( -1.000000000000085931, 143.0000000000000000, 36.00000000000001421 ) ) ;
#4041 = LINE ( 'NONE', #3085, #873 ) ;
#4042 = ORIENTED_EDGE ( 'NONE', *, *, #3694, .T. ) ;
#4043 = CARTESIAN_POINT ( 'NONE',  ( 80.99999999999997158, 153.4999999999999716, 31.91264851713704331 ) ) ;
#4044 = LINE ( 'NONE', #3229, #4690 ) ;
#4045 = COLOUR_RGB ( '',0.8980392156862745390, 0.8980392156862745390, 0.8980392156862745390 ) ;
#4046 = VECTOR ( 'NONE', #3170, 1000.000000000000000 ) ;
#4047 = CARTESIAN_POINT ( 'NONE',  ( 37.99999999999997868, 163.9917307113122149, 35.13351181345643681 ) ) ;
#4048 = LINE ( 'NONE', #5403, #3690 ) ;
#4049 = DIRECTION ( 'NONE',  ( 0.0000000000000000000, 0.0000000000000000000, -1.000000000000000000 ) ) ;
#4050 =( NAMED_UNIT ( * ) PLANE_ANGLE_UNIT ( ) SI_UNIT ( $, .RADIAN. ) );
#4051 = FILL_AREA_STYLE_COLOUR ( '', #372 ) ;
#4052 = CARTESIAN_POINT ( 'NONE',  ( -87.82529703427408663, 153.0087262032186572, 15.41421356237300344 ) ) ;
#4053 = ORIENTED_EDGE ( 'NONE', *, *, #5257, .F. ) ;
#4054 = ORIENTED_EDGE ( 'NONE', *, *, #5019, .F. ) ;
#4055 = CARTESIAN_POINT ( 'NONE',  ( -40.49999999999999289, 166.4999999999999716, 15.49999999999997868 ) ) ;
#4056 = CIRCLE ( 'NONE', #1464, 0.5000000000000004441 ) ;
#4057 = ORIENTED_EDGE ( 'NONE', *, *, #5927, .F. ) ;
#4058 = ORIENTED_EDGE ( 'NONE', *, *, #3752, .F. ) ;
#4059 = LINE ( 'NONE', #4962, #2123 ) ;
#4060 = DIRECTION ( 'NONE',  ( -4.336808689942017736E-17, 0.9998476951563912696, -0.01745240643728337981 ) ) ;
#4061 = EDGE_CURVE ( 'NONE', #5605, #3601, #4565, .T. ) ;
#4062 = ORIENTED_EDGE ( 'NONE', *, *, #4229, .F. ) ;
#4063 = DIRECTION ( 'NONE',  ( 1.000000000000000000, 0.0000000000000000000, 0.0000000000000000000 ) ) ;
#4064 = ORIENTED_EDGE ( 'NONE', *, *, #3721, .T. ) ;
#4065 = CARTESIAN_POINT ( 'NONE',  ( 87.81672181825369705, 153.4999999999999716, 35.32537318669587734 ) ) ;
#4066 = DIRECTION ( 'NONE',  ( 1.000000000000000000, -0.0000000000000000000, -0.0000000000000000000 ) ) ;
#4067 = ORIENTED_EDGE ( 'NONE', *, *, #5579, .F. ) ;
#4068 = PLANE ( 'NONE',  #4592 ) ;
#4069 = EDGE_CURVE ( 'NONE', #3281, #2101, #4976, .T. ) ;
#4070 = AXIS2_PLACEMENT_3D ( 'NONE', #4303, #5332, #3885 ) ;
#4071 = CIRCLE ( 'NONE', #5614, 0.5000000000000004441 ) ;
#4072 = CYLINDRICAL_SURFACE ( 'NONE', #4540, 4.000000000000007105 ) ;
#4073 = LINE ( 'NONE', #854, #538 ) ;
#4074 =( LENGTH_UNIT ( ) NAMED_UNIT ( * ) SI_UNIT ( .MILLI., .METRE. ) );
#4075 = EDGE_CURVE ( 'NONE', #4199, #5340, #3594, .T. ) ;
#4076 = DIRECTION ( 'NONE',  ( 0.0000000000000000000, 0.0000000000000000000, 1.000000000000000000 ) ) ;
#4077 = CARTESIAN_POINT ( 'NONE',  ( -40.50000000000000711, 154.0087262032186004, 35.80784196934585140 ) ) ;
#4078 = ORIENTED_EDGE ( 'NONE', *, *, #3796, .F. ) ;
#4079 = CARTESIAN_POINT ( 'NONE',  ( 87.58965365774311351, 166.5087262032186288, 15.50000000000000000 ) ) ;
#4080 = VERTEX_POINT ( 'NONE', #2660 ) ;
#4081 = ADVANCED_FACE ( 'NONE', ( #1808 ), #1755, .T. ) ;
#4082 = CARTESIAN_POINT ( 'NONE',  ( 87.32349199976199827, 153.5538865636189882, 15.73900665519443720 ) ) ;
#4083 = DIRECTION ( 'NONE',  ( 1.000000000000000000, -0.0000000000000000000, 0.0000000000000000000 ) ) ;
#4084 = ORIENTED_EDGE ( 'NONE', *, *, #2171, .T. ) ;
#4085 = CARTESIAN_POINT ( 'NONE',  ( -95.90448750123042032, 153.2999999999999545, 25.16268659334616942 ) ) ;
#4086 = EDGE_LOOP ( 'NONE', ( #2882, #244, #3213, #261, #1811, #4838, #920, #228, #3196, #1864, #929, #5563, #3742, #1838 ) ) ;
#4087 = MECHANICAL_DESIGN_GEOMETRIC_PRESENTATION_REPRESENTATION (  '', ( #5133 ), #5447 ) ;
#4088 = CARTESIAN_POINT ( 'NONE',  ( 19.00000000000000711, 153.6929075340678992, 18.31068886395303963 ) ) ;
#4089 = FACE_OUTER_BOUND ( 'NONE', #4297, .T. ) ;
#4090 = VERTEX_POINT ( 'NONE', #5901 ) ;
#4091 = DIRECTION ( 'NONE',  ( -1.000000000000000000, 0.0000000000000000000, 0.0000000000000000000 ) ) ;
#4092 = DIRECTION ( 'NONE',  ( 0.0000000000000000000, 0.01745240643728337634, 0.9998476951563911586 ) ) ;
#4093 = ORIENTED_EDGE ( 'NONE', *, *, #1858, .F. ) ;
#4094 = CIRCLE ( 'NONE', #2351, 2.000000000000001776 ) ;
#4095 = DIRECTION ( 'NONE',  ( -0.0000000000000000000, 0.9998476951563909365, -0.01745240643730164992 ) ) ;
#4096 = EDGE_CURVE ( 'NONE', #4155, #3293, #4594, .T. ) ;
#4097 = CARTESIAN_POINT ( 'NONE',  ( -80.99999999999997158, 153.4999999999999716, 19.91264851713703266 ) ) ;
#4098 = FACE_OUTER_BOUND ( 'NONE', #379, .T. ) ;
#4099 = CIRCLE ( 'NONE', #5556, 0.5000000000000004441 ) ;
#4100 = CARTESIAN_POINT ( 'NONE',  ( -41.00000000000002842, 153.4999999999999716, 35.32537318669587734 ) ) ;
#4101 = ORIENTED_EDGE ( 'NONE', *, *, #1362, .T. ) ;
#4102 = FACE_OUTER_BOUND ( 'NONE', #3576, .T. ) ;
#4103 = ORIENTED_EDGE ( 'NONE', *, *, #385, .T. ) ;
#4104 = CARTESIAN_POINT ( 'NONE',  ( -37.43333154547001840, 143.0041775710745924, 36.23933288656863283 ) ) ;
#4105 = VECTOR ( 'NONE', #5711, 1000.000000000000000 ) ;
#4106 = DIRECTION ( 'NONE',  ( 0.0000000000000000000, 0.0000000000000000000, 1.000000000000000000 ) ) ;
#4107 = ORIENTED_EDGE ( 'NONE', *, *, #526, .F. ) ;
#4108 = CARTESIAN_POINT ( 'NONE',  ( 65.16268659334791380, 153.5999999999999659, 18.16268659334793867 ) ) ;
#4109 = VERTEX_POINT ( 'NONE', #3622 ) ;
#4110 = CIRCLE ( 'NONE', #1528, 5.999999999999999112 ) ;
#4111 = DIRECTION ( 'NONE',  ( 0.0000000000000000000, 0.0000000000000000000, -1.000000000000000000 ) ) ;
#4112 = VERTEX_POINT ( 'NONE', #5434 ) ;
#4113 = CARTESIAN_POINT ( 'NONE',  ( -40.99999999999999289, 166.9999999999999716, 14.99999999999997691 ) ) ;
#4114 = AXIS2_PLACEMENT_3D ( 'NONE', #4488, #4083, #1347 ) ;
#4115 = ORIENTED_EDGE ( 'NONE', *, *, #5381, .T. ) ;
#4116 = EDGE_CURVE ( 'NONE', #489, #13, #3998, .T. ) ;
#4117 = VERTEX_POINT ( 'NONE', #3207 ) ;
#4118 = CIRCLE ( 'NONE', #3078, 2.000000000000001776 ) ;
#4119 = CARTESIAN_POINT ( 'NONE',  ( 51.16268659334791380, 153.4999999999999716, 25.66268659334794222 ) ) ;
#4120 = FACE_OUTER_BOUND ( 'NONE', #5650, .T. ) ;
#4121 = VERTEX_POINT ( 'NONE', #1304 ) ;
#4122 = SURFACE_STYLE_USAGE ( .BOTH. , #5055 ) ;
#4123 = AXIS2_PLACEMENT_3D ( 'NONE', #2561, #292, #1242 ) ;
#4124 = CARTESIAN_POINT ( 'NONE',  ( 37.49999999999999289, 153.8850363097216132, 29.32646591711063166 ) ) ;
#4125 = AXIS2_PLACEMENT_3D ( 'NONE', #4501, #2302, #405 ) ;
#4126 =( NAMED_UNIT ( * ) SI_UNIT ( $, .STERADIAN. ) SOLID_ANGLE_UNIT ( ) );
#4127 = DIRECTION ( 'NONE',  ( -0.0000000000000000000, 0.9998476951563911586, -0.01745240643728354635 ) ) ;
#4128 = MECHANICAL_DESIGN_GEOMETRIC_PRESENTATION_REPRESENTATION (  '', ( #3178 ), #3371 ) ;
#4129 = CARTESIAN_POINT ( 'NONE',  ( 40.99999999999997868, 153.0087262032186288, 35.82529703427406531 ) ) ;
#4130 = VECTOR ( 'NONE', #814, 1000.000000000000000 ) ;
#4131 = SURFACE_STYLE_FILL_AREA ( #2186 ) ;
#4132 = AXIS2_PLACEMENT_3D ( 'NONE', #152, #1968, #5668 ) ;
#4133 = ADVANCED_FACE ( 'NONE', ( #824 ), #1363, .T. ) ;
#4134 = CARTESIAN_POINT ( 'NONE',  ( 82.99999999999997158, 163.4999999999999716, 31.91264851713705752 ) ) ;
#4135 = ORIENTED_EDGE ( 'NONE', *, *, #2955, .T. ) ;
#4136 = DIRECTION ( 'NONE',  ( -1.016891010636460749E-31, -0.9998476951563912696, 0.01745240643728373023 ) ) ;
#4137 = ORIENTED_EDGE ( 'NONE', *, *, #246, .F. ) ;
#4138 = CARTESIAN_POINT ( 'NONE',  ( -37.37112383957584427, 143.0034122435780546, 36.19548730365502109 ) ) ;
#4139 = ADVANCED_FACE ( 'NONE', ( #1335 ), #3234, .T. ) ;
#4140 = FACE_OUTER_BOUND ( 'NONE', #4968, .T. ) ;
#4141 = ORIENTED_EDGE ( 'NONE', *, *, #4686, .T. ) ;
#4142 = DIRECTION ( 'NONE',  ( 1.000000000000000000, -0.0000000000000000000, 1.387778780781445478E-15 ) ) ;
#4143 = DIRECTION ( 'NONE',  ( 0.0000000000000000000, 1.000000000000000000, 0.0000000000000000000 ) ) ;
#4144 = ORIENTED_EDGE ( 'NONE', *, *, #2720, .T. ) ;
#4145 = CARTESIAN_POINT ( 'NONE',  ( -40.00000000000000711, 166.4999999999999716, 35.99999999999998579 ) ) ;
#4146 = SURFACE_SIDE_STYLE ('',( #2298 ) ) ;
#4147 = EDGE_CURVE ( 'NONE', #2752, #2405, #4960, .T. ) ;
#4148 = ORIENTED_EDGE ( 'NONE', *, *, #2775, .F. ) ;
#4149 = DIRECTION ( 'NONE',  ( 0.0000000000000000000, 1.000000000000000000, 0.0000000000000000000 ) ) ;
#4150 = VERTEX_POINT ( 'NONE', #2246 ) ;
#4151 = DIRECTION ( 'NONE',  ( 0.0000000000000000000, 0.0000000000000000000, 1.000000000000000000 ) ) ;
#4152 = LINE ( 'NONE', #460, #4300 ) ;
#4153 = CARTESIAN_POINT ( 'NONE',  ( 50.66268659334792801, 153.2999999999999545, 25.16268659334793512 ) ) ;
#4154 = ADVANCED_FACE ( 'NONE', ( #4098 ), #3651, .T. ) ;
#4155 = VERTEX_POINT ( 'NONE', #3676 ) ;
#4156 = AXIS2_PLACEMENT_3D ( 'NONE', #2897, #1985, #3891 ) ;
#4157 = DIRECTION ( 'NONE',  ( 0.0000000000000000000, 6.938893903907223447E-16, -1.000000000000000000 ) ) ;
#4158 = PLANE ( 'NONE',  #1499 ) ;
#4159 = VECTOR ( 'NONE', #250, 1000.000000000000000 ) ;
#4160 = CARTESIAN_POINT ( 'NONE',  ( 40.73900665519467879, 153.5538865636187040, 35.32349199976293619 ) ) ;
#4161 = CARTESIAN_POINT ( 'NONE',  ( -19.00000000000003908, 153.6929075340678992, 18.31068886395303963 ) ) ;
#4162 = VERTEX_POINT ( 'NONE', #5527 ) ;
#4163 = EDGE_CURVE ( 'NONE', #4197, #1069, #5057, .T. ) ;
#4164 = CARTESIAN_POINT ( 'NONE',  ( 80.99999999999997158, 163.4999999999999716, 31.91264851713705752 ) ) ;
#4165 = ORIENTED_EDGE ( 'NONE', *, *, #209, .F. ) ;
#4166 = CARTESIAN_POINT ( 'NONE',  ( -88.22944092466292432, 142.6147197750310909, -37.99999999999999289 ) ) ;
#4167 = ORIENTED_EDGE ( 'NONE', *, *, #1960, .T. ) ;
#4168 = DIRECTION ( 'NONE',  ( -3.303660060822714588E-15, -0.9998476951563911586, 0.01745240643728354635 ) ) ;
#4169 = EDGE_LOOP ( 'NONE', ( #4309, #4030, #1350, #3658 ) ) ;
#4170 = VECTOR ( 'NONE', #2890, 1000.000000000000000 ) ;
#4171 = ADVANCED_FACE ( 'NONE', ( #2309 ), #4158, .T. ) ;
#4172 = DIRECTION ( 'NONE',  ( -6.606313794787629144E-16, 1.000000000000000000, 0.0000000000000000000 ) ) ;
#4173 = ORIENTED_EDGE ( 'NONE', *, *, #2473, .F. ) ;
#4174 = FACE_OUTER_BOUND ( 'NONE', #3613, .T. ) ;
#4175 = ORIENTED_EDGE ( 'NONE', *, *, #4010, .F. ) ;
#4176 = CARTESIAN_POINT ( 'NONE',  ( -88.00000000000001421, 143.0000000000000000, 36.00000000000000711 ) ) ;
#4177 = ORIENTED_EDGE ( 'NONE', *, *, #3057, .T. ) ;
#4178 = ADVANCED_FACE ( 'NONE', ( #4646 ), #4751, .T. ) ;
#4179 = CARTESIAN_POINT ( 'NONE',  ( 87.99999999999998579, 2.000000000000001776, -35.99999999999999289 ) ) ;
#4180 = DIRECTION ( 'NONE',  ( 1.000000000000000000, -0.0000000000000000000, -0.0000000000000000000 ) ) ;
#4181 = EDGE_LOOP ( 'NONE', ( #889, #454, #117, #1967 ) ) ;
#4182 = CARTESIAN_POINT ( 'NONE',  ( 89.49999999999998579, 143.0000000000000000, 37.32287565553230024 ) ) ;
#4183 = EDGE_CURVE ( 'NONE', #489, #4386, #5644, .T. ) ;
#4184 = VECTOR ( 'NONE', #1860, 1000.000000000000000 ) ;
#4185 = CARTESIAN_POINT ( 'NONE',  ( -65.16268659334794222, 153.4999999999999716, 18.16268659334788893 ) ) ;
#4186 = CARTESIAN_POINT ( 'NONE',  ( 50.66268659334789959, 153.2999999999999545, 29.63131355994482519 ) ) ;
#4187 = DIRECTION ( 'NONE',  ( -0.0000000000000000000, 0.9998476951563909365, -0.01745240643730164992 ) ) ;
#4188 = CIRCLE ( 'NONE', #4561, 0.4999999999999918954 ) ;
#4189 = EDGE_CURVE ( 'NONE', #3699, #5616, #1261, .T. ) ;
#4190 = FILL_AREA_STYLE_COLOUR ( '', #3582 ) ;
#4191 = ORIENTED_EDGE ( 'NONE', *, *, #1389, .F. ) ;
#4192 = UNCERTAINTY_MEASURE_WITH_UNIT (LENGTH_MEASURE( 1.000000000000000082E-05 ), #3565, 'distance_accuracy_value', 'NONE');
#4193 = VECTOR ( 'NONE', #5242, 1000.000000000000000 ) ;
#4194 = LINE ( 'NONE', #4628, #1307 ) ;
#4195 = EDGE_LOOP ( 'NONE', ( #3377, #5876, #1077, #5855 ) ) ;
#4196 = VECTOR ( 'NONE', #3021, 1000.000000000000000 ) ;
#4197 = VERTEX_POINT ( 'NONE', #3288 ) ;
#4198 = FACE_BOUND ( 'NONE', #509, .T. ) ;
#4199 = VERTEX_POINT ( 'NONE', #1551 ) ;
#4200 = VERTEX_POINT ( 'NONE', #605 ) ;
#4201 = AXIS2_PLACEMENT_3D ( 'NONE', #2463, #1976, #4339 ) ;
#4202 = EDGE_CURVE ( 'NONE', #2896, #3663, #5112, .T. ) ;
#4203 = ORIENTED_EDGE ( 'NONE', *, *, #3445, .T. ) ;
#4204 = VECTOR ( 'NONE', #5770, 1000.000000000000000 ) ;
#4205 = VERTEX_POINT ( 'NONE', #3702 ) ;
#4206 = FACE_OUTER_BOUND ( 'NONE', #3157, .T. ) ;
#4207 = CARTESIAN_POINT ( 'NONE',  ( -24.50000000000006395, 153.3936863605184442, 29.81766356147013397 ) ) ;
#4208 = DIRECTION ( 'NONE',  ( -0.0000000000000000000, -1.000000000000000000, 0.0000000000000000000 ) ) ;
#4209 = AXIS2_PLACEMENT_3D ( 'NONE', #1553, #3797, #12 ) ;
#4210 = EDGE_CURVE ( 'NONE', #1181, #5924, #2402, .T. ) ;
#4211 = VERTEX_POINT ( 'NONE', #550 ) ;
#4212 = LINE ( 'NONE', #632, #4029 ) ;
#4213 = AXIS2_PLACEMENT_3D ( 'NONE', #3479, #3030, #4860 ) ;
#4214 = CARTESIAN_POINT ( 'NONE',  ( 37.49999999999998579, 153.6841813308492419, 17.81076501637484455 ) ) ;
#4215 = CARTESIAN_POINT ( 'NONE',  ( 87.99999999999998579, 143.0000000000000000, 36.00000000000000711 ) ) ;
#4216 = CARTESIAN_POINT ( 'NONE',  ( 87.30791812176762789, 153.9999999999999716, 15.00000000000000355 ) ) ;
#4217 = CARTESIAN_POINT ( 'NONE',  ( -88.00000000000001421, 136.9999999999999716, 38.00000000000000711 ) ) ;
#4218 = VECTOR ( 'NONE', #2804, 1000.000000000000000 ) ;
#4219 = ADVANCED_FACE ( 'NONE', ( #2368 ), #109, .T. ) ;
#4220 = CIRCLE ( 'NONE', #3649, 0.5000000000000004441 ) ;
#4221 = DIRECTION ( 'NONE',  ( -0.0000000000000000000, -0.0000000000000000000, 1.000000000000000000 ) ) ;
#4222 = VECTOR ( 'NONE', #4349, 1000.000000000000000 ) ;
#4223 = ORIENTED_EDGE ( 'NONE', *, *, #4210, .T. ) ;
#4224 = AXIS2_PLACEMENT_3D ( 'NONE', #4562, #3698, #572 ) ;
#4225 = CARTESIAN_POINT ( 'NONE',  ( 87.31814306207049015, 153.7071067811865248, 15.50000000000000533 ) ) ;
#4226 = AXIS2_PLACEMENT_3D ( 'NONE', #3300, #4578, #479 ) ;
#4227 = DIRECTION ( 'NONE',  ( -0.9998476951563910475, -0.01745240643730141053, 0.0000000000000000000 ) ) ;
#4228 = EDGE_LOOP ( 'NONE', ( #4107, #4223, #2027, #3781 ) ) ;
#4229 = EDGE_CURVE ( 'NONE', #4080, #3748, #2923, .T. ) ;
#4230 = AXIS2_PLACEMENT_3D ( 'NONE', #1167, #1140, #4409 ) ;
#4231 = ORIENTED_EDGE ( 'NONE', *, *, #5137, .F. ) ;
#4232 = CARTESIAN_POINT ( 'NONE',  ( 37.49999999999997868, 163.6863135986597229, 17.63617714821959126 ) ) ;
#4233 = VERTEX_POINT ( 'NONE', #1918 ) ;
#4234 = DIRECTION ( 'NONE',  ( 1.000000000000000000, -3.083952846180991267E-15, 1.927470528863119542E-16 ) ) ;
#4235 = ORIENTED_EDGE ( 'NONE', *, *, #1670, .F. ) ;
#4236 = CARTESIAN_POINT ( 'NONE',  ( 87.32537318669585602, 153.4999999999999716, 16.00000000000000711 ) ) ;
#4237 = ORIENTED_EDGE ( 'NONE', *, *, #4667, .T. ) ;
#4238 = ORIENTED_EDGE ( 'NONE', *, *, #2080, .T. ) ;
#4239 =( NAMED_UNIT ( * ) PLANE_ANGLE_UNIT ( ) SI_UNIT ( $, .RADIAN. ) );
#4240 = DIRECTION ( 'NONE',  ( 0.0000000000000000000, 0.0000000000000000000, 1.000000000000000000 ) ) ;
#4241 = EDGE_CURVE ( 'NONE', #1259, #2412, #2428, .T. ) ;
#4242 = CARTESIAN_POINT ( 'NONE',  ( 40.99999999999997868, 153.9999999999999716, 16.00000000000000711 ) ) ;
#4243 = ORIENTED_EDGE ( 'NONE', *, *, #5702, .T. ) ;
#4244 = CARTESIAN_POINT ( 'NONE',  ( -85.16268659334794222, 153.4999999999999716, 33.16268659334786406 ) ) ;
#4245 = ADVANCED_FACE ( 'NONE', ( #5554 ), #4276, .T. ) ;
#4246 = DIRECTION ( 'NONE',  ( 0.0000000000000000000, -0.9998476951563911586, 0.01745240643728373023 ) ) ;
#4247 = DIRECTION ( 'NONE',  ( 0.0000000000000000000, 0.0000000000000000000, -1.000000000000000000 ) ) ;
#4248 = CYLINDRICAL_SURFACE ( 'NONE', #571, 0.5000000000000004441 ) ;
#4249 = DIRECTION ( 'NONE',  ( 6.769652589177782893E-16, 0.0000000000000000000, -1.000000000000000000 ) ) ;
#4250 = AXIS2_PLACEMENT_3D ( 'NONE', #3830, #1863, #1459 ) ;
#4251 = SURFACE_SIDE_STYLE ('',( #4685 ) ) ;
#4252 = EDGE_LOOP ( 'NONE', ( #4803, #4805, #3161, #3692, #3659 ) ) ;
#4253 = CARTESIAN_POINT ( 'NONE',  ( -87.30791812176767053, 153.9999999999999716, 15.49999999999993427 ) ) ;
#4254 = ORIENTED_EDGE ( 'NONE', *, *, #62, .F. ) ;
#4255 = UNCERTAINTY_MEASURE_WITH_UNIT (LENGTH_MEASURE( 1.000000000000000082E-05 ), #2212, 'distance_accuracy_value', 'NONE');
#4256 = EDGE_CURVE ( 'NONE', #1907, #5638, #1061, .T. ) ;
#4257 = LINE ( 'NONE', #1100, #1117 ) ;
#4258 = ORIENTED_EDGE ( 'NONE', *, *, #3462, .F. ) ;
#4259 = CARTESIAN_POINT ( 'NONE',  ( 89.99999999999998579, 135.4999999999999716, 38.00000000000000711 ) ) ;
#4260 = VECTOR ( 'NONE', #1266, 1000.000000000000000 ) ;
#4261 = ORIENTED_EDGE ( 'NONE', *, *, #2886, .T. ) ;
#4262 = ORIENTED_EDGE ( 'NONE', *, *, #4264, .F. ) ;
#4263 = EDGE_CURVE ( 'NONE', #120, #819, #4620, .T. ) ;
#4264 = EDGE_CURVE ( 'NONE', #4984, #2296, #1857, .T. ) ;
#4265 = ORIENTED_EDGE ( 'NONE', *, *, #2983, .T. ) ;
#4266 = AXIS2_PLACEMENT_3D ( 'NONE', #2707, #3635, #4143 ) ;
#4267 = CARTESIAN_POINT ( 'NONE',  ( 65.16268659334791380, 153.5999999999999659, 18.16268659334793867 ) ) ;
#4268 = VERTEX_POINT ( 'NONE', #1212 ) ;
#4269 = CARTESIAN_POINT ( 'NONE',  ( 87.99999999999998579, 143.0000000000000000, 38.00000000000000711 ) ) ;
#4270 = VERTEX_POINT ( 'NONE', #1580 ) ;
#4271 =( NAMED_UNIT ( * ) SI_UNIT ( $, .STERADIAN. ) SOLID_ANGLE_UNIT ( ) );
#4272 = FACE_OUTER_BOUND ( 'NONE', #3616, .T. ) ;
#4273 = LINE ( 'NONE', #4153, #772 ) ;
#4274 = ORIENTED_EDGE ( 'NONE', *, *, #5453, .F. ) ;
#4275 = DIRECTION ( 'NONE',  ( 1.000000000000000000, 0.0000000000000000000, 0.0000000000000000000 ) ) ;
#4276 = CYLINDRICAL_SURFACE ( 'NONE', #4554, 6.000000000000002665 ) ;
#4277 = FILL_AREA_STYLE ('',( #2892 ) ) ;
#4278 = CARTESIAN_POINT ( 'NONE',  ( 18.49999999999999289, 142.7905711227525956, 24.00182765812331809 ) ) ;
#4279 = EDGE_CURVE ( 'NONE', #3398, #3849, #1224, .T. ) ;
#4280 = DIRECTION ( 'NONE',  ( -0.0000000000000000000, -1.000000000000000000, -0.0000000000000000000 ) ) ;
#4281 = VECTOR ( 'NONE', #4127, 1000.000000000000114 ) ;
#4282 = ORIENTED_EDGE ( 'NONE', *, *, #638, .T. ) ;
#4283 = DIRECTION ( 'NONE',  ( -0.0000000000000000000, 1.000000000000000000, -0.0000000000000000000 ) ) ;
#4284 = VERTEX_POINT ( 'NONE', #2033 ) ;
#4285 = DIRECTION ( 'NONE',  ( -0.0000000000000000000, 0.01745240643728354635, 0.9998476951563911586 ) ) ;
#4286 = DIRECTION ( 'NONE',  ( 0.0000000000000000000, 0.01745240643728354635, 0.9998476951563911586 ) ) ;
#4287 = VECTOR ( 'NONE', #1186, 1000.000000000000000 ) ;
#4288 = ORIENTED_EDGE ( 'NONE', *, *, #5680, .T. ) ;
#4289 = CARTESIAN_POINT ( 'NONE',  ( -88.00000000000001421, 143.0000000000000000, -35.99999999999999289 ) ) ;
#4290 = ORIENTED_EDGE ( 'NONE', *, *, #5412, .T. ) ;
#4291 = DIRECTION ( 'NONE',  ( 0.0000000000000000000, -1.000000000000000000, 0.0000000000000000000 ) ) ;
#4292 = ORIENTED_EDGE ( 'NONE', *, *, #2973, .T. ) ;
#4293 = FACE_OUTER_BOUND ( 'NONE', #1522, .T. ) ;
#4294 = EDGE_CURVE ( 'NONE', #5329, #3324, #5267, .T. ) ;
#4295 = LINE ( 'NONE', #3485, #2279 ) ;
#4296 = CARTESIAN_POINT ( 'NONE',  ( -87.31702943332687994, 153.7390066551949133, 15.55388656361844113 ) ) ;
#4297 = EDGE_LOOP ( 'NONE', ( #3432, #4490, #2163, #962 ) ) ;
#4298 =( LENGTH_UNIT ( ) NAMED_UNIT ( * ) SI_UNIT ( .MILLI., .METRE. ) );
#4299 = ADVANCED_FACE ( 'NONE', ( #2560 ), #2005, .T. ) ;
#4300 = VECTOR ( 'NONE', #47, 1000.000000000000000 ) ;
#4301 = LINE ( 'NONE', #191, #1245 ) ;
#4302 = CARTESIAN_POINT ( 'NONE',  ( 37.49999999999997868, 163.6863135986597229, 17.63617714821959126 ) ) ;
#4303 = CARTESIAN_POINT ( 'NONE',  ( -88.00000000000001421, 143.0000000000000000, -35.99999999999999289 ) ) ;
#4304 = PRESENTATION_LAYER_ASSIGNMENT (  '', '', ( #3166 ) ) ;
#4305 = DIRECTION ( 'NONE',  ( -1.000000000000000000, 0.0000000000000000000, 1.200283680671789509E-14 ) ) ;
#4306 = SURFACE_STYLE_USAGE ( .BOTH. , #4681 ) ;
#4307 = CYLINDRICAL_SURFACE ( 'NONE', #4973, 2.499999999999998668 ) ;
#4308 = CARTESIAN_POINT ( 'NONE',  ( 37.32330706977521828, 143.0000000000000000, 36.31183310830113697 ) ) ;
#4309 = ORIENTED_EDGE ( 'NONE', *, *, #1661, .T. ) ;
#4310 = CARTESIAN_POINT ( 'NONE',  ( 89.49999999999998579, 136.9999999999999716, -37.32287565553228603 ) ) ;
#4311 = CARTESIAN_POINT ( 'NONE',  ( -40.00000000000000711, 166.4999999999999716, 35.08972981016493264 ) ) ;
#4312 = DIRECTION ( 'NONE',  ( 1.000000000000000000, 0.0000000000000000000, -0.0000000000000000000 ) ) ;
#4313 = EDGE_LOOP ( 'NONE', ( #389, #3426, #3798, #480 ) ) ;
#4314 =( LENGTH_UNIT ( ) NAMED_UNIT ( * ) SI_UNIT ( .MILLI., .METRE. ) );
#4315 = VECTOR ( 'NONE', #2247, 1000.000000000000000 ) ;
#4316 = EDGE_CURVE ( 'NONE', #249, #2296, #1241, .T. ) ;
#4317 = DIRECTION ( 'NONE',  ( 0.0000000000000000000, 0.0000000000000000000, -1.000000000000000000 ) ) ;
#4318 = AXIS2_PLACEMENT_3D ( 'NONE', #2963, #4829, #2507 ) ;
#4319 = AXIS2_PLACEMENT_3D ( 'NONE', #5839, #1704, #3088 ) ;
#4320 = ORIENTED_EDGE ( 'NONE', *, *, #1852, .F. ) ;
#4321 = DIRECTION ( 'NONE',  ( -0.9998476951563912696, 0.01745240643728354982, 0.0000000000000000000 ) ) ;
#4322 = AXIS2_PLACEMENT_3D ( 'NONE', #2413, #3777, #5660 ) ;
#4323 = LINE ( 'NONE', #2573, #5887 ) ;
#4324 = VERTEX_POINT ( 'NONE', #5777 ) ;
#4325 = CARTESIAN_POINT ( 'NONE',  ( 36.99999999999999289, 142.8952855613763404, 30.00091382906166260 ) ) ;
#4326 = ORIENTED_EDGE ( 'NONE', *, *, #4547, .T. ) ;
#4327 = ADVANCED_FACE ( 'NONE', ( #1703 ), #4423, .T. ) ;
#4328 = FACE_OUTER_BOUND ( 'NONE', #2230, .T. ) ;
#4329 = STYLED_ITEM ( 'NONE', ( #3522 ), #2044 ) ;
#4330 = VECTOR ( 'NONE', #5895, 1000.000000000000114 ) ;
#4331 = DIRECTION ( 'NONE',  ( -0.0000000000000000000, 1.000000000000000000, -0.0000000000000000000 ) ) ;
#4332 = DIRECTION ( 'NONE',  ( 0.0000000000000000000, -0.0000000000000000000, 1.000000000000000000 ) ) ;
#4333 = ORIENTED_EDGE ( 'NONE', *, *, #1244, .F. ) ;
#4334 = CARTESIAN_POINT ( 'NONE',  ( -90.00000000000001421, 142.5000000000000000, 38.00000000000000711 ) ) ;
#4335 = DIRECTION ( 'NONE',  ( 1.000000000000000000, 0.0000000000000000000, 1.200283680671789509E-14 ) ) ;
#4336 = EDGE_CURVE ( 'NONE', #5223, #5908, #3805, .T. ) ;
#4337 = EDGE_LOOP ( 'NONE', ( #3528, #2037, #2432, #3573 ) ) ;
#4338 = CARTESIAN_POINT ( 'NONE',  ( -89.50000000000001421, 142.5000000000000000, -37.99999999999999289 ) ) ;
#4339 = DIRECTION ( 'NONE',  ( 0.0000000000000000000, 0.0000000000000000000, 1.000000000000000000 ) ) ;
#4340 = DIRECTION ( 'NONE',  ( -1.000000000000000000, 0.0000000000000000000, 1.200283680671789509E-14 ) ) ;
#4341 = CARTESIAN_POINT ( 'NONE',  ( -90.00000000000001421, 135.4999999999999716, -35.99999999999999289 ) ) ;
#4342 =( LENGTH_UNIT ( ) NAMED_UNIT ( * ) SI_UNIT ( .MILLI., .METRE. ) );
#4343 = CARTESIAN_POINT ( 'NONE',  ( -89.50000000000001421, 143.0000000000000000, -37.32287565553228603 ) ) ;
#4344 = VERTEX_POINT ( 'NONE', #4916 ) ;
#4345 = CARTESIAN_POINT ( 'NONE',  ( -37.00000000000003553, 153.8411730616323041, 26.80481524928365289 ) ) ;
#4346 = ORIENTED_EDGE ( 'NONE', *, *, #102, .F. ) ;
#4347 = CARTESIAN_POINT ( 'NONE',  ( -89.50000000000001421, 135.4999999999999716, 37.50000000000000711 ) ) ;
#4348 = DIRECTION ( 'NONE',  ( 6.769652589177782893E-16, 0.0000000000000000000, -1.000000000000000000 ) ) ;
#4349 = DIRECTION ( 'NONE',  ( -0.0000000000000000000, -0.0000000000000000000, 1.000000000000000000 ) ) ;
#4350 = CIRCLE ( 'NONE', #3965, 0.5000000000000004441 ) ;
#4351 = PLANE ( 'NONE',  #4391 ) ;
#4352 = CARTESIAN_POINT ( 'NONE',  ( 87.99999999999998579, 143.0000000000000000, -35.99999999999999289 ) ) ;
#4353 = ORIENTED_EDGE ( 'NONE', *, *, #3004, .F. ) ;
#4354 = ORIENTED_EDGE ( 'NONE', *, *, #2929, .T. ) ;
#4355 = LINE ( 'NONE', #4267, #5945 ) ;
#4356 = AXIS2_PLACEMENT_3D ( 'NONE', #1449, #98, #5490 ) ;
#4357 = DIRECTION ( 'NONE',  ( 1.000000000000000000, 0.0000000000000000000, -0.0000000000000000000 ) ) ;
#4358 = VERTEX_POINT ( 'NONE', #3886 ) ;
#4359 = MECHANICAL_DESIGN_GEOMETRIC_PRESENTATION_REPRESENTATION (  '', ( #2627 ), #5117 ) ;
#4360 = ORIENTED_EDGE ( 'NONE', *, *, #3408, .T. ) ;
#4361 = FACE_OUTER_BOUND ( 'NONE', #5550, .T. ) ;
#4362 =( NAMED_UNIT ( * ) SI_UNIT ( $, .STERADIAN. ) SOLID_ANGLE_UNIT ( ) );
#4363 = FACE_BOUND ( 'NONE', #2812, .T. ) ;
#4364 = ORIENTED_EDGE ( 'NONE', *, *, #3745, .F. ) ;
#4365 = CARTESIAN_POINT ( 'NONE',  ( 50.66268659334789959, 153.4999999999999716, 25.66268659334794933 ) ) ;
#4366 = LINE ( 'NONE', #2032, #2420 ) ;
#4367 = CARTESIAN_POINT ( 'NONE',  ( 40.70710678118652481, 153.4999999999999716, 35.32537318669587734 ) ) ;
#4368 = EDGE_CURVE ( 'NONE', #5349, #2003, #757, .T. ) ;
#4369 = FACE_OUTER_BOUND ( 'NONE', #232, .T. ) ;
#4370 = ORIENTED_EDGE ( 'NONE', *, *, #4893, .T. ) ;
#4371 = DIRECTION ( 'NONE',  ( -0.0000000000000000000, 1.000000000000000000, 0.0000000000000000000 ) ) ;
#4372 = DIRECTION ( 'NONE',  ( -0.0000000000000000000, -0.9998476951563909365, 0.01745240643730164992 ) ) ;
#4373 = FACE_OUTER_BOUND ( 'NONE', #948, .T. ) ;
#4374 = CARTESIAN_POINT ( 'NONE',  ( 1.500000000000000222, 163.6863135986597229, 17.63617714821959126 ) ) ;
#4375 = AXIS2_PLACEMENT_3D ( 'NONE', #5014, #390, #473 ) ;
#4376 = ADVANCED_FACE ( 'NONE', ( #2118 ), #3411, .F. ) ;
#4377 = FACE_OUTER_BOUND ( 'NONE', #3500, .T. ) ;
#4378 = DIRECTION ( 'NONE',  ( 0.0000000000000000000, -0.01745240643730164992, -0.9998476951563909365 ) ) ;
#4379 = ORIENTED_EDGE ( 'NONE', *, *, #4645, .T. ) ;
#4380 = VECTOR ( 'NONE', #5653, 1000.000000000000000 ) ;
#4381 = CARTESIAN_POINT ( 'NONE',  ( -1.500000000000085931, 142.6858566841288791, 18.00274148718497003 ) ) ;
#4382 = EDGE_LOOP ( 'NONE', ( #2318, #4670, #2820, #5798 ) ) ;
#4383 = DIRECTION ( 'NONE',  ( 0.0000000000000000000, 1.000000000000000000, -6.938893903907222461E-16 ) ) ;
#4384 = AXIS2_PLACEMENT_3D ( 'NONE', #3018, #2090, #5806 ) ;
#4385 = CARTESIAN_POINT ( 'NONE',  ( 89.49999999999998579, 143.0000000000000000, -37.32287565553228603 ) ) ;
#4386 = VERTEX_POINT ( 'NONE', #989 ) ;
#4387 = CARTESIAN_POINT ( 'NONE',  ( -87.32537318669406545, 153.4999999999999716, 15.86873265434805447 ) ) ;
#4388 = ORIENTED_EDGE ( 'NONE', *, *, #1302, .T. ) ;
#4389 = DIRECTION ( 'NONE',  ( -1.000000000000000000, 0.0000000000000000000, 1.095614826932720471E-16 ) ) ;
#4390 = FACE_OUTER_BOUND ( 'NONE', #3198, .T. ) ;
#4391 = AXIS2_PLACEMENT_3D ( 'NONE', #2378, #237, #144 ) ;
#4392 = CARTESIAN_POINT ( 'NONE',  ( 51.66268659334789959, 153.4999999999999716, 21.69405962675105570 ) ) ;
#4393 = ADVANCED_FACE ( 'NONE', ( #931 ), #3247, .T. ) ;
#4394 = DIRECTION ( 'NONE',  ( -0.0000000000000000000, 0.0000000000000000000, -1.000000000000000000 ) ) ;
#4395 = VECTOR ( 'NONE', #497, 1000.000000000000000 ) ;
#4396 = CARTESIAN_POINT ( 'NONE',  ( 40.99999999999997868, 166.9999999999999716, 16.00000000000000711 ) ) ;
#4397 = CARTESIAN_POINT ( 'NONE',  ( 87.82529703427405821, 153.0087262032186288, 35.82529703427406531 ) ) ;
#4398 = DIRECTION ( 'NONE',  ( -1.000000000000000000, 0.0000000000000000000, 0.0000000000000000000 ) ) ;
#4399 = EDGE_CURVE ( 'NONE', #4943, #3924, #1404, .T. ) ;
#4400 = DIRECTION ( 'NONE',  ( 4.336808689942017736E-17, -0.9998476951563912696, 0.01745240643728337981 ) ) ;
#4401 =( BOUNDED_CURVE ( )  B_SPLINE_CURVE ( 3, ( #374, #1750, #3583, #4038 ),
 .UNSPECIFIED., .F., .F. ) 
 B_SPLINE_CURVE_WITH_KNOTS ( ( 4, 4 ),
 ( 1.570796326794896558, 3.124139361069776299 ),
 .UNSPECIFIED. ) 
 CURVE ( )  GEOMETRIC_REPRESENTATION_ITEM ( )  RATIONAL_B_SPLINE_CURVE ( ( 1.000000000000000000, 0.8088336327694715111, 0.8088336327694715111, 1.000000000000000000 ) ) 
 REPRESENTATION_ITEM ( '' )  );
#4402 = VECTOR ( 'NONE', #344, 1000.000000000000000 ) ;
#4403 = CARTESIAN_POINT ( 'NONE',  ( 89.49999999999998579, 135.4999999999999716, -37.49999999999999289 ) ) ;
#4404 = LINE ( 'NONE', #2096, #5940 ) ;
#4405 =( NAMED_UNIT ( * ) PLANE_ANGLE_UNIT ( ) SI_UNIT ( $, .RADIAN. ) );
#4406 = EDGE_CURVE ( 'NONE', #4810, #5508, #5865, .T. ) ;
#4407 = CARTESIAN_POINT ( 'NONE',  ( 87.08972981016491133, 166.4999999999999716, 15.00000000000000355 ) ) ;
#4408 = AXIS2_PLACEMENT_3D ( 'NONE', #3190, #3133, #1742 ) ;
#4409 = DIRECTION ( 'NONE',  ( -0.9998476951563910475, 0.01745240643730141053, 0.0000000000000000000 ) ) ;
#4410 = ORIENTED_EDGE ( 'NONE', *, *, #1916, .T. ) ;
#4411 = ORIENTED_EDGE ( 'NONE', *, *, #850, .F. ) ;
#4412 = EDGE_CURVE ( 'NONE', #5180, #4542, #5146, .T. ) ;
#4413 = PRESENTATION_STYLE_ASSIGNMENT (( #806 ) ) ;
#4414 = DIRECTION ( 'NONE',  ( 0.0000000000000000000, 0.0000000000000000000, -1.000000000000000000 ) ) ;
#4415 = VERTEX_POINT ( 'NONE', #4472 ) ;
#4416 = ORIENTED_EDGE ( 'NONE', *, *, #3438, .F. ) ;
#4417 = DIRECTION ( 'NONE',  ( -0.0000000000000000000, -0.0000000000000000000, 1.000000000000000000 ) ) ;
#4418 = DIRECTION ( 'NONE',  ( -0.0000000000000000000, 1.000000000000000000, 0.0000000000000000000 ) ) ;
#4419 = LINE ( 'NONE', #4005, #4798 ) ;
#4420 = ADVANCED_FACE ( 'NONE', ( #4174 ), #1726, .F. ) ;
#4421 = DIRECTION ( 'NONE',  ( -4.336808689942018352E-17, 0.9998476951563912696, -0.01745240643728337981 ) ) ;
#4422 = EDGE_LOOP ( 'NONE', ( #4865, #5720, #1545, #1983 ) ) ;
#4423 = PLANE ( 'NONE',  #4384 ) ;
#4424 = CARTESIAN_POINT ( 'NONE',  ( -39.99999999999999289, 166.4999999999999716, 15.99999999999997691 ) ) ;
#4425 = CARTESIAN_POINT ( 'NONE',  ( -87.08972981016493975, 166.4999999999999716, 14.99999999999993427 ) ) ;
#4426 = EDGE_CURVE ( 'NONE', #2288, #5178, #3753, .T. ) ;
#4427 = PRESENTATION_STYLE_ASSIGNMENT (( #2994 ) ) ;
#4428 = CARTESIAN_POINT ( 'NONE',  ( -90.00000000000001421, 142.5000000000000000, 36.00000000000000711 ) ) ;
#4429 = FACE_OUTER_BOUND ( 'NONE', #4086, .T. ) ;
#4430 = ORIENTED_EDGE ( 'NONE', *, *, #2252, .F. ) ;
#4431 = CARTESIAN_POINT ( 'NONE',  ( -37.73746003786053649, 143.4922260601743176, 35.93683640723577355 ) ) ;
#4432 = ORIENTED_EDGE ( 'NONE', *, *, #102, .T. ) ;
#4433 = SURFACE_STYLE_FILL_AREA ( #2158 ) ;
#4434 = DIRECTION ( 'NONE',  ( -1.000000000000000000, 0.0000000000000000000, -1.040834085586084059E-15 ) ) ;
#4435 = ORIENTED_EDGE ( 'NONE', *, *, #1966, .F. ) ;
#4436 = PLANE ( 'NONE',  #773 ) ;
#4437 = EDGE_CURVE ( 'NONE', #1004, #4268, #5534, .T. ) ;
#4438 = ADVANCED_FACE ( 'NONE', ( #353 ), #2682, .F. ) ;
#4439 = EDGE_LOOP ( 'NONE', ( #2154, #5586, #2322, #631 ) ) ;
#4440 = DIRECTION ( 'NONE',  ( 1.000000000000000000, 0.0000000000000000000, 0.0000000000000000000 ) ) ;
#4441 = MECHANICAL_DESIGN_GEOMETRIC_PRESENTATION_REPRESENTATION (  '', ( #5328 ), #5123 ) ;
#4442 = DIRECTION ( 'NONE',  ( 0.0000000000000000000, 1.000000000000000000, -6.938893903907222461E-16 ) ) ;
#4443 = DIRECTION ( 'NONE',  ( 0.0000000000000000000, 0.0000000000000000000, -1.000000000000000000 ) ) ;
#4444 = ORIENTED_EDGE ( 'NONE', *, *, #2828, .T. ) ;
#4445 = VECTOR ( 'NONE', #1694, 1000.000000000000114 ) ;
#4446 = DIRECTION ( 'NONE',  ( 1.000000000000000000, 1.009169971968150673E-17, 5.781530897296977703E-16 ) ) ;
#4447 = LINE ( 'NONE', #878, #2462 ) ;
#4448 = LINE ( 'NONE', #5952, #857 ) ;
#4449 = ORIENTED_EDGE ( 'NONE', *, *, #876, .F. ) ;
#4450 = CARTESIAN_POINT ( 'NONE',  ( 37.70710678118654613, 143.4912737967813712, 35.99142478397966016 ) ) ;
#4451 = CARTESIAN_POINT ( 'NONE',  ( 89.49999999999998579, 143.0000000000000000, 37.32287565553230024 ) ) ;
#4452 = PRESENTATION_LAYER_ASSIGNMENT (  '', '', ( #2231 ) ) ;
#4453 = CYLINDRICAL_SURFACE ( 'NONE', #3517, 0.5000000000000004441 ) ;
#4454 = CARTESIAN_POINT ( 'NONE',  ( -40.99999999999999289, 166.4999999999999716, 14.99999999999997691 ) ) ;
#4455 = EDGE_CURVE ( 'NONE', #4638, #4112, #1050, .T. ) ;
#4456 = CARTESIAN_POINT ( 'NONE',  ( -40.49771557524253041, 153.8777919207438742, 35.81012743574711266 ) ) ;
#4457 = EDGE_LOOP ( 'NONE', ( #92, #2614, #2205, #5077 ) ) ;
#4458 = VECTOR ( 'NONE', #3100, 1000.000000000000227 ) ;
#4459 = EDGE_CURVE ( 'NONE', #5508, #5482, #926, .T. ) ;
#4460 = CARTESIAN_POINT ( 'NONE',  ( 37.99999999999999289, 143.0000000000000853, 36.00000000000000711 ) ) ;
#4461 = VERTEX_POINT ( 'NONE', #4702 ) ;
#4462 = LINE ( 'NONE', #5391, #5000 ) ;
#4463 = ORIENTED_EDGE ( 'NONE', *, *, #2615, .T. ) ;
#4464 = CARTESIAN_POINT ( 'NONE',  ( 89.99999999999998579, 135.4999999999999716, 36.00000000000000711 ) ) ;
#4465 = LINE ( 'NONE', #1177, #2467 ) ;
#4466 = LINE ( 'NONE', #373, #4130 ) ;
#4467 = DIRECTION ( 'NONE',  ( -0.0000000000000000000, 1.000000000000000000, -0.0000000000000000000 ) ) ;
#4468 = AXIS2_PLACEMENT_3D ( 'NONE', #3483, #1171, #3005 ) ;
#4469 = FACE_OUTER_BOUND ( 'NONE', #1565, .T. ) ;
#4470 = LINE ( 'NONE', #5923, #4677 ) ;
#4471 = ORIENTED_EDGE ( 'NONE', *, *, #2171, .F. ) ;
#4472 = CARTESIAN_POINT ( 'NONE',  ( -85.16268659334794222, 153.4999999999999716, 18.16268659334786761 ) ) ;
#4473 = PRESENTATION_STYLE_ASSIGNMENT (( #4122 ) ) ;
#4474 = EDGE_CURVE ( 'NONE', #4197, #4112, #5161, .T. ) ;
#4475 =( BOUNDED_CURVE ( )  B_SPLINE_CURVE ( 3, ( #3973, #813, #2085, #1205 ),
 .UNSPECIFIED., .F., .T. ) 
 B_SPLINE_CURVE_WITH_KNOTS ( ( 4, 4 ),
 ( 1.570796326794897890, 3.141592653589774908 ),
 .UNSPECIFIED. ) 
 CURVE ( )  GEOMETRIC_REPRESENTATION_ITEM ( )  RATIONAL_B_SPLINE_CURVE ( ( 1.000000000000000000, 0.8047378541243697114, 0.8047378541243697114, 1.000000000000000000 ) ) 
 REPRESENTATION_ITEM ( '' )  );
#4476 = DIRECTION ( 'NONE',  ( 0.0000000000000000000, -0.01745240643730164992, -0.9998476951563909365 ) ) ;
#4477 = DIRECTION ( 'NONE',  ( -0.0000000000000000000, -1.000000000000000000, 0.0000000000000000000 ) ) ;
#4478 = VECTOR ( 'NONE', #3671, 1000.000000000000227 ) ;
#4479 = CARTESIAN_POINT ( 'NONE',  ( -18.50000000000003553, 153.1929836864896970, 18.31941506717167911 ) ) ;
#4480 = CARTESIAN_POINT ( 'NONE',  ( 89.12257414551439183, 142.9790346634358968, -37.66000269403286183 ) ) ;
#4481 = UNCERTAINTY_MEASURE_WITH_UNIT (LENGTH_MEASURE( 1.000000000000000082E-05 ), #2471, 'distance_accuracy_value', 'NONE');
#4482 = ORIENTED_EDGE ( 'NONE', *, *, #719, .F. ) ;
#4483 = EDGE_CURVE ( 'NONE', #651, #3936, #3429, .T. ) ;
#4484 = CARTESIAN_POINT ( 'NONE',  ( 50.66268659334789959, 153.4999999999999716, 25.66268659334794933 ) ) ;
#4485 = ORIENTED_EDGE ( 'NONE', *, *, #1973, .T. ) ;
#4486 = DIRECTION ( 'NONE',  ( 0.0000000000000000000, 0.0000000000000000000, -1.000000000000000000 ) ) ;
#4487 = AXIS2_PLACEMENT_3D ( 'NONE', #3459, #3933, #1113 ) ;
#4488 = CARTESIAN_POINT ( 'NONE',  ( 1.500000000000000222, 164.4916545588903887, 35.12478561023779378 ) ) ;
#4489 = VECTOR ( 'NONE', #1107, 1000.000000000000000 ) ;
#4490 = ORIENTED_EDGE ( 'NONE', *, *, #3165, .F. ) ;
#4491 = DIRECTION ( 'NONE',  ( 0.0000000000000000000, -1.000000000000000000, -6.938893903907222461E-16 ) ) ;
#4492 = AXIS2_PLACEMENT_3D ( 'NONE', #3093, #259, #325 ) ;
#4493 = EDGE_LOOP ( 'NONE', ( #3571, #4093, #2444, #1447 ) ) ;
#4494 = EDGE_CURVE ( 'NONE', #1072, #5170, #4355, .T. ) ;
#4495 = DIRECTION ( 'NONE',  ( -1.000000000000000000, 0.0000000000000000000, 1.095614826932720471E-16 ) ) ;
#4496 = CYLINDRICAL_SURFACE ( 'NONE', #3821, 0.5000000000000004441 ) ;
#4497 = LINE ( 'NONE', #2168, #3944 ) ;
#4498 = VECTOR ( 'NONE', #5232, 1000.000000000000000 ) ;
#4499 = VECTOR ( 'NONE', #3343, 1000.000000000000000 ) ;
#4500 = VERTEX_POINT ( 'NONE', #4236 ) ;
#4501 = CARTESIAN_POINT ( 'NONE',  ( 89.99999999999992895, 142.5000000000000000, 37.50000000000000711 ) ) ;
#4502 = AXIS2_PLACEMENT_3D ( 'NONE', #3146, #5431, #1727 ) ;
#4503 = EDGE_CURVE ( 'NONE', #5519, #3601, #3327, .T. ) ;
#4504 = DIRECTION ( 'NONE',  ( 1.000000000000000000, 0.0000000000000000000, -0.0000000000000000000 ) ) ;
#4505 = CARTESIAN_POINT ( 'NONE',  ( 89.99999999999998579, 2.000000000000001776, -37.99999999999999289 ) ) ;
#4506 = ORIENTED_EDGE ( 'NONE', *, *, #2744, .F. ) ;
#4507 = FACE_OUTER_BOUND ( 'NONE', #4699, .T. ) ;
#4508 = COLOUR_RGB ( '',0.8980392156862745390, 0.8980392156862745390, 0.8980392156862745390 ) ;
#4509 = SURFACE_STYLE_FILL_AREA ( #4946 ) ;
#4510 = EDGE_CURVE ( 'NONE', #902, #2233, #1784, .T. ) ;
#4511 = ADVANCED_FACE ( 'NONE', ( #4293 ), #4664, .T. ) ;
#4512 =( NAMED_UNIT ( * ) PLANE_ANGLE_UNIT ( ) SI_UNIT ( $, .RADIAN. ) );
#4513 = DIRECTION ( 'NONE',  ( -1.000000000000000000, 0.0000000000000000000, 0.0000000000000000000 ) ) ;
#4514 = CARTESIAN_POINT ( 'NONE',  ( -40.49999999999999289, 166.9999999999999716, 14.99999999999997691 ) ) ;
#4515 = EDGE_LOOP ( 'NONE', ( #419, #5165, #1867, #2881 ) ) ;
#4516 = CARTESIAN_POINT ( 'NONE',  ( 1.500000000000000222, 163.9917307113122149, 35.13351181345643681 ) ) ;
#4517 = CARTESIAN_POINT ( 'NONE',  ( -89.12257320436376062, 142.9790344793958923, -37.66000337367611905 ) ) ;
#4518 = FACE_OUTER_BOUND ( 'NONE', #1398, .T. ) ;
#4519 = ORIENTED_EDGE ( 'NONE', *, *, #3254, .F. ) ;
#4520 = DIRECTION ( 'NONE',  ( -1.000000000000000000, 0.0000000000000000000, 0.0000000000000000000 ) ) ;
#4521 = VERTEX_POINT ( 'NONE', #2910 ) ;
#4522 = PRESENTATION_STYLE_ASSIGNMENT (( #1231 ) ) ;
#4523 = CARTESIAN_POINT ( 'NONE',  ( -95.90448750123042032, 153.2999999999999545, 25.16268659334631863 ) ) ;
#4524 = EDGE_CURVE ( 'NONE', #5857, #1851, #1630, .T. ) ;
#4525 = ORIENTED_EDGE ( 'NONE', *, *, #1884, .F. ) ;
#4526 = CARTESIAN_POINT ( 'NONE',  ( -95.90448750123042032, 153.2999999999999545, 26.16268659334618008 ) ) ;
#4527 = ORIENTED_EDGE ( 'NONE', *, *, #11, .F. ) ;
#4528 = DIRECTION ( 'NONE',  ( 0.0000000000000000000, -1.000000000000000000, 0.0000000000000000000 ) ) ;
#4529 = CARTESIAN_POINT ( 'NONE',  ( 80.99999999999997158, 153.4999999999999716, 31.91264851713704331 ) ) ;
#4530 = ORIENTED_EDGE ( 'NONE', *, *, #1316, .F. ) ;
#4531 = DIRECTION ( 'NONE',  ( 5.423418723394455286E-31, -0.01745240643728337634, -0.9998476951563911586 ) ) ;
#4532 = AXIS2_PLACEMENT_3D ( 'NONE', #3938, #2616, #812 ) ;
#4533 = EDGE_CURVE ( 'NONE', #1069, #867, #4188, .T. ) ;
#4534 = CYLINDRICAL_SURFACE ( 'NONE', #1051, 2.000000000000001776 ) ;
#4535 = CIRCLE ( 'NONE', #5322, 2.499999999999998668 ) ;
#4536 = DIRECTION ( 'NONE',  ( -0.0000000000000000000, 1.000000000000000000, 0.0000000000000000000 ) ) ;
#4537 = DIRECTION ( 'NONE',  ( -1.000000000000000000, 0.0000000000000000000, 0.0000000000000000000 ) ) ;
#4538 = PRODUCT_CONTEXT ( 'NONE', #5495, 'mechanical' ) ;
#4539 = EDGE_CURVE ( 'NONE', #3456, #1501, #4094, .T. ) ;
#4540 = AXIS2_PLACEMENT_3D ( 'NONE', #883, #5868, #5007 ) ;
#4541 = CARTESIAN_POINT ( 'NONE',  ( 80.99999999999997158, 153.4999999999999716, 31.91264851713704331 ) ) ;
#4542 = VERTEX_POINT ( 'NONE', #212 ) ;
#4543 = B_SPLINE_CURVE_WITH_KNOTS ( 'NONE', 3,
 ( #4385, #1536, #213, #277, #2022, #3874, #5735, #1597 ),
 .UNSPECIFIED., .F., .F.,
 ( 4, 2, 2, 4 ),
 ( 0.0000000000000000000, 0.0003847830515607321162, 0.0007695661031214642324, 0.001539132206242977688 ),
 .UNSPECIFIED. ) ;
#4544 = DIRECTION ( 'NONE',  ( -1.000000000000000000, 0.0000000000000000000, 1.200283680671789509E-14 ) ) ;
#4545 = ORIENTED_EDGE ( 'NONE', *, *, #4116, .T. ) ;
#4546 = CARTESIAN_POINT ( 'NONE',  ( 87.81242452942844068, 153.7461915119145033, 15.00000000006627765 ) ) ;
#4547 = EDGE_CURVE ( 'NONE', #5519, #3538, #729, .T. ) ;
#4548 = DIRECTION ( 'NONE',  ( 0.0000000000000000000, 0.0000000000000000000, -1.000000000000000000 ) ) ;
#4549 = ORIENTED_EDGE ( 'NONE', *, *, #5496, .F. ) ;
#4550 =( LENGTH_UNIT ( ) NAMED_UNIT ( * ) SI_UNIT ( .MILLI., .METRE. ) );
#4551 = ORIENTED_EDGE ( 'NONE', *, *, #5780, .F. ) ;
#4552 = VERTEX_POINT ( 'NONE', #3457 ) ;
#4553 = DIRECTION ( 'NONE',  ( 0.0000000000000000000, -0.0000000000000000000, -1.000000000000000000 ) ) ;
#4554 = AXIS2_PLACEMENT_3D ( 'NONE', #134, #1949, #1420 ) ;
#4555 = CYLINDRICAL_SURFACE ( 'NONE', #4125, 0.5000000000000004441 ) ;
#4556 = ORIENTED_EDGE ( 'NONE', *, *, #876, .T. ) ;
#4557 = LINE ( 'NONE', #1355, #845 ) ;
#4558 = EDGE_CURVE ( 'NONE', #4112, #2436, #2253, .T. ) ;
#4559 = CARTESIAN_POINT ( 'NONE',  ( 40.49771557524177723, 153.8777919207436469, 35.81012743574692081 ) ) ;
#4560 = ORIENTED_EDGE ( 'NONE', *, *, #3017, .T. ) ;
#4561 = AXIS2_PLACEMENT_3D ( 'NONE', #4737, #3402, #125 ) ;
#4562 = CARTESIAN_POINT ( 'NONE',  ( -90.00000000000001421, 135.4999999999999716, 38.00000000000000711 ) ) ;
#4563 = CIRCLE ( 'NONE', #1406, 1.000000000000011324 ) ;
#4564 = ADVANCED_FACE ( 'NONE', ( #4328 ), #2020, .F. ) ;
#4565 = LINE ( 'NONE', #413, #2839 ) ;
#4566 = LINE ( 'NONE', #467, #1708 ) ;
#4567 = VECTOR ( 'NONE', #2461, 1000.000000000000000 ) ;
#4568 = CIRCLE ( 'NONE', #1981, 2.000000000000001776 ) ;
#4569 = CARTESIAN_POINT ( 'NONE',  ( 40.49999999999999289, 166.9999999999999716, 35.08972981016493264 ) ) ;
#4570 = ORIENTED_EDGE ( 'NONE', *, *, #2440, .T. ) ;
#4571 = ADVANCED_FACE ( 'NONE', ( #4866 ), #3035, .T. ) ;
#4572 = CARTESIAN_POINT ( 'NONE',  ( 18.00000000000000711, 153.1929836864896686, 18.31941506717168267 ) ) ;
#4573 = ORIENTED_EDGE ( 'NONE', *, *, #5849, .T. ) ;
#4574 = CARTESIAN_POINT ( 'NONE',  ( -89.32287565553230024, 143.0000000000000000, -37.49999999999999289 ) ) ;
#4575 = VECTOR ( 'NONE', #1352, 1000.000000000000000 ) ;
#4576 = PRESENTATION_STYLE_ASSIGNMENT (( #3216 ) ) ;
#4577 = EDGE_LOOP ( 'NONE', ( #4004, #5493, #4607, #5591 ) ) ;
#4578 = DIRECTION ( 'NONE',  ( -0.0000000000000000000, 1.000000000000000000, -0.0000000000000000000 ) ) ;
#4579 = ORIENTED_EDGE ( 'NONE', *, *, #3524, .F. ) ;
#4580 = ADVANCED_FACE ( 'NONE', ( #1260 ), #2639, .F. ) ;
#4581 = AXIS2_PLACEMENT_3D ( 'NONE', #38, #5535, #4106 ) ;
#4582 = ORIENTED_EDGE ( 'NONE', *, *, #5214, .F. ) ;
#4583 = CARTESIAN_POINT ( 'NONE',  ( -88.00000000000001421, 143.5000000000000000, 36.49134863155784814 ) ) ;
#4584 = CARTESIAN_POINT ( 'NONE',  ( 38.00000000000000711, 143.4912737967813428, 35.99142478397965306 ) ) ;
#4585 = AXIS2_PLACEMENT_3D ( 'NONE', #686, #3430, #3375 ) ;
#4586 = ORIENTED_EDGE ( 'NONE', *, *, #4256, .F. ) ;
#4587 = CARTESIAN_POINT ( 'NONE',  ( 80.99999999999997158, 163.4999999999999716, 20.91264851713705042 ) ) ;
#4588 = AXIS2_PLACEMENT_3D ( 'NONE', #1486, #522, #4647 ) ;
#4589 = DIRECTION ( 'NONE',  ( 0.0000000000000000000, -0.9998476951563912696, 0.01745240643728108304 ) ) ;
#4590 = AXIS2_PLACEMENT_3D ( 'NONE', #2121, #5841, #1189 ) ;
#4591 = CARTESIAN_POINT ( 'NONE',  ( -85.16268659334794222, 153.5999999999999659, 33.16268659334786406 ) ) ;
#4592 = AXIS2_PLACEMENT_3D ( 'NONE', #3117, #1301, #436 ) ;
#4593 = DIRECTION ( 'NONE',  ( 0.0000000000000000000, 0.0000000000000000000, -1.000000000000000000 ) ) ;
#4594 = LINE ( 'NONE', #466, #3232 ) ;
#4595 = AXIS2_PLACEMENT_3D ( 'NONE', #2026, #3045, #3974 ) ;
#4596 = DIRECTION ( 'NONE',  ( 0.0000000000000000000, 1.000000000000000000, -0.0000000000000000000 ) ) ;
#4597 = EDGE_CURVE ( 'NONE', #5119, #3738, #3909, .T. ) ;
#4598 = CARTESIAN_POINT ( 'NONE',  ( 50.66268659334792801, 153.2999999999999545, 25.16268659334793512 ) ) ;
#4599 = ORIENTED_EDGE ( 'NONE', *, *, #3704, .T. ) ;
#4600 = FACE_OUTER_BOUND ( 'NONE', #5953, .T. ) ;
#4601 = VERTEX_POINT ( 'NONE', #5877 ) ;
#4602 = LINE ( 'NONE', #5096, #1971 ) ;
#4603 = EDGE_CURVE ( 'NONE', #1796, #1760, #2586, .T. ) ;
#4604 = ORIENTED_EDGE ( 'NONE', *, *, #2316, .T. ) ;
#4605 = DIRECTION ( 'NONE',  ( -3.303660060822715377E-15, -0.9998476951563913806, 0.01745240643728355676 ) ) ;
#4606 = ORIENTED_EDGE ( 'NONE', *, *, #5381, .F. ) ;
#4607 = ORIENTED_EDGE ( 'NONE', *, *, #1119, .F. ) ;
#4608 = PRESENTATION_STYLE_ASSIGNMENT (( #4011 ) ) ;
#4609 = EDGE_CURVE ( 'NONE', #4117, #5065, #4563, .T. ) ;
#4610 = ADVANCED_FACE ( 'NONE', ( #3132 ), #777, .F. ) ;
#4611 = ORIENTED_EDGE ( 'NONE', *, *, #5298, .F. ) ;
#4612 = VERTEX_POINT ( 'NONE', #833 ) ;
#4613 = LINE ( 'NONE', #2329, #3775 ) ;
#4614 = CIRCLE ( 'NONE', #2021, 1.000000000000000888 ) ;
#4615 = DIRECTION ( 'NONE',  ( 0.0000000000000000000, 1.000000000000000000, 0.0000000000000000000 ) ) ;
#4616 = CARTESIAN_POINT ( 'NONE',  ( 37.49999999999997868, 163.9917307113122149, 35.13351181345643681 ) ) ;
#4617 = ORIENTED_EDGE ( 'NONE', *, *, #510, .T. ) ;
#4618 = DIRECTION ( 'NONE',  ( -0.0000000000000000000, 0.01745240643728354635, 0.9998476951563911586 ) ) ;
#4619 = CARTESIAN_POINT ( 'NONE',  ( 24.49999999999999289, 152.8937625129402704, 29.82638976468882674 ) ) ;
#4620 = LINE ( 'NONE', #521, #5350 ) ;
#4621 = CARTESIAN_POINT ( 'NONE',  ( 39.99999999999997868, 166.4999999999999716, 35.08972981016493264 ) ) ;
#4622 = CIRCLE ( 'NONE', #2029, 4.000000000000007105 ) ;
#4623 = MECHANICAL_DESIGN_GEOMETRIC_PRESENTATION_REPRESENTATION (  '', ( #5220 ), #1697 ) ;
#4624 = AXIS2_PLACEMENT_3D ( 'NONE', #4311, #262, #3447 ) ;
#4625 = CARTESIAN_POINT ( 'NONE',  ( 36.99999999999999289, 153.8850363097216132, 29.32646591711063166 ) ) ;
#4626 = ORIENTED_EDGE ( 'NONE', *, *, #5579, .T. ) ;
#4627 = CARTESIAN_POINT ( 'NONE',  ( -90.00000000000001421, 143.0000000000000000, -35.99999999999999289 ) ) ;
#4628 = CARTESIAN_POINT ( 'NONE',  ( -40.50000000000000711, 153.4999999999999716, 35.32537318669587734 ) ) ;
#4629 = EDGE_LOOP ( 'NONE', ( #2650, #1789, #808, #5758 ) ) ;
#4630 = CARTESIAN_POINT ( 'NONE',  ( -37.17180197439305545, 143.0003227028106778, 36.01848763163309997 ) ) ;
#4631 = ORIENTED_EDGE ( 'NONE', *, *, #5542, .T. ) ;
#4632 = DIRECTION ( 'NONE',  ( -1.000000000000000000, 0.0000000000000000000, 0.0000000000000000000 ) ) ;
#4633 = CIRCLE ( 'NONE', #3023, 0.5000000000000004441 ) ;
#4634 = DIRECTION ( 'NONE',  ( 0.0000000000000000000, 0.9998476951563911586, -0.01745240643728355329 ) ) ;
#4635 = ORIENTED_EDGE ( 'NONE', *, *, #1235, .T. ) ;
#4636 = EDGE_CURVE ( 'NONE', #5941, #2673, #2669, .T. ) ;
#4637 = DIRECTION ( 'NONE',  ( 1.000000000000000000, 0.0000000000000000000, 0.0000000000000000000 ) ) ;
#4638 = VERTEX_POINT ( 'NONE', #2194 ) ;
#4639 = CARTESIAN_POINT ( 'NONE',  ( 37.13907163471125017, 143.0000000000000000, 36.00000000000001421 ) ) ;
#4640 = CARTESIAN_POINT ( 'NONE',  ( -90.00000000000001421, 136.9999999999999716, -37.99999999999999289 ) ) ;
#4641 = ADVANCED_FACE ( 'NONE', ( #5910 ), #3602, .T. ) ;
#4642 = DIRECTION ( 'NONE',  ( 0.0000000000000000000, 0.01745240643728354635, 0.9998476951563911586 ) ) ;
#4643 = AXIS2_PLACEMENT_3D ( 'NONE', #942, #4513, #2281 ) ;
#4644 =( LENGTH_UNIT ( ) NAMED_UNIT ( * ) SI_UNIT ( .MILLI., .METRE. ) );
#4645 = EDGE_CURVE ( 'NONE', #5178, #432, #1763, .T. ) ;
#4646 = FACE_OUTER_BOUND ( 'NONE', #1686, .T. ) ;
#4647 = DIRECTION ( 'NONE',  ( 0.0000000000000000000, -0.9998476951563912696, 0.01745240643728108304 ) ) ;
#4648 = FACE_OUTER_BOUND ( 'NONE', #718, .T. ) ;
#4649 = STYLED_ITEM ( 'NONE', ( #4608 ), #4420 ) ;
#4650 = DIRECTION ( 'NONE',  ( -0.0000000000000000000, 1.000000000000000000, -0.0000000000000000000 ) ) ;
#4651 = ORIENTED_EDGE ( 'NONE', *, *, #860, .T. ) ;
#4652 = CARTESIAN_POINT ( 'NONE',  ( 89.99999999999998579, 136.9999999999999716, -35.99999999999999289 ) ) ;
#4653 = PRESENTATION_LAYER_ASSIGNMENT (  '', '', ( #3809 ) ) ;
#4654 = ORIENTED_EDGE ( 'NONE', *, *, #1475, .F. ) ;
#4655 = CARTESIAN_POINT ( 'NONE',  ( -37.14870856382867004, 143.0000000000001137, 35.99999999999704414 ) ) ;
#4656 =( BOUNDED_CURVE ( )  B_SPLINE_CURVE ( 3, ( #2429, #5683, #2339, #2863 ),
 .UNSPECIFIED., .F., .T. ) 
 B_SPLINE_CURVE_WITH_KNOTS ( ( 4, 4 ),
 ( 3.159045946109809933, 4.712388980384689674 ),
 .UNSPECIFIED. ) 
 CURVE ( )  GEOMETRIC_REPRESENTATION_ITEM ( )  RATIONAL_B_SPLINE_CURVE ( ( 1.000000000000000000, 0.8088336327694715111, 0.8088336327694715111, 1.000000000000000000 ) ) 
 REPRESENTATION_ITEM ( '' )  );
#4657 = CIRCLE ( 'NONE', #2853, 0.5000000000000058842 ) ;
#4658 = EDGE_LOOP ( 'NONE', ( #536, #3992, #2292, #5708 ) ) ;
#4659 = ADVANCED_FACE ( 'NONE', ( #5316 ), #921, .T. ) ;
#4660 = CARTESIAN_POINT ( 'NONE',  ( -88.46147821031637193, 142.7313571436679354, 37.96049060640908124 ) ) ;
#4661 = EDGE_LOOP ( 'NONE', ( #568, #712, #2518, #4551 ) ) ;
#4662 = CARTESIAN_POINT ( 'NONE',  ( -1.500000000000022871, 163.9917307113122149, 35.13351181345643681 ) ) ;
#4663 = EDGE_LOOP ( 'NONE', ( #5132, #5236, #4549, #2374 ) ) ;
#4664 = PLANE ( 'NONE',  #5547 ) ;
#4665 = AXIS2_PLACEMENT_3D ( 'NONE', #4396, #162, #3824 ) ;
#4666 = ORIENTED_EDGE ( 'NONE', *, *, #2202, .T. ) ;
#4667 = EDGE_CURVE ( 'NONE', #2414, #2976, #1814, .T. ) ;
#4668 = LINE ( 'NONE', #4269, #2693 ) ;
#4669 = AXIS2_PLACEMENT_3D ( 'NONE', #4935, #2646, #5917 ) ;
#4670 = ORIENTED_EDGE ( 'NONE', *, *, #2640, .F. ) ;
#4671 = FILL_AREA_STYLE ('',( #570 ) ) ;
#4672 = CARTESIAN_POINT ( 'NONE',  ( 87.80784196934583008, 154.0087262032186288, 15.00000000000000355 ) ) ;
#4673 = FILL_AREA_STYLE ('',( #2856 ) ) ;
#4674 = EDGE_LOOP ( 'NONE', ( #5537, #663, #1477, #2132 ) ) ;
#4675 = ADVANCED_FACE ( 'NONE', ( #420 ), #37, .F. ) ;
#4676 = CARTESIAN_POINT ( 'NONE',  ( -47.19405962675103439, 153.2999999999999545, 26.16268659334786051 ) ) ;
#4677 = VECTOR ( 'NONE', #4970, 1000.000000000000000 ) ;
#4678 = PRESENTATION_LAYER_ASSIGNMENT (  '', '', ( #1339 ) ) ;
#4679 = SURFACE_STYLE_FILL_AREA ( #1948 ) ;
#4680 = DIRECTION ( 'NONE',  ( 0.9998476951563912696, 0.01745240643728354982, 0.0000000000000000000 ) ) ;
#4681 = SURFACE_SIDE_STYLE ('',( #5610 ) ) ;
#4682 = DIRECTION ( 'NONE',  ( 0.0000000000000000000, 0.0000000000000000000, -1.000000000000000000 ) ) ;
#4683 = AXIS2_PLACEMENT_3D ( 'NONE', #3645, #4066, #3202 ) ;
#4684 = EDGE_CURVE ( 'NONE', #2825, #1745, #4602, .T. ) ;
#4685 = SURFACE_STYLE_FILL_AREA ( #923 ) ;
#4686 = EDGE_CURVE ( 'NONE', #2112, #1749, #3710, .T. ) ;
#4687 = APPLICATION_CONTEXT ( 'automotive_design' ) ;
#4688 = AXIS2_PLACEMENT_3D ( 'NONE', #1135, #2097, #3028 ) ;
#4689 = ORIENTED_EDGE ( 'NONE', *, *, #498, .T. ) ;
#4690 = VECTOR ( 'NONE', #2743, 1000.000000000000000 ) ;
#4691 = DIRECTION ( 'NONE',  ( 0.0000000000000000000, -0.9998476951563912696, 0.01745240643728354982 ) ) ;
#4692 = STYLED_ITEM ( 'NONE', ( #688 ), #976 ) ;
#4693 = FACE_OUTER_BOUND ( 'NONE', #1595, .T. ) ;
#4694 = ORIENTED_EDGE ( 'NONE', *, *, #124, .T. ) ;
#4695 = CARTESIAN_POINT ( 'NONE',  ( -37.13907163471133543, 143.0000000000000853, 36.00000000000000711 ) ) ;
#4696 = AXIS2_PLACEMENT_3D ( 'NONE', #3509, #3423, #5245 ) ;
#4697 = EDGE_LOOP ( 'NONE', ( #5440, #1819, #4020, #585 ) ) ;
#4698 = CARTESIAN_POINT ( 'NONE',  ( -89.22530357388889399, 143.0000000000000000, 37.58605048764378154 ) ) ;
#4699 = EDGE_LOOP ( 'NONE', ( #2275, #5163, #4506, #5352 ) ) ;
#4700 = SURFACE_STYLE_USAGE ( .BOTH. , #148 ) ;
#4701 = EDGE_LOOP ( 'NONE', ( #220, #64, #478, #507, #1328, #5323, #4604, #3242, #4611, #5430 ) ) ;
#4702 = CARTESIAN_POINT ( 'NONE',  ( 40.99999999999997868, 153.0087262032186288, 35.82529703427406531 ) ) ;
#4703 =( BOUNDED_CURVE ( )  B_SPLINE_CURVE ( 3, ( #5481, #3718, #5101, #3691 ),
 .UNSPECIFIED., .F., .T. ) 
 B_SPLINE_CURVE_WITH_KNOTS ( ( 4, 4 ),
 ( 4.712388980384689674, 6.265732014659569415 ),
 .UNSPECIFIED. ) 
 CURVE ( )  GEOMETRIC_REPRESENTATION_ITEM ( )  RATIONAL_B_SPLINE_CURVE ( ( 1.000000000000000000, 0.8088336327694715111, 0.8088336327694715111, 1.000000000000000000 ) ) 
 REPRESENTATION_ITEM ( '' )  );
#4704 = ORIENTED_EDGE ( 'NONE', *, *, #4932, .T. ) ;
#4705 = CARTESIAN_POINT ( 'NONE',  ( 87.82529703427405821, 153.0087262032186288, 35.82529703427406531 ) ) ;
#4706 = VERTEX_POINT ( 'NONE', #4986 ) ;
#4707 = CARTESIAN_POINT ( 'NONE',  ( 85.16268659334791380, 153.5999999999999659, 18.16268659334793867 ) ) ;
#4708 = DIRECTION ( 'NONE',  ( 0.0000000000000000000, 0.0000000000000000000, -1.000000000000000000 ) ) ;
#4709 = DIRECTION ( 'NONE',  ( 0.0000000000000000000, 0.0000000000000000000, -1.000000000000000000 ) ) ;
#4710 = EDGE_CURVE ( 'NONE', #5794, #2970, #1921, .T. ) ;
#4711 = ORIENTED_EDGE ( 'NONE', *, *, #1392, .F. ) ;
#4712 = CARTESIAN_POINT ( 'NONE',  ( -90.00000000000001421, 142.5000000000000000, 38.00000000000000711 ) ) ;
#4713 = DIRECTION ( 'NONE',  ( 0.0000000000000000000, 0.0000000000000000000, 1.000000000000000000 ) ) ;
#4714 = CARTESIAN_POINT ( 'NONE',  ( -80.99999999999997158, 153.4999999999999716, 31.91264851713704331 ) ) ;
#4715 = EDGE_CURVE ( 'NONE', #2511, #2296, #893, .T. ) ;
#4716 = FILL_AREA_STYLE ('',( #165 ) ) ;
#4717 = AXIS2_PLACEMENT_3D ( 'NONE', #5585, #5091, #2404 ) ;
#4718 = PLANE ( 'NONE',  #4581 ) ;
#4719 = ORIENTED_EDGE ( 'NONE', *, *, #3012, .T. ) ;
#4720 = FACE_OUTER_BOUND ( 'NONE', #870, .T. ) ;
#4721 = ORIENTED_EDGE ( 'NONE', *, *, #4715, .F. ) ;
#4722 = AXIS2_PLACEMENT_3D ( 'NONE', #1584, #4758, #1556 ) ;
#4723 = DIRECTION ( 'NONE',  ( 0.0000000000000000000, 0.0000000000000000000, 1.000000000000000000 ) ) ;
#4724 = PRESENTATION_STYLE_ASSIGNMENT (( #1491 ) ) ;
#4725 = EDGE_LOOP ( 'NONE', ( #2301, #3460, #3106, #1585 ) ) ;
#4726 = DIRECTION ( 'NONE',  ( 0.0000000000000000000, 0.0000000000000000000, -1.000000000000000000 ) ) ;
#4727 = EDGE_CURVE ( 'NONE', #859, #4461, #3661, .T. ) ;
#4728 = DIRECTION ( 'NONE',  ( 0.0000000000000000000, 0.01745240643728142652, 0.9998476951563912696 ) ) ;
#4729 = VECTOR ( 'NONE', #3579, 1000.000000000000000 ) ;
#4730 = ORIENTED_EDGE ( 'NONE', *, *, #3668, .F. ) ;
#4731 = CARTESIAN_POINT ( 'NONE',  ( -37.70710678118656034, 164.2075321523516038, 35.62982114931345023 ) ) ;
#4732 = EDGE_LOOP ( 'NONE', ( #3163, #44, #5026, #5827 ) ) ;
#4733 = PRESENTATION_STYLE_ASSIGNMENT (( #4700 ) ) ;
#4734 = VERTEX_POINT ( 'NONE', #1839 ) ;
#4735 = CIRCLE ( 'NONE', #2128, 1.000000000000000888 ) ;
#4736 = ADVANCED_FACE ( 'NONE', ( #61 ), #227, .T. ) ;
#4737 = CARTESIAN_POINT ( 'NONE',  ( -19.00000000000003908, 152.6930598389114948, 18.32814127039032215 ) ) ;
#4738 = CARTESIAN_POINT ( 'NONE',  ( -89.50000000000001421, 136.9999999999999716, 37.32287565553230024 ) ) ;
#4739 = CARTESIAN_POINT ( 'NONE',  ( -90.00000000000001421, 136.9999999999999716, 38.00000000000000711 ) ) ;
#4740 = ORIENTED_EDGE ( 'NONE', *, *, #4426, .F. ) ;
#4741 = CARTESIAN_POINT ( 'NONE',  ( 80.99999999999997158, 163.4999999999999716, 20.91264851713705042 ) ) ;
#4742 = EDGE_LOOP ( 'NONE', ( #1149, #5160, #462, #981 ) ) ;
#4743 = FILL_AREA_STYLE_COLOUR ( '', #2081 ) ;
#4744 = CARTESIAN_POINT ( 'NONE',  ( 36.99999999999999289, 152.8850363097216132, 29.32646591711063166 ) ) ;
#4745 = ORIENTED_EDGE ( 'NONE', *, *, #2238, .F. ) ;
#4746 = FACE_OUTER_BOUND ( 'NONE', #1774, .T. ) ;
#4747 = EDGE_CURVE ( 'NONE', #4734, #5314, #3102, .T. ) ;
#4748 = DIRECTION ( 'NONE',  ( 0.0000000000000000000, 0.0000000000000000000, 1.000000000000000000 ) ) ;
#4749 = LINE ( 'NONE', #2922, #3883 ) ;
#4750 = VECTOR ( 'NONE', #4901, 1000.000000000000000 ) ;
#4751 = PLANE ( 'NONE',  #2145 ) ;
#4752 = DIRECTION ( 'NONE',  ( 0.0000000000000000000, 0.0000000000000000000, -1.000000000000000000 ) ) ;
#4753 = CARTESIAN_POINT ( 'NONE',  ( -41.00000000000000711, 153.9999999999999716, 35.99999999999998579 ) ) ;
#4754 = CARTESIAN_POINT ( 'NONE',  ( -90.00000000000001421, 143.0000000000000000, -35.99999999999999289 ) ) ;
#4755 = VECTOR ( 'NONE', #496, 1000.000000000000114 ) ;
#4756 = VERTEX_POINT ( 'NONE', #679 ) ;
#4757 = ADVANCED_FACE ( 'NONE', ( #2903 ), #1589, .F. ) ;
#4758 = DIRECTION ( 'NONE',  ( -1.124743087522145738E-31, -0.01745240643728337981, -0.9998476951563912696 ) ) ;
#4759 = ORIENTED_EDGE ( 'NONE', *, *, #1591, .T. ) ;
#4760 = PLANE ( 'NONE',  #2556 ) ;
#4761 = ORIENTED_EDGE ( 'NONE', *, *, #1086, .T. ) ;
#4762 = DIRECTION ( 'NONE',  ( 0.0000000000000000000, 0.0000000000000000000, -1.000000000000000000 ) ) ;
#4763 = AXIS2_PLACEMENT_3D ( 'NONE', #3370, #2051, #624 ) ;
#4764 = ORIENTED_EDGE ( 'NONE', *, *, #450, .F. ) ;
#4765 = CARTESIAN_POINT ( 'NONE',  ( 39.99999999999999289, 166.4999999999999716, 35.08972981016493264 ) ) ;
#4766 = EDGE_CURVE ( 'NONE', #978, #5329, #1990, .T. ) ;
#4767 = AXIS2_PLACEMENT_3D ( 'NONE', #5122, #1041, #4317 ) ;
#4768 = ORIENTED_EDGE ( 'NONE', *, *, #2607, .T. ) ;
#4769 = LINE ( 'NONE', #5191, #341 ) ;
#4770 = ORIENTED_EDGE ( 'NONE', *, *, #1044, .F. ) ;
#4771 = DIRECTION ( 'NONE',  ( 0.0000000000000000000, -0.01745240643730164992, -0.9998476951563909365 ) ) ;
#4772 = VECTOR ( 'NONE', #705, 1000.000000000000000 ) ;
#4773 = DIRECTION ( 'NONE',  ( -0.01745240643730141053, 0.9998476951563909365, 0.0000000000000000000 ) ) ;
#4774 = FILL_AREA_STYLE_COLOUR ( '', #863 ) ;
#4775 = EDGE_CURVE ( 'NONE', #2288, #2672, #4797, .T. ) ;
#4776 = ORIENTED_EDGE ( 'NONE', *, *, #769, .F. ) ;
#4777 = AXIS2_PLACEMENT_3D ( 'NONE', #2304, #2273, #25 ) ;
#4778 = FACE_OUTER_BOUND ( 'NONE', #2700, .T. ) ;
#4779 = SURFACE_SIDE_STYLE ('',( #3851 ) ) ;
#4780 = CARTESIAN_POINT ( 'NONE',  ( 40.10777312723838861, 153.4867395136098480, 35.81695328090464159 ) ) ;
#4781 = FACE_BOUND ( 'NONE', #3285, .T. ) ;
#4782 = CIRCLE ( 'NONE', #3723, 5.500000000000000888 ) ;
#4783 = EDGE_LOOP ( 'NONE', ( #3052, #1083, #5892 ) ) ;
#4784 = CARTESIAN_POINT ( 'NONE',  ( -55.13131355994480742, 153.4999999999999716, 26.16268659334794577 ) ) ;
#4785 = SURFACE_SIDE_STYLE ('',( #223 ) ) ;
#4786 = CARTESIAN_POINT ( 'NONE',  ( 87.08972981016491133, 166.4999999999999716, 15.50000000000000355 ) ) ;
#4787 = VECTOR ( 'NONE', #4434, 1000.000000000000000 ) ;
#4788 = DIRECTION ( 'NONE',  ( 0.0000000000000000000, 0.0000000000000000000, 1.000000000000000000 ) ) ;
#4789 = CARTESIAN_POINT ( 'NONE',  ( 40.49999999999997868, 153.9999999999999716, 35.30791812176765632 ) ) ;
#4790 = EDGE_CURVE ( 'NONE', #5125, #1110, #637, .T. ) ;
#4791 = CIRCLE ( 'NONE', #567, 6.000000000000002665 ) ;
#4792 = ORIENTED_EDGE ( 'NONE', *, *, #1324, .F. ) ;
#4793 = CARTESIAN_POINT ( 'NONE',  ( 89.49999999999998579, 135.4999999999999716, 37.50000000000000711 ) ) ;
#4794 = DIRECTION ( 'NONE',  ( -0.0000000000000000000, -0.0000000000000000000, -1.000000000000000000 ) ) ;
#4795 = CARTESIAN_POINT ( 'NONE',  ( 37.49999999999999289, 143.3886810705517973, 35.60255025755603242 ) ) ;
#4796 = AXIS2_PLACEMENT_3D ( 'NONE', #4621, #5645, #1890 ) ;
#4797 = LINE ( 'NONE', #2508, #1317 ) ;
#4798 = VECTOR ( 'NONE', #5300, 1000.000000000000000 ) ;
#4799 = EDGE_CURVE ( 'NONE', #5605, #2931, #5244, .T. ) ;
#4800 = COLOUR_RGB ( '',0.0000000000000000000, 0.0000000000000000000, 0.0000000000000000000 ) ;
#4801 = CARTESIAN_POINT ( 'NONE',  ( 1.500000000000002665, 143.0000000000000000, 36.00000000000001421 ) ) ;
#4802 = DIRECTION ( 'NONE',  ( 0.0000000000000000000, 0.0000000000000000000, 1.000000000000000000 ) ) ;
#4803 = ORIENTED_EDGE ( 'NONE', *, *, #5105, .T. ) ;
#4804 = DIRECTION ( 'NONE',  ( 1.000000000000000000, 0.0000000000000000000, 0.0000000000000000000 ) ) ;
#4805 = ORIENTED_EDGE ( 'NONE', *, *, #5448, .T. ) ;
#4806 = DIRECTION ( 'NONE',  ( 1.000000000000000000, -0.0000000000000000000, 0.0000000000000000000 ) ) ;
#4807 = ADVANCED_FACE ( 'NONE', ( #3774 ), #4351, .T. ) ;
#4808 = VECTOR ( 'NONE', #2741, 1000.000000000000000 ) ;
#4809 = ORIENTED_EDGE ( 'NONE', *, *, #5629, .F. ) ;
#4810 = VERTEX_POINT ( 'NONE', #3420 ) ;
#4811 = LINE ( 'NONE', #2106, #961 ) ;
#4812 = DIRECTION ( 'NONE',  ( -1.000000000000000000, 0.0000000000000000000, -9.130123557772672032E-16 ) ) ;
#4813 = CARTESIAN_POINT ( 'NONE',  ( -40.50000000000000711, 153.7071067811865248, 35.31814306207050436 ) ) ;
#4814 = EDGE_CURVE ( 'NONE', #5444, #242, #4969, .T. ) ;
#4815 = ADVANCED_FACE ( 'NONE', ( #1104 ), #5693, .F. ) ;
#4816 = ORIENTED_EDGE ( 'NONE', *, *, #4985, .T. ) ;
#4817 = CARTESIAN_POINT ( 'NONE',  ( -87.58965365774314193, 166.5087262032186288, -35.58107844172276657 ) ) ;
#4818 = CARTESIAN_POINT ( 'NONE',  ( 1.292893218813450540, 164.2075321523514617, 35.62982114931345023 ) ) ;
#4819 = DIRECTION ( 'NONE',  ( 0.0000000000000000000, 0.0000000000000000000, -1.000000000000000000 ) ) ;
#4820 = CARTESIAN_POINT ( 'NONE',  ( -80.99999999999997158, 163.4999999999999716, 31.91264851713705752 ) ) ;
#4821 = CARTESIAN_POINT ( 'NONE',  ( -90.00000000000001421, 143.0000000000000000, 38.00000000000000711 ) ) ;
#4822 = ADVANCED_FACE ( 'NONE', ( #2933 ), #5657, .F. ) ;
#4823 = VECTOR ( 'NONE', #3451, 1000.000000000000000 ) ;
#4824 = DIRECTION ( 'NONE',  ( 0.0000000000000000000, 0.0000000000000000000, 1.000000000000000000 ) ) ;
#4825 = ORIENTED_EDGE ( 'NONE', *, *, #5521, .F. ) ;
#4826 =( NAMED_UNIT ( * ) PLANE_ANGLE_UNIT ( ) SI_UNIT ( $, .RADIAN. ) );
#4827 = FACE_OUTER_BOUND ( 'NONE', #1058, .T. ) ;
#4828 = DIRECTION ( 'NONE',  ( 0.0000000000000000000, 0.0000000000000000000, 1.000000000000000000 ) ) ;
#4829 = DIRECTION ( 'NONE',  ( -0.0000000000000000000, -1.000000000000000000, -0.0000000000000000000 ) ) ;
#4830 = CARTESIAN_POINT ( 'NONE',  ( 47.19405962675103439, 153.2999999999999545, 25.16268659334789604 ) ) ;
#4831 = CARTESIAN_POINT ( 'NONE',  ( 85.16268659334791380, 153.5999999999999659, 33.16268659334792801 ) ) ;
#4832 = ORIENTED_EDGE ( 'NONE', *, *, #5019, .T. ) ;
#4833 = EDGE_CURVE ( 'NONE', #744, #5558, #645, .T. ) ;
#4834 = CARTESIAN_POINT ( 'NONE',  ( 36.99999999999998579, 153.8848840048779891, 29.30901351067335270 ) ) ;
#4835 = ORIENTED_EDGE ( 'NONE', *, *, #1791, .T. ) ;
#4836 = CARTESIAN_POINT ( 'NONE',  ( 80.99999999999997158, 153.4999999999999716, 19.91264851713703266 ) ) ;
#4837 = COLOUR_RGB ( '',0.7921568627450980005, 0.8196078431372548767, 0.9333333333333333481 ) ;
#4838 = ORIENTED_EDGE ( 'NONE', *, *, #5414, .T. ) ;
#4839 = ORIENTED_EDGE ( 'NONE', *, *, #4684, .T. ) ;
#4840 = EDGE_LOOP ( 'NONE', ( #2352, #1914, #3504, #83 ) ) ;
#4841 = CARTESIAN_POINT ( 'NONE',  ( -80.99999999999997158, 158.9999999999999716, 23.41264851713703976 ) ) ;
#4842 = DIRECTION ( 'NONE',  ( 0.0000000000000000000, -0.9998476951563912696, 0.01745240643728373370 ) ) ;
#4843 = LINE ( 'NONE', #1696, #27 ) ;
#4844 = CIRCLE ( 'NONE', #617, 1.000000000000000888 ) ;
#4845 = FACE_OUTER_BOUND ( 'NONE', #4663, .T. ) ;
#4846 = EDGE_CURVE ( 'NONE', #529, #85, #2013, .T. ) ;
#4847 = CARTESIAN_POINT ( 'NONE',  ( 1.499999999999999778, 163.9968424028096763, 35.42636042321400680 ) ) ;
#4848 = DIRECTION ( 'NONE',  ( 0.0000000000000000000, -1.000000000000000000, 0.0000000000000000000 ) ) ;
#4849 = CARTESIAN_POINT ( 'NONE',  ( -95.90448750123042032, 153.4999999999999716, 25.16268659334631863 ) ) ;
#4850 = CARTESIAN_POINT ( 'NONE',  ( 89.99999999999998579, 142.5000000000000000, -35.99999999999999289 ) ) ;
#4851 = CARTESIAN_POINT ( 'NONE',  ( -89.96049060640909545, 142.7313571436679922, -36.46147821031639324 ) ) ;
#4852 = ORIENTED_EDGE ( 'NONE', *, *, #940, .F. ) ;
#4853 = ADVANCED_FACE ( 'NONE', ( #1136 ), #2540, .T. ) ;
#4854 = CARTESIAN_POINT ( 'NONE',  ( 89.99999999999992895, 142.5000000000000000, -37.49999999999999289 ) ) ;
#4855 = FACE_OUTER_BOUND ( 'NONE', #4658, .T. ) ;
#4856 = DIRECTION ( 'NONE',  ( 0.0000000000000000000, 0.0000000000000000000, 1.000000000000000000 ) ) ;
#4857 = CARTESIAN_POINT ( 'NONE',  ( -37.50000000000007816, 143.5000000000000000, 35.49119630351393795 ) ) ;
#4858 = DIRECTION ( 'NONE',  ( 1.000000000000000000, 0.0000000000000000000, 0.0000000000000000000 ) ) ;
#4859 = COLOUR_RGB ( '',0.8980392156862745390, 0.8980392156862745390, 0.8980392156862745390 ) ;
#4860 = DIRECTION ( 'NONE',  ( 0.0000000000000000000, 0.0000000000000000000, 1.000000000000000000 ) ) ;
#4861 = DIRECTION ( 'NONE',  ( -1.734723475976806306E-15, 0.01745240643728337981, 0.9998476951563911586 ) ) ;
#4862 = EDGE_LOOP ( 'NONE', ( #3116, #103, #2840, #2024 ) ) ;
#4863 = VECTOR ( 'NONE', #792, 1000.000000000000000 ) ;
#4864 = CARTESIAN_POINT ( 'NONE',  ( -37.50010445763214761, 143.0000000000000000, 35.48648260605573768 ) ) ;
#4865 = ORIENTED_EDGE ( 'NONE', *, *, #4455, .F. ) ;
#4866 = FACE_OUTER_BOUND ( 'NONE', #2808, .T. ) ;
#4867 = ADVANCED_FACE ( 'NONE', ( #2098 ), #2604, .T. ) ;
#4868 = AXIS2_PLACEMENT_3D ( 'NONE', #5040, #2346, #86 ) ;
#4869 = CARTESIAN_POINT ( 'NONE',  ( -37.00000000000003553, 153.3412492140541303, 26.81354145250229237 ) ) ;
#4870 = ORIENTED_EDGE ( 'NONE', *, *, #5068, .F. ) ;
#4871 = CARTESIAN_POINT ( 'NONE',  ( -37.50000000000023448, 143.3882517025709831, 35.60297976065763237 ) ) ;
#4872 = ORIENTED_EDGE ( 'NONE', *, *, #4710, .T. ) ;
#4873 = CARTESIAN_POINT ( 'NONE',  ( -90.00000000000001421, 136.9999999999999716, 38.00000000000000711 ) ) ;
#4874 = STYLED_ITEM ( 'NONE', ( #2007 ), #5199 ) ;
#4875 = CARTESIAN_POINT ( 'NONE',  ( 18.50000000000000355, 153.1929836864896970, 18.31941506717167911 ) ) ;
#4876 = EDGE_CURVE ( 'NONE', #1842, #2466, #329, .T. ) ;
#4877 = ORIENTED_EDGE ( 'NONE', *, *, #5271, .F. ) ;
#4878 = CARTESIAN_POINT ( 'NONE',  ( 40.49999999999997868, 166.4999999999999716, 16.00000000000000711 ) ) ;
#4879 = AXIS2_PLACEMENT_3D ( 'NONE', #4161, #3653, #1337 ) ;
#4880 = DIRECTION ( 'NONE',  ( 0.0000000000000000000, 0.0000000000000000000, 1.000000000000000000 ) ) ;
#4881 = FACE_OUTER_BOUND ( 'NONE', #1348, .T. ) ;
#4882 = VERTEX_POINT ( 'NONE', #2152 ) ;
#4883 = CARTESIAN_POINT ( 'NONE',  ( 87.99999999999998579, 143.0000000000000000, -35.99999999999999289 ) ) ;
#4884 = CARTESIAN_POINT ( 'NONE',  ( 89.99999999999998579, 143.0000000000000000, 36.00000000000000711 ) ) ;
#4885 = CARTESIAN_POINT ( 'NONE',  ( 87.58107844172276657, 166.9999999999999716, 15.00000000000000355 ) ) ;
#4886 = AXIS2_PLACEMENT_3D ( 'NONE', #1722, #2172, #1853 ) ;
#4887 = EDGE_CURVE ( 'NONE', #1374, #5444, #1795, .T. ) ;
#4888 = CARTESIAN_POINT ( 'NONE',  ( -89.58605048764378864, 143.0000000000000000, -37.22530357388887978 ) ) ;
#4889 = CARTESIAN_POINT ( 'NONE',  ( 87.30791812176764211, 153.9999999999999716, 15.50000000000000355 ) ) ;
#4890 = CARTESIAN_POINT ( 'NONE',  ( 37.49999999999999289, 143.0048233725370892, 36.27633082758126193 ) ) ;
#4891 = PLANE ( 'NONE',  #1159 ) ;
#4892 = DIRECTION ( 'NONE',  ( -0.0000000000000000000, 1.000000000000000000, -0.0000000000000000000 ) ) ;
#4893 = EDGE_CURVE ( 'NONE', #811, #2837, #5060, .T. ) ;
#4894 = VECTOR ( 'NONE', #2760, 1000.000000000000000 ) ;
#4895 = ADVANCED_FACE ( 'NONE', ( #2126 ), #5845, .T. ) ;
#4896 = B_SPLINE_CURVE_WITH_KNOTS ( 'NONE', 3,
 ( #4890, #235, #5276, #1682, #4795, #766 ),
 .UNSPECIFIED., .F., .F.,
 ( 4, 2, 4 ),
 ( 0.0000000000000000000, 0.0004723605235504605912, 0.0009447210471009211824 ),
 .UNSPECIFIED. ) ;
#4897 = FACE_OUTER_BOUND ( 'NONE', #3800, .T. ) ;
#4898 = ORIENTED_EDGE ( 'NONE', *, *, #175, .T. ) ;
#4899 = PRESENTATION_LAYER_ASSIGNMENT (  '', '', ( #3835 ) ) ;
#4900 = VECTOR ( 'NONE', #2859, 1000.000000000000000 ) ;
#4901 = DIRECTION ( 'NONE',  ( 0.0000000000000000000, 0.0000000000000000000, -1.000000000000000000 ) ) ;
#4902 = CARTESIAN_POINT ( 'NONE',  ( 82.99999999999997158, 163.4999999999999716, 20.91264851713705042 ) ) ;
#4903 = VECTOR ( 'NONE', #4208, 1000.000000000000000 ) ;
#4904 = CARTESIAN_POINT ( 'NONE',  ( 87.58965365774311351, 166.5087262032186572, -35.58965365774311351 ) ) ;
#4905 = ORIENTED_EDGE ( 'NONE', *, *, #1086, .F. ) ;
#4906 = SURFACE_SIDE_STYLE ('',( #5358 ) ) ;
#4907 = VERTEX_POINT ( 'NONE', #4830 ) ;
#4908 = CARTESIAN_POINT ( 'NONE',  ( -1.500000000000022871, 163.9917307113122149, 35.13351181345643681 ) ) ;
#4909 = ORIENTED_EDGE ( 'NONE', *, *, #1180, .T. ) ;
#4910 = CARTESIAN_POINT ( 'NONE',  ( -87.08972981016493975, 166.9999999999999716, 15.49999999999993072 ) ) ;
#4911 = VECTOR ( 'NONE', #4491, 1000.000000000000000 ) ;
#4912 = ORIENTED_EDGE ( 'NONE', *, *, #5058, .T. ) ;
#4913 = DIRECTION ( 'NONE',  ( 0.0000000000000000000, 0.0000000000000000000, -1.000000000000000000 ) ) ;
#4914 = DIRECTION ( 'NONE',  ( 0.0000000000000000000, 0.0000000000000000000, -1.000000000000000000 ) ) ;
#4915 = ORIENTED_EDGE ( 'NONE', *, *, #5116, .T. ) ;
#4916 = CARTESIAN_POINT ( 'NONE',  ( 51.66268659334789959, 153.2999999999999545, 21.69405962675105570 ) ) ;
#4917 = LINE ( 'NONE', #793, #1906 ) ;
#4918 = CARTESIAN_POINT ( 'NONE',  ( -82.99999999999997158, 163.4999999999999716, 20.91264851713705042 ) ) ;
#4919 = EDGE_CURVE ( 'NONE', #5829, #1272, #4099, .T. ) ;
#4920 = DIRECTION ( 'NONE',  ( -1.000000000000000000, 0.0000000000000000000, 0.0000000000000000000 ) ) ;
#4921 =( LENGTH_UNIT ( ) NAMED_UNIT ( * ) SI_UNIT ( .MILLI., .METRE. ) );
#4922 = FILL_AREA_STYLE_COLOUR ( '', #960 ) ;
#4923 = CARTESIAN_POINT ( 'NONE',  ( 89.49999999999998579, 136.9999999999999716, 37.50000000000000711 ) ) ;
#4924 = CARTESIAN_POINT ( 'NONE',  ( 89.32287565553227182, 143.0000000000000000, -37.49999999999999289 ) ) ;
#4925 = ORIENTED_EDGE ( 'NONE', *, *, #5702, .F. ) ;
#4926 = EDGE_CURVE ( 'NONE', #2816, #3849, #3064, .T. ) ;
#4927 = STYLED_ITEM ( 'NONE', ( #4427 ), #2417 ) ;
#4928 = DIRECTION ( 'NONE',  ( 0.0000000000000000000, -0.0000000000000000000, 1.000000000000000000 ) ) ;
#4929 = ORIENTED_EDGE ( 'NONE', *, *, #3311, .T. ) ;
#4930 =( NAMED_UNIT ( * ) SI_UNIT ( $, .STERADIAN. ) SOLID_ANGLE_UNIT ( ) );
#4931 = ORIENTED_EDGE ( 'NONE', *, *, #5597, .T. ) ;
#4932 = EDGE_CURVE ( 'NONE', #3074, #805, #357, .T. ) ;
#4933 = CARTESIAN_POINT ( 'NONE',  ( 40.49999999999997868, 166.4999999999999716, 15.50000000000000888 ) ) ;
#4934 = PRESENTATION_LAYER_ASSIGNMENT (  '', '', ( #1847 ) ) ;
#4935 = CARTESIAN_POINT ( 'NONE',  ( -90.00000000000001421, 2.000000000000001776, 36.00000000000000711 ) ) ;
#4936 = LINE ( 'NONE', #4033, #2391 ) ;
#4937 = ORIENTED_EDGE ( 'NONE', *, *, #3668, .T. ) ;
#4938 = AXIS2_PLACEMENT_3D ( 'NONE', #508, #5449, #4994 ) ;
#4939 = AXIS2_PLACEMENT_3D ( 'NONE', #3862, #5782, #2565 ) ;
#4940 = CARTESIAN_POINT ( 'NONE',  ( -88.00000000000001421, 135.4999999999999716, -35.99999999999999289 ) ) ;
#4941 = DIRECTION ( 'NONE',  ( 3.004265867810656343E-15, 0.9998476951563911586, -0.01745240643728373023 ) ) ;
#4942 = FACE_BOUND ( 'NONE', #2017, .T. ) ;
#4943 = VERTEX_POINT ( 'NONE', #3988 ) ;
#4944 = CARTESIAN_POINT ( 'NONE',  ( -37.50000000000003553, 153.1929836864896970, 18.31941506717167911 ) ) ;
#4945 = ADVANCED_FACE ( 'NONE', ( #1707 ), #5379, .T. ) ;
#4946 = FILL_AREA_STYLE ('',( #2243 ) ) ;
#4947 = CARTESIAN_POINT ( 'NONE',  ( -89.78742568475037444, 142.9152849476968754, 36.90603047479993393 ) ) ;
#4948 = CARTESIAN_POINT ( 'NONE',  ( -51.16268659334792801, 153.2999999999999545, 25.66268659334790669 ) ) ;
#4949 = DIRECTION ( 'NONE',  ( -1.000000000000000000, -4.336148172972734633E-17, 7.568774789761131783E-19 ) ) ;
#4950 = CARTESIAN_POINT ( 'NONE',  ( 87.99999999999998579, 152.9999999999999716, 35.32537318669587734 ) ) ;
#4951 = ORIENTED_EDGE ( 'NONE', *, *, #1383, .F. ) ;
#4952 = FACE_OUTER_BOUND ( 'NONE', #4382, .T. ) ;
#4953 = ORIENTED_EDGE ( 'NONE', *, *, #4932, .F. ) ;
#4954 = DIRECTION ( 'NONE',  ( 1.000000000000000000, 0.0000000000000000000, -0.0000000000000000000 ) ) ;
#4955 = VECTOR ( 'NONE', #2513, 1000.000000000000114 ) ;
#4956 = ADVANCED_FACE ( 'NONE', ( #3535 ), #5406, .F. ) ;
#4957 = CARTESIAN_POINT ( 'NONE',  ( 24.49999999999999289, 153.3849601572997869, 29.31773971389199573 ) ) ;
#4958 = ORIENTED_EDGE ( 'NONE', *, *, #2640, .T. ) ;
#4959 = DIRECTION ( 'NONE',  ( -0.0000000000000000000, -1.000000000000000000, 0.0000000000000000000 ) ) ;
#4960 = CIRCLE ( 'NONE', #260, 1.000000000000011324 ) ;
#4961 = VERTEX_POINT ( 'NONE', #4374 ) ;
#4962 = CARTESIAN_POINT ( 'NONE',  ( 87.99999999999998579, 153.4999999999999716, 16.00000000000000711 ) ) ;
#4963 = CARTESIAN_POINT ( 'NONE',  ( -24.50000000000004974, 153.2889719218947562, 23.81857739053178946 ) ) ;
#4964 = DIRECTION ( 'NONE',  ( 1.000000000000000000, 0.0000000000000000000, 0.0000000000000000000 ) ) ;
#4965 = EDGE_CURVE ( 'NONE', #3898, #529, #265, .T. ) ;
#4966 = VERTEX_POINT ( 'NONE', #943 ) ;
#4967 = LINE ( 'NONE', #1297, #1437 ) ;
#4968 = EDGE_LOOP ( 'NONE', ( #4912, #2901, #1856, #3954 ) ) ;
#4969 = CIRCLE ( 'NONE', #2356, 5.500000000000000888 ) ;
#4970 = DIRECTION ( 'NONE',  ( 1.000000000000000000, 0.0000000000000000000, 1.200283680671791718E-14 ) ) ;
#4971 = EDGE_LOOP ( 'NONE', ( #3911, #969, #1616, #4101 ) ) ;
#4972 = CARTESIAN_POINT ( 'NONE',  ( 37.49999999999999289, 142.9040117645949408, 30.50083767663986123 ) ) ;
#4973 = AXIS2_PLACEMENT_3D ( 'NONE', #760, #1243, #5305 ) ;
#4974 = DIRECTION ( 'NONE',  ( 0.0000000000000000000, -1.000000000000000000, 0.0000000000000000000 ) ) ;
#4975 = VECTOR ( 'NONE', #3584, 1000.000000000000000 ) ;
#4976 = LINE ( 'NONE', #2214, #1963 ) ;
#4977 = CARTESIAN_POINT ( 'NONE',  ( -88.00000000000001421, 0.0000000000000000000, -35.99999999999999289 ) ) ;
#4978 = TOROIDAL_SURFACE ( 'NONE', #2367, 1.000000000000000000, 0.5000000000000000000 ) ;
#4979 = CARTESIAN_POINT ( 'NONE',  ( 87.99999999999998579, 136.9999999999999716, 36.00000000000000711 ) ) ;
#4980 = EDGE_LOOP ( 'NONE', ( #5226, #1496, #2486, #3191 ) ) ;
#4981 = UNCERTAINTY_MEASURE_WITH_UNIT (LENGTH_MEASURE( 1.000000000000000082E-05 ), #2964, 'distance_accuracy_value', 'NONE');
#4982 =( BOUNDED_CURVE ( )  B_SPLINE_CURVE ( 3, ( #1623, #2906, #4731, #269 ),
 .UNSPECIFIED., .F., .T. ) 
 B_SPLINE_CURVE_WITH_KNOTS ( ( 4, 4 ),
 ( 3.141592653589783790, 4.712388980384705661 ),
 .UNSPECIFIED. ) 
 CURVE ( )  GEOMETRIC_REPRESENTATION_ITEM ( )  RATIONAL_B_SPLINE_CURVE ( ( 1.000000000000000000, 0.8047378541243590533, 0.8047378541243590533, 1.000000000000000000 ) ) 
 REPRESENTATION_ITEM ( '' )  );
#4983 = CARTESIAN_POINT ( 'NONE',  ( 40.99999999999997868, 153.4999999999999716, 15.50000000000000888 ) ) ;
#4984 = VERTEX_POINT ( 'NONE', #1306 ) ;
#4985 = EDGE_CURVE ( 'NONE', #3267, #3578, #3181, .T. ) ;
#4986 = CARTESIAN_POINT ( 'NONE',  ( -85.16268659334794222, 153.4999999999999716, 33.16268659334786406 ) ) ;
#4987 = AXIS2_PLACEMENT_3D ( 'NONE', #5147, #4280, #2465 ) ;
#4988 = DIRECTION ( 'NONE',  ( 1.000000000000000000, 0.0000000000000000000, 0.0000000000000000000 ) ) ;
#4989 = AXIS2_PLACEMENT_3D ( 'NONE', #1330, #818, #351 ) ;
#4990 = ORIENTED_EDGE ( 'NONE', *, *, #1532, .F. ) ;
#4991 = DIRECTION ( 'NONE',  ( 1.000000000000000000, 0.0000000000000000000, 0.0000000000000000000 ) ) ;
#4992 = VECTOR ( 'NONE', #2992, 1000.000000000000000 ) ;
#4993 = ORIENTED_EDGE ( 'NONE', *, *, #1715, .T. ) ;
#4994 = DIRECTION ( 'NONE',  ( 0.0000000000000000000, -0.9998476951563912696, 0.01745240643728406676 ) ) ;
#4995 = DIRECTION ( 'NONE',  ( 0.0000000000000000000, 0.0000000000000000000, -1.000000000000000000 ) ) ;
#4996 = VECTOR ( 'NONE', #2625, 1000.000000000000000 ) ;
#4997 = VECTOR ( 'NONE', #5893, 1000.000000000000000 ) ;
#4998 = CARTESIAN_POINT ( 'NONE',  ( 50.66268659334789959, 153.2999999999999545, 25.66268659334794933 ) ) ;
#4999 = AXIS2_PLACEMENT_3D ( 'NONE', #1753, #1804, #938 ) ;
#5000 = VECTOR ( 'NONE', #4520, 1000.000000000000000 ) ;
#5001 = CARTESIAN_POINT ( 'NONE',  ( 39.99999999999997868, 154.0087262032186288, 35.80784196934585140 ) ) ;
#5002 = ADVANCED_FACE ( 'NONE', ( #1390 ), #5503, .T. ) ;
#5003 = EDGE_LOOP ( 'NONE', ( #2843, #3683, #3482, #3510, #4570 ) ) ;
#5004 = EDGE_CURVE ( 'NONE', #867, #4542, #2950, .T. ) ;
#5005 =( LENGTH_UNIT ( ) NAMED_UNIT ( * ) SI_UNIT ( .MILLI., .METRE. ) );
#5006 = AXIS2_PLACEMENT_3D ( 'NONE', #2140, #4964, #4443 ) ;
#5007 = DIRECTION ( 'NONE',  ( 0.0000000000000000000, 0.0000000000000000000, 1.000000000000000000 ) ) ;
#5008 = CARTESIAN_POINT ( 'NONE',  ( -80.99999999999997158, 163.4999999999999716, 20.91264851713705042 ) ) ;
#5009 = DIRECTION ( 'NONE',  ( 1.000000000000000000, 0.0000000000000000000, 0.0000000000000000000 ) ) ;
#5010 = CARTESIAN_POINT ( 'NONE',  ( 40.86640219470778845, 153.5000000000182183, 35.81672181825097567 ) ) ;
#5011 = CARTESIAN_POINT ( 'NONE',  ( 87.08972981016489712, 166.4999999999999716, 15.00000000000000355 ) ) ;
#5012 = FACE_OUTER_BOUND ( 'NONE', #1709, .T. ) ;
#5013 = ORIENTED_EDGE ( 'NONE', *, *, #1729, .F. ) ;
#5014 = CARTESIAN_POINT ( 'NONE',  ( -24.50000000000004974, 152.7890480743165540, 23.82730359375042894 ) ) ;
#5015 = ORIENTED_EDGE ( 'NONE', *, *, #4494, .T. ) ;
#5016 = CARTESIAN_POINT ( 'NONE',  ( 87.81012743575067248, 153.8777919207463185, 15.49771557524143262 ) ) ;
#5017 = CYLINDRICAL_SURFACE ( 'NONE', #4408, 0.5000000000000004441 ) ;
#5018 = ORIENTED_EDGE ( 'NONE', *, *, #1431, .T. ) ;
#5019 = EDGE_CURVE ( 'NONE', #4984, #5408, #856, .T. ) ;
#5020 =( BOUNDED_SURFACE ( )  B_SPLINE_SURFACE ( 3, 2, ( 
 ( #5001, #879, #908 ),
 ( #461, #4559, #72 ),
 ( #4780, #5909, #3958 ),
 ( #3623, #1336, #4160 ),
 ( #5902, #5010, #914 ),
 ( #4129, #5435, #3179 ) ),
 .UNSPECIFIED., .F., .F., .F. ) 
 B_SPLINE_SURFACE_WITH_KNOTS ( ( 4, 2, 4 ),
 ( 3, 3 ),
 ( 4.712388980384689674, 5.497787143782137953, 6.283185307179586232 ),
 ( 0.0000000000000000000, 1.000000000000000000 ),
 .UNSPECIFIED. ) 
 GEOMETRIC_REPRESENTATION_ITEM ( )  RATIONAL_B_SPLINE_SURFACE ( (
 ( 1.000000000000000000, 0.7071067811865475727, 1.000000000000000000),
 ( 1.000000000000000000, 0.7087270008789926523, 1.000000000000000000),
 ( 1.000000000000000000, 0.7103212306922138675, 1.000000000000000000),
 ( 1.000000000000000000, 0.7125917778503599864, 1.000000000000000000),
 ( 1.000000000000000000, 0.7132613904364977220, 1.000000000000000000),
 ( 1.000000000000000000, 0.7132504491541878933, 1.000000000000000000) ) ) 
 REPRESENTATION_ITEM ( '' )  SURFACE ( )  );
#5021 = EDGE_LOOP ( 'NONE', ( #4410, #5287, #1052, #3337 ) ) ;
#5022 = DIRECTION ( 'NONE',  ( -0.0000000000000000000, -0.9998476951563911586, 0.01745240643728355329 ) ) ;
#5023 = ORIENTED_EDGE ( 'NONE', *, *, #3544, .T. ) ;
#5024 = CARTESIAN_POINT ( 'NONE',  ( 89.99999999999998579, 2.000000000000001776, 36.00000000000000711 ) ) ;
#5025 = DIRECTION ( 'NONE',  ( -1.000000000000000000, -0.0000000000000000000, 0.0000000000000000000 ) ) ;
#5026 = ORIENTED_EDGE ( 'NONE', *, *, #2917, .T. ) ;
#5027 = LINE ( 'NONE', #4972, #23 ) ;
#5028 = MANIFOLD_SOLID_BREP ( 'Extrude8[2]', #1424 ) ;
#5029 = MECHANICAL_DESIGN_GEOMETRIC_PRESENTATION_REPRESENTATION (  '', ( #2525 ), #50 ) ;
#5030 = EDGE_CURVE ( 'NONE', #738, #1440, #3678, .T. ) ;
#5031 = CARTESIAN_POINT ( 'NONE',  ( -89.32287565553230024, 143.0000000000000000, -37.49999999999999289 ) ) ;
#5032 = DIRECTION ( 'NONE',  ( 0.0000000000000000000, 1.000000000000000000, -0.0000000000000000000 ) ) ;
#5033 = CARTESIAN_POINT ( 'NONE',  ( -37.00000000000003553, 153.1929836864896970, 18.31941506717167911 ) ) ;
#5034 = AXIS2_PLACEMENT_3D ( 'NONE', #4097, #3674, #5526 ) ;
#5035 = EDGE_CURVE ( 'NONE', #5262, #3963, #2, .T. ) ;
#5036 = DIRECTION ( 'NONE',  ( -0.0000000000000000000, 1.000000000000000000, -0.0000000000000000000 ) ) ;
#5037 = ORIENTED_EDGE ( 'NONE', *, *, #1973, .F. ) ;
#5038 = DIRECTION ( 'NONE',  ( -4.336808689942017736E-17, 0.9998476951563912696, -0.01745240643728337981 ) ) ;
#5039 = ORIENTED_EDGE ( 'NONE', *, *, #5158, .T. ) ;
#5040 = CARTESIAN_POINT ( 'NONE',  ( -90.00000000000001421, 136.9999999999999716, 38.00000000000000711 ) ) ;
#5041 = CARTESIAN_POINT ( 'NONE',  ( 40.99999999999997868, 153.0087262032186288, 35.82529703427406531 ) ) ;
#5042 = VERTEX_POINT ( 'NONE', #2692 ) ;
#5043 = VERTEX_POINT ( 'NONE', #4977 ) ;
#5044 = VECTOR ( 'NONE', #2544, 1000.000000000000000 ) ;
#5045 = DIRECTION ( 'NONE',  ( -0.0000000000000000000, 0.9998476951563913806, -0.01745240643728354982 ) ) ;
#5046 = VERTEX_POINT ( 'NONE', #5033 ) ;
#5047 = PLANE ( 'NONE',  #2980 ) ;
#5048 = DIRECTION ( 'NONE',  ( 0.0000000000000000000, -1.000000000000000000, 0.0000000000000000000 ) ) ;
#5049 = EDGE_CURVE ( 'NONE', #2801, #3515, #915, .T. ) ;
#5050 = VERTEX_POINT ( 'NONE', #2750 ) ;
#5051 = DIRECTION ( 'NONE',  ( -6.607320121645426416E-16, 0.9998476951563911586, -0.01745240643728355329 ) ) ;
#5052 = VERTEX_POINT ( 'NONE', #1423 ) ;
#5053 = CARTESIAN_POINT ( 'NONE',  ( -89.32287565553224340, 136.9999999999999716, -37.49999999999999289 ) ) ;
#5054 = LINE ( 'NONE', #4207, #4478 ) ;
#5055 = SURFACE_SIDE_STYLE ('',( #2688 ) ) ;
#5056 = EDGE_CURVE ( 'NONE', #4386, #594, #4566, .T. ) ;
#5057 = LINE ( 'NONE', #4479, #4755 ) ;
#5058 = EDGE_CURVE ( 'NONE', #2412, #2967, #414, .T. ) ;
#5059 =( NAMED_UNIT ( * ) SI_UNIT ( $, .STERADIAN. ) SOLID_ANGLE_UNIT ( ) );
#5060 = CIRCLE ( 'NONE', #459, 0.5000000000000004441 ) ;
#5061 = AXIS2_PLACEMENT_3D ( 'NONE', #5228, #2528, #2458 ) ;
#5062 = DIRECTION ( 'NONE',  ( 0.0000000000000000000, 1.000000000000000000, -0.0000000000000000000 ) ) ;
#5063 = ORIENTED_EDGE ( 'NONE', *, *, #4965, .T. ) ;
#5064 = DIRECTION ( 'NONE',  ( 0.0000000000000000000, 0.0000000000000000000, 1.000000000000000000 ) ) ;
#5065 = VERTEX_POINT ( 'NONE', #5436 ) ;
#5066 = EDGE_CURVE ( 'NONE', #620, #5829, #1831, .T. ) ;
#5067 = CARTESIAN_POINT ( 'NONE',  ( -37.21397405564638916, 143.0009959505165966, 36.05705796687560394 ) ) ;
#5068 = EDGE_CURVE ( 'NONE', #2345, #4090, #4657, .T. ) ;
#5069 = ORIENTED_EDGE ( 'NONE', *, *, #1835, .T. ) ;
#5070 = CARTESIAN_POINT ( 'NONE',  ( 19.00000000000000355, 152.8413253664759281, 26.82226765572097804 ) ) ;
#5071 = EDGE_LOOP ( 'NONE', ( #5250, #1870, #2729, #986 ) ) ;
#5072 = CIRCLE ( 'NONE', #852, 0.4999999999999990008 ) ;
#5073 = FACE_OUTER_BOUND ( 'NONE', #5771, .T. ) ;
#5074 = ORIENTED_EDGE ( 'NONE', *, *, #2147, .F. ) ;
#5075 = DIRECTION ( 'NONE',  ( -1.000000000000000000, -8.061746710179082123E-17, -2.133637095002691028E-15 ) ) ;
#5076 = COLOUR_RGB ( '',0.8980392156862745390, 0.8980392156862745390, 0.8980392156862745390 ) ;
#5077 = ORIENTED_EDGE ( 'NONE', *, *, #5797, .F. ) ;
#5078 = DIRECTION ( 'NONE',  ( -0.0000000000000000000, 1.000000000000000000, -0.0000000000000000000 ) ) ;
#5079 = CARTESIAN_POINT ( 'NONE',  ( 37.37113769208071545, 143.0034121896334796, 36.19548421317971787 ) ) ;
#5080 = DIRECTION ( 'NONE',  ( 0.0000000000000000000, 0.0000000000000000000, 1.000000000000000000 ) ) ;
#5081 = VECTOR ( 'NONE', #664, 1000.000000000000000 ) ;
#5082 = DIRECTION ( 'NONE',  ( -1.181467284255395910E-17, -0.9998476951563911586, 0.01745240643728354635 ) ) ;
#5083 = ORIENTED_EDGE ( 'NONE', *, *, #4887, .T. ) ;
#5084 = PRESENTATION_LAYER_ASSIGNMENT (  '', '', ( #3178 ) ) ;
#5085 = VECTOR ( 'NONE', #311, 1000.000000000000000 ) ;
#5086 = EDGE_CURVE ( 'NONE', #3815, #2801, #1064, .T. ) ;
#5087 = CARTESIAN_POINT ( 'NONE',  ( -85.16268659334794222, 153.4999999999999716, 18.16268659334786761 ) ) ;
#5088 = AXIS2_PLACEMENT_3D ( 'NONE', #3111, #5395, #5363 ) ;
#5089 = CARTESIAN_POINT ( 'NONE',  ( -87.30791812176767053, 153.9999999999999716, 14.99999999999993427 ) ) ;
#5090 = VECTOR ( 'NONE', #1436, 1000.000000000000227 ) ;
#5091 = DIRECTION ( 'NONE',  ( 0.0000000000000000000, 1.000000000000000000, 0.0000000000000000000 ) ) ;
#5092 = VERTEX_POINT ( 'NONE', #5176 ) ;
#5093 = CARTESIAN_POINT ( 'NONE',  ( -40.49999999999998579, 153.9999999999999716, 15.99999999999997691 ) ) ;
#5094 = DIRECTION ( 'NONE',  ( 0.0000000000000000000, 0.0000000000000000000, -1.000000000000000000 ) ) ;
#5095 = VERTEX_POINT ( 'NONE', #3351 ) ;
#5096 = CARTESIAN_POINT ( 'NONE',  ( 37.49999999999999289, 142.6858566841288791, 18.00274148718497003 ) ) ;
#5097 = ORIENTED_EDGE ( 'NONE', *, *, #3304, .T. ) ;
#5098 = DIRECTION ( 'NONE',  ( -0.0000000000000000000, -1.000000000000000000, -0.0000000000000000000 ) ) ;
#5099 = EDGE_CURVE ( 'NONE', #2511, #5408, #4656, .T. ) ;
#5100 = VERTEX_POINT ( 'NONE', #4278 ) ;
#5101 = CARTESIAN_POINT ( 'NONE',  ( -87.58461242599878460, 166.7975381764235294, -35.58461242599875618 ) ) ;
#5102 = VERTEX_POINT ( 'NONE', #1487 ) ;
#5103 = ORIENTED_EDGE ( 'NONE', *, *, #1179, .T. ) ;
#5104 = CARTESIAN_POINT ( 'NONE',  ( 87.99999999999998579, 136.9999999999999716, -35.99999999999999289 ) ) ;
#5105 = EDGE_CURVE ( 'NONE', #4233, #5480, #3626, .T. ) ;
#5106 = ORIENTED_EDGE ( 'NONE', *, *, #1510, .T. ) ;
#5107 = CIRCLE ( 'NONE', #5815, 0.5000000000000004441 ) ;
#5108 = CARTESIAN_POINT ( 'NONE',  ( 37.49999999999998579, 152.8850363097216132, 29.32646591711063166 ) ) ;
#5109 = FACE_OUTER_BOUND ( 'NONE', #1466, .T. ) ;
#5110 = ORIENTED_EDGE ( 'NONE', *, *, #654, .F. ) ;
#5111 = CARTESIAN_POINT ( 'NONE',  ( -37.00000000000007105, 142.8952855613763404, 30.00091382906158444 ) ) ;
#5112 = LINE ( 'NONE', #2803, #4184 ) ;
#5113 = CIRCLE ( 'NONE', #1476, 1.000000000000011324 ) ;
#5114 = CARTESIAN_POINT ( 'NONE',  ( 39.99999999999997868, 166.9999999999999716, 35.08972981016493264 ) ) ;
#5115 = CARTESIAN_POINT ( 'NONE',  ( -88.00000000000001421, 143.0000000000000000, -35.99999999999999289 ) ) ;
#5116 = EDGE_CURVE ( 'NONE', #4199, #3748, #1322, .T. ) ;
#5117 =( GEOMETRIC_REPRESENTATION_CONTEXT ( 3 ) GLOBAL_UNCERTAINTY_ASSIGNED_CONTEXT ( ( #5587 ) ) GLOBAL_UNIT_ASSIGNED_CONTEXT ( ( #898, #3221, #5566 ) ) REPRESENTATION_CONTEXT ( 'NONE', 'WORKASPACE' ) );
#5118 = PRESENTATION_STYLE_ASSIGNMENT (( #5615 ) ) ;
#5119 = VERTEX_POINT ( 'NONE', #1920 ) ;
#5120 = CYLINDRICAL_SURFACE ( 'NONE', #2442, 0.5000000000000058842 ) ;
#5121 = ORIENTED_EDGE ( 'NONE', *, *, #4965, .F. ) ;
#5122 = CARTESIAN_POINT ( 'NONE',  ( -82.99999999999997158, 158.9999999999999716, 25.91264851713703621 ) ) ;
#5123 =( GEOMETRIC_REPRESENTATION_CONTEXT ( 3 ) GLOBAL_UNCERTAINTY_ASSIGNED_CONTEXT ( ( #4192 ) ) GLOBAL_UNIT_ASSIGNED_CONTEXT ( ( #3565, #4512, #4126 ) ) REPRESENTATION_CONTEXT ( 'NONE', 'WORKASPACE' ) );
#5124 = EDGE_CURVE ( 'NONE', #3134, #5349, #579, .T. ) ;
#5125 = VERTEX_POINT ( 'NONE', #80 ) ;
#5126 = CARTESIAN_POINT ( 'NONE',  ( -38.00000000000007816, 143.4912737967813428, 35.99142478397965306 ) ) ;
#5127 = VERTEX_POINT ( 'NONE', #4217 ) ;
#5128 =( NAMED_UNIT ( * ) PLANE_ANGLE_UNIT ( ) SI_UNIT ( $, .RADIAN. ) );
#5129 = ORIENTED_EDGE ( 'NONE', *, *, #1735, .T. ) ;
#5130 = CARTESIAN_POINT ( 'NONE',  ( 37.49999999999999289, 143.5000000000000000, 35.49119630351393795 ) ) ;
#5131 = ADVANCED_FACE ( 'NONE', ( #5583 ), #2401, .F. ) ;
#5132 = ORIENTED_EDGE ( 'NONE', *, *, #2744, .T. ) ;
#5133 = STYLED_ITEM ( 'NONE', ( #4724 ), #3820 ) ;
#5134 = VERTEX_POINT ( 'NONE', #2925 ) ;
#5135 = CARTESIAN_POINT ( 'NONE',  ( 36.99999999999999289, 153.3850363097216132, 29.32646591711063166 ) ) ;
#5136 = PLANE ( 'NONE',  #4595 ) ;
#5137 = EDGE_CURVE ( 'NONE', #3738, #902, #3827, .T. ) ;
#5138 = VECTOR ( 'NONE', #1594, 1000.000000000000000 ) ;
#5139 = ORIENTED_EDGE ( 'NONE', *, *, #1357, .F. ) ;
#5140 = LINE ( 'NONE', #1060, #5380 ) ;
#5141 = VECTOR ( 'NONE', #2539, 1000.000000000000000 ) ;
#5142 = DIRECTION ( 'NONE',  ( -0.0000000000000000000, -1.000000000000000000, -0.0000000000000000000 ) ) ;
#5143 = DIRECTION ( 'NONE',  ( -1.000000000000000000, 0.0000000000000000000, 0.0000000000000000000 ) ) ;
#5144 = CARTESIAN_POINT ( 'NONE',  ( -87.99999999999998579, 166.4999999999999716, 14.99999999999993427 ) ) ;
#5145 = CARTESIAN_POINT ( 'NONE',  ( 89.49999999999998579, 135.4999999999999716, 37.50000000000000711 ) ) ;
#5146 = CIRCLE ( 'NONE', #2557, 1.000000000000011546 ) ;
#5147 = CARTESIAN_POINT ( 'NONE',  ( -88.00000000000001421, 136.9999999999999716, 36.00000000000000711 ) ) ;
#5148 = DIRECTION ( 'NONE',  ( 0.0000000000000000000, 0.0000000000000000000, 1.000000000000000000 ) ) ;
#5149 = UNCERTAINTY_MEASURE_WITH_UNIT (LENGTH_MEASURE( 1.000000000000000082E-05 ), #5738, 'distance_accuracy_value', 'NONE');
#5150 = ORIENTED_EDGE ( 'NONE', *, *, #2758, .T. ) ;
#5151 = AXIS2_PLACEMENT_3D ( 'NONE', #3508, #4949, #2662 ) ;
#5152 = ORIENTED_EDGE ( 'NONE', *, *, #5035, .F. ) ;
#5153 = PRESENTATION_STYLE_ASSIGNMENT (( #174 ) ) ;
#5154 = VECTOR ( 'NONE', #4892, 1000.000000000000000 ) ;
#5155 = VERTEX_POINT ( 'NONE', #1552 ) ;
#5156 = CARTESIAN_POINT ( 'NONE',  ( -88.90603250973698835, 142.9152856398069673, 37.78742461314414669 ) ) ;
#5157 = ORIENTED_EDGE ( 'NONE', *, *, #4846, .T. ) ;
#5158 = EDGE_CURVE ( 'NONE', #88, #5458, #3290, .T. ) ;
#5159 = SURFACE_STYLE_FILL_AREA ( #2969 ) ;
#5160 = ORIENTED_EDGE ( 'NONE', *, *, #397, .F. ) ;
#5161 = LINE ( 'NONE', #2878, #1025 ) ;
#5162 =( GEOMETRIC_REPRESENTATION_CONTEXT ( 3 ) GLOBAL_UNCERTAINTY_ASSIGNED_CONTEXT ( ( #6 ) ) GLOBAL_UNIT_ASSIGNED_CONTEXT ( ( #5803, #5369, #4007 ) ) REPRESENTATION_CONTEXT ( 'NONE', 'WORKASPACE' ) );
#5163 = ORIENTED_EDGE ( 'NONE', *, *, #810, .F. ) ;
#5164 = VECTOR ( 'NONE', #4553, 1000.000000000000000 ) ;
#5165 = ORIENTED_EDGE ( 'NONE', *, *, #3205, .F. ) ;
#5166 = ADVANCED_FACE ( 'NONE', ( #5646 ), #1003, .F. ) ;
#5167 = CARTESIAN_POINT ( 'NONE',  ( -38.00000000000007816, 143.5000000000000000, 36.49134863155784814 ) ) ;
#5168 = CARTESIAN_POINT ( 'NONE',  ( 40.49999999999997868, 153.9999999999999716, 16.00000000000000711 ) ) ;
#5169 = AXIS2_PLACEMENT_3D ( 'NONE', #5824, #2160, #4928 ) ;
#5170 = VERTEX_POINT ( 'NONE', #636 ) ;
#5171 = PLANE ( 'NONE',  #18 ) ;
#5172 = VECTOR ( 'NONE', #758, 1000.000000000000000 ) ;
#5173 = EDGE_CURVE ( 'NONE', #2752, #1691, #3386, .T. ) ;
#5174 = PLANE ( 'NONE',  #2571 ) ;
#5175 = CARTESIAN_POINT ( 'NONE',  ( 89.99999999999998579, 136.9999999999999716, 38.00000000000000711 ) ) ;
#5176 = CARTESIAN_POINT ( 'NONE',  ( 65.16268659334791380, 153.4999999999999716, 33.16268659334794222 ) ) ;
#5177 =( NAMED_UNIT ( * ) PLANE_ANGLE_UNIT ( ) SI_UNIT ( $, .RADIAN. ) );
#5178 = VERTEX_POINT ( 'NONE', #5612 ) ;
#5179 = ADVANCED_FACE ( 'NONE', ( #4648 ), #3318, .T. ) ;
#5180 = VERTEX_POINT ( 'NONE', #3795 ) ;
#5181 = VECTOR ( 'NONE', #997, 1000.000000000000000 ) ;
#5182 = VECTOR ( 'NONE', #279, 1000.000000000000000 ) ;
#5183 = DIRECTION ( 'NONE',  ( -3.303156897393814572E-15, -1.000000000000000000, 0.0000000000000000000 ) ) ;
#5184 = VERTEX_POINT ( 'NONE', #1516 ) ;
#5185 = CARTESIAN_POINT ( 'NONE',  ( 24.49999999999999289, 142.7905711227526524, 24.00182765812331809 ) ) ;
#5186 = DIRECTION ( 'NONE',  ( 1.000000000000000000, 0.0000000000000000000, 1.200283680671789509E-14 ) ) ;
#5187 = MECHANICAL_DESIGN_GEOMETRIC_PRESENTATION_REPRESENTATION (  '', ( #4329 ), #1736 ) ;
#5188 = ORIENTED_EDGE ( 'NONE', *, *, #5239, .T. ) ;
#5189 = DIRECTION ( 'NONE',  ( 3.086847045131617692E-15, 0.9998476951563913806, -0.01745240643728354982 ) ) ;
#5190 = ORIENTED_EDGE ( 'NONE', *, *, #5849, .F. ) ;
#5191 = CARTESIAN_POINT ( 'NONE',  ( -95.90448750123042032, 153.4999999999999716, 25.16268659334616942 ) ) ;
#5192 = ORIENTED_EDGE ( 'NONE', *, *, #1575, .T. ) ;
#5193 = CARTESIAN_POINT ( 'NONE',  ( -95.90448750123042032, 153.2999999999999545, 25.66268659334794933 ) ) ;
#5194 = CARTESIAN_POINT ( 'NONE',  ( -37.00000000000007105, 142.9040117645950545, 30.50083767663978307 ) ) ;
#5195 = ORIENTED_EDGE ( 'NONE', *, *, #1548, .T. ) ;
#5196 = PLANE ( 'NONE',  #5523 ) ;
#5197 = DIRECTION ( 'NONE',  ( -0.0000000000000000000, 1.000000000000000000, -0.0000000000000000000 ) ) ;
#5198 = LINE ( 'NONE', #2423, #2387 ) ;
#5199 = ADVANCED_FACE ( 'NONE', ( #3414 ), #4307, .F. ) ;
#5200 = ORIENTED_EDGE ( 'NONE', *, *, #3524, .T. ) ;
#5201 = DIRECTION ( 'NONE',  ( -0.0000000000000000000, 1.000000000000000000, -0.0000000000000000000 ) ) ;
#5202 = DIRECTION ( 'NONE',  ( 1.000000000000000000, -3.083952846180991267E-15, 1.927470528863119542E-16 ) ) ;
#5203 = CARTESIAN_POINT ( 'NONE',  ( 87.82025580252971508, 153.2975381764235578, 35.82025580252972219 ) ) ;
#5204 = CARTESIAN_POINT ( 'NONE',  ( -37.70710678118662429, 143.4912737967813428, 35.99142478397965306 ) ) ;
#5205 = CARTESIAN_POINT ( 'NONE',  ( 36.99999999999999289, 152.8850363097216132, 29.32646591711063166 ) ) ;
#5206 = EDGE_CURVE ( 'NONE', #366, #2837, #3443, .T. ) ;
#5207 = ORIENTED_EDGE ( 'NONE', *, *, #1649, .T. ) ;
#5208 = DIRECTION ( 'NONE',  ( 1.000000000000000000, 4.336148172972734633E-17, -7.568774789761131783E-19 ) ) ;
#5209 = VECTOR ( 'NONE', #5208, 1000.000000000000000 ) ;
#5210 = DIRECTION ( 'NONE',  ( 0.0000000000000000000, -0.9998476951563912696, 0.01745240643728354982 ) ) ;
#5211 = VERTEX_POINT ( 'NONE', #4850 ) ;
#5212 = DIRECTION ( 'NONE',  ( 0.0000000000000000000, 0.0000000000000000000, 1.000000000000000000 ) ) ;
#5213 = CARTESIAN_POINT ( 'NONE',  ( 36.99999999999997868, 153.3412492140541303, 26.81354145250229237 ) ) ;
#5214 = EDGE_CURVE ( 'NONE', #2535, #5211, #323, .T. ) ;
#5215 = VECTOR ( 'NONE', #715, 1000.000000000000000 ) ;
#5216 = VERTEX_POINT ( 'NONE', #5269 ) ;
#5217 = PLANE ( 'NONE',  #1430 ) ;
#5218 = ORIENTED_EDGE ( 'NONE', *, *, #3346, .T. ) ;
#5219 = ORIENTED_EDGE ( 'NONE', *, *, #692, .F. ) ;
#5220 = STYLED_ITEM ( 'NONE', ( #4733 ), #3569 ) ;
#5221 = DIRECTION ( 'NONE',  ( 0.0000000000000000000, 0.0000000000000000000, 1.000000000000000000 ) ) ;
#5222 = DIRECTION ( 'NONE',  ( 0.0000000000000000000, 1.000000000000000000, 0.0000000000000000000 ) ) ;
#5223 = VERTEX_POINT ( 'NONE', #2626 ) ;
#5224 =( LENGTH_UNIT ( ) NAMED_UNIT ( * ) SI_UNIT ( .MILLI., .METRE. ) );
#5225 = FILL_AREA_STYLE_COLOUR ( '', #3655 ) ;
#5226 = ORIENTED_EDGE ( 'NONE', *, *, #990, .F. ) ;
#5227 = LINE ( 'NONE', #3409, #5574 ) ;
#5228 = CARTESIAN_POINT ( 'NONE',  ( 87.99999999999998579, 143.0000000000000000, -35.99999999999999289 ) ) ;
#5229 = ADVANCED_FACE ( 'NONE', ( #2120 ), #2596, .F. ) ;
#5230 = DIRECTION ( 'NONE',  ( -0.0000000000000000000, 0.0000000000000000000, 1.000000000000000000 ) ) ;
#5231 = CARTESIAN_POINT ( 'NONE',  ( 88.79642841966376920, 142.8733093726086167, 37.83842956992820206 ) ) ;
#5232 = DIRECTION ( 'NONE',  ( 1.000000000000000000, 0.0000000000000000000, 1.100260040615809048E-14 ) ) ;
#5233 = CARTESIAN_POINT ( 'NONE',  ( 80.99999999999997158, 158.9999999999999716, 28.41264851713703621 ) ) ;
#5234 = FILL_AREA_STYLE ('',( #3828 ) ) ;
#5235 =( GEOMETRIC_REPRESENTATION_CONTEXT ( 3 ) GLOBAL_UNCERTAINTY_ASSIGNED_CONTEXT ( ( #2375 ) ) GLOBAL_UNIT_ASSIGNED_CONTEXT ( ( #4921, #1217, #2041 ) ) REPRESENTATION_CONTEXT ( 'NONE', 'WORKASPACE' ) );
#5236 = ORIENTED_EDGE ( 'NONE', *, *, #2806, .F. ) ;
#5237 = LINE ( 'NONE', #732, #2809 ) ;
#5238 = ORIENTED_EDGE ( 'NONE', *, *, #4027, .F. ) ;
#5239 = EDGE_CURVE ( 'NONE', #620, #280, #1415, .T. ) ;
#5240 = CARTESIAN_POINT ( 'NONE',  ( 50.66268659334789959, 153.4999999999999716, 29.63131355994482519 ) ) ;
#5241 = FACE_OUTER_BOUND ( 'NONE', #147, .T. ) ;
#5242 = DIRECTION ( 'NONE',  ( -1.850371707708594316E-16, 0.0000000000000000000, 1.000000000000000000 ) ) ;
#5243 = CARTESIAN_POINT ( 'NONE',  ( -40.99999999999999289, 166.4999999999999716, 15.49999999999997691 ) ) ;
#5244 = CIRCLE ( 'NONE', #3335, 2.000000000000001776 ) ;
#5245 = DIRECTION ( 'NONE',  ( 0.0000000000000000000, 0.0000000000000000000, 1.000000000000000000 ) ) ;
#5246 = EDGE_LOOP ( 'NONE', ( #1108, #3693, #4042, #3058 ) ) ;
#5247 = EDGE_CURVE ( 'NONE', #1380, #5366, #5808, .T. ) ;
#5248 = ADVANCED_FACE ( 'NONE', ( #3055 ), #3589, .F. ) ;
#5249 = CARTESIAN_POINT ( 'NONE',  ( 87.99999999999998579, 2.000000000000001776, 38.00000000000000711 ) ) ;
#5250 = ORIENTED_EDGE ( 'NONE', *, *, #983, .F. ) ;
#5251 = DIRECTION ( 'NONE',  ( 4.336808689942017736E-17, -0.9998476951563912696, 0.01745240643728337981 ) ) ;
#5252 = AXIS2_PLACEMENT_3D ( 'NONE', #5145, #1034, #137 ) ;
#5253 = LINE ( 'NONE', #2484, #2169 ) ;
#5254 = EDGE_LOOP ( 'NONE', ( #892, #1027, #5820 ) ) ;
#5255 = PLANE ( 'NONE',  #24 ) ;
#5256 = ORIENTED_EDGE ( 'NONE', *, *, #3277, .T. ) ;
#5257 = EDGE_CURVE ( 'NONE', #3811, #1358, #5264, .T. ) ;
#5258 = CIRCLE ( 'NONE', #3816, 2.000000000000001776 ) ;
#5259 =( NAMED_UNIT ( * ) PLANE_ANGLE_UNIT ( ) SI_UNIT ( $, .RADIAN. ) );
#5260 =( NAMED_UNIT ( * ) PLANE_ANGLE_UNIT ( ) SI_UNIT ( $, .RADIAN. ) );
#5261 = VECTOR ( 'NONE', #5022, 1000.000000000000227 ) ;
#5262 = VERTEX_POINT ( 'NONE', #5301 ) ;
#5263 = CARTESIAN_POINT ( 'NONE',  ( 18.50000000000000355, 153.3412492140541303, 26.81354145250233856 ) ) ;
#5264 = LINE ( 'NONE', #3470, #5463 ) ;
#5265 = LINE ( 'NONE', #906, #2815 ) ;
#5266 = VECTOR ( 'NONE', #5854, 1000.000000000000000 ) ;
#5267 = LINE ( 'NONE', #291, #1120 ) ;
#5268 = LINE ( 'NONE', #4849, #4498 ) ;
#5269 = CARTESIAN_POINT ( 'NONE',  ( 89.32287565553227182, 143.0000000000000000, -37.49999999999999289 ) ) ;
#5270 = VECTOR ( 'NONE', #4632, 1000.000000000000000 ) ;
#5271 = EDGE_CURVE ( 'NONE', #3332, #2053, #2426, .T. ) ;
#5272 = CARTESIAN_POINT ( 'NONE',  ( -88.00000000000001421, 135.4999999999999716, 38.00000000000000711 ) ) ;
#5273 = ORIENTED_EDGE ( 'NONE', *, *, #603, .F. ) ;
#5274 = FILL_AREA_STYLE_COLOUR ( '', #1573 ) ;
#5275 = LINE ( 'NONE', #733, #5426 ) ;
#5276 = CARTESIAN_POINT ( 'NONE',  ( 37.50000000000000000, 143.0940474377492819, 35.97181382878589773 ) ) ;
#5277 = CARTESIAN_POINT ( 'NONE',  ( -40.50000000000000000, 166.5087262032186288, 35.58965365774312772 ) ) ;
#5278 = AXIS2_PLACEMENT_3D ( 'NONE', #1213, #3412, #2595 ) ;
#5279 = DIRECTION ( 'NONE',  ( 0.0000000000000000000, 0.0000000000000000000, -1.000000000000000000 ) ) ;
#5280 = CIRCLE ( 'NONE', #3083, 0.5000000000000004441 ) ;
#5281 = PRESENTATION_LAYER_ASSIGNMENT (  '', '', ( #5487 ) ) ;
#5282 = VECTOR ( 'NONE', #820, 1000.000000000000000 ) ;
#5283 = DIRECTION ( 'NONE',  ( -0.01745240643728354635, -0.9998476951563911586, 0.0000000000000000000 ) ) ;
#5284 = CARTESIAN_POINT ( 'NONE',  ( -88.00000000000001421, 135.4999999999999716, 36.00000000000000711 ) ) ;
#5285 = EDGE_LOOP ( 'NONE', ( #4354, #5207, #3715, #2251 ) ) ;
#5286 = DIRECTION ( 'NONE',  ( 0.0000000000000000000, 0.0000000000000000000, -1.000000000000000000 ) ) ;
#5287 = ORIENTED_EDGE ( 'NONE', *, *, #3778, .F. ) ;
#5288 = CARTESIAN_POINT ( 'NONE',  ( 40.99999999999997868, 166.4999999999999716, 16.00000000000000711 ) ) ;
#5289 = AXIS2_PLACEMENT_3D ( 'NONE', #785, #3140, #4002 ) ;
#5290 = EDGE_CURVE ( 'NONE', #2405, #5359, #2558, .T. ) ;
#5291 = CARTESIAN_POINT ( 'NONE',  ( 87.08972981016491133, 166.4999999999999716, 15.00000000000000355 ) ) ;
#5292 = ORIENTED_EDGE ( 'NONE', *, *, #2676, .F. ) ;
#5293 = CARTESIAN_POINT ( 'NONE',  ( -87.82341584734059836, 153.1164993304579696, 15.47801331038794359 ) ) ;
#5294 = ORIENTED_EDGE ( 'NONE', *, *, #5137, .T. ) ;
#5295 = FILL_AREA_STYLE ('',( #2675 ) ) ;
#5296 = DIRECTION ( 'NONE',  ( 0.0000000000000000000, -1.000000000000000000, 0.0000000000000000000 ) ) ;
#5297 = DIRECTION ( 'NONE',  ( 1.000000000000000000, -3.083013515806853774E-15, 5.381420109298112062E-17 ) ) ;
#5298 = EDGE_CURVE ( 'NONE', #366, #5670, #5666, .T. ) ;
#5299 = EDGE_LOOP ( 'NONE', ( #4898, #4292, #4527, #2887, #58, #583, #2934, #1232, #2452, #5825, #2763, #4026, #5513, #3776, #5883, #4651, #3990, #2193 ) ) ;
#5300 = DIRECTION ( 'NONE',  ( -1.000000000000000000, 3.083013515806853774E-15, -5.381420109298112062E-17 ) ) ;
#5301 = CARTESIAN_POINT ( 'NONE',  ( 1.500000000000002665, 142.6858566841288791, 18.00274148718497003 ) ) ;
#5302 = DIRECTION ( 'NONE',  ( -2.711709361697228081E-31, 0.9998476951563912696, -0.01745240643728340063 ) ) ;
#5303 = DIRECTION ( 'NONE',  ( 0.0000000000000000000, -1.000000000000000000, 0.0000000000000000000 ) ) ;
#5304 = CARTESIAN_POINT ( 'NONE',  ( -82.99999999999997158, 163.4999999999999716, 19.91264851713702555 ) ) ;
#5305 = DIRECTION ( 'NONE',  ( 0.0000000000000000000, 0.0000000000000000000, 1.000000000000000000 ) ) ;
#5306 = CARTESIAN_POINT ( 'NONE',  ( -89.66000269403288314, 142.9790346634358968, -37.12257414551438472 ) ) ;
#5307 = VERTEX_POINT ( 'NONE', #5678 ) ;
#5308 = LINE ( 'NONE', #4403, #233 ) ;
#5309 =( NAMED_UNIT ( * ) SI_UNIT ( $, .STERADIAN. ) SOLID_ANGLE_UNIT ( ) );
#5310 = EDGE_CURVE ( 'NONE', #708, #3754, #2046, .T. ) ;
#5311 = SURFACE_STYLE_USAGE ( .BOTH. , #1138 ) ;
#5312 = EDGE_LOOP ( 'NONE', ( #2306, #5294, #1008, #846 ) ) ;
#5313 = CARTESIAN_POINT ( 'NONE',  ( -38.00000000000016342, 143.0000000000000000, 36.00000000000000711 ) ) ;
#5314 = VERTEX_POINT ( 'NONE', #721 ) ;
#5315 = EDGE_CURVE ( 'NONE', #4612, #2948, #5258, .T. ) ;
#5316 = FACE_OUTER_BOUND ( 'NONE', #756, .T. ) ;
#5317 = PRESENTATION_LAYER_ASSIGNMENT (  '', '', ( #2525 ) ) ;
#5318 = VECTOR ( 'NONE', #2961, 1000.000000000000227 ) ;
#5319 = CARTESIAN_POINT ( 'NONE',  ( -88.00000000000000000, 2.000000000000000000, -35.99999999999999289 ) ) ;
#5320 = ORIENTED_EDGE ( 'NONE', *, *, #5448, .F. ) ;
#5321 = CARTESIAN_POINT ( 'NONE',  ( -37.50000000000007816, 143.0235203483627515, 36.11788848057109647 ) ) ;
#5322 = AXIS2_PLACEMENT_3D ( 'NONE', #5662, #2443, #3368 ) ;
#5323 = ORIENTED_EDGE ( 'NONE', *, *, #533, .T. ) ;
#5324 = CARTESIAN_POINT ( 'NONE',  ( 87.08972981016492554, 166.9999999999999716, -35.08972981016491843 ) ) ;
#5325 = PLANE ( 'NONE',  #2770 ) ;
#5326 = EDGE_CURVE ( 'NONE', #5043, #3611, #3533, .T. ) ;
#5327 = LINE ( 'NONE', #4875, #490 ) ;
#5328 = STYLED_ITEM ( 'NONE', ( #2183 ), #2823 ) ;
#5329 = VERTEX_POINT ( 'NONE', #1513 ) ;
#5330 = PLANE ( 'NONE',  #1643 ) ;
#5331 = CARTESIAN_POINT ( 'NONE',  ( 40.99999999999997868, 153.9999999999999716, 15.50000000000000888 ) ) ;
#5332 = DIRECTION ( 'NONE',  ( -0.0000000000000000000, 1.000000000000000000, -0.0000000000000000000 ) ) ;
#5333 = ADVANCED_FACE ( 'NONE', ( #1121 ), #1609, .T. ) ;
#5334 = ORIENTED_EDGE ( 'NONE', *, *, #4163, .T. ) ;
#5335 = ADVANCED_FACE ( 'NONE', ( #2988 ), #695, .T. ) ;
#5336 = CARTESIAN_POINT ( 'NONE',  ( 89.32287565553227182, 143.0000000000000000, 37.50000000000000711 ) ) ;
#5337 = PLANE ( 'NONE',  #301 ) ;
#5338 = DIRECTION ( 'NONE',  ( -3.004265867810655948E-15, -0.9998476951563911586, 0.01745240643728354635 ) ) ;
#5339 =( BOUNDED_CURVE ( )  B_SPLINE_CURVE ( 3, ( #2376, #4225, #1925, #202 ),
 .UNSPECIFIED., .F., .T. ) 
 B_SPLINE_CURVE_WITH_KNOTS ( ( 4, 4 ),
 ( 1.570796326794904552, 3.141592653589806883 ),
 .UNSPECIFIED. ) 
 CURVE ( )  GEOMETRIC_REPRESENTATION_ITEM ( )  RATIONAL_B_SPLINE_CURVE ( ( 1.000000000000000000, 0.8047378541243636052, 0.8047378541243636052, 1.000000000000000000 ) ) 
 REPRESENTATION_ITEM ( '' )  );
#5340 = VERTEX_POINT ( 'NONE', #194 ) ;
#5341 = AXIS2_PLACEMENT_3D ( 'NONE', #4834, #305, #3540 ) ;
#5342 = CARTESIAN_POINT ( 'NONE',  ( 87.99142478397962464, 143.4912737967813143, 35.99142478397965306 ) ) ;
#5343 = DIRECTION ( 'NONE',  ( -0.0000000000000000000, 1.000000000000000000, -0.0000000000000000000 ) ) ;
#5344 = SURFACE_STYLE_USAGE ( .BOTH. , #3506 ) ;
#5345 = DIRECTION ( 'NONE',  ( -1.000000000000000000, -1.135460183479123882E-16, 1.981953122603399636E-18 ) ) ;
#5346 = CARTESIAN_POINT ( 'NONE',  ( 87.99999999999998579, 143.0000000000000000, 38.00000000000000711 ) ) ;
#5347 = AXIS2_PLACEMENT_3D ( 'NONE', #4948, #386, #2777 ) ;
#5348 = CARTESIAN_POINT ( 'NONE',  ( 36.99999999999998579, 152.9024887161588993, 30.32631361226702182 ) ) ;
#5349 = VERTEX_POINT ( 'NONE', #5744 ) ;
#5350 = VECTOR ( 'NONE', #4788, 1000.000000000000000 ) ;
#5351 = LINE ( 'NONE', #1740, #1391 ) ;
#5352 = ORIENTED_EDGE ( 'NONE', *, *, #5315, .F. ) ;
#5353 = CARTESIAN_POINT ( 'NONE',  ( 89.83842844513310411, 142.8733103523263992, 36.79643093939720444 ) ) ;
#5354 = VECTOR ( 'NONE', #2224, 1000.000000000000000 ) ;
#5355 = CYLINDRICAL_SURFACE ( 'NONE', #3923, 2.000000000000001776 ) ;
#5356 = ORIENTED_EDGE ( 'NONE', *, *, #5315, .T. ) ;
#5357 = EDGE_CURVE ( 'NONE', #2334, #4984, #3855, .T. ) ;
#5358 = SURFACE_STYLE_FILL_AREA ( #656 ) ;
#5359 = VERTEX_POINT ( 'NONE', #2497 ) ;
#5360 = LINE ( 'NONE', #3489, #1939 ) ;
#5361 = DIRECTION ( 'NONE',  ( 1.000000000000000000, 0.0000000000000000000, 0.0000000000000000000 ) ) ;
#5362 = AXIS2_PLACEMENT_3D ( 'NONE', #2568, #825, #2633 ) ;
#5363 = DIRECTION ( 'NONE',  ( -3.303156897393814177E-15, -1.000000000000000000, 7.626684604906029132E-32 ) ) ;
#5364 = PRODUCT_RELATED_PRODUCT_CATEGORY ( 'part', '', ( #1472 ) ) ;
#5365 = MANIFOLD_SOLID_BREP ( 'Extrude9', #3256 ) ;
#5366 = VERTEX_POINT ( 'NONE', #4040 ) ;
#5367 = DIRECTION ( 'NONE',  ( 1.000000000000000000, 0.0000000000000000000, -0.0000000000000000000 ) ) ;
#5368 = PRESENTATION_LAYER_ASSIGNMENT (  '', '', ( #2364 ) ) ;
#5369 =( NAMED_UNIT ( * ) PLANE_ANGLE_UNIT ( ) SI_UNIT ( $, .RADIAN. ) );
#5370 = CARTESIAN_POINT ( 'NONE',  ( -1.500000000000085931, 142.6858566841288791, 18.00274148718497003 ) ) ;
#5371 = ORIENTED_EDGE ( 'NONE', *, *, #1661, .F. ) ;
#5372 = FILL_AREA_STYLE ('',( #3529 ) ) ;
#5373 = CARTESIAN_POINT ( 'NONE',  ( 40.99999999999997868, 153.4999999999999716, 35.32537318669587734 ) ) ;
#5374 = VECTOR ( 'NONE', #2708, 1000.000000000000227 ) ;
#5375 = ADVANCED_FACE ( 'NONE', ( #1298 ), #5174, .F. ) ;
#5376 = CIRCLE ( 'NONE', #183, 2.000000000000001776 ) ;
#5377 = FACE_OUTER_BOUND ( 'NONE', #611, .T. ) ;
#5378 = DIRECTION ( 'NONE',  ( 0.0000000000000000000, -0.01745240643728354635, -0.9998476951563911586 ) ) ;
#5379 = SPHERICAL_SURFACE ( 'NONE', #2566, 2.000000000000000000 ) ;
#5380 = VECTOR ( 'NONE', #5578, 1000.000000000000000 ) ;
#5381 = EDGE_CURVE ( 'NONE', #5340, #1505, #1520, .T. ) ;
#5382 = VERTEX_POINT ( 'NONE', #5331 ) ;
#5383 = VECTOR ( 'NONE', #2338, 1000.000000000000000 ) ;
#5384 = AXIS2_PLACEMENT_3D ( 'NONE', #4244, #1028, #971 ) ;
#5385 = PLANE ( 'NONE',  #5538 ) ;
#5386 = ORIENTED_EDGE ( 'NONE', *, *, #3484, .T. ) ;
#5387 = CARTESIAN_POINT ( 'NONE',  ( 80.99999999999997158, 158.9999999999999716, 25.91264851713703621 ) ) ;
#5388 = AXIS2_PLACEMENT_3D ( 'NONE', #512, #2359, #1938 ) ;
#5389 = CARTESIAN_POINT ( 'NONE',  ( -65.16268659334794222, 153.4999999999999716, 18.16268659334788893 ) ) ;
#5390 = ORIENTED_EDGE ( 'NONE', *, *, #3987, .T. ) ;
#5391 = CARTESIAN_POINT ( 'NONE',  ( 89.99999999999998579, 135.4999999999999716, -37.99999999999999289 ) ) ;
#5392 = ORIENTED_EDGE ( 'NONE', *, *, #4893, .F. ) ;
#5393 = LINE ( 'NONE', #5828, #4260 ) ;
#5394 = CARTESIAN_POINT ( 'NONE',  ( -18.00000000000003553, 152.6930598389115232, 18.32814127039032215 ) ) ;
#5395 = DIRECTION ( 'NONE',  ( -1.000000000000000000, 3.303156897393814572E-15, -5.765681811209889739E-17 ) ) ;
#5396 = EDGE_CURVE ( 'NONE', #1358, #5691, #4447, .T. ) ;
#5397 = ORIENTED_EDGE ( 'NONE', *, *, #1684, .T. ) ;
#5398 = CARTESIAN_POINT ( 'NONE',  ( -65.16268659334794222, 153.4999999999999716, 33.16268659334788538 ) ) ;
#5399 = DIRECTION ( 'NONE',  ( -2.775557561562888827E-14, 0.0000000000000000000, -1.000000000000000000 ) ) ;
#5400 = DIRECTION ( 'NONE',  ( -0.0000000000000000000, -1.000000000000000000, -6.938893903907222461E-16 ) ) ;
#5401 = ORIENTED_EDGE ( 'NONE', *, *, #346, .F. ) ;
#5402 = CARTESIAN_POINT ( 'NONE',  ( -82.99999999999997158, 164.4999999999999716, 30.91264851713705752 ) ) ;
#5403 = CARTESIAN_POINT ( 'NONE',  ( -88.00000000000001421, 143.4912737967813428, -35.99142478397963885 ) ) ;
#5404 = DIRECTION ( 'NONE',  ( 0.0000000000000000000, 0.0000000000000000000, -1.000000000000000000 ) ) ;
#5405 = ADVANCED_FACE ( 'NONE', ( #376 ), #350, .T. ) ;
#5406 = CYLINDRICAL_SURFACE ( 'NONE', #276, 0.5000000000000004441 ) ;
#5407 = CARTESIAN_POINT ( 'NONE',  ( 47.19405962675101307, 153.4999999999999716, 26.16268659334789959 ) ) ;
#5408 = VERTEX_POINT ( 'NONE', #2207 ) ;
#5409 = AXIS2_PLACEMENT_3D ( 'NONE', #2341, #57, #5649 ) ;
#5410 = FACE_OUTER_BOUND ( 'NONE', #3301, .T. ) ;
#5411 = ORIENTED_EDGE ( 'NONE', *, *, #510, .F. ) ;
#5412 = EDGE_CURVE ( 'NONE', #895, #3047, #5835, .T. ) ;
#5413 = DIRECTION ( 'NONE',  ( -1.000000000000000000, 0.0000000000000000000, 0.0000000000000000000 ) ) ;
#5414 = EDGE_CURVE ( 'NONE', #1141, #4211, #3631, .T. ) ;
#5415 = VECTOR ( 'NONE', #641, 1000.000000000000114 ) ;
#5416 = CARTESIAN_POINT ( 'NONE',  ( 87.99999999999998579, 143.0000000000000000, 36.00000000000000711 ) ) ;
#5417 = ORIENTED_EDGE ( 'NONE', *, *, #119, .F. ) ;
#5418 = DIRECTION ( 'NONE',  ( 0.0000000000000000000, 0.0000000000000000000, 1.000000000000000000 ) ) ;
#5419 = EDGE_LOOP ( 'NONE', ( #775, #3480, #3032, #1489 ) ) ;
#5420 = CARTESIAN_POINT ( 'NONE',  ( 50.66268659334792801, 153.2999999999999545, 26.16268659334793867 ) ) ;
#5421 = AXIS2_PLACEMENT_3D ( 'NONE', #4854, #2927, #2468 ) ;
#5422 = FACE_OUTER_BOUND ( 'NONE', #5543, .T. ) ;
#5423 = DIRECTION ( 'NONE',  ( 0.0000000000000000000, -0.0000000000000000000, -1.000000000000000000 ) ) ;
#5424 = ORIENTED_EDGE ( 'NONE', *, *, #356, .T. ) ;
#5425 = PRESENTATION_LAYER_ASSIGNMENT (  '', '', ( #2627 ) ) ;
#5426 = VECTOR ( 'NONE', #4794, 1000.000000000000000 ) ;
#5427 = DIRECTION ( 'NONE',  ( 0.0000000000000000000, -0.0000000000000000000, -1.000000000000000000 ) ) ;
#5428 = CARTESIAN_POINT ( 'NONE',  ( -88.00000000000001421, 135.4999999999999716, 36.00000000000000711 ) ) ;
#5429 = CARTESIAN_POINT ( 'NONE',  ( 18.49999999999999645, 152.7890480743165540, 23.82730359375048224 ) ) ;
#5430 = ORIENTED_EDGE ( 'NONE', *, *, #5206, .T. ) ;
#5431 = DIRECTION ( 'NONE',  ( 5.382239850496761683E-17, 0.01745240643728340410, 0.9998476951563913806 ) ) ;
#5432 = ADVANCED_FACE ( 'NONE', ( #4469 ), #3050, .T. ) ;
#5433 = CARTESIAN_POINT ( 'NONE',  ( -90.00000000000001421, 142.6147197750311193, 36.22944092466290300 ) ) ;
#5434 = CARTESIAN_POINT ( 'NONE',  ( -18.50000000000004619, 142.7905711227526524, 24.00182765812327901 ) ) ;
#5435 = CARTESIAN_POINT ( 'NONE',  ( 40.99999999999997868, 153.4999999999999716, 35.81672181825371126 ) ) ;
#5436 = CARTESIAN_POINT ( 'NONE',  ( 82.99999999999997158, 164.4999999999999716, 20.91264851713701844 ) ) ;
#5437 = CARTESIAN_POINT ( 'NONE',  ( 88.46147821031637193, 142.7313571436679354, -37.96049060640907413 ) ) ;
#5438 = ORIENTED_EDGE ( 'NONE', *, *, #5637, .T. ) ;
#5439 = CARTESIAN_POINT ( 'NONE',  ( -95.90448750123042032, 153.4999999999999716, 26.16268659334844671 ) ) ;
#5440 = ORIENTED_EDGE ( 'NONE', *, *, #3194, .T. ) ;
#5441 = CARTESIAN_POINT ( 'NONE',  ( 87.81672181825732082, 153.5000000000291038, 15.86640219470738344 ) ) ;
#5442 = AXIS2_PLACEMENT_3D ( 'NONE', #4572, #4136, #1837 ) ;
#5443 = LINE ( 'NONE', #4055, #5266 ) ;
#5444 = VERTEX_POINT ( 'NONE', #1386 ) ;
#5445 = DIRECTION ( 'NONE',  ( 1.000000000000000000, 0.0000000000000000000, 1.200283680671789509E-14 ) ) ;
#5446 = EDGE_CURVE ( 'NONE', #3074, #5095, #2270, .T. ) ;
#5447 =( GEOMETRIC_REPRESENTATION_CONTEXT ( 3 ) GLOBAL_UNCERTAINTY_ASSIGNED_CONTEXT ( ( #3237 ) ) GLOBAL_UNIT_ASSIGNED_CONTEXT ( ( #2811, #3863, #1987 ) ) REPRESENTATION_CONTEXT ( 'NONE', 'WORKASPACE' ) );
#5448 = EDGE_CURVE ( 'NONE', #5480, #744, #5862, .T. ) ;
#5449 = DIRECTION ( 'NONE',  ( -0.0000000000000000000, 0.01745240643728373370, 0.9998476951563913806 ) ) ;
#5450 = CARTESIAN_POINT ( 'NONE',  ( -89.32287565553230024, 143.0000000000000000, -37.49999999999999289 ) ) ;
#5451 = AXIS2_PLACEMENT_3D ( 'NONE', #1442, #959, #1017 ) ;
#5452 = DIRECTION ( 'NONE',  ( 1.000000000000000000, 0.0000000000000000000, 1.200283680671789509E-14 ) ) ;
#5453 = EDGE_CURVE ( 'NONE', #3358, #2636, #4016, .T. ) ;
#5454 = ORIENTED_EDGE ( 'NONE', *, *, #654, .T. ) ;
#5455 =( GEOMETRIC_REPRESENTATION_CONTEXT ( 3 ) GLOBAL_UNCERTAINTY_ASSIGNED_CONTEXT ( ( #4981 ) ) GLOBAL_UNIT_ASSIGNED_CONTEXT ( ( #2964, #2838, #206 ) ) REPRESENTATION_CONTEXT ( 'NONE', 'WORKASPACE' ) );
#5456 = SURFACE_STYLE_USAGE ( .BOTH. , #3084 ) ;
#5457 = FACE_OUTER_BOUND ( 'NONE', #5285, .T. ) ;
#5458 = VERTEX_POINT ( 'NONE', #2362 ) ;
#5459 = CARTESIAN_POINT ( 'NONE',  ( 18.00000000000000711, 152.6930598389115232, 18.32814127039032215 ) ) ;
#5460 = VECTOR ( 'NONE', #3210, 1000.000000000000000 ) ;
#5461 = DIRECTION ( 'NONE',  ( -1.000000000000000000, -0.0000000000000000000, -0.0000000000000000000 ) ) ;
#5462 = SURFACE_SIDE_STYLE ('',( #440 ) ) ;
#5463 = VECTOR ( 'NONE', #5202, 1000.000000000000000 ) ;
#5464 = DIRECTION ( 'NONE',  ( -1.000000000000000000, 0.0000000000000000000, 0.0000000000000000000 ) ) ;
#5465 = CARTESIAN_POINT ( 'NONE',  ( -60.13429575874858557, 142.8952855613763404, 30.00091382906166260 ) ) ;
#5466 = EDGE_CURVE ( 'NONE', #1783, #529, #4568, .T. ) ;
#5467 = CIRCLE ( 'NONE', #1419, 4.000000000000007105 ) ;
#5468 = CARTESIAN_POINT ( 'NONE',  ( -40.54941493834483168, 153.7457385515209012, 35.81243243588087211 ) ) ;
#5469 = ORIENTED_EDGE ( 'NONE', *, *, #759, .T. ) ;
#5470 = UNCERTAINTY_MEASURE_WITH_UNIT (LENGTH_MEASURE( 1.000000000000000082E-05 ), #1193, 'distance_accuracy_value', 'NONE');
#5471 = CARTESIAN_POINT ( 'NONE',  ( 40.49999999999997868, 153.9999999999999716, 36.00000000000001421 ) ) ;
#5472 = ORIENTED_EDGE ( 'NONE', *, *, #2371, .F. ) ;
#5473 = CARTESIAN_POINT ( 'NONE',  ( 87.81243243588266978, 153.7457385515170927, 15.54941493834498090 ) ) ;
#5474 = AXIS2_PLACEMENT_3D ( 'NONE', #5194, #743, #1199 ) ;
#5475 = EDGE_CURVE ( 'NONE', #2849, #242, #2767, .T. ) ;
#5476 = CARTESIAN_POINT ( 'NONE',  ( 50.66268659334789959, 153.2999999999999545, 25.66268659334794933 ) ) ;
#5477 = VECTOR ( 'NONE', #1751, 1000.000000000000114 ) ;
#5478 = ORIENTED_EDGE ( 'NONE', *, *, #4494, .F. ) ;
#5479 =( GEOMETRIC_REPRESENTATION_CONTEXT ( 3 ) GLOBAL_UNCERTAINTY_ASSIGNED_CONTEXT ( ( #4255 ) ) GLOBAL_UNIT_ASSIGNED_CONTEXT ( ( #2212, #3313, #2921 ) ) REPRESENTATION_CONTEXT ( 'NONE', 'WORKASPACE' ) );
#5480 = VERTEX_POINT ( 'NONE', #5135 ) ;
#5481 = CARTESIAN_POINT ( 'NONE',  ( -87.08972981016493975, 166.9999999999999716, -35.08972981016491843 ) ) ;
#5482 = VERTEX_POINT ( 'NONE', #5491 ) ;
#5483 = CARTESIAN_POINT ( 'NONE',  ( 87.99999999999998579, 143.0000000000000000, 15.00000000000000355 ) ) ;
#5484 = CIRCLE ( 'NONE', #4796, 0.5000000000000004441 ) ;
#5485 = EDGE_CURVE ( 'NONE', #2466, #4358, #5546, .T. ) ;
#5486 = ORIENTED_EDGE ( 'NONE', *, *, #3017, .F. ) ;
#5487 = STYLED_ITEM ( 'NONE', ( #2215 ), #3607 ) ;
#5488 = EDGE_LOOP ( 'NONE', ( #474, #2679, #4141, #1693 ) ) ;
#5489 = VECTOR ( 'NONE', #4180, 1000.000000000000000 ) ;
#5490 = DIRECTION ( 'NONE',  ( -1.850371707708594070E-16, 0.0000000000000000000, 1.000000000000000000 ) ) ;
#5491 = CARTESIAN_POINT ( 'NONE',  ( -37.50000000000004263, 152.9024887161588993, 30.32631361226694722 ) ) ;
#5492 = CARTESIAN_POINT ( 'NONE',  ( -95.90448750123042032, 153.4999999999999716, 25.16268659334835434 ) ) ;
#5493 = ORIENTED_EDGE ( 'NONE', *, *, #2337, .F. ) ;
#5494 = CARTESIAN_POINT ( 'NONE',  ( 89.99999999999998579, 142.5000000000000000, 36.00000000000000711 ) ) ;
#5495 = APPLICATION_CONTEXT ( 'automotive_design' ) ;
#5496 = EDGE_CURVE ( 'NONE', #1501, #3128, #3283, .T. ) ;
#5497 = ADVANCED_FACE ( 'NONE', ( #1412 ), #543, .F. ) ;
#5498 = AXIS2_PLACEMENT_3D ( 'NONE', #157, #1883, #4709 ) ;
#5499 = FACE_OUTER_BOUND ( 'NONE', #3401, .T. ) ;
#5500 = DIRECTION ( 'NONE',  ( 1.000000000000000000, -0.0000000000000000000, -1.095614826932720471E-16 ) ) ;
#5501 = CARTESIAN_POINT ( 'NONE',  ( -95.90448750123042032, 153.2999999999999545, 25.66268659334794933 ) ) ;
#5502 = SURFACE_STYLE_FILL_AREA ( #442 ) ;
#5503 = SPHERICAL_SURFACE ( 'NONE', #2457, 0.5000000000000000000 ) ;
#5504 = CARTESIAN_POINT ( 'NONE',  ( -40.73746530869787819, 153.0087262032841977, 35.82529703427292134 ) ) ;
#5505 = ORIENTED_EDGE ( 'NONE', *, *, #1735, .F. ) ;
#5506 = EDGE_CURVE ( 'NONE', #5102, #3611, #4557, .T. ) ;
#5507 = CARTESIAN_POINT ( 'NONE',  ( 87.99999999999998579, 135.4999999999999716, 38.00000000000000711 ) ) ;
#5508 = VERTEX_POINT ( 'NONE', #433 ) ;
#5509 = CARTESIAN_POINT ( 'NONE',  ( 87.32537318669584181, 153.4999999999999716, 16.00000000000000000 ) ) ;
#5510 = CARTESIAN_POINT ( 'NONE',  ( 37.13907163471125017, 143.0000000000000000, 36.00000000000001421 ) ) ;
#5511 = ORIENTED_EDGE ( 'NONE', *, *, #5898, .T. ) ;
#5512 = CARTESIAN_POINT ( 'NONE',  ( -89.32287565553230024, 136.9999999999999716, 37.50000000000000711 ) ) ;
#5513 = ORIENTED_EDGE ( 'NONE', *, *, #526, .T. ) ;
#5514 = EDGE_CURVE ( 'NONE', #4810, #2436, #5054, .T. ) ;
#5515 = CARTESIAN_POINT ( 'NONE',  ( -90.00000000000001421, 143.0000000000000000, 38.00000000000000711 ) ) ;
#5516 = ORIENTED_EDGE ( 'NONE', *, *, #3660, .T. ) ;
#5517 = CYLINDRICAL_SURFACE ( 'NONE', #1984, 0.5000000000000004441 ) ;
#5518 = CARTESIAN_POINT ( 'NONE',  ( 38.00000000000002842, 143.0000000000000000, 36.49134863155784814 ) ) ;
#5519 = VERTEX_POINT ( 'NONE', #5024 ) ;
#5520 = ORIENTED_EDGE ( 'NONE', *, *, #2263, .T. ) ;
#5521 = EDGE_CURVE ( 'NONE', #786, #445, #752, .T. ) ;
#5522 = DIRECTION ( 'NONE',  ( -1.000000000000000000, 0.0000000000000000000, 0.0000000000000000000 ) ) ;
#5523 = AXIS2_PLACEMENT_3D ( 'NONE', #5705, #3879, #4812 ) ;
#5524 = ADVANCED_FACE ( 'NONE', ( #2826 ), #2237, .T. ) ;
#5525 = EDGE_CURVE ( 'NONE', #5095, #3538, #4152, .T. ) ;
#5526 = DIRECTION ( 'NONE',  ( 0.0000000000000000000, -1.000000000000000000, 6.938893903907223447E-16 ) ) ;
#5527 = CARTESIAN_POINT ( 'NONE',  ( -82.99999999999997158, 164.4999999999999716, 20.91264851713701844 ) ) ;
#5528 = CARTESIAN_POINT ( 'NONE',  ( 51.66268659334789959, 153.2999999999999545, 26.16268659334794577 ) ) ;
#5529 = LINE ( 'NONE', #3098, #3766 ) ;
#5530 = ORIENTED_EDGE ( 'NONE', *, *, #4336, .T. ) ;
#5531 = UNCERTAINTY_MEASURE_WITH_UNIT (LENGTH_MEASURE( 1.000000000000000082E-05 ), #5224, 'distance_accuracy_value', 'NONE');
#5532 = ORIENTED_EDGE ( 'NONE', *, *, #1503, .T. ) ;
#5533 = CARTESIAN_POINT ( 'NONE',  ( -89.22530312688788001, 143.0000000000000000, -37.58605088186162391 ) ) ;
#5534 =( BOUNDED_CURVE ( )  B_SPLINE_CURVE ( 3, ( #5130, #3588, #4450, #1379 ),
 .UNSPECIFIED., .F., .T. ) 
 B_SPLINE_CURVE_WITH_KNOTS ( ( 4, 4 ),
 ( 4.712388980384655035, 6.283185307179551593 ),
 .UNSPECIFIED. ) 
 CURVE ( )  GEOMETRIC_REPRESENTATION_ITEM ( )  RATIONAL_B_SPLINE_CURVE ( ( 1.000000000000000000, 0.8047378541243568328, 0.8047378541243568328, 1.000000000000000000 ) ) 
 REPRESENTATION_ITEM ( '' )  );
#5535 = DIRECTION ( 'NONE',  ( -1.000000000000000000, 0.0000000000000000000, 0.0000000000000000000 ) ) ;
#5536 = ORIENTED_EDGE ( 'NONE', *, *, #3137, .T. ) ;
#5537 = ORIENTED_EDGE ( 'NONE', *, *, #3563, .T. ) ;
#5538 = AXIS2_PLACEMENT_3D ( 'NONE', #1222, #831, #3068 ) ;
#5539 = CARTESIAN_POINT ( 'NONE',  ( -87.58107844172279499, 166.4999999999999716, 15.49999999999993427 ) ) ;
#5540 = ORIENTED_EDGE ( 'NONE', *, *, #5525, .T. ) ;
#5541 = CARTESIAN_POINT ( 'NONE',  ( 87.99999999999998579, 2.000000000000000888, -35.99999999999999289 ) ) ;
#5542 = EDGE_CURVE ( 'NONE', #1783, #5941, #3253, .T. ) ;
#5543 = EDGE_LOOP ( 'NONE', ( #4203, #4360, #5505, #126 ) ) ;
#5544 = ORIENTED_EDGE ( 'NONE', *, *, #4775, .F. ) ;
#5545 = CARTESIAN_POINT ( 'NONE',  ( 37.15672293339796539, 143.0001222655022275, 36.00700458593129838 ) ) ;
#5546 = LINE ( 'NONE', #1450, #2159 ) ;
#5547 = AXIS2_PLACEMENT_3D ( 'NONE', #5193, #1080, #245 ) ;
#5548 = DIRECTION ( 'NONE',  ( 0.0000000000000000000, -0.0000000000000000000, 1.000000000000000000 ) ) ;
#5549 = ADVANCED_FACE ( 'NONE', ( #967 ), #100, .F. ) ;
#5550 = EDGE_LOOP ( 'NONE', ( #5663, #2389, #4144, #1504 ) ) ;
#5551 = DIRECTION ( 'NONE',  ( -1.000000000000000000, 0.0000000000000000000, 0.0000000000000000000 ) ) ;
#5552 = STYLED_ITEM ( 'NONE', ( #4413 ), #4571 ) ;
#5553 = CARTESIAN_POINT ( 'NONE',  ( -85.16268659334794222, 153.5999999999999659, 18.16268659334786761 ) ) ;
#5554 = FACE_OUTER_BOUND ( 'NONE', #4422, .T. ) ;
#5555 = LINE ( 'NONE', #635, #4034 ) ;
#5556 = AXIS2_PLACEMENT_3D ( 'NONE', #4454, #5755, #5816 ) ;
#5557 =( GEOMETRIC_REPRESENTATION_CONTEXT ( 3 ) GLOBAL_UNCERTAINTY_ASSIGNED_CONTEXT ( ( #1894 ) ) GLOBAL_UNIT_ASSIGNED_CONTEXT ( ( #3169, #3557, #1270 ) ) REPRESENTATION_CONTEXT ( 'NONE', 'WORKASPACE' ) );
#5558 = VERTEX_POINT ( 'NONE', #3725 ) ;
#5559 = CARTESIAN_POINT ( 'NONE',  ( 89.99999999999998579, 136.9999999999999716, 36.00000000000000711 ) ) ;
#5560 = FILL_AREA_STYLE ('',( #3711 ) ) ;
#5561 = ORIENTED_EDGE ( 'NONE', *, *, #730, .F. ) ;
#5562 = CARTESIAN_POINT ( 'NONE',  ( 87.31250068185356383, 153.8687326543487188, 15.50000000000000355 ) ) ;
#5563 = ORIENTED_EDGE ( 'NONE', *, *, #2917, .F. ) ;
#5564 = LINE ( 'NONE', #4232, #5090 ) ;
#5565 = ORIENTED_EDGE ( 'NONE', *, *, #2828, .F. ) ;
#5566 =( NAMED_UNIT ( * ) SI_UNIT ( $, .STERADIAN. ) SOLID_ANGLE_UNIT ( ) );
#5567 = VERTEX_POINT ( 'NONE', #2330 ) ;
#5568 = DIRECTION ( 'NONE',  ( 0.0000000000000000000, -0.0000000000000000000, -1.000000000000000000 ) ) ;
#5569 = ORIENTED_EDGE ( 'NONE', *, *, #3194, .F. ) ;
#5570 = CARTESIAN_POINT ( 'NONE',  ( 1.500000000000000222, 163.6863135986597229, 17.63617714821959126 ) ) ;
#5571 = VECTOR ( 'NONE', #2862, 1000.000000000000000 ) ;
#5572 = CARTESIAN_POINT ( 'NONE',  ( 36.99999999999999289, 152.8850363097216132, 29.32646591711063166 ) ) ;
#5573 = EDGE_CURVE ( 'NONE', #200, #4009, #71, .T. ) ;
#5574 = VECTOR ( 'NONE', #5834, 1000.000000000000114 ) ;
#5575 = LINE ( 'NONE', #3340, #1647 ) ;
#5576 = EDGE_LOOP ( 'NONE', ( #3892, #1190, #1015, #1012 ) ) ;
#5577 = VECTOR ( 'NONE', #5954, 1000.000000000000000 ) ;
#5578 = DIRECTION ( 'NONE',  ( 0.0000000000000000000, 0.0000000000000000000, -1.000000000000000000 ) ) ;
#5579 = EDGE_CURVE ( 'NONE', #5223, #4882, #421, .T. ) ;
#5580 = FACE_OUTER_BOUND ( 'NONE', #2271, .T. ) ;
#5581 = DIRECTION ( 'NONE',  ( 0.0000000000000000000, -0.9998476951563911586, 0.01745240643728340063 ) ) ;
#5582 = FACE_OUTER_BOUND ( 'NONE', #5312, .T. ) ;
#5583 = FACE_OUTER_BOUND ( 'NONE', #5488, .T. ) ;
#5584 = VECTOR ( 'NONE', #1699, 1000.000000000000000 ) ;
#5585 = CARTESIAN_POINT ( 'NONE',  ( -90.00000000000001421, 135.4999999999999716, 38.00000000000000711 ) ) ;
#5586 = ORIENTED_EDGE ( 'NONE', *, *, #3796, .T. ) ;
#5587 = UNCERTAINTY_MEASURE_WITH_UNIT (LENGTH_MEASURE( 1.000000000000000082E-05 ), #898, 'distance_accuracy_value', 'NONE');
#5588 = EDGE_CURVE ( 'NONE', #2265, #2101, #597, .T. ) ;
#5589 = LINE ( 'NONE', #4627, #3404 ) ;
#5590 = DIRECTION ( 'NONE',  ( 1.000000000000000000, 0.0000000000000000000, 0.0000000000000000000 ) ) ;
#5591 = ORIENTED_EDGE ( 'NONE', *, *, #3675, .T. ) ;
#5592 = DIRECTION ( 'NONE',  ( 0.0000000000000000000, 0.0000000000000000000, -1.000000000000000000 ) ) ;
#5593 = ORIENTED_EDGE ( 'NONE', *, *, #1627, .F. ) ;
#5594 = DIRECTION ( 'NONE',  ( 0.0000000000000000000, -0.0000000000000000000, 1.000000000000000000 ) ) ;
#5595 = ORIENTED_EDGE ( 'NONE', *, *, #154, .F. ) ;
#5596 = EDGE_CURVE ( 'NONE', #3142, #1563, #5467, .T. ) ;
#5597 = EDGE_CURVE ( 'NONE', #1766, #5092, #3406, .T. ) ;
#5598 =( LENGTH_UNIT ( ) NAMED_UNIT ( * ) SI_UNIT ( .MILLI., .METRE. ) );
#5599 = ORIENTED_EDGE ( 'NONE', *, *, #2217, .F. ) ;
#5600 = DIRECTION ( 'NONE',  ( 0.0000000000000000000, 0.0000000000000000000, -1.000000000000000000 ) ) ;
#5601 = ORIENTED_EDGE ( 'NONE', *, *, #4061, .F. ) ;
#5602 = LINE ( 'NONE', #1474, #1160 ) ;
#5603 = CARTESIAN_POINT ( 'NONE',  ( 51.16268659334791380, 153.2999999999999545, 25.66268659334794222 ) ) ;
#5604 = FACE_OUTER_BOUND ( 'NONE', #2203, .T. ) ;
#5605 = VERTEX_POINT ( 'NONE', #2946 ) ;
#5606 = CIRCLE ( 'NONE', #332, 5.999999999999999112 ) ;
#5607 = DIRECTION ( 'NONE',  ( -1.000000000000000000, 0.0000000000000000000, 0.0000000000000000000 ) ) ;
#5608 = DIRECTION ( 'NONE',  ( -0.0000000000000000000, -1.000000000000000000, -0.0000000000000000000 ) ) ;
#5609 = AXIS2_PLACEMENT_3D ( 'NONE', #5167, #5671, #2884 ) ;
#5610 = SURFACE_STYLE_FILL_AREA ( #4277 ) ;
#5611 = AXIS2_PLACEMENT_3D ( 'NONE', #5093, #115, #1461 ) ;
#5612 = CARTESIAN_POINT ( 'NONE',  ( 80.99999999999997158, 153.4999999999999716, 19.91264851713703266 ) ) ;
#5613 = ADVANCED_FACE ( 'NONE', ( #1943 ), #3880, .F. ) ;
#5614 = AXIS2_PLACEMENT_3D ( 'NONE', #4088, #2264, #4111 ) ;
#5615 = SURFACE_STYLE_USAGE ( .BOTH. , #113 ) ;
#5616 = VERTEX_POINT ( 'NONE', #4672 ) ;
#5617 = CARTESIAN_POINT ( 'NONE',  ( -60.13429575874858557, 153.6929075340678992, 18.31068886395303963 ) ) ;
#5618 = LINE ( 'NONE', #584, #723 ) ;
#5619 = ORIENTED_EDGE ( 'NONE', *, *, #2512, .F. ) ;
#5620 = VECTOR ( 'NONE', #3914, 1000.000000000000000 ) ;
#5621 = ADVANCED_FACE ( 'NONE', ( #4272 ), #5672, .T. ) ;
#5622 = ORIENTED_EDGE ( 'NONE', *, *, #4686, .F. ) ;
#5623 = CARTESIAN_POINT ( 'NONE',  ( -47.19405962675103439, 153.4999999999999716, 26.16268659334786406 ) ) ;
#5624 = ORIENTED_EDGE ( 'NONE', *, *, #3752, .T. ) ;
#5625 = DIRECTION ( 'NONE',  ( -1.000000000000000000, 0.0000000000000000000, 1.000236400559824643E-14 ) ) ;
#5626 = ORIENTED_EDGE ( 'NONE', *, *, #5173, .T. ) ;
#5627 = CARTESIAN_POINT ( 'NONE',  ( 87.99999999999998579, 136.9999999999999716, -35.99999999999999289 ) ) ;
#5628 = B_SPLINE_CURVE_WITH_KNOTS ( 'NONE', 3,
 ( #1782, #1365, #5437, #2283, #858, #4480, #2190, #4924 ),
 .UNSPECIFIED., .F., .F.,
 ( 4, 2, 2, 4 ),
 ( -8.944286221983815168E-06, 0.0007612254436492390131, 0.001146310308584850592, 0.001531395173520461953 ),
 .UNSPECIFIED. ) ;
#5629 = EDGE_CURVE ( 'NONE', #2233, #902, #1889, .T. ) ;
#5630 = ADVANCED_FACE ( 'NONE', ( #2916 ), #3466, .F. ) ;
#5631 = ORIENTED_EDGE ( 'NONE', *, *, #2004, .F. ) ;
#5632 = ORIENTED_EDGE ( 'NONE', *, *, #5466, .T. ) ;
#5633 = CARTESIAN_POINT ( 'NONE',  ( 47.19405962675103439, 153.4999999999999716, 25.16268659334789604 ) ) ;
#5634 = CARTESIAN_POINT ( 'NONE',  ( -40.50000000000000711, 153.9999999999999716, 35.30791812176764921 ) ) ;
#5635 = DIRECTION ( 'NONE',  ( 0.0000000000000000000, -1.000000000000000000, 6.938893903907222067E-15 ) ) ;
#5636 = CIRCLE ( 'NONE', #4643, 2.000000000000001776 ) ;
#5637 = EDGE_CURVE ( 'NONE', #5046, #1440, #4475, .T. ) ;
#5638 = VERTEX_POINT ( 'NONE', #5800 ) ;
#5639 = DIRECTION ( 'NONE',  ( -1.135633145907808066E-16, 0.9998476951563911586, -0.01745240643728354635 ) ) ;
#5640 =( BOUNDED_CURVE ( )  B_SPLINE_CURVE ( 3, ( #2369, #577, #1033, #974 ),
 .UNSPECIFIED., .F., .T. ) 
 B_SPLINE_CURVE_WITH_KNOTS ( ( 4, 4 ),
 ( 4.712388980384689674, 6.265732014659624483 ),
 .UNSPECIFIED. ) 
 CURVE ( )  GEOMETRIC_REPRESENTATION_ITEM ( )  RATIONAL_B_SPLINE_CURVE ( ( 1.000000000000000000, 0.8088336327694586325, 0.8088336327694586325, 1.000000000000000000 ) ) 
 REPRESENTATION_ITEM ( '' )  );
#5641 = COLOUR_RGB ( '',0.0000000000000000000, 0.0000000000000000000, 0.0000000000000000000 ) ;
#5642 = DIRECTION ( 'NONE',  ( 0.0000000000000000000, 0.0000000000000000000, 1.000000000000000000 ) ) ;
#5643 = CARTESIAN_POINT ( 'NONE',  ( -88.20249266419003220, 143.0000000000000000, 36.20249266419000378 ) ) ;
#5644 = LINE ( 'NONE', #1515, #1211 ) ;
#5645 = DIRECTION ( 'NONE',  ( 0.0000000000000000000, 0.0000000000000000000, 1.000000000000000000 ) ) ;
#5646 = FACE_OUTER_BOUND ( 'NONE', #155, .T. ) ;
#5647 = DIRECTION ( 'NONE',  ( -0.0000000000000000000, -1.000000000000000000, 0.0000000000000000000 ) ) ;
#5648 = ORIENTED_EDGE ( 'NONE', *, *, #3745, .T. ) ;
#5649 = DIRECTION ( 'NONE',  ( 0.0000000000000000000, -1.000000000000000000, 0.0000000000000000000 ) ) ;
#5650 = EDGE_LOOP ( 'NONE', ( #5767, #3719, #4288, #731, #2394 ) ) ;
#5651 = UNCERTAINTY_MEASURE_WITH_UNIT (LENGTH_MEASURE( 1.000000000000000082E-05 ), #3350, 'distance_accuracy_value', 'NONE');
#5652 = CARTESIAN_POINT ( 'NONE',  ( 51.16268659334791380, 153.4999999999999716, 25.66268659334794222 ) ) ;
#5653 = DIRECTION ( 'NONE',  ( -1.000000000000000000, 0.0000000000000000000, 0.0000000000000000000 ) ) ;
#5654 = ORIENTED_EDGE ( 'NONE', *, *, #4790, .T. ) ;
#5655 = DIRECTION ( 'NONE',  ( -1.100260040615809048E-14, 0.0000000000000000000, 1.000000000000000000 ) ) ;
#5656 = EDGE_CURVE ( 'NONE', #5127, #2816, #716, .T. ) ;
#5657 = PLANE ( 'NONE',  #3434 ) ;
#5658 = AXIS2_PLACEMENT_3D ( 'NONE', #4179, #1826, #3201 ) ;
#5659 = EDGE_LOOP ( 'NONE', ( #1956, #3486 ) ) ;
#5660 = DIRECTION ( 'NONE',  ( 0.0000000000000000000, 0.0000000000000000000, 1.000000000000000000 ) ) ;
#5661 = ORIENTED_EDGE ( 'NONE', *, *, #5588, .T. ) ;
#5662 = CARTESIAN_POINT ( 'NONE',  ( -80.99999999999997158, 158.9999999999999716, 25.91264851713703621 ) ) ;
#5663 = ORIENTED_EDGE ( 'NONE', *, *, #2004, .T. ) ;
#5664 = EDGE_CURVE ( 'NONE', #1930, #651, #5888, .T. ) ;
#5665 = DIRECTION ( 'NONE',  ( -0.0000000000000000000, 0.9998476951563909365, -0.01745240643730164992 ) ) ;
#5666 = CIRCLE ( 'NONE', #4665, 1.000000000000000888 ) ;
#5667 = CYLINDRICAL_SURFACE ( 'NONE', #4487, 0.5000000000000004441 ) ;
#5668 = DIRECTION ( 'NONE',  ( 0.0000000000000000000, 0.0000000000000000000, 1.000000000000000000 ) ) ;
#5669 = VECTOR ( 'NONE', #5197, 1000.000000000000000 ) ;
#5670 = VERTEX_POINT ( 'NONE', #3940 ) ;
#5671 = DIRECTION ( 'NONE',  ( 1.000000000000000000, 0.0000000000000000000, 0.0000000000000000000 ) ) ;
#5672 = PLANE ( 'NONE',  #3347 ) ;
#5673 = ADVANCED_FACE ( 'NONE', ( #3139 ), #3521, .T. ) ;
#5674 = DIRECTION ( 'NONE',  ( 1.000000000000000000, 0.0000000000000000000, 0.0000000000000000000 ) ) ;
#5675 = VECTOR ( 'NONE', #2052, 1000.000000000000114 ) ;
#5676 = ORIENTED_EDGE ( 'NONE', *, *, #882, .T. ) ;
#5677 = LINE ( 'NONE', #3384, #2690 ) ;
#5678 = CARTESIAN_POINT ( 'NONE',  ( -1.500000000000085931, 142.9912737967813712, 35.50007615242180492 ) ) ;
#5679 = DIRECTION ( 'NONE',  ( -1.000000000000000000, 0.0000000000000000000, 0.0000000000000000000 ) ) ;
#5680 = EDGE_CURVE ( 'NONE', #457, #423, #4782, .T. ) ;
#5681 = EDGE_CURVE ( 'NONE', #2909, #620, #3076, .T. ) ;
#5682 = DIRECTION ( 'NONE',  ( 0.0000000000000000000, 0.0000000000000000000, -1.000000000000000000 ) ) ;
#5683 = CARTESIAN_POINT ( 'NONE',  ( 87.99646601572399618, 143.2024618235764137, 35.99646601572400328 ) ) ;
#5684 = VECTOR ( 'NONE', #3882, 1000.000000000000000 ) ;
#5685 = PRESENTATION_STYLE_ASSIGNMENT (( #167 ) ) ;
#5686 = EDGE_LOOP ( 'NONE', ( #5195, #4463, #5472, #569 ) ) ;
#5687 = EDGE_LOOP ( 'NONE', ( #2960, #3248, #2984, #3244 ) ) ;
#5688 = CIRCLE ( 'NONE', #5006, 0.5000000000000004441 ) ;
#5689 = VECTOR ( 'NONE', #340, 1000.000000000000000 ) ;
#5690 = CARTESIAN_POINT ( 'NONE',  ( 87.50007615242178360, 142.9912737967813428, 15.00000000000000355 ) ) ;
#5691 = VERTEX_POINT ( 'NONE', #3044 ) ;
#5692 = SURFACE_SIDE_STYLE ('',( #297 ) ) ;
#5693 = PLANE ( 'NONE',  #270 ) ;
#5694 = ORIENTED_EDGE ( 'NONE', *, *, #2687, .F. ) ;
#5695 = EDGE_CURVE ( 'NONE', #4150, #1691, #840, .T. ) ;
#5696 = DIRECTION ( 'NONE',  ( 1.000000000000000000, 0.0000000000000000000, 0.0000000000000000000 ) ) ;
#5697 = EDGE_LOOP ( 'NONE', ( #531, #2514, #4265, #4261 ) ) ;
#5698 = CARTESIAN_POINT ( 'NONE',  ( -1.000000000000021316, 164.5003807621090459, 35.62470945781598886 ) ) ;
#5699 = EDGE_LOOP ( 'NONE', ( #1662, #780, #2261, #3606 ) ) ;
#5700 = DIRECTION ( 'NONE',  ( -0.0000000000000000000, -1.000000000000000000, 0.0000000000000000000 ) ) ;
#5701 = DIRECTION ( 'NONE',  ( -0.0000000000000000000, -0.0000000000000000000, -1.000000000000000000 ) ) ;
#5702 = EDGE_CURVE ( 'NONE', #5314, #4155, #3295, .T. ) ;
#5703 = CARTESIAN_POINT ( 'NONE',  ( -87.81672181825736345, 153.5000000000218279, 15.86640219470653257 ) ) ;
#5704 = ORIENTED_EDGE ( 'NONE', *, *, #3694, .F. ) ;
#5705 = CARTESIAN_POINT ( 'NONE',  ( -87.99999999999998579, 153.4999999999999716, 15.49999999999993427 ) ) ;
#5706 = CARTESIAN_POINT ( 'NONE',  ( -1.500000000000021316, 164.4916545588903887, 35.12478561023779378 ) ) ;
#5707 = AXIS2_PLACEMENT_3D ( 'NONE', #4352, #2047, #774 ) ;
#5708 = ORIENTED_EDGE ( 'NONE', *, *, #5506, .F. ) ;
#5709 = ADVANCED_FACE ( 'NONE', ( #5422 ), #4978, .F. ) ;
#5710 = DIRECTION ( 'NONE',  ( -1.000000000000000000, 0.0000000000000000000, -0.0000000000000000000 ) ) ;
#5711 = DIRECTION ( 'NONE',  ( 1.000000000000000000, 0.0000000000000000000, -0.0000000000000000000 ) ) ;
#5712 = DIRECTION ( 'NONE',  ( -0.0000000000000000000, 1.000000000000000000, -0.0000000000000000000 ) ) ;
#5713 = CARTESIAN_POINT ( 'NONE',  ( 88.90603047479993393, 142.9152849476968754, 37.78742568475040287 ) ) ;
#5714 = DIRECTION ( 'NONE',  ( 0.0000000000000000000, 0.0000000000000000000, 1.000000000000000000 ) ) ;
#5715 = SURFACE_SIDE_STYLE ('',( #608 ) ) ;
#5716 = MECHANICAL_DESIGN_GEOMETRIC_PRESENTATION_REPRESENTATION (  '', ( #4927 ), #3209 ) ;
#5717 = ADVANCED_FACE ( 'NONE', ( #5858 ), #4496, .T. ) ;
#5718 = PLANE ( 'NONE',  #4492 ) ;
#5719 = EDGE_CURVE ( 'NONE', #1069, #5180, #468, .T. ) ;
#5720 = ORIENTED_EDGE ( 'NONE', *, *, #415, .T. ) ;
#5721 = DIRECTION ( 'NONE',  ( 0.0000000000000000000, 0.0000000000000000000, 1.000000000000000000 ) ) ;
#5722 = VECTOR ( 'NONE', #1116, 1000.000000000000000 ) ;
#5723 = ORIENTED_EDGE ( 'NONE', *, *, #1844, .F. ) ;
#5724 = AXIS2_PLACEMENT_3D ( 'NONE', #5617, #1070, #527 ) ;
#5725 = CARTESIAN_POINT ( 'NONE',  ( -40.99999999999999289, 153.9999999999999716, 15.99999999999997691 ) ) ;
#5726 = LINE ( 'NONE', #5277, #1346 ) ;
#5727 = CARTESIAN_POINT ( 'NONE',  ( -89.50000000000000000, 136.9999999999999716, -37.49999999999999289 ) ) ;
#5728 = CIRCLE ( 'NONE', #3876, 0.5000000000000004441 ) ;
#5729 = AXIS2_PLACEMENT_3D ( 'NONE', #5725, #295, #2603 ) ;
#5730 = DIRECTION ( 'NONE',  ( -0.0000000000000000000, -1.000000000000000000, -0.0000000000000000000 ) ) ;
#5731 = ORIENTED_EDGE ( 'NONE', *, *, #19, .T. ) ;
#5732 = DIRECTION ( 'NONE',  ( 1.000000000000000000, 0.0000000000000000000, 1.200283680671789509E-14 ) ) ;
#5733 = EDGE_LOOP ( 'NONE', ( #4825, #1300, #4839, #3948, #1762, #4877, #897, #3977, #4416 ) ) ;
#5734 = CARTESIAN_POINT ( 'NONE',  ( 37.86793625591838008, 143.4912737967929672, 35.99142478397945411 ) ) ;
#5735 = CARTESIAN_POINT ( 'NONE',  ( 89.99999999999998579, 142.6147197750311193, -36.22944092466288879 ) ) ;
#5736 = VERTEX_POINT ( 'NONE', #1267 ) ;
#5737 = FACE_OUTER_BOUND ( 'NONE', #5071, .T. ) ;
#5738 =( LENGTH_UNIT ( ) NAMED_UNIT ( * ) SI_UNIT ( .MILLI., .METRE. ) );
#5739 = FACE_OUTER_BOUND ( 'NONE', #3072, .T. ) ;
#5740 = ADVANCED_FACE ( 'NONE', ( #2200 ), #3110, .T. ) ;
#5741 = ORIENTED_EDGE ( 'NONE', *, *, #4368, .T. ) ;
#5742 = DIRECTION ( 'NONE',  ( 0.0000000000000000000, -0.0000000000000000000, 1.000000000000000000 ) ) ;
#5743 =( BOUNDED_CURVE ( )  B_SPLINE_CURVE ( 3, ( #5324, #2553, #3464, #343 ),
 .UNSPECIFIED., .F., .T. ) 
 B_SPLINE_CURVE_WITH_KNOTS ( ( 4, 4 ),
 ( 4.712388980384689674, 6.265732014659569415 ),
 .UNSPECIFIED. ) 
 CURVE ( )  GEOMETRIC_REPRESENTATION_ITEM ( )  RATIONAL_B_SPLINE_CURVE ( ( 1.000000000000000000, 0.8088336327694715111, 0.8088336327694715111, 1.000000000000000000 ) ) 
 REPRESENTATION_ITEM ( '' )  );
#5744 = CARTESIAN_POINT ( 'NONE',  ( 51.66268659334789959, 153.4999999999999716, 25.16268659334794222 ) ) ;
#5745 = DIRECTION ( 'NONE',  ( 0.0000000000000000000, 0.0000000000000000000, -1.000000000000000000 ) ) ;
#5746 = AXIS2_PLACEMENT_3D ( 'NONE', #3991, #1658, #3002 ) ;
#5747 = CARTESIAN_POINT ( 'NONE',  ( 87.99999999999998579, 142.5000000000000000, 38.00000000000000711 ) ) ;
#5748 = DIRECTION ( 'NONE',  ( 2.775557561562888827E-14, 0.0000000000000000000, -1.000000000000000000 ) ) ;
#5749 = ORIENTED_EDGE ( 'NONE', *, *, #5796, .F. ) ;
#5750 = DIRECTION ( 'NONE',  ( -5.423418723394456162E-31, 0.01745240643728337981, 0.9998476951563912696 ) ) ;
#5751 = ORIENTED_EDGE ( 'NONE', *, *, #4399, .T. ) ;
#5752 = CARTESIAN_POINT ( 'NONE',  ( -37.00000000000004263, 153.3936863605183589, 29.81766356147011265 ) ) ;
#5753 = DIRECTION ( 'NONE',  ( -1.000000000000000000, 0.0000000000000000000, 0.0000000000000000000 ) ) ;
#5754 = EDGE_CURVE ( 'NONE', #2382, #200, #4465, .T. ) ;
#5755 = DIRECTION ( 'NONE',  ( 1.000000000000000000, 0.0000000000000000000, 0.0000000000000000000 ) ) ;
#5756 = AXIS2_PLACEMENT_3D ( 'NONE', #2788, #2757, #503 ) ;
#5757 = CARTESIAN_POINT ( 'NONE',  ( -40.50000000000000711, 153.9999999999999716, 35.99999999999998579 ) ) ;
#5758 = ORIENTED_EDGE ( 'NONE', *, *, #795, .T. ) ;
#5759 = DIRECTION ( 'NONE',  ( -0.0000000000000000000, 0.0000000000000000000, 1.000000000000000000 ) ) ;
#5760 = ORIENTED_EDGE ( 'NONE', *, *, #3553, .T. ) ;
#5761 = ADVANCED_FACE ( 'NONE', ( #4390 ), #5325, .F. ) ;
#5762 = DIRECTION ( 'NONE',  ( -0.0000000000000000000, -1.000000000000000000, -0.0000000000000000000 ) ) ;
#5763 = AXIS2_PLACEMENT_3D ( 'NONE', #4821, #726, #5840 ) ;
#5764 = CARTESIAN_POINT ( 'NONE',  ( -89.50000000000001421, 143.0000000000000000, -37.32287565553228603 ) ) ;
#5765 = EDGE_LOOP ( 'NONE', ( #4761, #4560, #3981, #3810 ) ) ;
#5766 = FACE_OUTER_BOUND ( 'NONE', #3789, .T. ) ;
#5767 = ORIENTED_EDGE ( 'NONE', *, *, #119, .T. ) ;
#5768 = MECHANICAL_DESIGN_GEOMETRIC_PRESENTATION_REPRESENTATION (  '', ( #2364 ), #5162 ) ;
#5769 = SURFACE_STYLE_USAGE ( .BOTH. , #3907 ) ;
#5770 = DIRECTION ( 'NONE',  ( -0.0000000000000000000, -1.000000000000000000, -0.0000000000000000000 ) ) ;
#5771 = EDGE_LOOP ( 'NONE', ( #4816, #3171, #1824, #2875 ) ) ;
#5772 = CYLINDRICAL_SURFACE ( 'NONE', #2180, 0.5000000000000004441 ) ;
#5773 = EDGE_CURVE ( 'NONE', #3367, #805, #455, .T. ) ;
#5774 = CARTESIAN_POINT ( 'NONE',  ( -80.99999999999997158, 164.4999999999999716, 30.91264851713705752 ) ) ;
#5775 = FACE_OUTER_BOUND ( 'NONE', #5003, .T. ) ;
#5776 = COLOUR_RGB ( '',0.3490196078431372362, 0.0000000000000000000, 0.0000000000000000000 ) ;
#5777 = CARTESIAN_POINT ( 'NONE',  ( -82.99999999999997158, 153.4999999999999716, 31.91264851713704331 ) ) ;
#5778 = DIRECTION ( 'NONE',  ( -0.0000000000000000000, -0.0000000000000000000, 1.000000000000000000 ) ) ;
#5779 = CIRCLE ( 'NONE', #2987, 0.4999999999999990008 ) ;
#5780 = EDGE_CURVE ( 'NONE', #811, #5616, #3636, .T. ) ;
#5781 = CARTESIAN_POINT ( 'NONE',  ( -24.50000000000006395, 142.8952855613763688, 30.00091382906161286 ) ) ;
#5782 = DIRECTION ( 'NONE',  ( 1.000000000000000000, 0.0000000000000000000, -0.0000000000000000000 ) ) ;
#5783 =( NAMED_UNIT ( * ) PLANE_ANGLE_UNIT ( ) SI_UNIT ( $, .RADIAN. ) );
#5784 = AXIS2_PLACEMENT_3D ( 'NONE', #1861, #1456, #4752 ) ;
#5785 = AXIS2_PLACEMENT_3D ( 'NONE', #874, #5427, #2737 ) ;
#5786 = AXIS2_PLACEMENT_3D ( 'NONE', #5459, #4095, #410 ) ;
#5787 =( NAMED_UNIT ( * ) SI_UNIT ( $, .STERADIAN. ) SOLID_ANGLE_UNIT ( ) );
#5788 = VECTOR ( 'NONE', #2380, 1000.000000000000227 ) ;
#5789 = ORIENTED_EDGE ( 'NONE', *, *, #3700, .T. ) ;
#5790 = CARTESIAN_POINT ( 'NONE',  ( -37.50002220644560680, 143.5000822413102242, 35.48648183095168207 ) ) ;
#5791 = ORIENTED_EDGE ( 'NONE', *, *, #3200, .F. ) ;
#5792 = DIRECTION ( 'NONE',  ( 0.0000000000000000000, 0.0000000000000000000, 1.000000000000000000 ) ) ;
#5793 = AXIS2_PLACEMENT_3D ( 'NONE', #207, #2510, #2076 ) ;
#5794 = VERTEX_POINT ( 'NONE', #5450 ) ;
#5795 = LINE ( 'NONE', #1598, #5182 ) ;
#5796 = EDGE_CURVE ( 'NONE', #3699, #859, #3667, .T. ) ;
#5797 = EDGE_CURVE ( 'NONE', #1374, #5100, #900, .T. ) ;
#5798 = ORIENTED_EDGE ( 'NONE', *, *, #4069, .T. ) ;
#5799 = CARTESIAN_POINT ( 'NONE',  ( 18.50000000000000355, 142.8428484149120266, 26.99679172009381389 ) ) ;
#5800 = CARTESIAN_POINT ( 'NONE',  ( 37.49999999999998579, 153.8848840048779891, 29.30901351067335270 ) ) ;
#5801 = ORIENTED_EDGE ( 'NONE', *, *, #4406, .F. ) ;
#5802 = CARTESIAN_POINT ( 'NONE',  ( 89.49999999999998579, 135.4999999999999716, -37.49999999999999289 ) ) ;
#5803 =( LENGTH_UNIT ( ) NAMED_UNIT ( * ) SI_UNIT ( .MILLI., .METRE. ) );
#5804 = CARTESIAN_POINT ( 'NONE',  ( -95.90448750123042032, 153.2999999999999545, 26.16268659334844671 ) ) ;
#5805 = ORIENTED_EDGE ( 'NONE', *, *, #5863, .F. ) ;
#5806 = DIRECTION ( 'NONE',  ( 0.0000000000000000000, -0.0000000000000000000, -1.000000000000000000 ) ) ;
#5807 = FACE_OUTER_BOUND ( 'NONE', #3112, .T. ) ;
#5808 = LINE ( 'NONE', #1676, #3341 ) ;
#5809 = DIRECTION ( 'NONE',  ( 1.000000000000000000, 0.0000000000000000000, 0.0000000000000000000 ) ) ;
#5810 = VERTEX_POINT ( 'NONE', #2765 ) ;
#5811 = LINE ( 'NONE', #4793, #2911 ) ;
#5812 = CARTESIAN_POINT ( 'NONE',  ( 88.49134863155782682, 143.5000000000000000, 36.00000000000000711 ) ) ;
#5813 = FILL_AREA_STYLE ('',( #2962 ) ) ;
#5814 = FACE_OUTER_BOUND ( 'NONE', #435, .T. ) ;
#5815 = AXIS2_PLACEMENT_3D ( 'NONE', #4625, #3768, #2782 ) ;
#5816 = DIRECTION ( 'NONE',  ( 0.0000000000000000000, 0.0000000000000000000, -1.000000000000000000 ) ) ;
#5817 = EDGE_CURVE ( 'NONE', #2837, #2872, #2232, .T. ) ;
#5818 = LINE ( 'NONE', #4801, #1151 ) ;
#5819 = CARTESIAN_POINT ( 'NONE',  ( -55.13131355994481453, 153.2999999999999545, 25.16268659334794222 ) ) ;
#5820 = ORIENTED_EDGE ( 'NONE', *, *, #4547, .F. ) ;
#5821 = CARTESIAN_POINT ( 'NONE',  ( -37.10421776457911847, 143.0000000000000000, 36.00793545236762583 ) ) ;
#5822 = ORIENTED_EDGE ( 'NONE', *, *, #2372, .T. ) ;
#5823 = DIRECTION ( 'NONE',  ( 1.000000000000000000, 0.0000000000000000000, 0.0000000000000000000 ) ) ;
#5824 = CARTESIAN_POINT ( 'NONE',  ( 65.16268659334791380, 153.4999999999999716, 33.16268659334794222 ) ) ;
#5825 = ORIENTED_EDGE ( 'NONE', *, *, #3200, .T. ) ;
#5826 = FACE_OUTER_BOUND ( 'NONE', #278, .T. ) ;
#5827 = ORIENTED_EDGE ( 'NONE', *, *, #4766, .T. ) ;
#5828 = CARTESIAN_POINT ( 'NONE',  ( -51.16268659334792801, 153.2999999999999545, 29.66268659334791380 ) ) ;
#5829 = VERTEX_POINT ( 'NONE', #4113 ) ;
#5830 = DIRECTION ( 'NONE',  ( 0.0000000000000000000, 1.000000000000000000, 0.0000000000000000000 ) ) ;
#5831 = ADVANCED_FACE ( 'NONE', ( #1493 ), #3359, .T. ) ;
#5832 = AXIS2_PLACEMENT_3D ( 'NONE', #604, #3263, #1454 ) ;
#5833 = ORIENTED_EDGE ( 'NONE', *, *, #5525, .F. ) ;
#5834 = DIRECTION ( 'NONE',  ( 0.01745240643728354635, 0.9998476951563911586, 1.593426271528659736E-17 ) ) ;
#5835 = LINE ( 'NONE', #4065, #4975 ) ;
#5836 = CARTESIAN_POINT ( 'NONE',  ( 87.99999999999998579, 143.4912737967813428, 35.99142478397965306 ) ) ;
#5837 = ORIENTED_EDGE ( 'NONE', *, *, #3894, .F. ) ;
#5838 = DIRECTION ( 'NONE',  ( -2.134719100540423629E-15, 0.01745240643728355676, 0.9998476951563912696 ) ) ;
#5839 = CARTESIAN_POINT ( 'NONE',  ( 39.99999999999997868, 166.4999999999999716, 16.00000000000000711 ) ) ;
#5840 = DIRECTION ( 'NONE',  ( -1.000000000000000000, 0.0000000000000000000, -0.0000000000000000000 ) ) ;
#5841 = DIRECTION ( 'NONE',  ( 0.0000000000000000000, 1.000000000000000000, -0.0000000000000000000 ) ) ;
#5842 = CIRCLE ( 'NONE', #822, 2.499999999999998668 ) ;
#5843 = CARTESIAN_POINT ( 'NONE',  ( -19.00000000000004974, 152.7890480743165540, 23.82730359375044316 ) ) ;
#5844 = CARTESIAN_POINT ( 'NONE',  ( 39.99999999999997868, 166.9999999999999716, 15.50000000000000711 ) ) ;
#5845 = PLANE ( 'NONE',  #1881 ) ;
#5846 = AXIS2_PLACEMENT_3D ( 'NONE', #116, #5210, #1926 ) ;
#5847 = CARTESIAN_POINT ( 'NONE',  ( -40.99999999999999289, 153.9999999999999716, 15.99999999999997691 ) ) ;
#5848 = ORIENTED_EDGE ( 'NONE', *, *, #3639, .F. ) ;
#5849 = EDGE_CURVE ( 'NONE', #5100, #3267, #4110, .T. ) ;
#5850 = AXIS2_PLACEMENT_3D ( 'NONE', #2990, #1674, #321 ) ;
#5851 = CARTESIAN_POINT ( 'NONE',  ( -37.73587251183759150, 143.0000000000000000, 36.49134863149003394 ) ) ;
#5852 = ORIENTED_EDGE ( 'NONE', *, *, #3305, .F. ) ;
#5853 = COLOUR_RGB ( '',0.8980392156862745390, 0.8980392156862745390, 0.8980392156862745390 ) ;
#5854 = DIRECTION ( 'NONE',  ( 6.769652589177782893E-16, -0.0000000000000000000, -1.000000000000000000 ) ) ;
#5855 = ORIENTED_EDGE ( 'NONE', *, *, #2607, .F. ) ;
#5856 = DIRECTION ( 'NONE',  ( 3.003808303567500484E-15, 1.000000000000000000, 0.0000000000000000000 ) ) ;
#5857 = VERTEX_POINT ( 'NONE', #2734 ) ;
#5858 = FACE_OUTER_BOUND ( 'NONE', #4169, .T. ) ;
#5859 = VECTOR ( 'NONE', #4076, 1000.000000000000000 ) ;
#5860 = EDGE_LOOP ( 'NONE', ( #2136, #4764, #2520, #4333 ) ) ;
#5861 = DIRECTION ( 'NONE',  ( -0.0000000000000000000, -1.000000000000000000, -0.0000000000000000000 ) ) ;
#5862 = CIRCLE ( 'NONE', #3061, 0.5000000000000004441 ) ;
#5863 = EDGE_CURVE ( 'NONE', #4961, #5262, #3772, .T. ) ;
#5864 = ORIENTED_EDGE ( 'NONE', *, *, #3778, .T. ) ;
#5865 = LINE ( 'NONE', #2822, #2658 ) ;
#5866 = STYLED_ITEM ( 'NONE', ( #219 ), #5630 ) ;
#5867 = ADVANCED_FACE ( 'NONE', ( #4089 ), #5517, .F. ) ;
#5868 = DIRECTION ( 'NONE',  ( -0.0000000000000000000, 1.000000000000000000, -0.0000000000000000000 ) ) ;
#5869 = LINE ( 'NONE', #2506, #2347 ) ;
#5870 = CARTESIAN_POINT ( 'NONE',  ( 89.99999999999998579, 143.0000000000000000, -35.99999999999999289 ) ) ;
#5871 = CARTESIAN_POINT ( 'NONE',  ( 87.99142478397962464, 143.4912737967813143, -35.99142478397963885 ) ) ;
#5872 = ORIENTED_EDGE ( 'NONE', *, *, #1791, .F. ) ;
#5873 =( GEOMETRIC_REPRESENTATION_CONTEXT ( 3 ) GLOBAL_UNCERTAINTY_ASSIGNED_CONTEXT ( ( #5651 ) ) GLOBAL_UNIT_ASSIGNED_CONTEXT ( ( #3350, #1062, #1979 ) ) REPRESENTATION_CONTEXT ( 'NONE', 'WORKASPACE' ) );
#5874 = VECTOR ( 'NONE', #5051, 1000.000000000000227 ) ;
#5875 = CARTESIAN_POINT ( 'NONE',  ( -80.99999999999997158, 153.4999999999999716, 19.91264851713703266 ) ) ;
#5876 = ORIENTED_EDGE ( 'NONE', *, *, #5496, .T. ) ;
#5877 = CARTESIAN_POINT ( 'NONE',  ( 18.50000000000000711, 152.6930598389115232, 18.32814127039032215 ) ) ;
#5878 = COLOUR_RGB ( '',0.0000000000000000000, 0.0000000000000000000, 0.0000000000000000000 ) ;
#5879 = CIRCLE ( 'NONE', #5786, 0.4999999999999990008 ) ;
#5880 = EDGE_CURVE ( 'NONE', #4233, #2849, #615, .T. ) ;
#5881 = CIRCLE ( 'NONE', #4226, 2.000000000000001776 ) ;
#5882 = CARTESIAN_POINT ( 'NONE',  ( 50.66268659334789959, 153.2999999999999545, 21.69405962675105570 ) ) ;
#5883 = ORIENTED_EDGE ( 'NONE', *, *, #5247, .T. ) ;
#5884 = LINE ( 'NONE', #3577, #203 ) ;
#5885 = EDGE_LOOP ( 'NONE', ( #1318, #963, #1932, #1714, #3784 ) ) ;
#5886 =( NAMED_UNIT ( * ) SI_UNIT ( $, .STERADIAN. ) SOLID_ANGLE_UNIT ( ) );
#5887 = VECTOR ( 'NONE', #4861, 1000.000000000000227 ) ;
#5888 = LINE ( 'NONE', #3580, #3070 ) ;
#5889 = AXIS2_PLACEMENT_3D ( 'NONE', #3399, #2045, #1656 ) ;
#5890 = FACE_OUTER_BOUND ( 'NONE', #1265, .T. ) ;
#5891 = ADVANCED_FACE ( 'NONE', ( #173 ), #1957, .T. ) ;
#5892 = ORIENTED_EDGE ( 'NONE', *, *, #1916, .F. ) ;
#5893 = DIRECTION ( 'NONE',  ( 0.0000000000000000000, 0.0000000000000000000, -1.000000000000000000 ) ) ;
#5894 = UNCERTAINTY_MEASURE_WITH_UNIT (LENGTH_MEASURE( 1.000000000000000082E-05 ), #886, 'distance_accuracy_value', 'NONE');
#5895 = DIRECTION ( 'NONE',  ( -5.782411586589352708E-16, 0.01745240643728337634, 0.9998476951563911586 ) ) ;
#5896 = ORIENTED_EDGE ( 'NONE', *, *, #5466, .F. ) ;
#5897 = CARTESIAN_POINT ( 'NONE',  ( -37.50000000000004263, 153.6841813308492419, 17.81076501637484455 ) ) ;
#5898 = EDGE_CURVE ( 'NONE', #738, #4270, #1378, .T. ) ;
#5899 = FACE_OUTER_BOUND ( 'NONE', #1366, .T. ) ;
#5900 = DIRECTION ( 'NONE',  ( 0.0000000000000000000, 0.0000000000000000000, -1.000000000000000000 ) ) ;
#5901 = CARTESIAN_POINT ( 'NONE',  ( -87.80784196934584429, 154.0087262032186288, 14.99999999999993072 ) ) ;
#5902 = CARTESIAN_POINT ( 'NONE',  ( 40.73746530869775029, 153.0087262032841977, 35.82529703427292134 ) ) ;
#5903 = ADVANCED_FACE ( 'NONE', ( #3223 ), #5047, .F. ) ;
#5904 = EDGE_CURVE ( 'NONE', #1440, #4542, #3477, .T. ) ;
#5905 = DIRECTION ( 'NONE',  ( -0.0000000000000000000, 0.01745240643728354635, 0.9998476951563911586 ) ) ;
#5906 = ORIENTED_EDGE ( 'NONE', *, *, #2358, .T. ) ;
#5907 = CARTESIAN_POINT ( 'NONE',  ( 80.99999999999997158, 158.9999999999999716, 28.41264851713703621 ) ) ;
#5908 = VERTEX_POINT ( 'NONE', #1683 ) ;
#5909 = CARTESIAN_POINT ( 'NONE',  ( 40.54941493834566302, 153.7457385515209580, 35.81243243588087921 ) ) ;
#5910 = FACE_OUTER_BOUND ( 'NONE', #348, .T. ) ;
#5911 = ADVANCED_FACE ( 'NONE', ( #3834 ), #1192, .T. ) ;
#5912 = CARTESIAN_POINT ( 'NONE',  ( -51.16268659334792801, 153.4999999999999716, 25.66268659334790669 ) ) ;
#5913 = ORIENTED_EDGE ( 'NONE', *, *, #3165, .T. ) ;
#5914 = CARTESIAN_POINT ( 'NONE',  ( -1.500000000000022871, 163.6863135986597229, 17.63617714821959126 ) ) ;
#5915 = ORIENTED_EDGE ( 'NONE', *, *, #1208, .F. ) ;
#5916 =( NAMED_UNIT ( * ) PLANE_ANGLE_UNIT ( ) SI_UNIT ( $, .RADIAN. ) );
#5917 = DIRECTION ( 'NONE',  ( 0.0000000000000000000, 0.0000000000000000000, 1.000000000000000000 ) ) ;
#5918 = CARTESIAN_POINT ( 'NONE',  ( 50.66268659334792801, 153.4999999999999716, 26.16268659334793867 ) ) ;
#5919 = ORIENTED_EDGE ( 'NONE', *, *, #3383, .F. ) ;
#5920 = SURFACE_STYLE_FILL_AREA ( #2769 ) ;
#5921 = ORIENTED_EDGE ( 'NONE', *, *, #4876, .F. ) ;
#5922 = EDGE_CURVE ( 'NONE', #1170, #5184, #1654, .T. ) ;
#5923 = CARTESIAN_POINT ( 'NONE',  ( -95.90448750123042032, 153.2999999999999545, 26.16268659334617297 ) ) ;
#5924 = VERTEX_POINT ( 'NONE', #4857 ) ;
#5925 = DIRECTION ( 'NONE',  ( -0.0000000000000000000, 1.000000000000000000, -0.0000000000000000000 ) ) ;
#5926 = CIRCLE ( 'NONE', #1590, 0.5000000000000004441 ) ;
#5927 = EDGE_CURVE ( 'NONE', #5340, #935, #5726, .T. ) ;
#5928 = LINE ( 'NONE', #1754, #3785 ) ;
#5929 = SURFACE_SIDE_STYLE ('',( #4131 ) ) ;
#5930 = AXIS2_PLACEMENT_3D ( 'NONE', #243, #2078, #804 ) ;
#5931 =( BOUNDED_SURFACE ( )  B_SPLINE_SURFACE ( 3, 2, ( 
 ( #273, #4864, #5790 ),
 ( #3455, #361, #3511 ),
 ( #5821, #2608, #1197 ),
 ( #1169, #3481, #4431 ),
 ( #5851, #2156, #2049 ),
 ( #3962, #5313, #1687 ) ),
 .UNSPECIFIED., .F., .F., .F. ) 
 B_SPLINE_SURFACE_WITH_KNOTS ( ( 4, 2, 4 ),
 ( 3, 3 ),
 ( 1.561371548834125322, 2.351482101211958220, 3.141592653589791340 ),
 ( 0.0000000000000000000, 1.000000000000000000 ),
 .UNSPECIFIED. ) 
 GEOMETRIC_REPRESENTATION_ITEM ( )  RATIONAL_B_SPLINE_SURFACE ( (
 ( 1.000000000000000000, 0.7070486254068851784, 1.000000000000000000),
 ( 1.000000000000000000, 0.7086786371785354088, 1.000000000000000000),
 ( 1.000000000000000000, 0.7102885334710441478, 1.000000000000000000),
 ( 1.000000000000000000, 0.7125835084803845421, 1.000000000000000000),
 ( 1.000000000000000000, 0.7132616446087749473, 1.000000000000000000),
 ( 1.000000000000000000, 0.7132504491541878933, 1.000000000000000000) ) ) 
 REPRESENTATION_ITEM ( '' )  SURFACE ( )  );
#5932 = CARTESIAN_POINT ( 'NONE',  ( 87.99999999999998579, 153.4999999999999716, 15.50000000000000355 ) ) ;
#5933 = VERTEX_POINT ( 'NONE', #205 ) ;
#5934 = EDGE_CURVE ( 'NONE', #3367, #4205, #393, .T. ) ;
#5935 = DIRECTION ( 'NONE',  ( -0.01745240643728354635, 0.9998476951563911586, 1.912111525834390944E-18 ) ) ;
#5936 = VECTOR ( 'NONE', #5608, 1000.000000000000000 ) ;
#5937 = DIRECTION ( 'NONE',  ( -0.0000000000000000000, -1.000000000000000000, -0.0000000000000000000 ) ) ;
#5938 = ORIENTED_EDGE ( 'NONE', *, *, #1405, .T. ) ;
#5939 = CARTESIAN_POINT ( 'NONE',  ( 40.99999999999997868, 166.4999999999999716, 15.00000000000000888 ) ) ;
#5940 = VECTOR ( 'NONE', #734, 1000.000000000000000 ) ;
#5941 = VERTEX_POINT ( 'NONE', #3921 ) ;
#5942 = ADVANCED_FACE ( 'NONE', ( #5814 ), #4891, .F. ) ;
#5943 = DIRECTION ( 'NONE',  ( -0.0000000000000000000, -1.000000000000000000, 0.0000000000000000000 ) ) ;
#5944 = CARTESIAN_POINT ( 'NONE',  ( 87.82529703427405821, 153.0087262032186288, 35.81672181825371837 ) ) ;
#5945 = VECTOR ( 'NONE', #5762, 1000.000000000000000 ) ;
#5946 = ORIENTED_EDGE ( 'NONE', *, *, #4183, .T. ) ;
#5947 = CARTESIAN_POINT ( 'NONE',  ( -89.50000000000001421, 143.0000000000000000, 37.32287565553230024 ) ) ;
#5948 = ORIENTED_EDGE ( 'NONE', *, *, #498, .F. ) ;
#5949 = AXIS2_PLACEMENT_3D ( 'NONE', #3542, #5413, #1689 ) ;
#5950 = CARTESIAN_POINT ( 'NONE',  ( 37.20035273178577739, 143.0007678083570966, 36.04398771131877055 ) ) ;
#5951 = DIRECTION ( 'NONE',  ( 0.0000000000000000000, 0.0000000000000000000, 1.000000000000000000 ) ) ;
#5952 = CARTESIAN_POINT ( 'NONE',  ( -40.99999999999999289, 166.9999999999999716, 15.49999999999997691 ) ) ;
#5953 = EDGE_LOOP ( 'NONE', ( #2549, #2726, #2665, #4931 ) ) ;
#5954 = DIRECTION ( 'NONE',  ( -1.000000000000000000, -4.242215135558921878E-17, 5.457107857195676994E-17 ) ) ;
#5955 = VECTOR ( 'NONE', #1862, 1000.000000000000227 ) ;
#5956 = ADVANCED_FACE ( 'NONE', ( #4429 ), #1561, .T. ) ;
ENDSEC;
END-ISO-10303-21;
