ISO-10303-21;
HEADER;
/* Generated by software containing ST-Developer
 * from STEP Tools, Inc. (www.steptools.com) 
 */
/* OPTION: using custom renumber hook */

FILE_DESCRIPTION(
/* description */ ('STEP AP242 Edition 2',
'CAx-IF Rec.Pracs.---Representation and Presentation of Product Manufa
cturing Information (PMI)---4.0---2014-10-13',
'CAx-IF Rec.Pracs.---3D Tessellated Geometry---0.4---2014-09-14','2;1',
'CAx-IF Rec.Pracs.---User Defined Attributes---1.5---2016-08-15'),
/* implementation_level */ '2;1');

FILE_NAME(
/* name */ 'Drive Motor - Wheelchair Motor 24V',
/* time_stamp */ '2026-07-12T21:08:33Z',
/* author */ (''),
/* organization */ (''),
/* preprocessor_version */ 'ST-DEVELOPER v20',
/* originating_system */ 'ONSHAPE BY PTC INC, 1.217',
/* authorisation */ '  ');

FILE_SCHEMA (('AP242_MANAGED_MODEL_BASED_3D_ENGINEERING_MIM_LF { 1 0 10303 442 3 1 4 }'));
ENDSEC;

DATA;
#10=SHAPE_REPRESENTATION_RELATIONSHIP('','',#3870,#11);
#11=ADVANCED_BREP_SHAPE_REPRESENTATION('',(#3868),#6020);
#12=B_SPLINE_CURVE_WITH_KNOTS('',3,(#5977,#5978,#5979,#5980,#5981),
 .UNSPECIFIED.,.F.,.F.,(4,1,4),(0.,0.00160365886724025,0.00320731773448049),
 .UNSPECIFIED.);
#13=B_SPLINE_CURVE_WITH_KNOTS('',3,(#5986,#5987,#5988,#5989,#5990),
 .UNSPECIFIED.,.F.,.F.,(4,1,4),(3.23500738293763E-35,0.00160374941709808,
0.00320749883419615),.UNSPECIFIED.);
#14=TOROIDAL_SURFACE('',#4219,0.0105,0.002);
#15=LINE('',#5191,#223);
#16=LINE('',#5195,#224);
#17=LINE('',#5207,#225);
#18=LINE('',#5215,#226);
#19=LINE('',#5220,#227);
#20=LINE('',#5232,#228);
#21=LINE('',#5236,#229);
#22=LINE('',#5242,#230);
#23=LINE('',#5255,#231);
#24=LINE('',#5263,#232);
#25=LINE('',#5267,#233);
#26=LINE('',#5285,#234);
#27=LINE('',#5293,#235);
#28=LINE('',#5306,#236);
#29=LINE('',#5312,#237);
#30=LINE('',#5316,#238);
#31=LINE('',#5320,#239);
#32=LINE('',#5321,#240);
#33=LINE('',#5335,#241);
#34=LINE('',#5337,#242);
#35=LINE('',#5338,#243);
#36=LINE('',#5343,#244);
#37=LINE('',#5349,#245);
#38=LINE('',#5353,#246);
#39=LINE('',#5359,#247);
#40=LINE('',#5361,#248);
#41=LINE('',#5366,#249);
#42=LINE('',#5373,#250);
#43=LINE('',#5385,#251);
#44=LINE('',#5393,#252);
#45=LINE('',#5408,#253);
#46=LINE('',#5410,#254);
#47=LINE('',#5411,#255);
#48=LINE('',#5417,#256);
#49=LINE('',#5425,#257);
#50=LINE('',#5427,#258);
#51=LINE('',#5429,#259);
#52=LINE('',#5431,#260);
#53=LINE('',#5433,#261);
#54=LINE('',#5435,#262);
#55=LINE('',#5437,#263);
#56=LINE('',#5439,#264);
#57=LINE('',#5443,#265);
#58=LINE('',#5445,#266);
#59=LINE('',#5449,#267);
#60=LINE('',#5455,#268);
#61=LINE('',#5456,#269);
#62=LINE('',#5460,#270);
#63=LINE('',#5462,#271);
#64=LINE('',#5464,#272);
#65=LINE('',#5466,#273);
#66=LINE('',#5472,#274);
#67=LINE('',#5476,#275);
#68=LINE('',#5478,#276);
#69=LINE('',#5482,#277);
#70=LINE('',#5484,#278);
#71=LINE('',#5488,#279);
#72=LINE('',#5492,#280);
#73=LINE('',#5496,#281);
#74=LINE('',#5498,#282);
#75=LINE('',#5500,#283);
#76=LINE('',#5502,#284);
#77=LINE('',#5504,#285);
#78=LINE('',#5506,#286);
#79=LINE('',#5508,#287);
#80=LINE('',#5512,#288);
#81=LINE('',#5513,#289);
#82=LINE('',#5517,#290);
#83=LINE('',#5523,#291);
#84=LINE('',#5525,#292);
#85=LINE('',#5527,#293);
#86=LINE('',#5529,#294);
#87=LINE('',#5531,#295);
#88=LINE('',#5533,#296);
#89=LINE('',#5535,#297);
#90=LINE('',#5537,#298);
#91=LINE('',#5543,#299);
#92=LINE('',#5547,#300);
#93=LINE('',#5553,#301);
#94=LINE('',#5554,#302);
#95=LINE('',#5558,#303);
#96=LINE('',#5560,#304);
#97=LINE('',#5564,#305);
#98=LINE('',#5566,#306);
#99=LINE('',#5568,#307);
#100=LINE('',#5570,#308);
#101=LINE('',#5572,#309);
#102=LINE('',#5574,#310);
#103=LINE('',#5576,#311);
#104=LINE('',#5578,#312);
#105=LINE('',#5580,#313);
#106=LINE('',#5582,#314);
#107=LINE('',#5584,#315);
#108=LINE('',#5586,#316);
#109=LINE('',#5588,#317);
#110=LINE('',#5592,#318);
#111=LINE('',#5596,#319);
#112=LINE('',#5598,#320);
#113=LINE('',#5602,#321);
#114=LINE('',#5604,#322);
#115=LINE('',#5606,#323);
#116=LINE('',#5608,#324);
#117=LINE('',#5610,#325);
#118=LINE('',#5612,#326);
#119=LINE('',#5616,#327);
#120=LINE('',#5617,#328);
#121=LINE('',#5621,#329);
#122=LINE('',#5623,#330);
#123=LINE('',#5625,#331);
#124=LINE('',#5631,#332);
#125=LINE('',#5632,#333);
#126=LINE('',#5638,#334);
#127=LINE('',#5668,#335);
#128=LINE('',#5671,#336);
#129=LINE('',#5683,#337);
#130=LINE('',#5687,#338);
#131=LINE('',#5691,#339);
#132=LINE('',#5693,#340);
#133=LINE('',#5695,#341);
#134=LINE('',#5697,#342);
#135=LINE('',#5701,#343);
#136=LINE('',#5705,#344);
#137=LINE('',#5709,#345);
#138=LINE('',#5715,#346);
#139=LINE('',#5718,#347);
#140=LINE('',#5720,#348);
#141=LINE('',#5722,#349);
#142=LINE('',#5731,#350);
#143=LINE('',#5735,#351);
#144=LINE('',#5739,#352);
#145=LINE('',#5746,#353);
#146=LINE('',#5750,#354);
#147=LINE('',#5751,#355);
#148=LINE('',#5755,#356);
#149=LINE('',#5757,#357);
#150=LINE('',#5761,#358);
#151=LINE('',#5763,#359);
#152=LINE('',#5765,#360);
#153=LINE('',#5769,#361);
#154=LINE('',#5771,#362);
#155=LINE('',#5773,#363);
#156=LINE('',#5777,#364);
#157=LINE('',#5779,#365);
#158=LINE('',#5781,#366);
#159=LINE('',#5783,#367);
#160=LINE('',#5787,#368);
#161=LINE('',#5791,#369);
#162=LINE('',#5793,#370);
#163=LINE('',#5795,#371);
#164=LINE('',#5797,#372);
#165=LINE('',#5801,#373);
#166=LINE('',#5806,#374);
#167=LINE('',#5810,#375);
#168=LINE('',#5814,#376);
#169=LINE('',#5826,#377);
#170=LINE('',#5830,#378);
#171=LINE('',#5837,#379);
#172=LINE('',#5841,#380);
#173=LINE('',#5850,#381);
#174=LINE('',#5854,#382);
#175=LINE('',#5867,#383);
#176=LINE('',#5883,#384);
#177=LINE('',#5884,#385);
#178=LINE('',#5889,#386);
#179=LINE('',#5893,#387);
#180=LINE('',#5895,#388);
#181=LINE('',#5897,#389);
#182=LINE('',#5899,#390);
#183=LINE('',#5901,#391);
#184=LINE('',#5902,#392);
#185=LINE('',#5904,#393);
#186=LINE('',#5906,#394);
#187=LINE('',#5907,#395);
#188=LINE('',#5910,#396);
#189=LINE('',#5912,#397);
#190=LINE('',#5915,#398);
#191=LINE('',#5916,#399);
#192=LINE('',#5918,#400);
#193=LINE('',#5921,#401);
#194=LINE('',#5922,#402);
#195=LINE('',#5925,#403);
#196=LINE('',#5926,#404);
#197=LINE('',#5929,#405);
#198=LINE('',#5931,#406);
#199=LINE('',#5934,#407);
#200=LINE('',#5936,#408);
#201=LINE('',#5937,#409);
#202=LINE('',#5939,#410);
#203=LINE('',#5941,#411);
#204=LINE('',#5944,#412);
#205=LINE('',#5953,#413);
#206=LINE('',#5956,#414);
#207=LINE('',#5958,#415);
#208=LINE('',#5959,#416);
#209=LINE('',#5963,#417);
#210=LINE('',#5965,#418);
#211=LINE('',#5968,#419);
#212=LINE('',#5969,#420);
#213=LINE('',#5996,#421);
#214=LINE('',#5998,#422);
#215=LINE('',#6000,#423);
#216=LINE('',#6003,#424);
#217=LINE('',#6005,#425);
#218=LINE('',#6007,#426);
#219=LINE('',#6011,#427);
#220=LINE('',#6013,#428);
#221=LINE('',#6015,#429);
#222=LINE('',#6017,#430);
#223=VECTOR('',#4271,1.);
#224=VECTOR('',#4274,1.);
#225=VECTOR('',#4285,1.);
#226=VECTOR('',#4294,1.);
#227=VECTOR('',#4297,1.);
#228=VECTOR('',#4310,1.);
#229=VECTOR('',#4313,1.);
#230=VECTOR('',#4318,1.);
#231=VECTOR('',#4331,1.);
#232=VECTOR('',#4338,1.);
#233=VECTOR('',#4343,1.);
#234=VECTOR('',#4362,1.);
#235=VECTOR('',#4369,1.);
#236=VECTOR('',#4382,1.);
#237=VECTOR('',#4387,1.);
#238=VECTOR('',#4390,1.);
#239=VECTOR('',#4395,1.);
#240=VECTOR('',#4396,1.);
#241=VECTOR('',#4411,1.);
#242=VECTOR('',#4414,1.);
#243=VECTOR('',#4415,1.);
#244=VECTOR('',#4420,1.);
#245=VECTOR('',#4427,1.);
#246=VECTOR('',#4430,1.);
#247=VECTOR('',#4437,1.);
#248=VECTOR('',#4440,1.);
#249=VECTOR('',#4443,1.);
#250=VECTOR('',#4450,1.);
#251=VECTOR('',#4463,1.);
#252=VECTOR('',#4470,1.);
#253=VECTOR('',#4485,1.);
#254=VECTOR('',#4488,1.);
#255=VECTOR('',#4489,1.);
#256=VECTOR('',#4496,1.);
#257=VECTOR('',#4503,1.);
#258=VECTOR('',#4506,1.);
#259=VECTOR('',#4507,1.);
#260=VECTOR('',#4508,1.);
#261=VECTOR('',#4511,1.);
#262=VECTOR('',#4512,1.);
#263=VECTOR('',#4513,1.);
#264=VECTOR('',#4516,1.);
#265=VECTOR('',#4519,1.);
#266=VECTOR('',#4522,1.);
#267=VECTOR('',#4527,1.);
#268=VECTOR('',#4534,1.);
#269=VECTOR('',#4535,1.);
#270=VECTOR('',#4540,1.);
#271=VECTOR('',#4541,1.);
#272=VECTOR('',#4544,1.);
#273=VECTOR('',#4545,1.);
#274=VECTOR('',#4554,1.);
#275=VECTOR('',#4559,1.);
#276=VECTOR('',#4562,1.);
#277=VECTOR('',#4565,1.);
#278=VECTOR('',#4568,1.);
#279=VECTOR('',#4571,1.);
#280=VECTOR('',#4574,1.);
#281=VECTOR('',#4577,1.);
#282=VECTOR('',#4580,1.);
#283=VECTOR('',#4581,1.);
#284=VECTOR('',#4582,1.);
#285=VECTOR('',#4585,1.);
#286=VECTOR('',#4586,1.);
#287=VECTOR('',#4587,1.);
#288=VECTOR('',#4592,1.);
#289=VECTOR('',#4593,1.);
#290=VECTOR('',#4598,1.);
#291=VECTOR('',#4605,1.);
#292=VECTOR('',#4608,1.);
#293=VECTOR('',#4609,1.);
#294=VECTOR('',#4612,1.);
#295=VECTOR('',#4613,1.);
#296=VECTOR('',#4616,1.);
#297=VECTOR('',#4617,1.);
#298=VECTOR('',#4620,1.);
#299=VECTOR('',#4627,1.);
#300=VECTOR('',#4632,1.);
#301=VECTOR('',#4641,1.);
#302=VECTOR('',#4642,1.);
#303=VECTOR('',#4647,1.);
#304=VECTOR('',#4648,1.);
#305=VECTOR('',#4655,1.);
#306=VECTOR('',#4656,1.);
#307=VECTOR('',#4657,1.);
#308=VECTOR('',#4660,1.);
#309=VECTOR('',#4661,1.);
#310=VECTOR('',#4662,1.);
#311=VECTOR('',#4665,1.);
#312=VECTOR('',#4666,1.);
#313=VECTOR('',#4667,1.);
#314=VECTOR('',#4670,1.);
#315=VECTOR('',#4671,1.);
#316=VECTOR('',#4672,1.);
#317=VECTOR('',#4675,1.);
#318=VECTOR('',#4680,1.);
#319=VECTOR('',#4683,1.);
#320=VECTOR('',#4686,1.);
#321=VECTOR('',#4691,1.);
#322=VECTOR('',#4692,1.);
#323=VECTOR('',#4693,1.);
#324=VECTOR('',#4696,1.);
#325=VECTOR('',#4697,1.);
#326=VECTOR('',#4698,1.);
#327=VECTOR('',#4703,1.);
#328=VECTOR('',#4704,1.);
#329=VECTOR('',#4709,1.);
#330=VECTOR('',#4710,1.);
#331=VECTOR('',#4713,1.);
#332=VECTOR('',#4720,1.);
#333=VECTOR('',#4721,1.);
#334=VECTOR('',#4730,1.);
#335=VECTOR('',#4771,1.);
#336=VECTOR('',#4776,1.);
#337=VECTOR('',#4791,1.);
#338=VECTOR('',#4794,1.);
#339=VECTOR('',#4797,1.);
#340=VECTOR('',#4800,1.);
#341=VECTOR('',#4801,1.);
#342=VECTOR('',#4802,1.);
#343=VECTOR('',#4807,1.);
#344=VECTOR('',#4810,1.);
#345=VECTOR('',#4813,1.);
#346=VECTOR('',#4820,1.);
#347=VECTOR('',#4821,1.);
#348=VECTOR('',#4822,1.);
#349=VECTOR('',#4823,1.);
#350=VECTOR('',#4836,1.);
#351=VECTOR('',#4839,1.);
#352=VECTOR('',#4842,1.);
#353=VECTOR('',#4849,1.);
#354=VECTOR('',#4852,1.);
#355=VECTOR('',#4853,1.);
#356=VECTOR('',#4856,1.);
#357=VECTOR('',#4859,1.);
#358=VECTOR('',#4864,1.);
#359=VECTOR('',#4865,1.);
#360=VECTOR('',#4868,1.);
#361=VECTOR('',#4873,1.);
#362=VECTOR('',#4874,1.);
#363=VECTOR('',#4877,1.);
#364=VECTOR('',#4880,1.);
#365=VECTOR('',#4883,1.);
#366=VECTOR('',#4884,1.);
#367=VECTOR('',#4887,1.);
#368=VECTOR('',#4892,1.);
#369=VECTOR('',#4895,1.);
#370=VECTOR('',#4898,1.);
#371=VECTOR('',#4899,1.);
#372=VECTOR('',#4902,1.);
#373=VECTOR('',#4907,1.);
#374=VECTOR('',#4914,1.);
#375=VECTOR('',#4917,1.);
#376=VECTOR('',#4922,1.);
#377=VECTOR('',#4939,1.);
#378=VECTOR('',#4942,1.);
#379=VECTOR('',#4951,1.);
#380=VECTOR('',#4954,1.);
#381=VECTOR('',#4963,1.);
#382=VECTOR('',#4966,1.);
#383=VECTOR('',#4979,1.);
#384=VECTOR('',#4996,1.);
#385=VECTOR('',#4997,1.);
#386=VECTOR('',#5000,1.);
#387=VECTOR('',#5005,1.);
#388=VECTOR('',#5008,1.);
#389=VECTOR('',#5011,1.);
#390=VECTOR('',#5014,1.);
#391=VECTOR('',#5017,1.);
#392=VECTOR('',#5018,1.);
#393=VECTOR('',#5021,1.);
#394=VECTOR('',#5024,1.);
#395=VECTOR('',#5025,1.);
#396=VECTOR('',#5030,1.);
#397=VECTOR('',#5033,1.);
#398=VECTOR('',#5038,1.);
#399=VECTOR('',#5039,1.);
#400=VECTOR('',#5042,1.);
#401=VECTOR('',#5047,1.);
#402=VECTOR('',#5048,1.);
#403=VECTOR('',#5053,1.);
#404=VECTOR('',#5054,1.);
#405=VECTOR('',#5059,1.);
#406=VECTOR('',#5062,1.);
#407=VECTOR('',#5067,1.);
#408=VECTOR('',#5070,1.);
#409=VECTOR('',#5071,1.);
#410=VECTOR('',#5074,1.);
#411=VECTOR('',#5077,1.);
#412=VECTOR('',#5082,1.);
#413=VECTOR('',#5099,1.);
#414=VECTOR('',#5100,1.);
#415=VECTOR('',#5101,1.);
#416=VECTOR('',#5102,1.);
#417=VECTOR('',#5107,1.);
#418=VECTOR('',#5110,1.);
#419=VECTOR('',#5111,1.);
#420=VECTOR('',#5112,1.);
#421=VECTOR('',#5135,1.);
#422=VECTOR('',#5136,1.);
#423=VECTOR('',#5137,1.);
#424=VECTOR('',#5142,1.);
#425=VECTOR('',#5143,1.);
#426=VECTOR('',#5144,1.);
#427=VECTOR('',#5149,1.);
#428=VECTOR('',#5152,1.);
#429=VECTOR('',#5153,1.);
#430=VECTOR('',#5156,1.);
#431=PLANE('',#3875);
#432=PLANE('',#3876);
#433=PLANE('',#3881);
#434=PLANE('',#3885);
#435=PLANE('',#3903);
#436=PLANE('',#3905);
#437=PLANE('',#3913);
#438=PLANE('',#3920);
#439=PLANE('',#3927);
#440=PLANE('',#3929);
#441=PLANE('',#3936);
#442=PLANE('',#3945);
#443=PLANE('',#3953);
#444=PLANE('',#3959);
#445=PLANE('',#3965);
#446=PLANE('',#3971);
#447=PLANE('',#3977);
#448=PLANE('',#3984);
#449=PLANE('',#3990);
#450=PLANE('',#3991);
#451=PLANE('',#4001);
#452=PLANE('',#4002);
#453=PLANE('',#4015);
#454=PLANE('',#4016);
#455=PLANE('',#4024);
#456=PLANE('',#4025);
#457=PLANE('',#4026);
#458=PLANE('',#4038);
#459=PLANE('',#4041);
#460=PLANE('',#4042);
#461=PLANE('',#4043);
#462=PLANE('',#4044);
#463=PLANE('',#4051);
#464=PLANE('',#4052);
#465=PLANE('',#4056);
#466=PLANE('',#4082);
#467=PLANE('',#4084);
#468=PLANE('',#4085);
#469=PLANE('',#4086);
#470=PLANE('',#4087);
#471=PLANE('',#4088);
#472=PLANE('',#4090);
#473=PLANE('',#4096);
#474=PLANE('',#4097);
#475=PLANE('',#4103);
#476=PLANE('',#4107);
#477=PLANE('',#4119);
#478=PLANE('',#4122);
#479=PLANE('',#4125);
#480=PLANE('',#4130);
#481=PLANE('',#4140);
#482=PLANE('',#4146);
#483=PLANE('',#4176);
#484=PLANE('',#4180);
#485=PLANE('',#4182);
#486=PLANE('',#4190);
#487=PLANE('',#4195);
#488=PLANE('',#4203);
#489=PLANE('',#4207);
#490=PLANE('',#4208);
#491=PLANE('',#4209);
#492=PLANE('',#4212);
#493=PLANE('',#4213);
#494=PLANE('',#4215);
#495=PLANE('',#4217);
#496=PLANE('',#4222);
#497=PLANE('',#4225);
#498=PLANE('',#4228);
#499=PLANE('',#4229);
#500=PLANE('',#4230);
#501=ORIENTED_EDGE('',*,*,#1335,.F.);
#502=ORIENTED_EDGE('',*,*,#1336,.F.);
#503=ORIENTED_EDGE('',*,*,#1335,.T.);
#504=ORIENTED_EDGE('',*,*,#1337,.T.);
#505=ORIENTED_EDGE('',*,*,#1338,.T.);
#506=ORIENTED_EDGE('',*,*,#1339,.F.);
#507=ORIENTED_EDGE('',*,*,#1337,.F.);
#508=ORIENTED_EDGE('',*,*,#1339,.T.);
#509=ORIENTED_EDGE('',*,*,#1336,.T.);
#510=ORIENTED_EDGE('',*,*,#1338,.F.);
#511=ORIENTED_EDGE('',*,*,#1340,.F.);
#512=ORIENTED_EDGE('',*,*,#1341,.F.);
#513=ORIENTED_EDGE('',*,*,#1342,.T.);
#514=ORIENTED_EDGE('',*,*,#1341,.T.);
#515=ORIENTED_EDGE('',*,*,#1343,.T.);
#516=ORIENTED_EDGE('',*,*,#1344,.F.);
#517=ORIENTED_EDGE('',*,*,#1345,.T.);
#518=ORIENTED_EDGE('',*,*,#1346,.F.);
#519=ORIENTED_EDGE('',*,*,#1347,.T.);
#520=ORIENTED_EDGE('',*,*,#1348,.F.);
#521=ORIENTED_EDGE('',*,*,#1349,.T.);
#522=ORIENTED_EDGE('',*,*,#1350,.F.);
#523=ORIENTED_EDGE('',*,*,#1351,.T.);
#524=ORIENTED_EDGE('',*,*,#1352,.F.);
#525=ORIENTED_EDGE('',*,*,#1353,.T.);
#526=ORIENTED_EDGE('',*,*,#1354,.F.);
#527=ORIENTED_EDGE('',*,*,#1355,.T.);
#528=ORIENTED_EDGE('',*,*,#1356,.F.);
#529=ORIENTED_EDGE('',*,*,#1357,.T.);
#530=ORIENTED_EDGE('',*,*,#1358,.F.);
#531=ORIENTED_EDGE('',*,*,#1359,.F.);
#532=ORIENTED_EDGE('',*,*,#1360,.F.);
#533=ORIENTED_EDGE('',*,*,#1361,.F.);
#534=ORIENTED_EDGE('',*,*,#1362,.F.);
#535=ORIENTED_EDGE('',*,*,#1363,.F.);
#536=ORIENTED_EDGE('',*,*,#1364,.F.);
#537=ORIENTED_EDGE('',*,*,#1365,.F.);
#538=ORIENTED_EDGE('',*,*,#1366,.F.);
#539=ORIENTED_EDGE('',*,*,#1367,.F.);
#540=ORIENTED_EDGE('',*,*,#1368,.F.);
#541=ORIENTED_EDGE('',*,*,#1369,.F.);
#542=ORIENTED_EDGE('',*,*,#1370,.F.);
#543=ORIENTED_EDGE('',*,*,#1371,.F.);
#544=ORIENTED_EDGE('',*,*,#1372,.F.);
#545=ORIENTED_EDGE('',*,*,#1373,.T.);
#546=ORIENTED_EDGE('',*,*,#1374,.F.);
#547=ORIENTED_EDGE('',*,*,#1375,.T.);
#548=ORIENTED_EDGE('',*,*,#1376,.F.);
#549=ORIENTED_EDGE('',*,*,#1377,.F.);
#550=ORIENTED_EDGE('',*,*,#1378,.F.);
#551=ORIENTED_EDGE('',*,*,#1379,.F.);
#552=ORIENTED_EDGE('',*,*,#1380,.F.);
#553=ORIENTED_EDGE('',*,*,#1381,.F.);
#554=ORIENTED_EDGE('',*,*,#1382,.F.);
#555=ORIENTED_EDGE('',*,*,#1383,.F.);
#556=ORIENTED_EDGE('',*,*,#1384,.F.);
#557=ORIENTED_EDGE('',*,*,#1385,.F.);
#558=ORIENTED_EDGE('',*,*,#1386,.F.);
#559=ORIENTED_EDGE('',*,*,#1387,.F.);
#560=ORIENTED_EDGE('',*,*,#1388,.F.);
#561=ORIENTED_EDGE('',*,*,#1362,.T.);
#562=ORIENTED_EDGE('',*,*,#1389,.F.);
#563=ORIENTED_EDGE('',*,*,#1390,.F.);
#564=ORIENTED_EDGE('',*,*,#1391,.F.);
#565=ORIENTED_EDGE('',*,*,#1392,.F.);
#566=ORIENTED_EDGE('',*,*,#1393,.F.);
#567=ORIENTED_EDGE('',*,*,#1394,.F.);
#568=ORIENTED_EDGE('',*,*,#1395,.F.);
#569=ORIENTED_EDGE('',*,*,#1396,.F.);
#570=ORIENTED_EDGE('',*,*,#1397,.T.);
#571=ORIENTED_EDGE('',*,*,#1398,.F.);
#572=ORIENTED_EDGE('',*,*,#1399,.T.);
#573=ORIENTED_EDGE('',*,*,#1400,.F.);
#574=ORIENTED_EDGE('',*,*,#1401,.F.);
#575=ORIENTED_EDGE('',*,*,#1402,.F.);
#576=ORIENTED_EDGE('',*,*,#1403,.F.);
#577=ORIENTED_EDGE('',*,*,#1404,.F.);
#578=ORIENTED_EDGE('',*,*,#1405,.F.);
#579=ORIENTED_EDGE('',*,*,#1406,.F.);
#580=ORIENTED_EDGE('',*,*,#1407,.F.);
#581=ORIENTED_EDGE('',*,*,#1408,.F.);
#582=ORIENTED_EDGE('',*,*,#1397,.F.);
#583=ORIENTED_EDGE('',*,*,#1409,.F.);
#584=ORIENTED_EDGE('',*,*,#1375,.F.);
#585=ORIENTED_EDGE('',*,*,#1410,.F.);
#586=ORIENTED_EDGE('',*,*,#1360,.T.);
#587=ORIENTED_EDGE('',*,*,#1411,.F.);
#588=ORIENTED_EDGE('',*,*,#1412,.F.);
#589=ORIENTED_EDGE('',*,*,#1413,.F.);
#590=ORIENTED_EDGE('',*,*,#1414,.F.);
#591=ORIENTED_EDGE('',*,*,#1415,.F.);
#592=ORIENTED_EDGE('',*,*,#1416,.F.);
#593=ORIENTED_EDGE('',*,*,#1417,.F.);
#594=ORIENTED_EDGE('',*,*,#1399,.F.);
#595=ORIENTED_EDGE('',*,*,#1418,.F.);
#596=ORIENTED_EDGE('',*,*,#1373,.F.);
#597=ORIENTED_EDGE('',*,*,#1419,.F.);
#598=ORIENTED_EDGE('',*,*,#1420,.F.);
#599=ORIENTED_EDGE('',*,*,#1421,.F.);
#600=ORIENTED_EDGE('',*,*,#1422,.T.);
#601=ORIENTED_EDGE('',*,*,#1423,.F.);
#602=ORIENTED_EDGE('',*,*,#1424,.F.);
#603=ORIENTED_EDGE('',*,*,#1425,.F.);
#604=ORIENTED_EDGE('',*,*,#1422,.F.);
#605=ORIENTED_EDGE('',*,*,#1426,.F.);
#606=ORIENTED_EDGE('',*,*,#1424,.T.);
#607=ORIENTED_EDGE('',*,*,#1427,.F.);
#608=ORIENTED_EDGE('',*,*,#1428,.F.);
#609=ORIENTED_EDGE('',*,*,#1429,.F.);
#610=ORIENTED_EDGE('',*,*,#1430,.F.);
#611=ORIENTED_EDGE('',*,*,#1431,.F.);
#612=ORIENTED_EDGE('',*,*,#1432,.F.);
#613=ORIENTED_EDGE('',*,*,#1433,.F.);
#614=ORIENTED_EDGE('',*,*,#1434,.F.);
#615=ORIENTED_EDGE('',*,*,#1435,.F.);
#616=ORIENTED_EDGE('',*,*,#1436,.F.);
#617=ORIENTED_EDGE('',*,*,#1437,.F.);
#618=ORIENTED_EDGE('',*,*,#1438,.T.);
#619=ORIENTED_EDGE('',*,*,#1439,.F.);
#620=ORIENTED_EDGE('',*,*,#1440,.F.);
#621=ORIENTED_EDGE('',*,*,#1441,.F.);
#622=ORIENTED_EDGE('',*,*,#1442,.F.);
#623=ORIENTED_EDGE('',*,*,#1443,.F.);
#624=ORIENTED_EDGE('',*,*,#1444,.F.);
#625=ORIENTED_EDGE('',*,*,#1445,.F.);
#626=ORIENTED_EDGE('',*,*,#1430,.T.);
#627=ORIENTED_EDGE('',*,*,#1446,.F.);
#628=ORIENTED_EDGE('',*,*,#1447,.T.);
#629=ORIENTED_EDGE('',*,*,#1448,.F.);
#630=ORIENTED_EDGE('',*,*,#1449,.F.);
#631=ORIENTED_EDGE('',*,*,#1450,.F.);
#632=ORIENTED_EDGE('',*,*,#1451,.F.);
#633=ORIENTED_EDGE('',*,*,#1452,.F.);
#634=ORIENTED_EDGE('',*,*,#1447,.F.);
#635=ORIENTED_EDGE('',*,*,#1453,.F.);
#636=ORIENTED_EDGE('',*,*,#1438,.F.);
#637=ORIENTED_EDGE('',*,*,#1454,.F.);
#638=ORIENTED_EDGE('',*,*,#1432,.T.);
#639=ORIENTED_EDGE('',*,*,#1455,.F.);
#640=ORIENTED_EDGE('',*,*,#1456,.F.);
#641=ORIENTED_EDGE('',*,*,#1457,.F.);
#642=ORIENTED_EDGE('',*,*,#1458,.F.);
#643=ORIENTED_EDGE('',*,*,#1459,.F.);
#644=ORIENTED_EDGE('',*,*,#1460,.F.);
#645=ORIENTED_EDGE('',*,*,#1416,.T.);
#646=ORIENTED_EDGE('',*,*,#1461,.F.);
#647=ORIENTED_EDGE('',*,*,#1462,.F.);
#648=ORIENTED_EDGE('',*,*,#1463,.T.);
#649=ORIENTED_EDGE('',*,*,#1383,.T.);
#650=ORIENTED_EDGE('',*,*,#1464,.T.);
#651=ORIENTED_EDGE('',*,*,#1465,.F.);
#652=ORIENTED_EDGE('',*,*,#1466,.F.);
#653=ORIENTED_EDGE('',*,*,#1414,.T.);
#654=ORIENTED_EDGE('',*,*,#1467,.T.);
#655=ORIENTED_EDGE('',*,*,#1468,.T.);
#656=ORIENTED_EDGE('',*,*,#1469,.T.);
#657=ORIENTED_EDGE('',*,*,#1413,.T.);
#658=ORIENTED_EDGE('',*,*,#1470,.F.);
#659=ORIENTED_EDGE('',*,*,#1471,.F.);
#660=ORIENTED_EDGE('',*,*,#1467,.F.);
#661=ORIENTED_EDGE('',*,*,#1412,.T.);
#662=ORIENTED_EDGE('',*,*,#1472,.T.);
#663=ORIENTED_EDGE('',*,*,#1473,.T.);
#664=ORIENTED_EDGE('',*,*,#1470,.T.);
#665=ORIENTED_EDGE('',*,*,#1382,.T.);
#666=ORIENTED_EDGE('',*,*,#1361,.T.);
#667=ORIENTED_EDGE('',*,*,#1410,.T.);
#668=ORIENTED_EDGE('',*,*,#1463,.F.);
#669=ORIENTED_EDGE('',*,*,#1474,.F.);
#670=ORIENTED_EDGE('',*,*,#1475,.T.);
#671=ORIENTED_EDGE('',*,*,#1390,.T.);
#672=ORIENTED_EDGE('',*,*,#1408,.T.);
#673=ORIENTED_EDGE('',*,*,#1374,.T.);
#674=ORIENTED_EDGE('',*,*,#1476,.T.);
#675=ORIENTED_EDGE('',*,*,#1477,.F.);
#676=ORIENTED_EDGE('',*,*,#1464,.F.);
#677=ORIENTED_EDGE('',*,*,#1391,.T.);
#678=ORIENTED_EDGE('',*,*,#1475,.F.);
#679=ORIENTED_EDGE('',*,*,#1478,.F.);
#680=ORIENTED_EDGE('',*,*,#1479,.F.);
#681=ORIENTED_EDGE('',*,*,#1381,.T.);
#682=ORIENTED_EDGE('',*,*,#1480,.F.);
#683=ORIENTED_EDGE('',*,*,#1481,.F.);
#684=ORIENTED_EDGE('',*,*,#1476,.F.);
#685=ORIENTED_EDGE('',*,*,#1415,.T.);
#686=ORIENTED_EDGE('',*,*,#1469,.F.);
#687=ORIENTED_EDGE('',*,*,#1482,.F.);
#688=ORIENTED_EDGE('',*,*,#1461,.T.);
#689=ORIENTED_EDGE('',*,*,#1392,.T.);
#690=ORIENTED_EDGE('',*,*,#1479,.T.);
#691=ORIENTED_EDGE('',*,*,#1483,.F.);
#692=ORIENTED_EDGE('',*,*,#1484,.F.);
#693=ORIENTED_EDGE('',*,*,#1393,.T.);
#694=ORIENTED_EDGE('',*,*,#1484,.T.);
#695=ORIENTED_EDGE('',*,*,#1485,.T.);
#696=ORIENTED_EDGE('',*,*,#1486,.T.);
#697=ORIENTED_EDGE('',*,*,#1379,.T.);
#698=ORIENTED_EDGE('',*,*,#1487,.T.);
#699=ORIENTED_EDGE('',*,*,#1488,.T.);
#700=ORIENTED_EDGE('',*,*,#1489,.T.);
#701=ORIENTED_EDGE('',*,*,#1364,.T.);
#702=ORIENTED_EDGE('',*,*,#1418,.T.);
#703=ORIENTED_EDGE('',*,*,#1398,.T.);
#704=ORIENTED_EDGE('',*,*,#1490,.F.);
#705=ORIENTED_EDGE('',*,*,#1491,.F.);
#706=ORIENTED_EDGE('',*,*,#1492,.T.);
#707=ORIENTED_EDGE('',*,*,#1493,.T.);
#708=ORIENTED_EDGE('',*,*,#1494,.F.);
#709=ORIENTED_EDGE('',*,*,#1495,.T.);
#710=ORIENTED_EDGE('',*,*,#1496,.F.);
#711=ORIENTED_EDGE('',*,*,#1395,.T.);
#712=ORIENTED_EDGE('',*,*,#1497,.F.);
#713=ORIENTED_EDGE('',*,*,#1498,.F.);
#714=ORIENTED_EDGE('',*,*,#1499,.T.);
#715=ORIENTED_EDGE('',*,*,#1377,.T.);
#716=ORIENTED_EDGE('',*,*,#1500,.T.);
#717=ORIENTED_EDGE('',*,*,#1501,.F.);
#718=ORIENTED_EDGE('',*,*,#1502,.F.);
#719=ORIENTED_EDGE('',*,*,#1376,.T.);
#720=ORIENTED_EDGE('',*,*,#1409,.T.);
#721=ORIENTED_EDGE('',*,*,#1396,.T.);
#722=ORIENTED_EDGE('',*,*,#1499,.F.);
#723=ORIENTED_EDGE('',*,*,#1503,.F.);
#724=ORIENTED_EDGE('',*,*,#1504,.T.);
#725=ORIENTED_EDGE('',*,*,#1400,.T.);
#726=ORIENTED_EDGE('',*,*,#1417,.T.);
#727=ORIENTED_EDGE('',*,*,#1372,.T.);
#728=ORIENTED_EDGE('',*,*,#1505,.T.);
#729=ORIENTED_EDGE('',*,*,#1506,.F.);
#730=ORIENTED_EDGE('',*,*,#1500,.F.);
#731=ORIENTED_EDGE('',*,*,#1407,.T.);
#732=ORIENTED_EDGE('',*,*,#1507,.T.);
#733=ORIENTED_EDGE('',*,*,#1508,.T.);
#734=ORIENTED_EDGE('',*,*,#1490,.T.);
#735=ORIENTED_EDGE('',*,*,#1365,.T.);
#736=ORIENTED_EDGE('',*,*,#1496,.T.);
#737=ORIENTED_EDGE('',*,*,#1509,.T.);
#738=ORIENTED_EDGE('',*,*,#1510,.T.);
#739=ORIENTED_EDGE('',*,*,#1406,.T.);
#740=ORIENTED_EDGE('',*,*,#1511,.F.);
#741=ORIENTED_EDGE('',*,*,#1512,.F.);
#742=ORIENTED_EDGE('',*,*,#1507,.F.);
#743=ORIENTED_EDGE('',*,*,#1366,.T.);
#744=ORIENTED_EDGE('',*,*,#1510,.F.);
#745=ORIENTED_EDGE('',*,*,#1513,.T.);
#746=ORIENTED_EDGE('',*,*,#1514,.F.);
#747=ORIENTED_EDGE('',*,*,#1401,.T.);
#748=ORIENTED_EDGE('',*,*,#1504,.F.);
#749=ORIENTED_EDGE('',*,*,#1515,.F.);
#750=ORIENTED_EDGE('',*,*,#1516,.F.);
#751=ORIENTED_EDGE('',*,*,#1405,.T.);
#752=ORIENTED_EDGE('',*,*,#1517,.T.);
#753=ORIENTED_EDGE('',*,*,#1518,.T.);
#754=ORIENTED_EDGE('',*,*,#1511,.T.);
#755=ORIENTED_EDGE('',*,*,#1367,.T.);
#756=ORIENTED_EDGE('',*,*,#1514,.T.);
#757=ORIENTED_EDGE('',*,*,#1519,.T.);
#758=ORIENTED_EDGE('',*,*,#1520,.T.);
#759=ORIENTED_EDGE('',*,*,#1402,.T.);
#760=ORIENTED_EDGE('',*,*,#1516,.T.);
#761=ORIENTED_EDGE('',*,*,#1521,.F.);
#762=ORIENTED_EDGE('',*,*,#1522,.F.);
#763=ORIENTED_EDGE('',*,*,#1394,.T.);
#764=ORIENTED_EDGE('',*,*,#1486,.F.);
#765=ORIENTED_EDGE('',*,*,#1523,.F.);
#766=ORIENTED_EDGE('',*,*,#1497,.T.);
#767=ORIENTED_EDGE('',*,*,#1378,.T.);
#768=ORIENTED_EDGE('',*,*,#1502,.T.);
#769=ORIENTED_EDGE('',*,*,#1524,.T.);
#770=ORIENTED_EDGE('',*,*,#1525,.T.);
#771=ORIENTED_EDGE('',*,*,#1370,.T.);
#772=ORIENTED_EDGE('',*,*,#1526,.F.);
#773=ORIENTED_EDGE('',*,*,#1527,.T.);
#774=ORIENTED_EDGE('',*,*,#1487,.F.);
#775=ORIENTED_EDGE('',*,*,#1404,.T.);
#776=ORIENTED_EDGE('',*,*,#1528,.F.);
#777=ORIENTED_EDGE('',*,*,#1529,.F.);
#778=ORIENTED_EDGE('',*,*,#1517,.F.);
#779=ORIENTED_EDGE('',*,*,#1403,.T.);
#780=ORIENTED_EDGE('',*,*,#1522,.T.);
#781=ORIENTED_EDGE('',*,*,#1530,.T.);
#782=ORIENTED_EDGE('',*,*,#1528,.T.);
#783=ORIENTED_EDGE('',*,*,#1420,.T.);
#784=ORIENTED_EDGE('',*,*,#1531,.F.);
#785=ORIENTED_EDGE('',*,*,#1532,.F.);
#786=ORIENTED_EDGE('',*,*,#1533,.F.);
#787=ORIENTED_EDGE('',*,*,#1428,.T.);
#788=ORIENTED_EDGE('',*,*,#1534,.F.);
#789=ORIENTED_EDGE('',*,*,#1535,.F.);
#790=ORIENTED_EDGE('',*,*,#1536,.F.);
#791=ORIENTED_EDGE('',*,*,#1440,.T.);
#792=ORIENTED_EDGE('',*,*,#1537,.T.);
#793=ORIENTED_EDGE('',*,*,#1538,.F.);
#794=ORIENTED_EDGE('',*,*,#1539,.F.);
#795=ORIENTED_EDGE('',*,*,#1460,.T.);
#796=ORIENTED_EDGE('',*,*,#1540,.F.);
#797=ORIENTED_EDGE('',*,*,#1541,.F.);
#798=ORIENTED_EDGE('',*,*,#1542,.T.);
#799=ORIENTED_EDGE('',*,*,#1459,.T.);
#800=ORIENTED_EDGE('',*,*,#1543,.F.);
#801=ORIENTED_EDGE('',*,*,#1544,.F.);
#802=ORIENTED_EDGE('',*,*,#1540,.T.);
#803=ORIENTED_EDGE('',*,*,#1442,.T.);
#804=ORIENTED_EDGE('',*,*,#1545,.T.);
#805=ORIENTED_EDGE('',*,*,#1546,.T.);
#806=ORIENTED_EDGE('',*,*,#1547,.T.);
#807=ORIENTED_EDGE('',*,*,#1458,.T.);
#808=ORIENTED_EDGE('',*,*,#1548,.T.);
#809=ORIENTED_EDGE('',*,*,#1549,.T.);
#810=ORIENTED_EDGE('',*,*,#1543,.T.);
#811=ORIENTED_EDGE('',*,*,#1444,.T.);
#812=ORIENTED_EDGE('',*,*,#1550,.F.);
#813=ORIENTED_EDGE('',*,*,#1551,.F.);
#814=ORIENTED_EDGE('',*,*,#1552,.F.);
#815=ORIENTED_EDGE('',*,*,#1456,.T.);
#816=ORIENTED_EDGE('',*,*,#1553,.F.);
#817=ORIENTED_EDGE('',*,*,#1554,.F.);
#818=ORIENTED_EDGE('',*,*,#1555,.F.);
#819=ORIENTED_EDGE('',*,*,#1455,.T.);
#820=ORIENTED_EDGE('',*,*,#1431,.T.);
#821=ORIENTED_EDGE('',*,*,#1445,.T.);
#822=ORIENTED_EDGE('',*,*,#1552,.T.);
#823=ORIENTED_EDGE('',*,*,#1556,.F.);
#824=ORIENTED_EDGE('',*,*,#1557,.F.);
#825=ORIENTED_EDGE('',*,*,#1433,.T.);
#826=ORIENTED_EDGE('',*,*,#1453,.T.);
#827=ORIENTED_EDGE('',*,*,#1446,.T.);
#828=ORIENTED_EDGE('',*,*,#1558,.F.);
#829=ORIENTED_EDGE('',*,*,#1559,.F.);
#830=ORIENTED_EDGE('',*,*,#1553,.T.);
#831=ORIENTED_EDGE('',*,*,#1451,.T.);
#832=ORIENTED_EDGE('',*,*,#1560,.F.);
#833=ORIENTED_EDGE('',*,*,#1561,.F.);
#834=ORIENTED_EDGE('',*,*,#1558,.T.);
#835=ORIENTED_EDGE('',*,*,#1450,.T.);
#836=ORIENTED_EDGE('',*,*,#1562,.F.);
#837=ORIENTED_EDGE('',*,*,#1563,.F.);
#838=ORIENTED_EDGE('',*,*,#1560,.T.);
#839=ORIENTED_EDGE('',*,*,#1443,.T.);
#840=ORIENTED_EDGE('',*,*,#1547,.F.);
#841=ORIENTED_EDGE('',*,*,#1564,.F.);
#842=ORIENTED_EDGE('',*,*,#1565,.F.);
#843=ORIENTED_EDGE('',*,*,#1435,.T.);
#844=ORIENTED_EDGE('',*,*,#1566,.T.);
#845=ORIENTED_EDGE('',*,*,#1567,.T.);
#846=ORIENTED_EDGE('',*,*,#1550,.T.);
#847=ORIENTED_EDGE('',*,*,#1457,.T.);
#848=ORIENTED_EDGE('',*,*,#1555,.T.);
#849=ORIENTED_EDGE('',*,*,#1568,.F.);
#850=ORIENTED_EDGE('',*,*,#1548,.F.);
#851=ORIENTED_EDGE('',*,*,#1449,.T.);
#852=ORIENTED_EDGE('',*,*,#1569,.T.);
#853=ORIENTED_EDGE('',*,*,#1570,.T.);
#854=ORIENTED_EDGE('',*,*,#1562,.T.);
#855=ORIENTED_EDGE('',*,*,#1571,.F.);
#856=ORIENTED_EDGE('',*,*,#1389,.T.);
#857=ORIENTED_EDGE('',*,*,#1427,.T.);
#858=ORIENTED_EDGE('',*,*,#1423,.T.);
#859=ORIENTED_EDGE('',*,*,#1421,.T.);
#860=ORIENTED_EDGE('',*,*,#1533,.T.);
#861=ORIENTED_EDGE('',*,*,#1572,.F.);
#862=ORIENTED_EDGE('',*,*,#1537,.F.);
#863=ORIENTED_EDGE('',*,*,#1439,.T.);
#864=ORIENTED_EDGE('',*,*,#1429,.T.);
#865=ORIENTED_EDGE('',*,*,#1454,.T.);
#866=ORIENTED_EDGE('',*,*,#1542,.F.);
#867=ORIENTED_EDGE('',*,*,#1573,.F.);
#868=ORIENTED_EDGE('',*,*,#1534,.T.);
#869=ORIENTED_EDGE('',*,*,#1363,.T.);
#870=ORIENTED_EDGE('',*,*,#1574,.F.);
#871=ORIENTED_EDGE('',*,*,#1575,.F.);
#872=ORIENTED_EDGE('',*,*,#1576,.F.);
#873=ORIENTED_EDGE('',*,*,#1577,.F.);
#874=ORIENTED_EDGE('',*,*,#1578,.F.);
#875=ORIENTED_EDGE('',*,*,#1579,.F.);
#876=ORIENTED_EDGE('',*,*,#1580,.F.);
#877=ORIENTED_EDGE('',*,*,#1532,.T.);
#878=ORIENTED_EDGE('',*,*,#1581,.F.);
#879=ORIENTED_EDGE('',*,*,#1538,.T.);
#880=ORIENTED_EDGE('',*,*,#1572,.T.);
#881=ORIENTED_EDGE('',*,*,#1576,.T.);
#882=ORIENTED_EDGE('',*,*,#1371,.T.);
#883=ORIENTED_EDGE('',*,*,#1525,.F.);
#884=ORIENTED_EDGE('',*,*,#1582,.F.);
#885=ORIENTED_EDGE('',*,*,#1505,.F.);
#886=ORIENTED_EDGE('',*,*,#1582,.T.);
#887=ORIENTED_EDGE('',*,*,#1524,.F.);
#888=ORIENTED_EDGE('',*,*,#1501,.T.);
#889=ORIENTED_EDGE('',*,*,#1506,.T.);
#890=ORIENTED_EDGE('',*,*,#1574,.T.);
#891=ORIENTED_EDGE('',*,*,#1434,.T.);
#892=ORIENTED_EDGE('',*,*,#1557,.T.);
#893=ORIENTED_EDGE('',*,*,#1583,.F.);
#894=ORIENTED_EDGE('',*,*,#1566,.F.);
#895=ORIENTED_EDGE('',*,*,#1583,.T.);
#896=ORIENTED_EDGE('',*,*,#1556,.T.);
#897=ORIENTED_EDGE('',*,*,#1551,.T.);
#898=ORIENTED_EDGE('',*,*,#1567,.F.);
#899=ORIENTED_EDGE('',*,*,#1578,.T.);
#900=ORIENTED_EDGE('',*,*,#1584,.F.);
#901=ORIENTED_EDGE('',*,*,#1465,.T.);
#902=ORIENTED_EDGE('',*,*,#1477,.T.);
#903=ORIENTED_EDGE('',*,*,#1481,.T.);
#904=ORIENTED_EDGE('',*,*,#1580,.T.);
#905=ORIENTED_EDGE('',*,*,#1585,.F.);
#906=ORIENTED_EDGE('',*,*,#1586,.F.);
#907=ORIENTED_EDGE('',*,*,#1587,.F.);
#908=ORIENTED_EDGE('',*,*,#1588,.F.);
#909=ORIENTED_EDGE('',*,*,#1589,.F.);
#910=ORIENTED_EDGE('',*,*,#1590,.F.);
#911=ORIENTED_EDGE('',*,*,#1591,.F.);
#912=ORIENTED_EDGE('',*,*,#1592,.F.);
#913=ORIENTED_EDGE('',*,*,#1593,.F.);
#914=ORIENTED_EDGE('',*,*,#1594,.T.);
#915=ORIENTED_EDGE('',*,*,#1595,.F.);
#916=ORIENTED_EDGE('',*,*,#1355,.F.);
#917=ORIENTED_EDGE('',*,*,#1596,.F.);
#918=ORIENTED_EDGE('',*,*,#1597,.F.);
#919=ORIENTED_EDGE('',*,*,#1598,.F.);
#920=ORIENTED_EDGE('',*,*,#1599,.F.);
#921=ORIENTED_EDGE('',*,*,#1600,.F.);
#922=ORIENTED_EDGE('',*,*,#1601,.F.);
#923=ORIENTED_EDGE('',*,*,#1602,.F.);
#924=ORIENTED_EDGE('',*,*,#1603,.F.);
#925=ORIENTED_EDGE('',*,*,#1594,.F.);
#926=ORIENTED_EDGE('',*,*,#1604,.F.);
#927=ORIENTED_EDGE('',*,*,#1605,.T.);
#928=ORIENTED_EDGE('',*,*,#1606,.F.);
#929=ORIENTED_EDGE('',*,*,#1607,.F.);
#930=ORIENTED_EDGE('',*,*,#1492,.F.);
#931=ORIENTED_EDGE('',*,*,#1608,.F.);
#932=ORIENTED_EDGE('',*,*,#1606,.T.);
#933=ORIENTED_EDGE('',*,*,#1609,.T.);
#934=ORIENTED_EDGE('',*,*,#1610,.F.);
#935=ORIENTED_EDGE('',*,*,#1611,.F.);
#936=ORIENTED_EDGE('',*,*,#1612,.F.);
#937=ORIENTED_EDGE('',*,*,#1613,.F.);
#938=ORIENTED_EDGE('',*,*,#1614,.F.);
#939=ORIENTED_EDGE('',*,*,#1615,.F.);
#940=ORIENTED_EDGE('',*,*,#1616,.F.);
#941=ORIENTED_EDGE('',*,*,#1617,.F.);
#942=ORIENTED_EDGE('',*,*,#1493,.F.);
#943=ORIENTED_EDGE('',*,*,#1609,.F.);
#944=ORIENTED_EDGE('',*,*,#1605,.F.);
#945=ORIENTED_EDGE('',*,*,#1618,.F.);
#946=ORIENTED_EDGE('',*,*,#1619,.F.);
#947=ORIENTED_EDGE('',*,*,#1620,.T.);
#948=ORIENTED_EDGE('',*,*,#1621,.F.);
#949=ORIENTED_EDGE('',*,*,#1586,.T.);
#950=ORIENTED_EDGE('',*,*,#1622,.F.);
#951=ORIENTED_EDGE('',*,*,#1623,.T.);
#952=ORIENTED_EDGE('',*,*,#1624,.F.);
#953=ORIENTED_EDGE('',*,*,#1585,.T.);
#954=ORIENTED_EDGE('',*,*,#1625,.T.);
#955=ORIENTED_EDGE('',*,*,#1626,.T.);
#956=ORIENTED_EDGE('',*,*,#1622,.T.);
#957=ORIENTED_EDGE('',*,*,#1592,.T.);
#958=ORIENTED_EDGE('',*,*,#1627,.F.);
#959=ORIENTED_EDGE('',*,*,#1628,.T.);
#960=ORIENTED_EDGE('',*,*,#1625,.F.);
#961=ORIENTED_EDGE('',*,*,#1591,.T.);
#962=ORIENTED_EDGE('',*,*,#1629,.T.);
#963=ORIENTED_EDGE('',*,*,#1630,.T.);
#964=ORIENTED_EDGE('',*,*,#1627,.T.);
#965=ORIENTED_EDGE('',*,*,#1590,.T.);
#966=ORIENTED_EDGE('',*,*,#1631,.F.);
#967=ORIENTED_EDGE('',*,*,#1632,.T.);
#968=ORIENTED_EDGE('',*,*,#1629,.F.);
#969=ORIENTED_EDGE('',*,*,#1598,.T.);
#970=ORIENTED_EDGE('',*,*,#1633,.T.);
#971=ORIENTED_EDGE('',*,*,#1634,.T.);
#972=ORIENTED_EDGE('',*,*,#1635,.T.);
#973=ORIENTED_EDGE('',*,*,#1597,.T.);
#974=ORIENTED_EDGE('',*,*,#1636,.F.);
#975=ORIENTED_EDGE('',*,*,#1637,.T.);
#976=ORIENTED_EDGE('',*,*,#1633,.F.);
#977=ORIENTED_EDGE('',*,*,#1596,.T.);
#978=ORIENTED_EDGE('',*,*,#1593,.T.);
#979=ORIENTED_EDGE('',*,*,#1354,.T.);
#980=ORIENTED_EDGE('',*,*,#1638,.T.);
#981=ORIENTED_EDGE('',*,*,#1639,.T.);
#982=ORIENTED_EDGE('',*,*,#1636,.T.);
#983=ORIENTED_EDGE('',*,*,#1613,.T.);
#984=ORIENTED_EDGE('',*,*,#1640,.T.);
#985=ORIENTED_EDGE('',*,*,#1641,.T.);
#986=ORIENTED_EDGE('',*,*,#1642,.T.);
#987=ORIENTED_EDGE('',*,*,#1612,.T.);
#988=ORIENTED_EDGE('',*,*,#1643,.F.);
#989=ORIENTED_EDGE('',*,*,#1644,.T.);
#990=ORIENTED_EDGE('',*,*,#1640,.F.);
#991=ORIENTED_EDGE('',*,*,#1611,.T.);
#992=ORIENTED_EDGE('',*,*,#1645,.T.);
#993=ORIENTED_EDGE('',*,*,#1646,.T.);
#994=ORIENTED_EDGE('',*,*,#1643,.T.);
#995=ORIENTED_EDGE('',*,*,#1437,.T.);
#996=ORIENTED_EDGE('',*,*,#1647,.F.);
#997=ORIENTED_EDGE('',*,*,#1648,.T.);
#998=ORIENTED_EDGE('',*,*,#1645,.F.);
#999=ORIENTED_EDGE('',*,*,#1610,.T.);
#1000=ORIENTED_EDGE('',*,*,#1604,.T.);
#1001=ORIENTED_EDGE('',*,*,#1649,.F.);
#1002=ORIENTED_EDGE('',*,*,#1569,.F.);
#1003=ORIENTED_EDGE('',*,*,#1448,.T.);
#1004=ORIENTED_EDGE('',*,*,#1452,.T.);
#1005=ORIENTED_EDGE('',*,*,#1603,.T.);
#1006=ORIENTED_EDGE('',*,*,#1650,.T.);
#1007=ORIENTED_EDGE('',*,*,#1651,.T.);
#1008=ORIENTED_EDGE('',*,*,#1652,.T.);
#1009=ORIENTED_EDGE('',*,*,#1356,.T.);
#1010=ORIENTED_EDGE('',*,*,#1595,.T.);
#1011=ORIENTED_EDGE('',*,*,#1652,.F.);
#1012=ORIENTED_EDGE('',*,*,#1653,.F.);
#1013=ORIENTED_EDGE('',*,*,#1654,.F.);
#1014=ORIENTED_EDGE('',*,*,#1357,.F.);
#1015=ORIENTED_EDGE('',*,*,#1340,.T.);
#1016=ORIENTED_EDGE('',*,*,#1655,.T.);
#1017=ORIENTED_EDGE('',*,*,#1535,.T.);
#1018=ORIENTED_EDGE('',*,*,#1573,.T.);
#1019=ORIENTED_EDGE('',*,*,#1541,.T.);
#1020=ORIENTED_EDGE('',*,*,#1544,.T.);
#1021=ORIENTED_EDGE('',*,*,#1549,.F.);
#1022=ORIENTED_EDGE('',*,*,#1568,.T.);
#1023=ORIENTED_EDGE('',*,*,#1554,.T.);
#1024=ORIENTED_EDGE('',*,*,#1559,.T.);
#1025=ORIENTED_EDGE('',*,*,#1561,.T.);
#1026=ORIENTED_EDGE('',*,*,#1563,.T.);
#1027=ORIENTED_EDGE('',*,*,#1570,.F.);
#1028=ORIENTED_EDGE('',*,*,#1649,.T.);
#1029=ORIENTED_EDGE('',*,*,#1607,.T.);
#1030=ORIENTED_EDGE('',*,*,#1608,.T.);
#1031=ORIENTED_EDGE('',*,*,#1491,.T.);
#1032=ORIENTED_EDGE('',*,*,#1508,.F.);
#1033=ORIENTED_EDGE('',*,*,#1512,.T.);
#1034=ORIENTED_EDGE('',*,*,#1518,.F.);
#1035=ORIENTED_EDGE('',*,*,#1529,.T.);
#1036=ORIENTED_EDGE('',*,*,#1530,.F.);
#1037=ORIENTED_EDGE('',*,*,#1521,.T.);
#1038=ORIENTED_EDGE('',*,*,#1515,.T.);
#1039=ORIENTED_EDGE('',*,*,#1503,.T.);
#1040=ORIENTED_EDGE('',*,*,#1498,.T.);
#1041=ORIENTED_EDGE('',*,*,#1523,.T.);
#1042=ORIENTED_EDGE('',*,*,#1485,.F.);
#1043=ORIENTED_EDGE('',*,*,#1483,.T.);
#1044=ORIENTED_EDGE('',*,*,#1478,.T.);
#1045=ORIENTED_EDGE('',*,*,#1474,.T.);
#1046=ORIENTED_EDGE('',*,*,#1462,.T.);
#1047=ORIENTED_EDGE('',*,*,#1482,.T.);
#1048=ORIENTED_EDGE('',*,*,#1468,.F.);
#1049=ORIENTED_EDGE('',*,*,#1471,.T.);
#1050=ORIENTED_EDGE('',*,*,#1473,.F.);
#1051=ORIENTED_EDGE('',*,*,#1656,.T.);
#1052=ORIENTED_EDGE('',*,*,#1657,.F.);
#1053=ORIENTED_EDGE('',*,*,#1618,.T.);
#1054=ORIENTED_EDGE('',*,*,#1658,.F.);
#1055=ORIENTED_EDGE('',*,*,#1659,.T.);
#1056=ORIENTED_EDGE('',*,*,#1571,.T.);
#1057=ORIENTED_EDGE('',*,*,#1575,.T.);
#1058=ORIENTED_EDGE('',*,*,#1577,.T.);
#1059=ORIENTED_EDGE('',*,*,#1579,.T.);
#1060=ORIENTED_EDGE('',*,*,#1519,.F.);
#1061=ORIENTED_EDGE('',*,*,#1513,.F.);
#1062=ORIENTED_EDGE('',*,*,#1509,.F.);
#1063=ORIENTED_EDGE('',*,*,#1495,.F.);
#1064=ORIENTED_EDGE('',*,*,#1660,.F.);
#1065=ORIENTED_EDGE('',*,*,#1661,.F.);
#1066=ORIENTED_EDGE('',*,*,#1662,.F.);
#1067=ORIENTED_EDGE('',*,*,#1663,.F.);
#1068=ORIENTED_EDGE('',*,*,#1641,.F.);
#1069=ORIENTED_EDGE('',*,*,#1644,.F.);
#1070=ORIENTED_EDGE('',*,*,#1646,.F.);
#1071=ORIENTED_EDGE('',*,*,#1648,.F.);
#1072=ORIENTED_EDGE('',*,*,#1664,.F.);
#1073=ORIENTED_EDGE('',*,*,#1564,.T.);
#1074=ORIENTED_EDGE('',*,*,#1546,.F.);
#1075=ORIENTED_EDGE('',*,*,#1665,.F.);
#1076=ORIENTED_EDGE('',*,*,#1666,.F.);
#1077=ORIENTED_EDGE('',*,*,#1653,.T.);
#1078=ORIENTED_EDGE('',*,*,#1651,.F.);
#1079=ORIENTED_EDGE('',*,*,#1667,.F.);
#1080=ORIENTED_EDGE('',*,*,#1668,.F.);
#1081=ORIENTED_EDGE('',*,*,#1669,.F.);
#1082=ORIENTED_EDGE('',*,*,#1670,.F.);
#1083=ORIENTED_EDGE('',*,*,#1634,.F.);
#1084=ORIENTED_EDGE('',*,*,#1637,.F.);
#1085=ORIENTED_EDGE('',*,*,#1639,.F.);
#1086=ORIENTED_EDGE('',*,*,#1671,.T.);
#1087=ORIENTED_EDGE('',*,*,#1672,.F.);
#1088=ORIENTED_EDGE('',*,*,#1673,.F.);
#1089=ORIENTED_EDGE('',*,*,#1674,.F.);
#1090=ORIENTED_EDGE('',*,*,#1675,.F.);
#1091=ORIENTED_EDGE('',*,*,#1676,.F.);
#1092=ORIENTED_EDGE('',*,*,#1677,.F.);
#1093=ORIENTED_EDGE('',*,*,#1678,.F.);
#1094=ORIENTED_EDGE('',*,*,#1679,.F.);
#1095=ORIENTED_EDGE('',*,*,#1680,.F.);
#1096=ORIENTED_EDGE('',*,*,#1681,.T.);
#1097=ORIENTED_EDGE('',*,*,#1682,.F.);
#1098=ORIENTED_EDGE('',*,*,#1623,.F.);
#1099=ORIENTED_EDGE('',*,*,#1626,.F.);
#1100=ORIENTED_EDGE('',*,*,#1628,.F.);
#1101=ORIENTED_EDGE('',*,*,#1630,.F.);
#1102=ORIENTED_EDGE('',*,*,#1632,.F.);
#1103=ORIENTED_EDGE('',*,*,#1683,.F.);
#1104=ORIENTED_EDGE('',*,*,#1684,.F.);
#1105=ORIENTED_EDGE('',*,*,#1685,.F.);
#1106=ORIENTED_EDGE('',*,*,#1620,.F.);
#1107=ORIENTED_EDGE('',*,*,#1686,.F.);
#1108=ORIENTED_EDGE('',*,*,#1687,.T.);
#1109=ORIENTED_EDGE('',*,*,#1688,.F.);
#1110=ORIENTED_EDGE('',*,*,#1689,.F.);
#1111=ORIENTED_EDGE('',*,*,#1690,.F.);
#1112=ORIENTED_EDGE('',*,*,#1691,.F.);
#1113=ORIENTED_EDGE('',*,*,#1488,.F.);
#1114=ORIENTED_EDGE('',*,*,#1527,.F.);
#1115=ORIENTED_EDGE('',*,*,#1692,.F.);
#1116=ORIENTED_EDGE('',*,*,#1693,.F.);
#1117=ORIENTED_EDGE('',*,*,#1694,.T.);
#1118=ORIENTED_EDGE('',*,*,#1695,.T.);
#1119=ORIENTED_EDGE('',*,*,#1696,.T.);
#1120=ORIENTED_EDGE('',*,*,#1697,.T.);
#1121=ORIENTED_EDGE('',*,*,#1617,.T.);
#1122=ORIENTED_EDGE('',*,*,#1698,.T.);
#1123=ORIENTED_EDGE('',*,*,#1660,.T.);
#1124=ORIENTED_EDGE('',*,*,#1494,.T.);
#1125=ORIENTED_EDGE('',*,*,#1616,.T.);
#1126=ORIENTED_EDGE('',*,*,#1699,.F.);
#1127=ORIENTED_EDGE('',*,*,#1661,.T.);
#1128=ORIENTED_EDGE('',*,*,#1698,.F.);
#1129=ORIENTED_EDGE('',*,*,#1615,.T.);
#1130=ORIENTED_EDGE('',*,*,#1700,.T.);
#1131=ORIENTED_EDGE('',*,*,#1662,.T.);
#1132=ORIENTED_EDGE('',*,*,#1699,.T.);
#1133=ORIENTED_EDGE('',*,*,#1589,.T.);
#1134=ORIENTED_EDGE('',*,*,#1701,.T.);
#1135=ORIENTED_EDGE('',*,*,#1683,.T.);
#1136=ORIENTED_EDGE('',*,*,#1631,.T.);
#1137=ORIENTED_EDGE('',*,*,#1348,.T.);
#1138=ORIENTED_EDGE('',*,*,#1702,.T.);
#1139=ORIENTED_EDGE('',*,*,#1676,.T.);
#1140=ORIENTED_EDGE('',*,*,#1703,.T.);
#1141=ORIENTED_EDGE('',*,*,#1703,.F.);
#1142=ORIENTED_EDGE('',*,*,#1675,.T.);
#1143=ORIENTED_EDGE('',*,*,#1704,.F.);
#1144=ORIENTED_EDGE('',*,*,#1349,.F.);
#1145=ORIENTED_EDGE('',*,*,#1600,.T.);
#1146=ORIENTED_EDGE('',*,*,#1705,.T.);
#1147=ORIENTED_EDGE('',*,*,#1669,.T.);
#1148=ORIENTED_EDGE('',*,*,#1706,.T.);
#1149=ORIENTED_EDGE('',*,*,#1599,.T.);
#1150=ORIENTED_EDGE('',*,*,#1635,.F.);
#1151=ORIENTED_EDGE('',*,*,#1670,.T.);
#1152=ORIENTED_EDGE('',*,*,#1705,.F.);
#1153=ORIENTED_EDGE('',*,*,#1602,.T.);
#1154=ORIENTED_EDGE('',*,*,#1707,.T.);
#1155=ORIENTED_EDGE('',*,*,#1667,.T.);
#1156=ORIENTED_EDGE('',*,*,#1650,.F.);
#1157=ORIENTED_EDGE('',*,*,#1666,.T.);
#1158=ORIENTED_EDGE('',*,*,#1708,.T.);
#1159=ORIENTED_EDGE('',*,*,#1358,.T.);
#1160=ORIENTED_EDGE('',*,*,#1654,.T.);
#1161=ORIENTED_EDGE('',*,*,#1426,.T.);
#1162=ORIENTED_EDGE('',*,*,#1536,.T.);
#1163=ORIENTED_EDGE('',*,*,#1655,.F.);
#1164=ORIENTED_EDGE('',*,*,#1342,.F.);
#1165=ORIENTED_EDGE('',*,*,#1708,.F.);
#1166=ORIENTED_EDGE('',*,*,#1665,.T.);
#1167=ORIENTED_EDGE('',*,*,#1545,.F.);
#1168=ORIENTED_EDGE('',*,*,#1441,.T.);
#1169=ORIENTED_EDGE('',*,*,#1539,.T.);
#1170=ORIENTED_EDGE('',*,*,#1581,.T.);
#1171=ORIENTED_EDGE('',*,*,#1531,.T.);
#1172=ORIENTED_EDGE('',*,*,#1419,.T.);
#1173=ORIENTED_EDGE('',*,*,#1425,.T.);
#1174=ORIENTED_EDGE('',*,*,#1352,.T.);
#1175=ORIENTED_EDGE('',*,*,#1709,.T.);
#1176=ORIENTED_EDGE('',*,*,#1672,.T.);
#1177=ORIENTED_EDGE('',*,*,#1710,.T.);
#1178=ORIENTED_EDGE('',*,*,#1709,.F.);
#1179=ORIENTED_EDGE('',*,*,#1351,.F.);
#1180=ORIENTED_EDGE('',*,*,#1711,.F.);
#1181=ORIENTED_EDGE('',*,*,#1673,.T.);
#1182=ORIENTED_EDGE('',*,*,#1674,.T.);
#1183=ORIENTED_EDGE('',*,*,#1711,.T.);
#1184=ORIENTED_EDGE('',*,*,#1350,.T.);
#1185=ORIENTED_EDGE('',*,*,#1704,.T.);
#1186=ORIENTED_EDGE('',*,*,#1678,.T.);
#1187=ORIENTED_EDGE('',*,*,#1712,.T.);
#1188=ORIENTED_EDGE('',*,*,#1346,.T.);
#1189=ORIENTED_EDGE('',*,*,#1713,.T.);
#1190=ORIENTED_EDGE('',*,*,#1702,.F.);
#1191=ORIENTED_EDGE('',*,*,#1347,.F.);
#1192=ORIENTED_EDGE('',*,*,#1712,.F.);
#1193=ORIENTED_EDGE('',*,*,#1677,.T.);
#1194=ORIENTED_EDGE('',*,*,#1680,.T.);
#1195=ORIENTED_EDGE('',*,*,#1714,.T.);
#1196=ORIENTED_EDGE('',*,*,#1344,.T.);
#1197=ORIENTED_EDGE('',*,*,#1715,.T.);
#1198=ORIENTED_EDGE('',*,*,#1713,.F.);
#1199=ORIENTED_EDGE('',*,*,#1345,.F.);
#1200=ORIENTED_EDGE('',*,*,#1714,.F.);
#1201=ORIENTED_EDGE('',*,*,#1679,.T.);
#1202=ORIENTED_EDGE('',*,*,#1658,.T.);
#1203=ORIENTED_EDGE('',*,*,#1624,.T.);
#1204=ORIENTED_EDGE('',*,*,#1682,.T.);
#1205=ORIENTED_EDGE('',*,*,#1716,.T.);
#1206=ORIENTED_EDGE('',*,*,#1587,.T.);
#1207=ORIENTED_EDGE('',*,*,#1621,.T.);
#1208=ORIENTED_EDGE('',*,*,#1685,.T.);
#1209=ORIENTED_EDGE('',*,*,#1717,.T.);
#1210=ORIENTED_EDGE('',*,*,#1588,.T.);
#1211=ORIENTED_EDGE('',*,*,#1717,.F.);
#1212=ORIENTED_EDGE('',*,*,#1684,.T.);
#1213=ORIENTED_EDGE('',*,*,#1701,.F.);
#1214=ORIENTED_EDGE('',*,*,#1686,.T.);
#1215=ORIENTED_EDGE('',*,*,#1619,.T.);
#1216=ORIENTED_EDGE('',*,*,#1657,.T.);
#1217=ORIENTED_EDGE('',*,*,#1718,.T.);
#1218=ORIENTED_EDGE('',*,*,#1387,.T.);
#1219=ORIENTED_EDGE('',*,*,#1719,.T.);
#1220=ORIENTED_EDGE('',*,*,#1688,.T.);
#1221=ORIENTED_EDGE('',*,*,#1720,.T.);
#1222=ORIENTED_EDGE('',*,*,#1386,.T.);
#1223=ORIENTED_EDGE('',*,*,#1721,.F.);
#1224=ORIENTED_EDGE('',*,*,#1689,.T.);
#1225=ORIENTED_EDGE('',*,*,#1719,.F.);
#1226=ORIENTED_EDGE('',*,*,#1385,.T.);
#1227=ORIENTED_EDGE('',*,*,#1722,.T.);
#1228=ORIENTED_EDGE('',*,*,#1690,.T.);
#1229=ORIENTED_EDGE('',*,*,#1721,.T.);
#1230=ORIENTED_EDGE('',*,*,#1384,.T.);
#1231=ORIENTED_EDGE('',*,*,#1466,.T.);
#1232=ORIENTED_EDGE('',*,*,#1584,.T.);
#1233=ORIENTED_EDGE('',*,*,#1480,.T.);
#1234=ORIENTED_EDGE('',*,*,#1380,.T.);
#1235=ORIENTED_EDGE('',*,*,#1489,.F.);
#1236=ORIENTED_EDGE('',*,*,#1691,.T.);
#1237=ORIENTED_EDGE('',*,*,#1722,.F.);
#1238=ORIENTED_EDGE('',*,*,#1369,.T.);
#1239=ORIENTED_EDGE('',*,*,#1723,.T.);
#1240=ORIENTED_EDGE('',*,*,#1692,.T.);
#1241=ORIENTED_EDGE('',*,*,#1526,.T.);
#1242=ORIENTED_EDGE('',*,*,#1436,.T.);
#1243=ORIENTED_EDGE('',*,*,#1565,.T.);
#1244=ORIENTED_EDGE('',*,*,#1664,.T.);
#1245=ORIENTED_EDGE('',*,*,#1647,.T.);
#1246=ORIENTED_EDGE('',*,*,#1368,.T.);
#1247=ORIENTED_EDGE('',*,*,#1520,.F.);
#1248=ORIENTED_EDGE('',*,*,#1693,.T.);
#1249=ORIENTED_EDGE('',*,*,#1723,.F.);
#1250=ORIENTED_EDGE('',*,*,#1638,.F.);
#1251=ORIENTED_EDGE('',*,*,#1353,.F.);
#1252=ORIENTED_EDGE('',*,*,#1710,.F.);
#1253=ORIENTED_EDGE('',*,*,#1671,.F.);
#1254=ORIENTED_EDGE('',*,*,#1715,.F.);
#1255=ORIENTED_EDGE('',*,*,#1343,.F.);
#1256=ORIENTED_EDGE('',*,*,#1659,.F.);
#1257=ORIENTED_EDGE('',*,*,#1716,.F.);
#1258=ORIENTED_EDGE('',*,*,#1681,.F.);
#1259=ORIENTED_EDGE('',*,*,#1388,.T.);
#1260=ORIENTED_EDGE('',*,*,#1720,.F.);
#1261=ORIENTED_EDGE('',*,*,#1687,.F.);
#1262=ORIENTED_EDGE('',*,*,#1718,.F.);
#1263=ORIENTED_EDGE('',*,*,#1656,.F.);
#1264=ORIENTED_EDGE('',*,*,#1472,.F.);
#1265=ORIENTED_EDGE('',*,*,#1411,.T.);
#1266=ORIENTED_EDGE('',*,*,#1359,.T.);
#1267=ORIENTED_EDGE('',*,*,#1601,.T.);
#1268=ORIENTED_EDGE('',*,*,#1706,.F.);
#1269=ORIENTED_EDGE('',*,*,#1668,.T.);
#1270=ORIENTED_EDGE('',*,*,#1707,.F.);
#1271=ORIENTED_EDGE('',*,*,#1614,.T.);
#1272=ORIENTED_EDGE('',*,*,#1642,.F.);
#1273=ORIENTED_EDGE('',*,*,#1663,.T.);
#1274=ORIENTED_EDGE('',*,*,#1700,.F.);
#1275=ORIENTED_EDGE('',*,*,#1724,.T.);
#1276=ORIENTED_EDGE('',*,*,#1725,.F.);
#1277=ORIENTED_EDGE('',*,*,#1726,.T.);
#1278=ORIENTED_EDGE('',*,*,#1694,.F.);
#1279=ORIENTED_EDGE('',*,*,#1727,.F.);
#1280=ORIENTED_EDGE('',*,*,#1728,.T.);
#1281=ORIENTED_EDGE('',*,*,#1727,.T.);
#1282=ORIENTED_EDGE('',*,*,#1697,.F.);
#1283=ORIENTED_EDGE('',*,*,#1729,.F.);
#1284=ORIENTED_EDGE('',*,*,#1730,.F.);
#1285=ORIENTED_EDGE('',*,*,#1731,.T.);
#1286=ORIENTED_EDGE('',*,*,#1729,.T.);
#1287=ORIENTED_EDGE('',*,*,#1696,.F.);
#1288=ORIENTED_EDGE('',*,*,#1732,.F.);
#1289=ORIENTED_EDGE('',*,*,#1733,.T.);
#1290=ORIENTED_EDGE('',*,*,#1724,.F.);
#1291=ORIENTED_EDGE('',*,*,#1728,.F.);
#1292=ORIENTED_EDGE('',*,*,#1731,.F.);
#1293=ORIENTED_EDGE('',*,*,#1730,.T.);
#1294=ORIENTED_EDGE('',*,*,#1734,.T.);
#1295=ORIENTED_EDGE('',*,*,#1725,.T.);
#1296=ORIENTED_EDGE('',*,*,#1735,.T.);
#1297=ORIENTED_EDGE('',*,*,#1736,.T.);
#1298=ORIENTED_EDGE('',*,*,#1737,.T.);
#1299=ORIENTED_EDGE('',*,*,#1738,.T.);
#1300=ORIENTED_EDGE('',*,*,#1739,.T.);
#1301=ORIENTED_EDGE('',*,*,#1740,.T.);
#1302=ORIENTED_EDGE('',*,*,#1741,.F.);
#1303=ORIENTED_EDGE('',*,*,#1737,.F.);
#1304=ORIENTED_EDGE('',*,*,#1742,.F.);
#1305=ORIENTED_EDGE('',*,*,#1743,.F.);
#1306=ORIENTED_EDGE('',*,*,#1735,.F.);
#1307=ORIENTED_EDGE('',*,*,#1733,.F.);
#1308=ORIENTED_EDGE('',*,*,#1734,.F.);
#1309=ORIENTED_EDGE('',*,*,#1732,.T.);
#1310=ORIENTED_EDGE('',*,*,#1695,.F.);
#1311=ORIENTED_EDGE('',*,*,#1726,.F.);
#1312=ORIENTED_EDGE('',*,*,#1740,.F.);
#1313=ORIENTED_EDGE('',*,*,#1741,.T.);
#1314=ORIENTED_EDGE('',*,*,#1744,.T.);
#1315=ORIENTED_EDGE('',*,*,#1745,.F.);
#1316=ORIENTED_EDGE('',*,*,#1746,.F.);
#1317=ORIENTED_EDGE('',*,*,#1738,.F.);
#1318=ORIENTED_EDGE('',*,*,#1739,.F.);
#1319=ORIENTED_EDGE('',*,*,#1746,.T.);
#1320=ORIENTED_EDGE('',*,*,#1747,.F.);
#1321=ORIENTED_EDGE('',*,*,#1748,.F.);
#1322=ORIENTED_EDGE('',*,*,#1742,.T.);
#1323=ORIENTED_EDGE('',*,*,#1736,.F.);
#1324=ORIENTED_EDGE('',*,*,#1748,.T.);
#1325=ORIENTED_EDGE('',*,*,#1749,.F.);
#1326=ORIENTED_EDGE('',*,*,#1750,.F.);
#1327=ORIENTED_EDGE('',*,*,#1743,.T.);
#1328=ORIENTED_EDGE('',*,*,#1750,.T.);
#1329=ORIENTED_EDGE('',*,*,#1751,.F.);
#1330=ORIENTED_EDGE('',*,*,#1744,.F.);
#1331=ORIENTED_EDGE('',*,*,#1751,.T.);
#1332=ORIENTED_EDGE('',*,*,#1749,.T.);
#1333=ORIENTED_EDGE('',*,*,#1747,.T.);
#1334=ORIENTED_EDGE('',*,*,#1745,.T.);
#1335=EDGE_CURVE('',#1752,#1752,#2034,.T.);
#1336=EDGE_CURVE('',#1753,#1753,#2035,.T.);
#1337=EDGE_CURVE('',#1754,#1754,#2036,.T.);
#1338=EDGE_CURVE('',#1755,#1755,#2037,.T.);
#1339=EDGE_CURVE('',#1756,#1756,#2038,.T.);
#1340=EDGE_CURVE('',#1757,#1758,#2039,.T.);
#1341=EDGE_CURVE('',#1758,#1757,#2040,.T.);
#1342=EDGE_CURVE('',#1759,#1758,#2041,.T.);
#1343=EDGE_CURVE('',#1757,#1760,#2042,.T.);
#1344=EDGE_CURVE('',#1761,#1760,#2043,.T.);
#1345=EDGE_CURVE('',#1761,#1762,#2044,.T.);
#1346=EDGE_CURVE('',#1763,#1762,#2045,.T.);
#1347=EDGE_CURVE('',#1763,#1764,#15,.T.);
#1348=EDGE_CURVE('',#1765,#1764,#2046,.T.);
#1349=EDGE_CURVE('',#1765,#1766,#16,.T.);
#1350=EDGE_CURVE('',#1767,#1766,#2047,.T.);
#1351=EDGE_CURVE('',#1767,#1768,#2048,.T.);
#1352=EDGE_CURVE('',#1769,#1768,#2049,.T.);
#1353=EDGE_CURVE('',#1769,#1770,#2050,.T.);
#1354=EDGE_CURVE('',#1771,#1770,#2051,.T.);
#1355=EDGE_CURVE('',#1771,#1772,#17,.T.);
#1356=EDGE_CURVE('',#1773,#1772,#2052,.T.);
#1357=EDGE_CURVE('',#1773,#1774,#2053,.T.);
#1358=EDGE_CURVE('',#1759,#1774,#2054,.T.);
#1359=EDGE_CURVE('',#1775,#1776,#18,.T.);
#1360=EDGE_CURVE('',#1777,#1775,#2055,.T.);
#1361=EDGE_CURVE('',#1778,#1777,#19,.T.);
#1362=EDGE_CURVE('',#1776,#1778,#2056,.T.);
#1363=EDGE_CURVE('',#1779,#1779,#2057,.T.);
#1364=EDGE_CURVE('',#1780,#1781,#2058,.T.);
#1365=EDGE_CURVE('',#1782,#1780,#2059,.T.);
#1366=EDGE_CURVE('',#1783,#1782,#20,.T.);
#1367=EDGE_CURVE('',#1784,#1783,#2060,.T.);
#1368=EDGE_CURVE('',#1785,#1784,#21,.T.);
#1369=EDGE_CURVE('',#1786,#1785,#2061,.T.);
#1370=EDGE_CURVE('',#1787,#1786,#2062,.T.);
#1371=EDGE_CURVE('',#1788,#1787,#22,.T.);
#1372=EDGE_CURVE('',#1789,#1788,#2063,.T.);
#1373=EDGE_CURVE('',#1789,#1781,#2064,.T.);
#1374=EDGE_CURVE('',#1790,#1791,#2065,.T.);
#1375=EDGE_CURVE('',#1790,#1792,#2066,.T.);
#1376=EDGE_CURVE('',#1793,#1792,#2067,.T.);
#1377=EDGE_CURVE('',#1794,#1793,#23,.T.);
#1378=EDGE_CURVE('',#1795,#1794,#2068,.T.);
#1379=EDGE_CURVE('',#1796,#1795,#2069,.T.);
#1380=EDGE_CURVE('',#1797,#1796,#2070,.T.);
#1381=EDGE_CURVE('',#1791,#1797,#24,.T.);
#1382=EDGE_CURVE('',#1798,#1778,#2071,.T.);
#1383=EDGE_CURVE('',#1799,#1798,#25,.T.);
#1384=EDGE_CURVE('',#1800,#1799,#2072,.T.);
#1385=EDGE_CURVE('',#1801,#1800,#2073,.T.);
#1386=EDGE_CURVE('',#1802,#1801,#2074,.T.);
#1387=EDGE_CURVE('',#1803,#1802,#2075,.T.);
#1388=EDGE_CURVE('',#1776,#1803,#2076,.T.);
#1389=EDGE_CURVE('',#1804,#1804,#2077,.T.);
#1390=EDGE_CURVE('',#1805,#1806,#2078,.T.);
#1391=EDGE_CURVE('',#1807,#1805,#26,.T.);
#1392=EDGE_CURVE('',#1808,#1807,#2079,.T.);
#1393=EDGE_CURVE('',#1809,#1808,#2080,.T.);
#1394=EDGE_CURVE('',#1810,#1809,#2081,.T.);
#1395=EDGE_CURVE('',#1811,#1810,#27,.T.);
#1396=EDGE_CURVE('',#1812,#1811,#2082,.T.);
#1397=EDGE_CURVE('',#1812,#1806,#2083,.T.);
#1398=EDGE_CURVE('',#1813,#1814,#2084,.T.);
#1399=EDGE_CURVE('',#1813,#1815,#2085,.T.);
#1400=EDGE_CURVE('',#1816,#1815,#2086,.T.);
#1401=EDGE_CURVE('',#1817,#1816,#28,.T.);
#1402=EDGE_CURVE('',#1818,#1817,#2087,.T.);
#1403=EDGE_CURVE('',#1819,#1818,#2088,.T.);
#1404=EDGE_CURVE('',#1820,#1819,#29,.T.);
#1405=EDGE_CURVE('',#1821,#1820,#2089,.T.);
#1406=EDGE_CURVE('',#1822,#1821,#30,.T.);
#1407=EDGE_CURVE('',#1814,#1822,#2090,.T.);
#1408=EDGE_CURVE('',#1806,#1790,#31,.T.);
#1409=EDGE_CURVE('',#1792,#1812,#32,.T.);
#1410=EDGE_CURVE('',#1777,#1823,#2091,.T.);
#1411=EDGE_CURVE('',#1824,#1775,#2092,.T.);
#1412=EDGE_CURVE('',#1825,#1824,#2093,.T.);
#1413=EDGE_CURVE('',#1826,#1825,#2094,.T.);
#1414=EDGE_CURVE('',#1827,#1826,#2095,.T.);
#1415=EDGE_CURVE('',#1828,#1827,#2096,.T.);
#1416=EDGE_CURVE('',#1823,#1828,#33,.T.);
#1417=EDGE_CURVE('',#1815,#1789,#34,.T.);
#1418=EDGE_CURVE('',#1781,#1813,#35,.T.);
#1419=EDGE_CURVE('',#1829,#1830,#2097,.T.);
#1420=EDGE_CURVE('',#1831,#1829,#36,.T.);
#1421=EDGE_CURVE('',#1832,#1831,#2098,.T.);
#1422=EDGE_CURVE('',#1832,#1830,#2099,.T.);
#1423=EDGE_CURVE('',#1833,#1832,#37,.T.);
#1424=EDGE_CURVE('',#1834,#1833,#2100,.T.);
#1425=EDGE_CURVE('',#1830,#1834,#38,.T.);
#1426=EDGE_CURVE('',#1834,#1835,#2101,.T.);
#1427=EDGE_CURVE('',#1836,#1833,#2102,.T.);
#1428=EDGE_CURVE('',#1835,#1836,#39,.T.);
#1429=EDGE_CURVE('',#1837,#1838,#40,.T.);
#1430=EDGE_CURVE('',#1839,#1837,#2103,.T.);
#1431=EDGE_CURVE('',#1840,#1839,#41,.T.);
#1432=EDGE_CURVE('',#1838,#1840,#2104,.T.);
#1433=EDGE_CURVE('',#1841,#1842,#2105,.T.);
#1434=EDGE_CURVE('',#1843,#1841,#42,.T.);
#1435=EDGE_CURVE('',#1844,#1843,#2106,.T.);
#1436=EDGE_CURVE('',#1845,#1844,#2107,.T.);
#1437=EDGE_CURVE('',#1846,#1845,#2108,.T.);
#1438=EDGE_CURVE('',#1846,#1842,#2109,.T.);
#1439=EDGE_CURVE('',#1847,#1837,#2110,.T.);
#1440=EDGE_CURVE('',#1848,#1847,#43,.T.);
#1441=EDGE_CURVE('',#1849,#1848,#2111,.T.);
#1442=EDGE_CURVE('',#1850,#1849,#2112,.T.);
#1443=EDGE_CURVE('',#1851,#1850,#2113,.T.);
#1444=EDGE_CURVE('',#1852,#1851,#44,.T.);
#1445=EDGE_CURVE('',#1839,#1852,#2114,.T.);
#1446=EDGE_CURVE('',#1853,#1854,#2115,.T.);
#1447=EDGE_CURVE('',#1853,#1855,#2116,.T.);
#1448=EDGE_CURVE('',#1856,#1855,#2117,.T.);
#1449=EDGE_CURVE('',#1857,#1856,#2118,.T.);
#1450=EDGE_CURVE('',#1858,#1857,#2119,.T.);
#1451=EDGE_CURVE('',#1854,#1858,#45,.T.);
#1452=EDGE_CURVE('',#1855,#1846,#46,.T.);
#1453=EDGE_CURVE('',#1842,#1853,#47,.T.);
#1454=EDGE_CURVE('',#1838,#1859,#2120,.T.);
#1455=EDGE_CURVE('',#1860,#1840,#2121,.T.);
#1456=EDGE_CURVE('',#1861,#1860,#48,.T.);
#1457=EDGE_CURVE('',#1862,#1861,#2122,.T.);
#1458=EDGE_CURVE('',#1863,#1862,#2123,.T.);
#1459=EDGE_CURVE('',#1864,#1863,#2124,.T.);
#1460=EDGE_CURVE('',#1859,#1864,#49,.T.);
#1461=EDGE_CURVE('',#1865,#1828,#50,.T.);
#1462=EDGE_CURVE('',#1866,#1865,#51,.T.);
#1463=EDGE_CURVE('',#1866,#1823,#52,.T.);
#1464=EDGE_CURVE('',#1798,#1867,#53,.T.);
#1465=EDGE_CURVE('',#1868,#1867,#54,.T.);
#1466=EDGE_CURVE('',#1799,#1868,#55,.T.);
#1467=EDGE_CURVE('',#1826,#1869,#56,.T.);
#1468=EDGE_CURVE('',#1869,#1870,#2125,.T.);
#1469=EDGE_CURVE('',#1870,#1827,#57,.T.);
#1470=EDGE_CURVE('',#1871,#1825,#58,.T.);
#1471=EDGE_CURVE('',#1869,#1871,#2126,.T.);
#1472=EDGE_CURVE('',#1824,#1872,#59,.T.);
#1473=EDGE_CURVE('',#1872,#1871,#2127,.T.);
#1474=EDGE_CURVE('',#1873,#1866,#2128,.T.);
#1475=EDGE_CURVE('',#1873,#1805,#60,.T.);
#1476=EDGE_CURVE('',#1791,#1874,#61,.T.);
#1477=EDGE_CURVE('',#1867,#1874,#2129,.T.);
#1478=EDGE_CURVE('',#1875,#1873,#62,.T.);
#1479=EDGE_CURVE('',#1807,#1875,#63,.T.);
#1480=EDGE_CURVE('',#1876,#1797,#64,.T.);
#1481=EDGE_CURVE('',#1874,#1876,#65,.T.);
#1482=EDGE_CURVE('',#1865,#1870,#2130,.T.);
#1483=EDGE_CURVE('',#1877,#1875,#2131,.T.);
#1484=EDGE_CURVE('',#1808,#1877,#66,.T.);
#1485=EDGE_CURVE('',#1877,#1878,#2132,.T.);
#1486=EDGE_CURVE('',#1878,#1809,#67,.T.);
#1487=EDGE_CURVE('',#1795,#1879,#68,.T.);
#1488=EDGE_CURVE('',#1879,#1880,#2133,.T.);
#1489=EDGE_CURVE('',#1880,#1796,#69,.T.);
#1490=EDGE_CURVE('',#1881,#1814,#70,.T.);
#1491=EDGE_CURVE('',#1882,#1881,#2134,.T.);
#1492=EDGE_CURVE('',#1882,#1883,#71,.T.);
#1493=EDGE_CURVE('',#1883,#1884,#2135,.T.);
#1494=EDGE_CURVE('',#1885,#1884,#72,.T.);
#1495=EDGE_CURVE('',#1885,#1886,#2136,.T.);
#1496=EDGE_CURVE('',#1780,#1886,#73,.T.);
#1497=EDGE_CURVE('',#1887,#1810,#74,.T.);
#1498=EDGE_CURVE('',#1888,#1887,#75,.T.);
#1499=EDGE_CURVE('',#1888,#1811,#76,.T.);
#1500=EDGE_CURVE('',#1793,#1889,#77,.T.);
#1501=EDGE_CURVE('',#1890,#1889,#78,.T.);
#1502=EDGE_CURVE('',#1794,#1890,#79,.T.);
#1503=EDGE_CURVE('',#1891,#1888,#2137,.T.);
#1504=EDGE_CURVE('',#1891,#1816,#80,.T.);
#1505=EDGE_CURVE('',#1788,#1892,#81,.T.);
#1506=EDGE_CURVE('',#1889,#1892,#2138,.T.);
#1507=EDGE_CURVE('',#1822,#1893,#82,.T.);
#1508=EDGE_CURVE('',#1893,#1881,#2139,.T.);
#1509=EDGE_CURVE('',#1886,#1894,#2140,.T.);
#1510=EDGE_CURVE('',#1894,#1782,#83,.T.);
#1511=EDGE_CURVE('',#1895,#1821,#84,.T.);
#1512=EDGE_CURVE('',#1893,#1895,#85,.T.);
#1513=EDGE_CURVE('',#1894,#1896,#86,.T.);
#1514=EDGE_CURVE('',#1783,#1896,#87,.T.);
#1515=EDGE_CURVE('',#1897,#1891,#88,.T.);
#1516=EDGE_CURVE('',#1817,#1897,#89,.T.);
#1517=EDGE_CURVE('',#1820,#1898,#90,.T.);
#1518=EDGE_CURVE('',#1898,#1895,#2141,.T.);
#1519=EDGE_CURVE('',#1896,#1899,#2142,.T.);
#1520=EDGE_CURVE('',#1899,#1784,#91,.T.);
#1521=EDGE_CURVE('',#1900,#1897,#2143,.T.);
#1522=EDGE_CURVE('',#1818,#1900,#92,.T.);
#1523=EDGE_CURVE('',#1887,#1878,#2144,.T.);
#1524=EDGE_CURVE('',#1890,#1901,#2145,.T.);
#1525=EDGE_CURVE('',#1901,#1787,#93,.T.);
#1526=EDGE_CURVE('',#1902,#1786,#94,.T.);
#1527=EDGE_CURVE('',#1902,#1879,#2146,.T.);
#1528=EDGE_CURVE('',#1903,#1819,#95,.T.);
#1529=EDGE_CURVE('',#1898,#1903,#96,.T.);
#1530=EDGE_CURVE('',#1900,#1903,#2147,.T.);
#1531=EDGE_CURVE('',#1904,#1829,#97,.T.);
#1532=EDGE_CURVE('',#1905,#1904,#98,.T.);
#1533=EDGE_CURVE('',#1831,#1905,#99,.T.);
#1534=EDGE_CURVE('',#1906,#1836,#100,.T.);
#1535=EDGE_CURVE('',#1907,#1906,#101,.T.);
#1536=EDGE_CURVE('',#1835,#1907,#102,.T.);
#1537=EDGE_CURVE('',#1847,#1908,#103,.T.);
#1538=EDGE_CURVE('',#1909,#1908,#104,.T.);
#1539=EDGE_CURVE('',#1848,#1909,#105,.T.);
#1540=EDGE_CURVE('',#1910,#1864,#106,.T.);
#1541=EDGE_CURVE('',#1911,#1910,#107,.T.);
#1542=EDGE_CURVE('',#1911,#1859,#108,.T.);
#1543=EDGE_CURVE('',#1912,#1863,#109,.T.);
#1544=EDGE_CURVE('',#1910,#1912,#2148,.T.);
#1545=EDGE_CURVE('',#1849,#1913,#110,.T.);
#1546=EDGE_CURVE('',#1913,#1914,#2149,.T.);
#1547=EDGE_CURVE('',#1914,#1850,#111,.T.);
#1548=EDGE_CURVE('',#1862,#1915,#112,.T.);
#1549=EDGE_CURVE('',#1915,#1912,#2150,.T.);
#1550=EDGE_CURVE('',#1916,#1851,#113,.T.);
#1551=EDGE_CURVE('',#1917,#1916,#114,.T.);
#1552=EDGE_CURVE('',#1852,#1917,#115,.T.);
#1553=EDGE_CURVE('',#1918,#1860,#116,.T.);
#1554=EDGE_CURVE('',#1919,#1918,#117,.T.);
#1555=EDGE_CURVE('',#1861,#1919,#118,.T.);
#1556=EDGE_CURVE('',#1920,#1917,#2151,.T.);
#1557=EDGE_CURVE('',#1841,#1920,#119,.T.);
#1558=EDGE_CURVE('',#1921,#1854,#120,.T.);
#1559=EDGE_CURVE('',#1918,#1921,#2152,.T.);
#1560=EDGE_CURVE('',#1922,#1858,#121,.T.);
#1561=EDGE_CURVE('',#1921,#1922,#122,.T.);
#1562=EDGE_CURVE('',#1923,#1857,#123,.T.);
#1563=EDGE_CURVE('',#1922,#1923,#2153,.T.);
#1564=EDGE_CURVE('',#1924,#1914,#2154,.T.);
#1565=EDGE_CURVE('',#1844,#1924,#124,.T.);
#1566=EDGE_CURVE('',#1843,#1925,#125,.T.);
#1567=EDGE_CURVE('',#1925,#1916,#2155,.T.);
#1568=EDGE_CURVE('',#1915,#1919,#2156,.T.);
#1569=EDGE_CURVE('',#1856,#1926,#126,.T.);
#1570=EDGE_CURVE('',#1926,#1923,#2157,.T.);
#1571=EDGE_CURVE('',#1927,#1927,#2158,.T.);
#1572=EDGE_CURVE('',#1908,#1905,#2159,.T.);
#1573=EDGE_CURVE('',#1906,#1911,#2160,.T.);
#1574=EDGE_CURVE('',#1928,#1928,#2161,.T.);
#1575=EDGE_CURVE('',#1929,#1929,#2162,.T.);
#1576=EDGE_CURVE('',#1930,#1930,#2163,.T.);
#1577=EDGE_CURVE('',#1931,#1931,#2164,.T.);
#1578=EDGE_CURVE('',#1932,#1932,#2165,.T.);
#1579=EDGE_CURVE('',#1933,#1933,#2166,.T.);
#1580=EDGE_CURVE('',#1934,#1934,#2167,.T.);
#1581=EDGE_CURVE('',#1909,#1904,#2168,.T.);
#1582=EDGE_CURVE('',#1892,#1901,#127,.T.);
#1583=EDGE_CURVE('',#1925,#1920,#128,.T.);
#1584=EDGE_CURVE('',#1868,#1876,#2169,.T.);
#1585=EDGE_CURVE('',#1935,#1936,#2170,.T.);
#1586=EDGE_CURVE('',#1937,#1935,#2171,.T.);
#1587=EDGE_CURVE('',#1938,#1937,#2172,.T.);
#1588=EDGE_CURVE('',#1939,#1938,#129,.T.);
#1589=EDGE_CURVE('',#1940,#1939,#2173,.T.);
#1590=EDGE_CURVE('',#1941,#1940,#130,.T.);
#1591=EDGE_CURVE('',#1942,#1941,#2174,.T.);
#1592=EDGE_CURVE('',#1936,#1942,#131,.T.);
#1593=EDGE_CURVE('',#1943,#1771,#132,.T.);
#1594=EDGE_CURVE('',#1943,#1944,#133,.T.);
#1595=EDGE_CURVE('',#1772,#1944,#134,.T.);
#1596=EDGE_CURVE('',#1945,#1943,#2175,.T.);
#1597=EDGE_CURVE('',#1946,#1945,#135,.T.);
#1598=EDGE_CURVE('',#1947,#1946,#2176,.T.);
#1599=EDGE_CURVE('',#1948,#1947,#136,.T.);
#1600=EDGE_CURVE('',#1949,#1948,#2177,.T.);
#1601=EDGE_CURVE('',#1950,#1949,#137,.T.);
#1602=EDGE_CURVE('',#1951,#1950,#2178,.T.);
#1603=EDGE_CURVE('',#1944,#1951,#2179,.T.);
#1604=EDGE_CURVE('',#1952,#1953,#138,.T.);
#1605=EDGE_CURVE('',#1952,#1954,#139,.T.);
#1606=EDGE_CURVE('',#1955,#1954,#140,.T.);
#1607=EDGE_CURVE('',#1953,#1955,#141,.T.);
#1608=EDGE_CURVE('',#1955,#1882,#2180,.T.);
#1609=EDGE_CURVE('',#1954,#1883,#2181,.T.);
#1610=EDGE_CURVE('',#1956,#1952,#2182,.T.);
#1611=EDGE_CURVE('',#1957,#1956,#2183,.T.);
#1612=EDGE_CURVE('',#1958,#1957,#142,.T.);
#1613=EDGE_CURVE('',#1959,#1958,#2184,.T.);
#1614=EDGE_CURVE('',#1960,#1959,#143,.T.);
#1615=EDGE_CURVE('',#1961,#1960,#2185,.T.);
#1616=EDGE_CURVE('',#1962,#1961,#144,.T.);
#1617=EDGE_CURVE('',#1884,#1962,#2186,.T.);
#1618=EDGE_CURVE('',#1963,#1964,#2187,.T.);
#1619=EDGE_CURVE('',#1965,#1963,#145,.T.);
#1620=EDGE_CURVE('',#1965,#1966,#2188,.T.);
#1621=EDGE_CURVE('',#1937,#1966,#146,.T.);
#1622=EDGE_CURVE('',#1967,#1935,#147,.T.);
#1623=EDGE_CURVE('',#1967,#1968,#2189,.T.);
#1624=EDGE_CURVE('',#1964,#1968,#148,.T.);
#1625=EDGE_CURVE('',#1936,#1969,#149,.T.);
#1626=EDGE_CURVE('',#1969,#1967,#2190,.T.);
#1627=EDGE_CURVE('',#1970,#1942,#150,.T.);
#1628=EDGE_CURVE('',#1970,#1969,#151,.T.);
#1629=EDGE_CURVE('',#1941,#1971,#152,.T.);
#1630=EDGE_CURVE('',#1971,#1970,#2191,.T.);
#1631=EDGE_CURVE('',#1972,#1940,#153,.T.);
#1632=EDGE_CURVE('',#1972,#1971,#154,.T.);
#1633=EDGE_CURVE('',#1946,#1973,#155,.T.);
#1634=EDGE_CURVE('',#1973,#1974,#2192,.T.);
#1635=EDGE_CURVE('',#1974,#1947,#156,.T.);
#1636=EDGE_CURVE('',#1975,#1945,#157,.T.);
#1637=EDGE_CURVE('',#1975,#1973,#158,.T.);
#1638=EDGE_CURVE('',#1770,#1976,#159,.T.);
#1639=EDGE_CURVE('',#1976,#1975,#2193,.T.);
#1640=EDGE_CURVE('',#1958,#1977,#160,.T.);
#1641=EDGE_CURVE('',#1977,#1978,#2194,.T.);
#1642=EDGE_CURVE('',#1978,#1959,#161,.T.);
#1643=EDGE_CURVE('',#1979,#1957,#162,.T.);
#1644=EDGE_CURVE('',#1979,#1977,#163,.T.);
#1645=EDGE_CURVE('',#1956,#1980,#164,.T.);
#1646=EDGE_CURVE('',#1980,#1979,#2195,.T.);
#1647=EDGE_CURVE('',#1981,#1845,#165,.T.);
#1648=EDGE_CURVE('',#1981,#1980,#2196,.T.);
#1649=EDGE_CURVE('',#1926,#1953,#2197,.T.);
#1650=EDGE_CURVE('',#1951,#1982,#166,.T.);
#1651=EDGE_CURVE('',#1982,#1983,#2198,.T.);
#1652=EDGE_CURVE('',#1983,#1773,#167,.T.);
#1653=EDGE_CURVE('',#1984,#1983,#2199,.T.);
#1654=EDGE_CURVE('',#1774,#1984,#168,.T.);
#1655=EDGE_CURVE('',#1758,#1907,#2200,.T.);
#1656=EDGE_CURVE('',#1872,#1985,#2201,.T.);
#1657=EDGE_CURVE('',#1963,#1985,#2202,.T.);
#1658=EDGE_CURVE('',#1986,#1964,#2203,.T.);
#1659=EDGE_CURVE('',#1986,#1757,#2204,.T.);
#1660=EDGE_CURVE('',#1987,#1885,#2205,.T.);
#1661=EDGE_CURVE('',#1988,#1987,#169,.T.);
#1662=EDGE_CURVE('',#1989,#1988,#2206,.T.);
#1663=EDGE_CURVE('',#1978,#1989,#170,.T.);
#1664=EDGE_CURVE('',#1924,#1981,#2207,.T.);
#1665=EDGE_CURVE('',#1990,#1913,#2208,.T.);
#1666=EDGE_CURVE('',#1984,#1990,#2209,.T.);
#1667=EDGE_CURVE('',#1991,#1982,#2210,.T.);
#1668=EDGE_CURVE('',#1992,#1991,#171,.T.);
#1669=EDGE_CURVE('',#1993,#1992,#2211,.T.);
#1670=EDGE_CURVE('',#1974,#1993,#172,.T.);
#1671=EDGE_CURVE('',#1976,#1994,#2212,.T.);
#1672=EDGE_CURVE('',#1995,#1994,#2213,.T.);
#1673=EDGE_CURVE('',#1996,#1995,#2214,.T.);
#1674=EDGE_CURVE('',#1997,#1996,#2215,.T.);
#1675=EDGE_CURVE('',#1998,#1997,#173,.T.);
#1676=EDGE_CURVE('',#1999,#1998,#2216,.T.);
#1677=EDGE_CURVE('',#2000,#1999,#174,.T.);
#1678=EDGE_CURVE('',#2001,#2000,#2217,.T.);
#1679=EDGE_CURVE('',#2002,#2001,#2218,.T.);
#1680=EDGE_CURVE('',#2003,#2002,#2219,.T.);
#1681=EDGE_CURVE('',#2003,#2004,#2220,.T.);
#1682=EDGE_CURVE('',#1968,#2004,#2221,.T.);
#1683=EDGE_CURVE('',#2005,#1972,#2222,.T.);
#1684=EDGE_CURVE('',#2006,#2005,#175,.T.);
#1685=EDGE_CURVE('',#1966,#2006,#2223,.T.);
#1686=EDGE_CURVE('',#2007,#1965,#2224,.T.);
#1687=EDGE_CURVE('',#2007,#2008,#2225,.T.);
#1688=EDGE_CURVE('',#2009,#2008,#2226,.T.);
#1689=EDGE_CURVE('',#2010,#2009,#2227,.T.);
#1690=EDGE_CURVE('',#2011,#2010,#2228,.T.);
#1691=EDGE_CURVE('',#1880,#2011,#2229,.T.);
#1692=EDGE_CURVE('',#2012,#1902,#2230,.T.);
#1693=EDGE_CURVE('',#1899,#2012,#176,.T.);
#1694=EDGE_CURVE('',#2013,#2014,#177,.T.);
#1695=EDGE_CURVE('',#2014,#2015,#2231,.T.);
#1696=EDGE_CURVE('',#2015,#2016,#178,.T.);
#1697=EDGE_CURVE('',#2016,#2013,#2232,.T.);
#1698=EDGE_CURVE('',#1962,#1987,#179,.T.);
#1699=EDGE_CURVE('',#1988,#1961,#180,.T.);
#1700=EDGE_CURVE('',#1960,#1989,#181,.T.);
#1701=EDGE_CURVE('',#1939,#2005,#182,.T.);
#1702=EDGE_CURVE('',#1764,#1999,#183,.T.);
#1703=EDGE_CURVE('',#1998,#1765,#184,.T.);
#1704=EDGE_CURVE('',#1766,#1997,#185,.T.);
#1705=EDGE_CURVE('',#1948,#1993,#186,.T.);
#1706=EDGE_CURVE('',#1992,#1949,#187,.T.);
#1707=EDGE_CURVE('',#1950,#1991,#188,.T.);
#1708=EDGE_CURVE('',#1990,#1759,#189,.T.);
#1709=EDGE_CURVE('',#1768,#1995,#190,.T.);
#1710=EDGE_CURVE('',#1994,#1769,#191,.T.);
#1711=EDGE_CURVE('',#1996,#1767,#192,.T.);
#1712=EDGE_CURVE('',#2000,#1763,#193,.T.);
#1713=EDGE_CURVE('',#1762,#2001,#194,.T.);
#1714=EDGE_CURVE('',#2002,#1761,#195,.T.);
#1715=EDGE_CURVE('',#1760,#2003,#196,.T.);
#1716=EDGE_CURVE('',#2004,#1986,#197,.T.);
#1717=EDGE_CURVE('',#2006,#1938,#198,.T.);
#1718=EDGE_CURVE('',#1985,#2007,#199,.T.);
#1719=EDGE_CURVE('',#1802,#2009,#200,.T.);
#1720=EDGE_CURVE('',#2008,#1803,#201,.T.);
#1721=EDGE_CURVE('',#2010,#1801,#202,.T.);
#1722=EDGE_CURVE('',#1800,#2011,#203,.T.);
#1723=EDGE_CURVE('',#1785,#2012,#204,.T.);
#1724=EDGE_CURVE('',#2017,#2018,#205,.T.);
#1725=EDGE_CURVE('',#2019,#2018,#206,.T.);
#1726=EDGE_CURVE('',#2019,#2014,#207,.T.);
#1727=EDGE_CURVE('',#2017,#2013,#208,.T.);
#1728=EDGE_CURVE('',#2020,#2017,#2233,.T.);
#1729=EDGE_CURVE('',#2020,#2016,#209,.T.);
#1730=EDGE_CURVE('',#2021,#2022,#210,.T.);
#1731=EDGE_CURVE('',#2021,#2020,#211,.T.);
#1732=EDGE_CURVE('',#2022,#2015,#212,.T.);
#1733=EDGE_CURVE('',#2021,#2018,#2234,.T.);
#1734=EDGE_CURVE('',#2022,#2021,#2235,.T.);
#1735=EDGE_CURVE('',#2018,#2019,#2236,.T.);
#1736=EDGE_CURVE('',#2023,#2024,#12,.T.);
#1737=EDGE_CURVE('',#2024,#2025,#2237,.T.);
#1738=EDGE_CURVE('',#2025,#2026,#13,.T.);
#1739=EDGE_CURVE('',#2026,#2023,#2238,.T.);
#1740=EDGE_CURVE('',#2027,#2027,#2239,.T.);
#1741=EDGE_CURVE('',#2025,#2028,#213,.T.);
#1742=EDGE_CURVE('',#2029,#2024,#214,.T.);
#1743=EDGE_CURVE('',#2028,#2029,#215,.T.);
#1744=EDGE_CURVE('',#2028,#2030,#216,.T.);
#1745=EDGE_CURVE('',#2031,#2030,#217,.T.);
#1746=EDGE_CURVE('',#2026,#2031,#218,.T.);
#1747=EDGE_CURVE('',#2032,#2031,#2240,.T.);
#1748=EDGE_CURVE('',#2023,#2032,#219,.T.);
#1749=EDGE_CURVE('',#2033,#2032,#220,.T.);
#1750=EDGE_CURVE('',#2029,#2033,#221,.T.);
#1751=EDGE_CURVE('',#2030,#2033,#222,.T.);
#1752=VERTEX_POINT('',#5162);
#1753=VERTEX_POINT('',#5164);
#1754=VERTEX_POINT('',#5168);
#1755=VERTEX_POINT('',#5170);
#1756=VERTEX_POINT('',#5173);
#1757=VERTEX_POINT('',#5177);
#1758=VERTEX_POINT('',#5178);
#1759=VERTEX_POINT('',#5182);
#1760=VERTEX_POINT('',#5184);
#1761=VERTEX_POINT('',#5186);
#1762=VERTEX_POINT('',#5188);
#1763=VERTEX_POINT('',#5190);
#1764=VERTEX_POINT('',#5192);
#1765=VERTEX_POINT('',#5194);
#1766=VERTEX_POINT('',#5196);
#1767=VERTEX_POINT('',#5198);
#1768=VERTEX_POINT('',#5200);
#1769=VERTEX_POINT('',#5202);
#1770=VERTEX_POINT('',#5204);
#1771=VERTEX_POINT('',#5206);
#1772=VERTEX_POINT('',#5208);
#1773=VERTEX_POINT('',#5210);
#1774=VERTEX_POINT('',#5212);
#1775=VERTEX_POINT('',#5216);
#1776=VERTEX_POINT('',#5217);
#1777=VERTEX_POINT('',#5219);
#1778=VERTEX_POINT('',#5221);
#1779=VERTEX_POINT('',#5225);
#1780=VERTEX_POINT('',#5228);
#1781=VERTEX_POINT('',#5229);
#1782=VERTEX_POINT('',#5231);
#1783=VERTEX_POINT('',#5233);
#1784=VERTEX_POINT('',#5235);
#1785=VERTEX_POINT('',#5237);
#1786=VERTEX_POINT('',#5239);
#1787=VERTEX_POINT('',#5241);
#1788=VERTEX_POINT('',#5243);
#1789=VERTEX_POINT('',#5245);
#1790=VERTEX_POINT('',#5249);
#1791=VERTEX_POINT('',#5250);
#1792=VERTEX_POINT('',#5252);
#1793=VERTEX_POINT('',#5254);
#1794=VERTEX_POINT('',#5256);
#1795=VERTEX_POINT('',#5258);
#1796=VERTEX_POINT('',#5260);
#1797=VERTEX_POINT('',#5262);
#1798=VERTEX_POINT('',#5266);
#1799=VERTEX_POINT('',#5268);
#1800=VERTEX_POINT('',#5270);
#1801=VERTEX_POINT('',#5272);
#1802=VERTEX_POINT('',#5274);
#1803=VERTEX_POINT('',#5276);
#1804=VERTEX_POINT('',#5280);
#1805=VERTEX_POINT('',#5283);
#1806=VERTEX_POINT('',#5284);
#1807=VERTEX_POINT('',#5286);
#1808=VERTEX_POINT('',#5288);
#1809=VERTEX_POINT('',#5290);
#1810=VERTEX_POINT('',#5292);
#1811=VERTEX_POINT('',#5294);
#1812=VERTEX_POINT('',#5296);
#1813=VERTEX_POINT('',#5300);
#1814=VERTEX_POINT('',#5301);
#1815=VERTEX_POINT('',#5303);
#1816=VERTEX_POINT('',#5305);
#1817=VERTEX_POINT('',#5307);
#1818=VERTEX_POINT('',#5309);
#1819=VERTEX_POINT('',#5311);
#1820=VERTEX_POINT('',#5313);
#1821=VERTEX_POINT('',#5315);
#1822=VERTEX_POINT('',#5317);
#1823=VERTEX_POINT('',#5324);
#1824=VERTEX_POINT('',#5326);
#1825=VERTEX_POINT('',#5328);
#1826=VERTEX_POINT('',#5330);
#1827=VERTEX_POINT('',#5332);
#1828=VERTEX_POINT('',#5334);
#1829=VERTEX_POINT('',#5341);
#1830=VERTEX_POINT('',#5342);
#1831=VERTEX_POINT('',#5344);
#1832=VERTEX_POINT('',#5346);
#1833=VERTEX_POINT('',#5350);
#1834=VERTEX_POINT('',#5352);
#1835=VERTEX_POINT('',#5356);
#1836=VERTEX_POINT('',#5358);
#1837=VERTEX_POINT('',#5362);
#1838=VERTEX_POINT('',#5363);
#1839=VERTEX_POINT('',#5365);
#1840=VERTEX_POINT('',#5367);
#1841=VERTEX_POINT('',#5371);
#1842=VERTEX_POINT('',#5372);
#1843=VERTEX_POINT('',#5374);
#1844=VERTEX_POINT('',#5376);
#1845=VERTEX_POINT('',#5378);
#1846=VERTEX_POINT('',#5380);
#1847=VERTEX_POINT('',#5384);
#1848=VERTEX_POINT('',#5386);
#1849=VERTEX_POINT('',#5388);
#1850=VERTEX_POINT('',#5390);
#1851=VERTEX_POINT('',#5392);
#1852=VERTEX_POINT('',#5394);
#1853=VERTEX_POINT('',#5398);
#1854=VERTEX_POINT('',#5399);
#1855=VERTEX_POINT('',#5401);
#1856=VERTEX_POINT('',#5403);
#1857=VERTEX_POINT('',#5405);
#1858=VERTEX_POINT('',#5407);
#1859=VERTEX_POINT('',#5414);
#1860=VERTEX_POINT('',#5416);
#1861=VERTEX_POINT('',#5418);
#1862=VERTEX_POINT('',#5420);
#1863=VERTEX_POINT('',#5422);
#1864=VERTEX_POINT('',#5424);
#1865=VERTEX_POINT('',#5428);
#1866=VERTEX_POINT('',#5430);
#1867=VERTEX_POINT('',#5434);
#1868=VERTEX_POINT('',#5436);
#1869=VERTEX_POINT('',#5440);
#1870=VERTEX_POINT('',#5442);
#1871=VERTEX_POINT('',#5446);
#1872=VERTEX_POINT('',#5450);
#1873=VERTEX_POINT('',#5454);
#1874=VERTEX_POINT('',#5457);
#1875=VERTEX_POINT('',#5461);
#1876=VERTEX_POINT('',#5465);
#1877=VERTEX_POINT('',#5471);
#1878=VERTEX_POINT('',#5475);
#1879=VERTEX_POINT('',#5479);
#1880=VERTEX_POINT('',#5481);
#1881=VERTEX_POINT('',#5485);
#1882=VERTEX_POINT('',#5487);
#1883=VERTEX_POINT('',#5489);
#1884=VERTEX_POINT('',#5491);
#1885=VERTEX_POINT('',#5493);
#1886=VERTEX_POINT('',#5495);
#1887=VERTEX_POINT('',#5499);
#1888=VERTEX_POINT('',#5501);
#1889=VERTEX_POINT('',#5505);
#1890=VERTEX_POINT('',#5507);
#1891=VERTEX_POINT('',#5511);
#1892=VERTEX_POINT('',#5514);
#1893=VERTEX_POINT('',#5518);
#1894=VERTEX_POINT('',#5522);
#1895=VERTEX_POINT('',#5526);
#1896=VERTEX_POINT('',#5530);
#1897=VERTEX_POINT('',#5534);
#1898=VERTEX_POINT('',#5538);
#1899=VERTEX_POINT('',#5542);
#1900=VERTEX_POINT('',#5546);
#1901=VERTEX_POINT('',#5552);
#1902=VERTEX_POINT('',#5555);
#1903=VERTEX_POINT('',#5559);
#1904=VERTEX_POINT('',#5565);
#1905=VERTEX_POINT('',#5567);
#1906=VERTEX_POINT('',#5571);
#1907=VERTEX_POINT('',#5573);
#1908=VERTEX_POINT('',#5577);
#1909=VERTEX_POINT('',#5579);
#1910=VERTEX_POINT('',#5583);
#1911=VERTEX_POINT('',#5585);
#1912=VERTEX_POINT('',#5589);
#1913=VERTEX_POINT('',#5593);
#1914=VERTEX_POINT('',#5595);
#1915=VERTEX_POINT('',#5599);
#1916=VERTEX_POINT('',#5603);
#1917=VERTEX_POINT('',#5605);
#1918=VERTEX_POINT('',#5609);
#1919=VERTEX_POINT('',#5611);
#1920=VERTEX_POINT('',#5615);
#1921=VERTEX_POINT('',#5618);
#1922=VERTEX_POINT('',#5622);
#1923=VERTEX_POINT('',#5626);
#1924=VERTEX_POINT('',#5630);
#1925=VERTEX_POINT('',#5633);
#1926=VERTEX_POINT('',#5639);
#1927=VERTEX_POINT('',#5643);
#1928=VERTEX_POINT('',#5649);
#1929=VERTEX_POINT('',#5652);
#1930=VERTEX_POINT('',#5654);
#1931=VERTEX_POINT('',#5657);
#1932=VERTEX_POINT('',#5659);
#1933=VERTEX_POINT('',#5662);
#1934=VERTEX_POINT('',#5664);
#1935=VERTEX_POINT('',#5677);
#1936=VERTEX_POINT('',#5678);
#1937=VERTEX_POINT('',#5680);
#1938=VERTEX_POINT('',#5682);
#1939=VERTEX_POINT('',#5684);
#1940=VERTEX_POINT('',#5686);
#1941=VERTEX_POINT('',#5688);
#1942=VERTEX_POINT('',#5690);
#1943=VERTEX_POINT('',#5694);
#1944=VERTEX_POINT('',#5696);
#1945=VERTEX_POINT('',#5700);
#1946=VERTEX_POINT('',#5702);
#1947=VERTEX_POINT('',#5704);
#1948=VERTEX_POINT('',#5706);
#1949=VERTEX_POINT('',#5708);
#1950=VERTEX_POINT('',#5710);
#1951=VERTEX_POINT('',#5712);
#1952=VERTEX_POINT('',#5716);
#1953=VERTEX_POINT('',#5717);
#1954=VERTEX_POINT('',#5719);
#1955=VERTEX_POINT('',#5721);
#1956=VERTEX_POINT('',#5728);
#1957=VERTEX_POINT('',#5730);
#1958=VERTEX_POINT('',#5732);
#1959=VERTEX_POINT('',#5734);
#1960=VERTEX_POINT('',#5736);
#1961=VERTEX_POINT('',#5738);
#1962=VERTEX_POINT('',#5740);
#1963=VERTEX_POINT('',#5744);
#1964=VERTEX_POINT('',#5745);
#1965=VERTEX_POINT('',#5747);
#1966=VERTEX_POINT('',#5749);
#1967=VERTEX_POINT('',#5752);
#1968=VERTEX_POINT('',#5754);
#1969=VERTEX_POINT('',#5758);
#1970=VERTEX_POINT('',#5762);
#1971=VERTEX_POINT('',#5766);
#1972=VERTEX_POINT('',#5770);
#1973=VERTEX_POINT('',#5774);
#1974=VERTEX_POINT('',#5776);
#1975=VERTEX_POINT('',#5780);
#1976=VERTEX_POINT('',#5784);
#1977=VERTEX_POINT('',#5788);
#1978=VERTEX_POINT('',#5790);
#1979=VERTEX_POINT('',#5794);
#1980=VERTEX_POINT('',#5798);
#1981=VERTEX_POINT('',#5802);
#1982=VERTEX_POINT('',#5807);
#1983=VERTEX_POINT('',#5809);
#1984=VERTEX_POINT('',#5813);
#1985=VERTEX_POINT('',#5818);
#1986=VERTEX_POINT('',#5821);
#1987=VERTEX_POINT('',#5825);
#1988=VERTEX_POINT('',#5827);
#1989=VERTEX_POINT('',#5829);
#1990=VERTEX_POINT('',#5833);
#1991=VERTEX_POINT('',#5836);
#1992=VERTEX_POINT('',#5838);
#1993=VERTEX_POINT('',#5840);
#1994=VERTEX_POINT('',#5843);
#1995=VERTEX_POINT('',#5845);
#1996=VERTEX_POINT('',#5847);
#1997=VERTEX_POINT('',#5849);
#1998=VERTEX_POINT('',#5851);
#1999=VERTEX_POINT('',#5853);
#2000=VERTEX_POINT('',#5855);
#2001=VERTEX_POINT('',#5857);
#2002=VERTEX_POINT('',#5859);
#2003=VERTEX_POINT('',#5861);
#2004=VERTEX_POINT('',#5863);
#2005=VERTEX_POINT('',#5866);
#2006=VERTEX_POINT('',#5868);
#2007=VERTEX_POINT('',#5871);
#2008=VERTEX_POINT('',#5873);
#2009=VERTEX_POINT('',#5875);
#2010=VERTEX_POINT('',#5877);
#2011=VERTEX_POINT('',#5879);
#2012=VERTEX_POINT('',#5882);
#2013=VERTEX_POINT('',#5885);
#2014=VERTEX_POINT('',#5886);
#2015=VERTEX_POINT('',#5888);
#2016=VERTEX_POINT('',#5890);
#2017=VERTEX_POINT('',#5954);
#2018=VERTEX_POINT('',#5955);
#2019=VERTEX_POINT('',#5957);
#2020=VERTEX_POINT('',#5962);
#2021=VERTEX_POINT('',#5966);
#2022=VERTEX_POINT('',#5967);
#2023=VERTEX_POINT('',#5982);
#2024=VERTEX_POINT('',#5983);
#2025=VERTEX_POINT('',#5985);
#2026=VERTEX_POINT('',#5991);
#2027=VERTEX_POINT('',#5995);
#2028=VERTEX_POINT('',#5997);
#2029=VERTEX_POINT('',#5999);
#2030=VERTEX_POINT('',#6004);
#2031=VERTEX_POINT('',#6006);
#2032=VERTEX_POINT('',#6010);
#2033=VERTEX_POINT('',#6014);
#2034=CIRCLE('',#3873,0.047);
#2035=CIRCLE('',#3874,0.047);
#2036=CIRCLE('',#3877,0.05);
#2037=CIRCLE('',#3878,0.049);
#2038=CIRCLE('',#3880,0.05);
#2039=CIRCLE('',#3883,0.049);
#2040=CIRCLE('',#3884,0.049);
#2041=CIRCLE('',#3886,0.036);
#2042=CIRCLE('',#3887,0.005);
#2043=CIRCLE('',#3888,0.0025);
#2044=CIRCLE('',#3889,0.03);
#2045=CIRCLE('',#3890,0.0025);
#2046=CIRCLE('',#3891,0.001);
#2047=CIRCLE('',#3892,0.0025);
#2048=CIRCLE('',#3893,0.005);
#2049=CIRCLE('',#3894,0.0025);
#2050=CIRCLE('',#3895,0.012);
#2051=CIRCLE('',#3896,0.0025);
#2052=CIRCLE('',#3897,0.001);
#2053=CIRCLE('',#3898,0.00525);
#2054=CIRCLE('',#3899,0.0025);
#2055=CIRCLE('',#3901,0.00118131764200091);
#2056=CIRCLE('',#3902,0.00118131764200091);
#2057=CIRCLE('',#3904,0.00325);
#2058=CIRCLE('',#3906,0.036);
#2059=CIRCLE('',#3907,0.0025);
#2060=CIRCLE('',#3908,0.001);
#2061=CIRCLE('',#3909,0.0025);
#2062=CIRCLE('',#3910,0.00525);
#2063=CIRCLE('',#3911,0.0075);
#2064=CIRCLE('',#3912,0.0430777205401426);
#2065=CIRCLE('',#3914,0.0075);
#2066=CIRCLE('',#3915,0.0147764991109796);
#2067=CIRCLE('',#3916,0.0075);
#2068=CIRCLE('',#3917,0.00525);
#2069=CIRCLE('',#3918,0.0025);
#2070=CIRCLE('',#3919,0.036);
#2071=CIRCLE('',#3921,0.0075);
#2072=CIRCLE('',#3922,0.036);
#2073=CIRCLE('',#3923,0.0025);
#2074=CIRCLE('',#3924,0.03);
#2075=CIRCLE('',#3925,0.0025);
#2076=CIRCLE('',#3926,0.005);
#2077=CIRCLE('',#3928,0.00325);
#2078=CIRCLE('',#3930,0.0075);
#2079=CIRCLE('',#3931,0.036);
#2080=CIRCLE('',#3932,0.0025);
#2081=CIRCLE('',#3933,0.00525);
#2082=CIRCLE('',#3934,0.0075);
#2083=CIRCLE('',#3935,0.0147764991109796);
#2084=CIRCLE('',#3937,0.036);
#2085=CIRCLE('',#3938,0.0430777205401426);
#2086=CIRCLE('',#3939,0.0075);
#2087=CIRCLE('',#3940,0.00525);
#2088=CIRCLE('',#3941,0.0025);
#2089=CIRCLE('',#3942,0.001);
#2090=CIRCLE('',#3943,0.0025);
#2091=CIRCLE('',#3946,0.0075);
#2092=CIRCLE('',#3947,0.005);
#2093=CIRCLE('',#3948,0.0025);
#2094=CIRCLE('',#3949,0.03);
#2095=CIRCLE('',#3950,0.0025);
#2096=CIRCLE('',#3951,0.036);
#2097=CIRCLE('',#3954,0.036);
#2098=CIRCLE('',#3955,0.0075);
#2099=CIRCLE('',#3956,0.00782584465393421);
#2100=CIRCLE('',#3958,0.00782584465393421);
#2101=CIRCLE('',#3960,0.036);
#2102=CIRCLE('',#3961,0.0075);
#2103=CIRCLE('',#3963,0.0118660249393309);
#2104=CIRCLE('',#3964,0.0118660249393309);
#2105=CIRCLE('',#3966,0.0075);
#2106=CIRCLE('',#3967,0.00525);
#2107=CIRCLE('',#3968,0.0025);
#2108=CIRCLE('',#3969,0.036);
#2109=CIRCLE('',#3970,0.0167001044572536);
#2110=CIRCLE('',#3972,0.0075);
#2111=CIRCLE('',#3973,0.036);
#2112=CIRCLE('',#3974,0.0025);
#2113=CIRCLE('',#3975,0.00525);
#2114=CIRCLE('',#3976,0.0075);
#2115=CIRCLE('',#3978,0.0075);
#2116=CIRCLE('',#3979,0.0167001044572536);
#2117=CIRCLE('',#3980,0.036);
#2118=CIRCLE('',#3981,0.0025);
#2119=CIRCLE('',#3982,0.00525);
#2120=CIRCLE('',#3985,0.0075);
#2121=CIRCLE('',#3986,0.0075);
#2122=CIRCLE('',#3987,0.00525);
#2123=CIRCLE('',#3988,0.0025);
#2124=CIRCLE('',#3989,0.036);
#2125=CIRCLE('',#3993,0.0025);
#2126=CIRCLE('',#3995,0.03);
#2127=CIRCLE('',#3997,0.0025);
#2128=CIRCLE('',#3999,0.0075);
#2129=CIRCLE('',#4000,0.0075);
#2130=CIRCLE('',#4004,0.036);
#2131=CIRCLE('',#4006,0.036);
#2132=CIRCLE('',#4008,0.0025);
#2133=CIRCLE('',#4010,0.0025);
#2134=CIRCLE('',#4012,0.036);
#2135=CIRCLE('',#4013,0.036);
#2136=CIRCLE('',#4014,0.036);
#2137=CIRCLE('',#4018,0.0075);
#2138=CIRCLE('',#4019,0.0075);
#2139=CIRCLE('',#4021,0.0025);
#2140=CIRCLE('',#4023,0.0025);
#2141=CIRCLE('',#4028,0.001);
#2142=CIRCLE('',#4030,0.001);
#2143=CIRCLE('',#4032,0.00525);
#2144=CIRCLE('',#4034,0.00525);
#2145=CIRCLE('',#4036,0.00525);
#2146=CIRCLE('',#4037,0.00525);
#2147=CIRCLE('',#4040,0.0025);
#2148=CIRCLE('',#4046,0.036);
#2149=CIRCLE('',#4048,0.0025);
#2150=CIRCLE('',#4050,0.0025);
#2151=CIRCLE('',#4054,0.0075);
#2152=CIRCLE('',#4055,0.0075);
#2153=CIRCLE('',#4058,0.00525);
#2154=CIRCLE('',#4060,0.00525);
#2155=CIRCLE('',#4061,0.00525);
#2156=CIRCLE('',#4063,0.00525);
#2157=CIRCLE('',#4065,0.0025);
#2158=CIRCLE('',#4067,0.00325);
#2159=CIRCLE('',#4069,0.0075);
#2160=CIRCLE('',#4070,0.0075);
#2161=CIRCLE('',#4072,0.00325);
#2162=CIRCLE('',#4074,0.00325);
#2163=CIRCLE('',#4075,0.00325);
#2164=CIRCLE('',#4077,0.00325);
#2165=CIRCLE('',#4078,0.00325);
#2166=CIRCLE('',#4080,0.00325);
#2167=CIRCLE('',#4081,0.00325);
#2168=CIRCLE('',#4083,0.036);
#2169=CIRCLE('',#4089,0.036);
#2170=CIRCLE('',#4091,0.0025);
#2171=CIRCLE('',#4092,0.03);
#2172=CIRCLE('',#4093,0.0025);
#2173=CIRCLE('',#4094,0.001);
#2174=CIRCLE('',#4095,0.001);
#2175=CIRCLE('',#4098,0.0025);
#2176=CIRCLE('',#4099,0.001);
#2177=CIRCLE('',#4100,0.001);
#2178=CIRCLE('',#4101,0.005);
#2179=CIRCLE('',#4102,0.001);
#2180=CIRCLE('',#4105,0.0407854637409543);
#2181=CIRCLE('',#4106,0.0407854637409543);
#2182=CIRCLE('',#4108,0.036);
#2183=CIRCLE('',#4109,0.001);
#2184=CIRCLE('',#4110,0.001);
#2185=CIRCLE('',#4111,0.001);
#2186=CIRCLE('',#4112,0.001);
#2187=CIRCLE('',#4114,0.03);
#2188=CIRCLE('',#4115,0.03);
#2189=CIRCLE('',#4116,0.03);
#2190=CIRCLE('',#4118,0.0025);
#2191=CIRCLE('',#4121,0.001);
#2192=CIRCLE('',#4124,0.001);
#2193=CIRCLE('',#4127,0.0025);
#2194=CIRCLE('',#4129,0.001);
#2195=CIRCLE('',#4132,0.001);
#2196=CIRCLE('',#4134,0.036);
#2197=CIRCLE('',#4135,0.036);
#2198=CIRCLE('',#4137,0.001);
#2199=CIRCLE('',#4139,0.00525);
#2200=CIRCLE('',#4141,0.036);
#2201=CIRCLE('',#4142,0.005);
#2202=CIRCLE('',#4143,0.0025);
#2203=CIRCLE('',#4144,0.0025);
#2204=CIRCLE('',#4145,0.005);
#2205=CIRCLE('',#4147,0.001);
#2206=CIRCLE('',#4148,0.001);
#2207=CIRCLE('',#4149,0.0025);
#2208=CIRCLE('',#4150,0.036);
#2209=CIRCLE('',#4151,0.0025);
#2210=CIRCLE('',#4152,0.005);
#2211=CIRCLE('',#4153,0.001);
#2212=CIRCLE('',#4154,0.012);
#2213=CIRCLE('',#4155,0.0025);
#2214=CIRCLE('',#4156,0.005);
#2215=CIRCLE('',#4157,0.0025);
#2216=CIRCLE('',#4158,0.001);
#2217=CIRCLE('',#4159,0.0025);
#2218=CIRCLE('',#4160,0.03);
#2219=CIRCLE('',#4161,0.0025);
#2220=CIRCLE('',#4162,0.005);
#2221=CIRCLE('',#4163,0.0025);
#2222=CIRCLE('',#4164,0.001);
#2223=CIRCLE('',#4165,0.0025);
#2224=CIRCLE('',#4166,0.0025);
#2225=CIRCLE('',#4167,0.005);
#2226=CIRCLE('',#4168,0.0025);
#2227=CIRCLE('',#4169,0.03);
#2228=CIRCLE('',#4170,0.0025);
#2229=CIRCLE('',#4171,0.036);
#2230=CIRCLE('',#4172,0.0025);
#2231=CIRCLE('',#4173,0.021);
#2232=CIRCLE('',#4174,0.016);
#2233=CIRCLE('',#4211,0.016);
#2234=CIRCLE('',#4214,0.021);
#2235=CIRCLE('',#4216,0.021);
#2236=CIRCLE('',#4218,0.021);
#2237=CIRCLE('',#4220,0.0105);
#2238=CIRCLE('',#4221,0.0085);
#2239=CIRCLE('',#4223,0.021);
#2240=CIRCLE('',#4227,0.0085);
#2241=EDGE_LOOP('',(#501));
#2242=EDGE_LOOP('',(#502));
#2243=EDGE_LOOP('',(#503));
#2244=EDGE_LOOP('',(#504));
#2245=EDGE_LOOP('',(#505));
#2246=EDGE_LOOP('',(#506));
#2247=EDGE_LOOP('',(#507));
#2248=EDGE_LOOP('',(#508));
#2249=EDGE_LOOP('',(#509));
#2250=EDGE_LOOP('',(#510));
#2251=EDGE_LOOP('',(#511,#512));
#2252=EDGE_LOOP('',(#513,#514,#515,#516,#517,#518,#519,#520,#521,#522,#523,
#524,#525,#526,#527,#528,#529,#530));
#2253=EDGE_LOOP('',(#531,#532,#533,#534));
#2254=EDGE_LOOP('',(#535));
#2255=EDGE_LOOP('',(#536,#537,#538,#539,#540,#541,#542,#543,#544,#545));
#2256=EDGE_LOOP('',(#546,#547,#548,#549,#550,#551,#552,#553));
#2257=EDGE_LOOP('',(#554,#555,#556,#557,#558,#559,#560,#561));
#2258=EDGE_LOOP('',(#562));
#2259=EDGE_LOOP('',(#563,#564,#565,#566,#567,#568,#569,#570));
#2260=EDGE_LOOP('',(#571,#572,#573,#574,#575,#576,#577,#578,#579,#580));
#2261=EDGE_LOOP('',(#581,#582,#583,#584));
#2262=EDGE_LOOP('',(#585,#586,#587,#588,#589,#590,#591,#592));
#2263=EDGE_LOOP('',(#593,#594,#595,#596));
#2264=EDGE_LOOP('',(#597,#598,#599,#600));
#2265=EDGE_LOOP('',(#601,#602,#603,#604));
#2266=EDGE_LOOP('',(#605,#606,#607,#608));
#2267=EDGE_LOOP('',(#609,#610,#611,#612));
#2268=EDGE_LOOP('',(#613,#614,#615,#616,#617,#618));
#2269=EDGE_LOOP('',(#619,#620,#621,#622,#623,#624,#625,#626));
#2270=EDGE_LOOP('',(#627,#628,#629,#630,#631,#632));
#2271=EDGE_LOOP('',(#633,#634,#635,#636));
#2272=EDGE_LOOP('',(#637,#638,#639,#640,#641,#642,#643,#644));
#2273=EDGE_LOOP('',(#645,#646,#647,#648));
#2274=EDGE_LOOP('',(#649,#650,#651,#652));
#2275=EDGE_LOOP('',(#653,#654,#655,#656));
#2276=EDGE_LOOP('',(#657,#658,#659,#660));
#2277=EDGE_LOOP('',(#661,#662,#663,#664));
#2278=EDGE_LOOP('',(#665,#666,#667,#668,#669,#670,#671,#672,#673,#674,#675,
#676));
#2279=EDGE_LOOP('',(#677,#678,#679,#680));
#2280=EDGE_LOOP('',(#681,#682,#683,#684));
#2281=EDGE_LOOP('',(#685,#686,#687,#688));
#2282=EDGE_LOOP('',(#689,#690,#691,#692));
#2283=EDGE_LOOP('',(#693,#694,#695,#696));
#2284=EDGE_LOOP('',(#697,#698,#699,#700));
#2285=EDGE_LOOP('',(#701,#702,#703,#704,#705,#706,#707,#708,#709,#710));
#2286=EDGE_LOOP('',(#711,#712,#713,#714));
#2287=EDGE_LOOP('',(#715,#716,#717,#718));
#2288=EDGE_LOOP('',(#719,#720,#721,#722,#723,#724,#725,#726,#727,#728,#729,
#730));
#2289=EDGE_LOOP('',(#731,#732,#733,#734));
#2290=EDGE_LOOP('',(#735,#736,#737,#738));
#2291=EDGE_LOOP('',(#739,#740,#741,#742));
#2292=EDGE_LOOP('',(#743,#744,#745,#746));
#2293=EDGE_LOOP('',(#747,#748,#749,#750));
#2294=EDGE_LOOP('',(#751,#752,#753,#754));
#2295=EDGE_LOOP('',(#755,#756,#757,#758));
#2296=EDGE_LOOP('',(#759,#760,#761,#762));
#2297=EDGE_LOOP('',(#763,#764,#765,#766));
#2298=EDGE_LOOP('',(#767,#768,#769,#770,#771,#772,#773,#774));
#2299=EDGE_LOOP('',(#775,#776,#777,#778));
#2300=EDGE_LOOP('',(#779,#780,#781,#782));
#2301=EDGE_LOOP('',(#783,#784,#785,#786));
#2302=EDGE_LOOP('',(#787,#788,#789,#790));
#2303=EDGE_LOOP('',(#791,#792,#793,#794));
#2304=EDGE_LOOP('',(#795,#796,#797,#798));
#2305=EDGE_LOOP('',(#799,#800,#801,#802));
#2306=EDGE_LOOP('',(#803,#804,#805,#806));
#2307=EDGE_LOOP('',(#807,#808,#809,#810));
#2308=EDGE_LOOP('',(#811,#812,#813,#814));
#2309=EDGE_LOOP('',(#815,#816,#817,#818));
#2310=EDGE_LOOP('',(#819,#820,#821,#822,#823,#824,#825,#826,#827,#828,#829,
#830));
#2311=EDGE_LOOP('',(#831,#832,#833,#834));
#2312=EDGE_LOOP('',(#835,#836,#837,#838));
#2313=EDGE_LOOP('',(#839,#840,#841,#842,#843,#844,#845,#846));
#2314=EDGE_LOOP('',(#847,#848,#849,#850));
#2315=EDGE_LOOP('',(#851,#852,#853,#854));
#2316=EDGE_LOOP('',(#855));
#2317=EDGE_LOOP('',(#856));
#2318=EDGE_LOOP('',(#857,#858,#859,#860,#861,#862,#863,#864,#865,#866,#867,
#868));
#2319=EDGE_LOOP('',(#869));
#2320=EDGE_LOOP('',(#870));
#2321=EDGE_LOOP('',(#871));
#2322=EDGE_LOOP('',(#872));
#2323=EDGE_LOOP('',(#873));
#2324=EDGE_LOOP('',(#874));
#2325=EDGE_LOOP('',(#875));
#2326=EDGE_LOOP('',(#876));
#2327=EDGE_LOOP('',(#877,#878,#879,#880));
#2328=EDGE_LOOP('',(#881));
#2329=EDGE_LOOP('',(#882,#883,#884,#885));
#2330=EDGE_LOOP('',(#886,#887,#888,#889));
#2331=EDGE_LOOP('',(#890));
#2332=EDGE_LOOP('',(#891,#892,#893,#894));
#2333=EDGE_LOOP('',(#895,#896,#897,#898));
#2334=EDGE_LOOP('',(#899));
#2335=EDGE_LOOP('',(#900,#901,#902,#903));
#2336=EDGE_LOOP('',(#904));
#2337=EDGE_LOOP('',(#905,#906,#907,#908,#909,#910,#911,#912));
#2338=EDGE_LOOP('',(#913,#914,#915,#916));
#2339=EDGE_LOOP('',(#917,#918,#919,#920,#921,#922,#923,#924,#925));
#2340=EDGE_LOOP('',(#926,#927,#928,#929));
#2341=EDGE_LOOP('',(#930,#931,#932,#933));
#2342=EDGE_LOOP('',(#934,#935,#936,#937,#938,#939,#940,#941,#942,#943,#944));
#2343=EDGE_LOOP('',(#945,#946,#947,#948,#949,#950,#951,#952));
#2344=EDGE_LOOP('',(#953,#954,#955,#956));
#2345=EDGE_LOOP('',(#957,#958,#959,#960));
#2346=EDGE_LOOP('',(#961,#962,#963,#964));
#2347=EDGE_LOOP('',(#965,#966,#967,#968));
#2348=EDGE_LOOP('',(#969,#970,#971,#972));
#2349=EDGE_LOOP('',(#973,#974,#975,#976));
#2350=EDGE_LOOP('',(#977,#978,#979,#980,#981,#982));
#2351=EDGE_LOOP('',(#983,#984,#985,#986));
#2352=EDGE_LOOP('',(#987,#988,#989,#990));
#2353=EDGE_LOOP('',(#991,#992,#993,#994));
#2354=EDGE_LOOP('',(#995,#996,#997,#998,#999,#1000,#1001,#1002,#1003,#1004));
#2355=EDGE_LOOP('',(#1005,#1006,#1007,#1008,#1009,#1010));
#2356=EDGE_LOOP('',(#1011,#1012,#1013,#1014));
#2357=EDGE_LOOP('',(#1015,#1016,#1017,#1018,#1019,#1020,#1021,#1022,#1023,
#1024,#1025,#1026,#1027,#1028,#1029,#1030,#1031,#1032,#1033,#1034,#1035,
#1036,#1037,#1038,#1039,#1040,#1041,#1042,#1043,#1044,#1045,#1046,#1047,
#1048,#1049,#1050,#1051,#1052,#1053,#1054,#1055));
#2358=EDGE_LOOP('',(#1056));
#2359=EDGE_LOOP('',(#1057));
#2360=EDGE_LOOP('',(#1058));
#2361=EDGE_LOOP('',(#1059));
#2362=EDGE_LOOP('',(#1060,#1061,#1062,#1063,#1064,#1065,#1066,#1067,#1068,
#1069,#1070,#1071,#1072,#1073,#1074,#1075,#1076,#1077,#1078,#1079,#1080,
#1081,#1082,#1083,#1084,#1085,#1086,#1087,#1088,#1089,#1090,#1091,#1092,
#1093,#1094,#1095,#1096,#1097,#1098,#1099,#1100,#1101,#1102,#1103,#1104,
#1105,#1106,#1107,#1108,#1109,#1110,#1111,#1112,#1113,#1114,#1115,#1116));
#2363=EDGE_LOOP('',(#1117,#1118,#1119,#1120));
#2364=EDGE_LOOP('',(#1121,#1122,#1123,#1124));
#2365=EDGE_LOOP('',(#1125,#1126,#1127,#1128));
#2366=EDGE_LOOP('',(#1129,#1130,#1131,#1132));
#2367=EDGE_LOOP('',(#1133,#1134,#1135,#1136));
#2368=EDGE_LOOP('',(#1137,#1138,#1139,#1140));
#2369=EDGE_LOOP('',(#1141,#1142,#1143,#1144));
#2370=EDGE_LOOP('',(#1145,#1146,#1147,#1148));
#2371=EDGE_LOOP('',(#1149,#1150,#1151,#1152));
#2372=EDGE_LOOP('',(#1153,#1154,#1155,#1156));
#2373=EDGE_LOOP('',(#1157,#1158,#1159,#1160));
#2374=EDGE_LOOP('',(#1161,#1162,#1163,#1164,#1165,#1166,#1167,#1168,#1169,
#1170,#1171,#1172,#1173));
#2375=EDGE_LOOP('',(#1174,#1175,#1176,#1177));
#2376=EDGE_LOOP('',(#1178,#1179,#1180,#1181));
#2377=EDGE_LOOP('',(#1182,#1183,#1184,#1185));
#2378=EDGE_LOOP('',(#1186,#1187,#1188,#1189));
#2379=EDGE_LOOP('',(#1190,#1191,#1192,#1193));
#2380=EDGE_LOOP('',(#1194,#1195,#1196,#1197));
#2381=EDGE_LOOP('',(#1198,#1199,#1200,#1201));
#2382=EDGE_LOOP('',(#1202,#1203,#1204,#1205));
#2383=EDGE_LOOP('',(#1206,#1207,#1208,#1209));
#2384=EDGE_LOOP('',(#1210,#1211,#1212,#1213));
#2385=EDGE_LOOP('',(#1214,#1215,#1216,#1217));
#2386=EDGE_LOOP('',(#1218,#1219,#1220,#1221));
#2387=EDGE_LOOP('',(#1222,#1223,#1224,#1225));
#2388=EDGE_LOOP('',(#1226,#1227,#1228,#1229));
#2389=EDGE_LOOP('',(#1230,#1231,#1232,#1233,#1234,#1235,#1236,#1237));
#2390=EDGE_LOOP('',(#1238,#1239,#1240,#1241));
#2391=EDGE_LOOP('',(#1242,#1243,#1244,#1245));
#2392=EDGE_LOOP('',(#1246,#1247,#1248,#1249));
#2393=EDGE_LOOP('',(#1250,#1251,#1252,#1253));
#2394=EDGE_LOOP('',(#1254,#1255,#1256,#1257,#1258));
#2395=EDGE_LOOP('',(#1259,#1260,#1261,#1262,#1263,#1264,#1265,#1266));
#2396=EDGE_LOOP('',(#1267,#1268,#1269,#1270));
#2397=EDGE_LOOP('',(#1271,#1272,#1273,#1274));
#2398=EDGE_LOOP('',(#1275,#1276,#1277,#1278,#1279));
#2399=EDGE_LOOP('',(#1280,#1281,#1282,#1283));
#2400=EDGE_LOOP('',(#1284,#1285,#1286,#1287,#1288));
#2401=EDGE_LOOP('',(#1289,#1290,#1291,#1292));
#2402=EDGE_LOOP('',(#1293,#1294));
#2403=EDGE_LOOP('',(#1295,#1296));
#2404=EDGE_LOOP('',(#1297,#1298,#1299,#1300));
#2405=EDGE_LOOP('',(#1301));
#2406=EDGE_LOOP('',(#1302,#1303,#1304,#1305));
#2407=EDGE_LOOP('',(#1306,#1307,#1308,#1309,#1310,#1311));
#2408=EDGE_LOOP('',(#1312));
#2409=EDGE_LOOP('',(#1313,#1314,#1315,#1316,#1317));
#2410=EDGE_LOOP('',(#1318,#1319,#1320,#1321));
#2411=EDGE_LOOP('',(#1322,#1323,#1324,#1325,#1326));
#2412=EDGE_LOOP('',(#1327,#1328,#1329,#1330));
#2413=EDGE_LOOP('',(#1331,#1332,#1333,#1334));
#2414=FACE_BOUND('',#2241,.T.);
#2415=FACE_BOUND('',#2242,.T.);
#2416=FACE_BOUND('',#2243,.T.);
#2417=FACE_BOUND('',#2244,.T.);
#2418=FACE_BOUND('',#2245,.T.);
#2419=FACE_BOUND('',#2246,.T.);
#2420=FACE_BOUND('',#2247,.T.);
#2421=FACE_BOUND('',#2248,.T.);
#2422=FACE_BOUND('',#2249,.T.);
#2423=FACE_BOUND('',#2250,.T.);
#2424=FACE_BOUND('',#2251,.T.);
#2425=FACE_BOUND('',#2252,.T.);
#2426=FACE_BOUND('',#2253,.T.);
#2427=FACE_BOUND('',#2254,.T.);
#2428=FACE_BOUND('',#2255,.T.);
#2429=FACE_BOUND('',#2256,.T.);
#2430=FACE_BOUND('',#2257,.T.);
#2431=FACE_BOUND('',#2258,.T.);
#2432=FACE_BOUND('',#2259,.T.);
#2433=FACE_BOUND('',#2260,.T.);
#2434=FACE_BOUND('',#2261,.T.);
#2435=FACE_BOUND('',#2262,.T.);
#2436=FACE_BOUND('',#2263,.T.);
#2437=FACE_BOUND('',#2264,.T.);
#2438=FACE_BOUND('',#2265,.T.);
#2439=FACE_BOUND('',#2266,.T.);
#2440=FACE_BOUND('',#2267,.T.);
#2441=FACE_BOUND('',#2268,.T.);
#2442=FACE_BOUND('',#2269,.T.);
#2443=FACE_BOUND('',#2270,.T.);
#2444=FACE_BOUND('',#2271,.T.);
#2445=FACE_BOUND('',#2272,.T.);
#2446=FACE_BOUND('',#2273,.T.);
#2447=FACE_BOUND('',#2274,.T.);
#2448=FACE_BOUND('',#2275,.T.);
#2449=FACE_BOUND('',#2276,.T.);
#2450=FACE_BOUND('',#2277,.T.);
#2451=FACE_BOUND('',#2278,.T.);
#2452=FACE_BOUND('',#2279,.T.);
#2453=FACE_BOUND('',#2280,.T.);
#2454=FACE_BOUND('',#2281,.T.);
#2455=FACE_BOUND('',#2282,.T.);
#2456=FACE_BOUND('',#2283,.T.);
#2457=FACE_BOUND('',#2284,.T.);
#2458=FACE_BOUND('',#2285,.T.);
#2459=FACE_BOUND('',#2286,.T.);
#2460=FACE_BOUND('',#2287,.T.);
#2461=FACE_BOUND('',#2288,.T.);
#2462=FACE_BOUND('',#2289,.T.);
#2463=FACE_BOUND('',#2290,.T.);
#2464=FACE_BOUND('',#2291,.T.);
#2465=FACE_BOUND('',#2292,.T.);
#2466=FACE_BOUND('',#2293,.T.);
#2467=FACE_BOUND('',#2294,.T.);
#2468=FACE_BOUND('',#2295,.T.);
#2469=FACE_BOUND('',#2296,.T.);
#2470=FACE_BOUND('',#2297,.T.);
#2471=FACE_BOUND('',#2298,.T.);
#2472=FACE_BOUND('',#2299,.T.);
#2473=FACE_BOUND('',#2300,.T.);
#2474=FACE_BOUND('',#2301,.T.);
#2475=FACE_BOUND('',#2302,.T.);
#2476=FACE_BOUND('',#2303,.T.);
#2477=FACE_BOUND('',#2304,.T.);
#2478=FACE_BOUND('',#2305,.T.);
#2479=FACE_BOUND('',#2306,.T.);
#2480=FACE_BOUND('',#2307,.T.);
#2481=FACE_BOUND('',#2308,.T.);
#2482=FACE_BOUND('',#2309,.T.);
#2483=FACE_BOUND('',#2310,.T.);
#2484=FACE_BOUND('',#2311,.T.);
#2485=FACE_BOUND('',#2312,.T.);
#2486=FACE_BOUND('',#2313,.T.);
#2487=FACE_BOUND('',#2314,.T.);
#2488=FACE_BOUND('',#2315,.T.);
#2489=FACE_BOUND('',#2316,.T.);
#2490=FACE_BOUND('',#2317,.T.);
#2491=FACE_BOUND('',#2318,.T.);
#2492=FACE_BOUND('',#2319,.T.);
#2493=FACE_BOUND('',#2320,.T.);
#2494=FACE_BOUND('',#2321,.T.);
#2495=FACE_BOUND('',#2322,.T.);
#2496=FACE_BOUND('',#2323,.T.);
#2497=FACE_BOUND('',#2324,.T.);
#2498=FACE_BOUND('',#2325,.T.);
#2499=FACE_BOUND('',#2326,.T.);
#2500=FACE_BOUND('',#2327,.T.);
#2501=FACE_BOUND('',#2328,.T.);
#2502=FACE_BOUND('',#2329,.T.);
#2503=FACE_BOUND('',#2330,.T.);
#2504=FACE_BOUND('',#2331,.T.);
#2505=FACE_BOUND('',#2332,.T.);
#2506=FACE_BOUND('',#2333,.T.);
#2507=FACE_BOUND('',#2334,.T.);
#2508=FACE_BOUND('',#2335,.T.);
#2509=FACE_BOUND('',#2336,.T.);
#2510=FACE_BOUND('',#2337,.T.);
#2511=FACE_BOUND('',#2338,.T.);
#2512=FACE_BOUND('',#2339,.T.);
#2513=FACE_BOUND('',#2340,.T.);
#2514=FACE_BOUND('',#2341,.T.);
#2515=FACE_BOUND('',#2342,.T.);
#2516=FACE_BOUND('',#2343,.T.);
#2517=FACE_BOUND('',#2344,.T.);
#2518=FACE_BOUND('',#2345,.T.);
#2519=FACE_BOUND('',#2346,.T.);
#2520=FACE_BOUND('',#2347,.T.);
#2521=FACE_BOUND('',#2348,.T.);
#2522=FACE_BOUND('',#2349,.T.);
#2523=FACE_BOUND('',#2350,.T.);
#2524=FACE_BOUND('',#2351,.T.);
#2525=FACE_BOUND('',#2352,.T.);
#2526=FACE_BOUND('',#2353,.T.);
#2527=FACE_BOUND('',#2354,.T.);
#2528=FACE_BOUND('',#2355,.T.);
#2529=FACE_BOUND('',#2356,.T.);
#2530=FACE_BOUND('',#2357,.T.);
#2531=FACE_BOUND('',#2358,.T.);
#2532=FACE_BOUND('',#2359,.T.);
#2533=FACE_BOUND('',#2360,.T.);
#2534=FACE_BOUND('',#2361,.T.);
#2535=FACE_BOUND('',#2362,.T.);
#2536=FACE_BOUND('',#2363,.T.);
#2537=FACE_BOUND('',#2364,.T.);
#2538=FACE_BOUND('',#2365,.T.);
#2539=FACE_BOUND('',#2366,.T.);
#2540=FACE_BOUND('',#2367,.T.);
#2541=FACE_BOUND('',#2368,.T.);
#2542=FACE_BOUND('',#2369,.T.);
#2543=FACE_BOUND('',#2370,.T.);
#2544=FACE_BOUND('',#2371,.T.);
#2545=FACE_BOUND('',#2372,.T.);
#2546=FACE_BOUND('',#2373,.T.);
#2547=FACE_BOUND('',#2374,.T.);
#2548=FACE_BOUND('',#2375,.T.);
#2549=FACE_BOUND('',#2376,.T.);
#2550=FACE_BOUND('',#2377,.T.);
#2551=FACE_BOUND('',#2378,.T.);
#2552=FACE_BOUND('',#2379,.T.);
#2553=FACE_BOUND('',#2380,.T.);
#2554=FACE_BOUND('',#2381,.T.);
#2555=FACE_BOUND('',#2382,.T.);
#2556=FACE_BOUND('',#2383,.T.);
#2557=FACE_BOUND('',#2384,.T.);
#2558=FACE_BOUND('',#2385,.T.);
#2559=FACE_BOUND('',#2386,.T.);
#2560=FACE_BOUND('',#2387,.T.);
#2561=FACE_BOUND('',#2388,.T.);
#2562=FACE_BOUND('',#2389,.T.);
#2563=FACE_BOUND('',#2390,.T.);
#2564=FACE_BOUND('',#2391,.T.);
#2565=FACE_BOUND('',#2392,.T.);
#2566=FACE_BOUND('',#2393,.T.);
#2567=FACE_BOUND('',#2394,.T.);
#2568=FACE_BOUND('',#2395,.T.);
#2569=FACE_BOUND('',#2396,.T.);
#2570=FACE_BOUND('',#2397,.T.);
#2571=FACE_BOUND('',#2398,.T.);
#2572=FACE_BOUND('',#2399,.T.);
#2573=FACE_BOUND('',#2400,.T.);
#2574=FACE_BOUND('',#2401,.T.);
#2575=FACE_BOUND('',#2402,.T.);
#2576=FACE_BOUND('',#2403,.T.);
#2577=FACE_BOUND('',#2404,.T.);
#2578=FACE_BOUND('',#2405,.T.);
#2579=FACE_BOUND('',#2406,.T.);
#2580=FACE_BOUND('',#2407,.T.);
#2581=FACE_BOUND('',#2408,.T.);
#2582=FACE_BOUND('',#2409,.T.);
#2583=FACE_BOUND('',#2410,.T.);
#2584=FACE_BOUND('',#2411,.T.);
#2585=FACE_BOUND('',#2412,.T.);
#2586=FACE_BOUND('',#2413,.T.);
#2587=CYLINDRICAL_SURFACE('',#3872,0.047);
#2588=CYLINDRICAL_SURFACE('',#3879,0.05);
#2589=CYLINDRICAL_SURFACE('',#3882,0.049);
#2590=CYLINDRICAL_SURFACE('',#3900,0.00118131764200091);
#2591=CYLINDRICAL_SURFACE('',#3944,0.0147764991109796);
#2592=CYLINDRICAL_SURFACE('',#3952,0.0430777205401426);
#2593=CYLINDRICAL_SURFACE('',#3957,0.00782584465393421);
#2594=CYLINDRICAL_SURFACE('',#3962,0.0118660249393309);
#2595=CYLINDRICAL_SURFACE('',#3983,0.0167001044572536);
#2596=CYLINDRICAL_SURFACE('',#3992,0.0025);
#2597=CYLINDRICAL_SURFACE('',#3994,0.03);
#2598=CYLINDRICAL_SURFACE('',#3996,0.0025);
#2599=CYLINDRICAL_SURFACE('',#3998,0.0075);
#2600=CYLINDRICAL_SURFACE('',#4003,0.036);
#2601=CYLINDRICAL_SURFACE('',#4005,0.036);
#2602=CYLINDRICAL_SURFACE('',#4007,0.0025);
#2603=CYLINDRICAL_SURFACE('',#4009,0.0025);
#2604=CYLINDRICAL_SURFACE('',#4011,0.036);
#2605=CYLINDRICAL_SURFACE('',#4017,0.0075);
#2606=CYLINDRICAL_SURFACE('',#4020,0.0025);
#2607=CYLINDRICAL_SURFACE('',#4022,0.0025);
#2608=CYLINDRICAL_SURFACE('',#4027,0.001);
#2609=CYLINDRICAL_SURFACE('',#4029,0.001);
#2610=CYLINDRICAL_SURFACE('',#4031,0.00525);
#2611=CYLINDRICAL_SURFACE('',#4033,0.00525);
#2612=CYLINDRICAL_SURFACE('',#4035,0.00525);
#2613=CYLINDRICAL_SURFACE('',#4039,0.0025);
#2614=CYLINDRICAL_SURFACE('',#4045,0.036);
#2615=CYLINDRICAL_SURFACE('',#4047,0.0025);
#2616=CYLINDRICAL_SURFACE('',#4049,0.0025);
#2617=CYLINDRICAL_SURFACE('',#4053,0.0075);
#2618=CYLINDRICAL_SURFACE('',#4057,0.00525);
#2619=CYLINDRICAL_SURFACE('',#4059,0.00525);
#2620=CYLINDRICAL_SURFACE('',#4062,0.00525);
#2621=CYLINDRICAL_SURFACE('',#4064,0.0025);
#2622=CYLINDRICAL_SURFACE('',#4066,0.00325);
#2623=CYLINDRICAL_SURFACE('',#4068,0.0075);
#2624=CYLINDRICAL_SURFACE('',#4071,0.00325);
#2625=CYLINDRICAL_SURFACE('',#4073,0.00325);
#2626=CYLINDRICAL_SURFACE('',#4076,0.00325);
#2627=CYLINDRICAL_SURFACE('',#4079,0.00325);
#2628=CYLINDRICAL_SURFACE('',#4104,0.0407854637409543);
#2629=CYLINDRICAL_SURFACE('',#4113,0.03);
#2630=CYLINDRICAL_SURFACE('',#4117,0.0025);
#2631=CYLINDRICAL_SURFACE('',#4120,0.001);
#2632=CYLINDRICAL_SURFACE('',#4123,0.001);
#2633=CYLINDRICAL_SURFACE('',#4126,0.0025);
#2634=CYLINDRICAL_SURFACE('',#4128,0.001);
#2635=CYLINDRICAL_SURFACE('',#4131,0.001);
#2636=CYLINDRICAL_SURFACE('',#4133,0.036);
#2637=CYLINDRICAL_SURFACE('',#4136,0.001);
#2638=CYLINDRICAL_SURFACE('',#4138,0.00525);
#2639=CYLINDRICAL_SURFACE('',#4175,0.001);
#2640=CYLINDRICAL_SURFACE('',#4177,0.001);
#2641=CYLINDRICAL_SURFACE('',#4178,0.001);
#2642=CYLINDRICAL_SURFACE('',#4179,0.001);
#2643=CYLINDRICAL_SURFACE('',#4181,0.001);
#2644=CYLINDRICAL_SURFACE('',#4183,0.005);
#2645=CYLINDRICAL_SURFACE('',#4184,0.0025);
#2646=CYLINDRICAL_SURFACE('',#4185,0.036);
#2647=CYLINDRICAL_SURFACE('',#4186,0.0025);
#2648=CYLINDRICAL_SURFACE('',#4187,0.005);
#2649=CYLINDRICAL_SURFACE('',#4188,0.0025);
#2650=CYLINDRICAL_SURFACE('',#4189,0.0025);
#2651=CYLINDRICAL_SURFACE('',#4191,0.0025);
#2652=CYLINDRICAL_SURFACE('',#4192,0.03);
#2653=CYLINDRICAL_SURFACE('',#4193,0.0025);
#2654=CYLINDRICAL_SURFACE('',#4194,0.0025);
#2655=CYLINDRICAL_SURFACE('',#4196,0.0025);
#2656=CYLINDRICAL_SURFACE('',#4197,0.0025);
#2657=CYLINDRICAL_SURFACE('',#4198,0.03);
#2658=CYLINDRICAL_SURFACE('',#4199,0.0025);
#2659=CYLINDRICAL_SURFACE('',#4200,0.036);
#2660=CYLINDRICAL_SURFACE('',#4201,0.0025);
#2661=CYLINDRICAL_SURFACE('',#4202,0.0025);
#2662=CYLINDRICAL_SURFACE('',#4204,0.012);
#2663=CYLINDRICAL_SURFACE('',#4205,0.005);
#2664=CYLINDRICAL_SURFACE('',#4206,0.005);
#2665=CYLINDRICAL_SURFACE('',#4210,0.016);
#2666=CYLINDRICAL_SURFACE('',#4224,0.021);
#2667=CYLINDRICAL_SURFACE('',#4226,0.0085);
#2668=OVER_RIDING_STYLED_ITEM('',(#2971),#2816,#2969);
#2669=OVER_RIDING_STYLED_ITEM('',(#2972),#2817,#2969);
#2670=OVER_RIDING_STYLED_ITEM('',(#2973),#2819,#2969);
#2671=OVER_RIDING_STYLED_ITEM('',(#2974),#2821,#2969);
#2672=OVER_RIDING_STYLED_ITEM('',(#2975),#2822,#2969);
#2673=OVER_RIDING_STYLED_ITEM('',(#2976),#2823,#2969);
#2674=OVER_RIDING_STYLED_ITEM('',(#2977),#2824,#2969);
#2675=OVER_RIDING_STYLED_ITEM('',(#2978),#2825,#2969);
#2676=OVER_RIDING_STYLED_ITEM('',(#2979),#2826,#2969);
#2677=OVER_RIDING_STYLED_ITEM('',(#2980),#2827,#2969);
#2678=OVER_RIDING_STYLED_ITEM('',(#2981),#2828,#2969);
#2679=OVER_RIDING_STYLED_ITEM('',(#2982),#2829,#2969);
#2680=OVER_RIDING_STYLED_ITEM('',(#2983),#2830,#2969);
#2681=OVER_RIDING_STYLED_ITEM('',(#2984),#2831,#2969);
#2682=OVER_RIDING_STYLED_ITEM('',(#2985),#2832,#2969);
#2683=OVER_RIDING_STYLED_ITEM('',(#2986),#2833,#2969);
#2684=OVER_RIDING_STYLED_ITEM('',(#2987),#2834,#2969);
#2685=OVER_RIDING_STYLED_ITEM('',(#2988),#2835,#2969);
#2686=OVER_RIDING_STYLED_ITEM('',(#2989),#2836,#2969);
#2687=OVER_RIDING_STYLED_ITEM('',(#2990),#2837,#2969);
#2688=OVER_RIDING_STYLED_ITEM('',(#2991),#2838,#2969);
#2689=OVER_RIDING_STYLED_ITEM('',(#2992),#2839,#2969);
#2690=OVER_RIDING_STYLED_ITEM('',(#2993),#2840,#2969);
#2691=OVER_RIDING_STYLED_ITEM('',(#2994),#2841,#2969);
#2692=OVER_RIDING_STYLED_ITEM('',(#2995),#2842,#2969);
#2693=OVER_RIDING_STYLED_ITEM('',(#2996),#2843,#2969);
#2694=OVER_RIDING_STYLED_ITEM('',(#2997),#2844,#2969);
#2695=OVER_RIDING_STYLED_ITEM('',(#2998),#2845,#2969);
#2696=OVER_RIDING_STYLED_ITEM('',(#2999),#2846,#2969);
#2697=OVER_RIDING_STYLED_ITEM('',(#3000),#2847,#2969);
#2698=OVER_RIDING_STYLED_ITEM('',(#3001),#2848,#2969);
#2699=OVER_RIDING_STYLED_ITEM('',(#3002),#2849,#2969);
#2700=OVER_RIDING_STYLED_ITEM('',(#3003),#2850,#2969);
#2701=OVER_RIDING_STYLED_ITEM('',(#3004),#2851,#2969);
#2702=OVER_RIDING_STYLED_ITEM('',(#3005),#2852,#2969);
#2703=OVER_RIDING_STYLED_ITEM('',(#3006),#2853,#2969);
#2704=OVER_RIDING_STYLED_ITEM('',(#3007),#2854,#2969);
#2705=OVER_RIDING_STYLED_ITEM('',(#3008),#2855,#2969);
#2706=OVER_RIDING_STYLED_ITEM('',(#3009),#2856,#2969);
#2707=OVER_RIDING_STYLED_ITEM('',(#3010),#2857,#2969);
#2708=OVER_RIDING_STYLED_ITEM('',(#3011),#2858,#2969);
#2709=OVER_RIDING_STYLED_ITEM('',(#3012),#2859,#2969);
#2710=OVER_RIDING_STYLED_ITEM('',(#3013),#2860,#2969);
#2711=OVER_RIDING_STYLED_ITEM('',(#3014),#2861,#2969);
#2712=OVER_RIDING_STYLED_ITEM('',(#3015),#2862,#2969);
#2713=OVER_RIDING_STYLED_ITEM('',(#3016),#2863,#2969);
#2714=OVER_RIDING_STYLED_ITEM('',(#3017),#2864,#2969);
#2715=OVER_RIDING_STYLED_ITEM('',(#3018),#2865,#2969);
#2716=OVER_RIDING_STYLED_ITEM('',(#3019),#2866,#2969);
#2717=OVER_RIDING_STYLED_ITEM('',(#3020),#2867,#2969);
#2718=OVER_RIDING_STYLED_ITEM('',(#3021),#2868,#2969);
#2719=OVER_RIDING_STYLED_ITEM('',(#3022),#2869,#2969);
#2720=OVER_RIDING_STYLED_ITEM('',(#3023),#2870,#2969);
#2721=OVER_RIDING_STYLED_ITEM('',(#3024),#2871,#2969);
#2722=OVER_RIDING_STYLED_ITEM('',(#3025),#2872,#2969);
#2723=OVER_RIDING_STYLED_ITEM('',(#3026),#2873,#2969);
#2724=OVER_RIDING_STYLED_ITEM('',(#3027),#2874,#2969);
#2725=OVER_RIDING_STYLED_ITEM('',(#3028),#2875,#2969);
#2726=OVER_RIDING_STYLED_ITEM('',(#3029),#2876,#2969);
#2727=OVER_RIDING_STYLED_ITEM('',(#3030),#2877,#2969);
#2728=OVER_RIDING_STYLED_ITEM('',(#3031),#2878,#2969);
#2729=OVER_RIDING_STYLED_ITEM('',(#3032),#2879,#2969);
#2730=OVER_RIDING_STYLED_ITEM('',(#3033),#2880,#2969);
#2731=OVER_RIDING_STYLED_ITEM('',(#3034),#2881,#2969);
#2732=OVER_RIDING_STYLED_ITEM('',(#3035),#2882,#2969);
#2733=OVER_RIDING_STYLED_ITEM('',(#3036),#2883,#2969);
#2734=OVER_RIDING_STYLED_ITEM('',(#3037),#2884,#2969);
#2735=OVER_RIDING_STYLED_ITEM('',(#3038),#2885,#2969);
#2736=OVER_RIDING_STYLED_ITEM('',(#3039),#2886,#2969);
#2737=OVER_RIDING_STYLED_ITEM('',(#3040),#2887,#2969);
#2738=OVER_RIDING_STYLED_ITEM('',(#3041),#2888,#2969);
#2739=OVER_RIDING_STYLED_ITEM('',(#3042),#2889,#2969);
#2740=OVER_RIDING_STYLED_ITEM('',(#3043),#2890,#2969);
#2741=OVER_RIDING_STYLED_ITEM('',(#3044),#2891,#2969);
#2742=OVER_RIDING_STYLED_ITEM('',(#3045),#2892,#2969);
#2743=OVER_RIDING_STYLED_ITEM('',(#3046),#2893,#2969);
#2744=OVER_RIDING_STYLED_ITEM('',(#3047),#2894,#2969);
#2745=OVER_RIDING_STYLED_ITEM('',(#3048),#2895,#2969);
#2746=OVER_RIDING_STYLED_ITEM('',(#3049),#2896,#2969);
#2747=OVER_RIDING_STYLED_ITEM('',(#3050),#2897,#2969);
#2748=OVER_RIDING_STYLED_ITEM('',(#3051),#2898,#2969);
#2749=OVER_RIDING_STYLED_ITEM('',(#3052),#2899,#2969);
#2750=OVER_RIDING_STYLED_ITEM('',(#3053),#2900,#2969);
#2751=OVER_RIDING_STYLED_ITEM('',(#3054),#2901,#2969);
#2752=OVER_RIDING_STYLED_ITEM('',(#3055),#2902,#2969);
#2753=OVER_RIDING_STYLED_ITEM('',(#3056),#2903,#2969);
#2754=OVER_RIDING_STYLED_ITEM('',(#3057),#2904,#2969);
#2755=OVER_RIDING_STYLED_ITEM('',(#3058),#2905,#2969);
#2756=OVER_RIDING_STYLED_ITEM('',(#3059),#2906,#2969);
#2757=OVER_RIDING_STYLED_ITEM('',(#3060),#2907,#2969);
#2758=OVER_RIDING_STYLED_ITEM('',(#3061),#2908,#2969);
#2759=OVER_RIDING_STYLED_ITEM('',(#3062),#2909,#2969);
#2760=OVER_RIDING_STYLED_ITEM('',(#3063),#2910,#2969);
#2761=OVER_RIDING_STYLED_ITEM('',(#3064),#2911,#2969);
#2762=OVER_RIDING_STYLED_ITEM('',(#3065),#2912,#2969);
#2763=OVER_RIDING_STYLED_ITEM('',(#3066),#2913,#2969);
#2764=OVER_RIDING_STYLED_ITEM('',(#3067),#2914,#2969);
#2765=OVER_RIDING_STYLED_ITEM('',(#3068),#2915,#2969);
#2766=OVER_RIDING_STYLED_ITEM('',(#3069),#2916,#2969);
#2767=OVER_RIDING_STYLED_ITEM('',(#3070),#2917,#2969);
#2768=OVER_RIDING_STYLED_ITEM('',(#3071),#2918,#2969);
#2769=OVER_RIDING_STYLED_ITEM('',(#3072),#2919,#2969);
#2770=OVER_RIDING_STYLED_ITEM('',(#3073),#2920,#2969);
#2771=OVER_RIDING_STYLED_ITEM('',(#3074),#2921,#2969);
#2772=OVER_RIDING_STYLED_ITEM('',(#3075),#2922,#2969);
#2773=OVER_RIDING_STYLED_ITEM('',(#3076),#2923,#2969);
#2774=OVER_RIDING_STYLED_ITEM('',(#3077),#2924,#2969);
#2775=OVER_RIDING_STYLED_ITEM('',(#3078),#2925,#2969);
#2776=OVER_RIDING_STYLED_ITEM('',(#3079),#2926,#2969);
#2777=OVER_RIDING_STYLED_ITEM('',(#3080),#2927,#2969);
#2778=OVER_RIDING_STYLED_ITEM('',(#3081),#2928,#2969);
#2779=OVER_RIDING_STYLED_ITEM('',(#3082),#2929,#2969);
#2780=OVER_RIDING_STYLED_ITEM('',(#3083),#2930,#2969);
#2781=OVER_RIDING_STYLED_ITEM('',(#3084),#2931,#2969);
#2782=OVER_RIDING_STYLED_ITEM('',(#3085),#2932,#2969);
#2783=OVER_RIDING_STYLED_ITEM('',(#3086),#2933,#2969);
#2784=OVER_RIDING_STYLED_ITEM('',(#3087),#2934,#2969);
#2785=OVER_RIDING_STYLED_ITEM('',(#3088),#2935,#2969);
#2786=OVER_RIDING_STYLED_ITEM('',(#3089),#2936,#2969);
#2787=OVER_RIDING_STYLED_ITEM('',(#3090),#2937,#2969);
#2788=OVER_RIDING_STYLED_ITEM('',(#3091),#2938,#2969);
#2789=OVER_RIDING_STYLED_ITEM('',(#3092),#2939,#2969);
#2790=OVER_RIDING_STYLED_ITEM('',(#3093),#2940,#2969);
#2791=OVER_RIDING_STYLED_ITEM('',(#3094),#2941,#2969);
#2792=OVER_RIDING_STYLED_ITEM('',(#3095),#2942,#2969);
#2793=OVER_RIDING_STYLED_ITEM('',(#3096),#2943,#2969);
#2794=OVER_RIDING_STYLED_ITEM('',(#3097),#2944,#2969);
#2795=OVER_RIDING_STYLED_ITEM('',(#3098),#2945,#2969);
#2796=OVER_RIDING_STYLED_ITEM('',(#3099),#2946,#2969);
#2797=OVER_RIDING_STYLED_ITEM('',(#3100),#2947,#2969);
#2798=OVER_RIDING_STYLED_ITEM('',(#3101),#2948,#2969);
#2799=OVER_RIDING_STYLED_ITEM('',(#3102),#2949,#2969);
#2800=OVER_RIDING_STYLED_ITEM('',(#3103),#2950,#2969);
#2801=OVER_RIDING_STYLED_ITEM('',(#3104),#2951,#2969);
#2802=OVER_RIDING_STYLED_ITEM('',(#3105),#2952,#2969);
#2803=OVER_RIDING_STYLED_ITEM('',(#3106),#2953,#2969);
#2804=OVER_RIDING_STYLED_ITEM('',(#3107),#2954,#2969);
#2805=OVER_RIDING_STYLED_ITEM('',(#3108),#2955,#2969);
#2806=OVER_RIDING_STYLED_ITEM('',(#3109),#2956,#2969);
#2807=OVER_RIDING_STYLED_ITEM('',(#3110),#2957,#2969);
#2808=OVER_RIDING_STYLED_ITEM('',(#3111),#2958,#2969);
#2809=OVER_RIDING_STYLED_ITEM('',(#3112),#2959,#2969);
#2810=OVER_RIDING_STYLED_ITEM('',(#3113),#2960,#2969);
#2811=OVER_RIDING_STYLED_ITEM('',(#3114),#2961,#2969);
#2812=OVER_RIDING_STYLED_ITEM('',(#3115),#2962,#2969);
#2813=OVER_RIDING_STYLED_ITEM('',(#3116),#2964,#2969);
#2814=OVER_RIDING_STYLED_ITEM('',(#3117),#2965,#2969);
#2815=OVER_RIDING_STYLED_ITEM('',(#3118),#2966,#2969);
#2816=ADVANCED_FACE('',(#2414,#2415),#2587,.T.);
#2817=ADVANCED_FACE('',(#2416),#431,.F.);
#2818=ADVANCED_FACE('',(#2417,#2418),#432,.T.);
#2819=ADVANCED_FACE('',(#2419,#2420),#2588,.T.);
#2820=ADVANCED_FACE('',(#2421,#2422),#433,.F.);
#2821=ADVANCED_FACE('',(#2423,#2424),#2589,.T.);
#2822=ADVANCED_FACE('',(#2425),#434,.T.);
#2823=ADVANCED_FACE('',(#2426),#2590,.F.);
#2824=ADVANCED_FACE('',(#2427),#435,.T.);
#2825=ADVANCED_FACE('',(#2428),#436,.T.);
#2826=ADVANCED_FACE('',(#2429),#437,.T.);
#2827=ADVANCED_FACE('',(#2430),#438,.T.);
#2828=ADVANCED_FACE('',(#2431),#439,.F.);
#2829=ADVANCED_FACE('',(#2432),#440,.F.);
#2830=ADVANCED_FACE('',(#2433),#441,.F.);
#2831=ADVANCED_FACE('',(#2434),#2591,.F.);
#2832=ADVANCED_FACE('',(#2435),#442,.F.);
#2833=ADVANCED_FACE('',(#2436),#2592,.F.);
#2834=ADVANCED_FACE('',(#2437),#443,.T.);
#2835=ADVANCED_FACE('',(#2438),#2593,.F.);
#2836=ADVANCED_FACE('',(#2439),#444,.F.);
#2837=ADVANCED_FACE('',(#2440),#2594,.F.);
#2838=ADVANCED_FACE('',(#2441),#445,.T.);
#2839=ADVANCED_FACE('',(#2442),#446,.T.);
#2840=ADVANCED_FACE('',(#2443),#447,.F.);
#2841=ADVANCED_FACE('',(#2444),#2595,.F.);
#2842=ADVANCED_FACE('',(#2445),#448,.F.);
#2843=ADVANCED_FACE('',(#2446),#449,.T.);
#2844=ADVANCED_FACE('',(#2447),#450,.T.);
#2845=ADVANCED_FACE('',(#2448),#2596,.F.);
#2846=ADVANCED_FACE('',(#2449),#2597,.T.);
#2847=ADVANCED_FACE('',(#2450),#2598,.F.);
#2848=ADVANCED_FACE('',(#2451),#2599,.T.);
#2849=ADVANCED_FACE('',(#2452),#451,.T.);
#2850=ADVANCED_FACE('',(#2453),#452,.T.);
#2851=ADVANCED_FACE('',(#2454),#2600,.T.);
#2852=ADVANCED_FACE('',(#2455),#2601,.T.);
#2853=ADVANCED_FACE('',(#2456),#2602,.F.);
#2854=ADVANCED_FACE('',(#2457),#2603,.F.);
#2855=ADVANCED_FACE('',(#2458),#2604,.T.);
#2856=ADVANCED_FACE('',(#2459),#453,.T.);
#2857=ADVANCED_FACE('',(#2460),#454,.T.);
#2858=ADVANCED_FACE('',(#2461),#2605,.T.);
#2859=ADVANCED_FACE('',(#2462),#2606,.F.);
#2860=ADVANCED_FACE('',(#2463),#2607,.F.);
#2861=ADVANCED_FACE('',(#2464),#455,.T.);
#2862=ADVANCED_FACE('',(#2465),#456,.T.);
#2863=ADVANCED_FACE('',(#2466),#457,.T.);
#2864=ADVANCED_FACE('',(#2467),#2608,.T.);
#2865=ADVANCED_FACE('',(#2468),#2609,.T.);
#2866=ADVANCED_FACE('',(#2469),#2610,.T.);
#2867=ADVANCED_FACE('',(#2470),#2611,.T.);
#2868=ADVANCED_FACE('',(#2471),#2612,.T.);
#2869=ADVANCED_FACE('',(#2472),#458,.T.);
#2870=ADVANCED_FACE('',(#2473),#2613,.F.);
#2871=ADVANCED_FACE('',(#2474),#459,.T.);
#2872=ADVANCED_FACE('',(#2475),#460,.T.);
#2873=ADVANCED_FACE('',(#2476),#461,.T.);
#2874=ADVANCED_FACE('',(#2477),#462,.T.);
#2875=ADVANCED_FACE('',(#2478),#2614,.T.);
#2876=ADVANCED_FACE('',(#2479),#2615,.F.);
#2877=ADVANCED_FACE('',(#2480),#2616,.F.);
#2878=ADVANCED_FACE('',(#2481),#463,.T.);
#2879=ADVANCED_FACE('',(#2482),#464,.T.);
#2880=ADVANCED_FACE('',(#2483),#2617,.T.);
#2881=ADVANCED_FACE('',(#2484),#465,.T.);
#2882=ADVANCED_FACE('',(#2485),#2618,.T.);
#2883=ADVANCED_FACE('',(#2486),#2619,.T.);
#2884=ADVANCED_FACE('',(#2487),#2620,.T.);
#2885=ADVANCED_FACE('',(#2488),#2621,.F.);
#2886=ADVANCED_FACE('',(#2489,#2490),#2622,.F.);
#2887=ADVANCED_FACE('',(#2491),#2623,.T.);
#2888=ADVANCED_FACE('',(#2492,#2493),#2624,.F.);
#2889=ADVANCED_FACE('',(#2494,#2495),#2625,.F.);
#2890=ADVANCED_FACE('',(#2496,#2497),#2626,.F.);
#2891=ADVANCED_FACE('',(#2498,#2499),#2627,.F.);
#2892=ADVANCED_FACE('',(#2500,#2501),#466,.F.);
#2893=ADVANCED_FACE('',(#2502),#467,.T.);
#2894=ADVANCED_FACE('',(#2503,#2504),#468,.F.);
#2895=ADVANCED_FACE('',(#2505),#469,.T.);
#2896=ADVANCED_FACE('',(#2506,#2507),#470,.F.);
#2897=ADVANCED_FACE('',(#2508,#2509),#471,.F.);
#2898=ADVANCED_FACE('',(#2510),#472,.T.);
#2899=ADVANCED_FACE('',(#2511),#473,.F.);
#2900=ADVANCED_FACE('',(#2512),#474,.T.);
#2901=ADVANCED_FACE('',(#2513),#475,.F.);
#2902=ADVANCED_FACE('',(#2514),#2628,.T.);
#2903=ADVANCED_FACE('',(#2515),#476,.T.);
#2904=ADVANCED_FACE('',(#2516),#2629,.T.);
#2905=ADVANCED_FACE('',(#2517),#2630,.F.);
#2906=ADVANCED_FACE('',(#2518),#477,.T.);
#2907=ADVANCED_FACE('',(#2519),#2631,.T.);
#2908=ADVANCED_FACE('',(#2520),#478,.T.);
#2909=ADVANCED_FACE('',(#2521),#2632,.T.);
#2910=ADVANCED_FACE('',(#2522),#479,.T.);
#2911=ADVANCED_FACE('',(#2523),#2633,.F.);
#2912=ADVANCED_FACE('',(#2524),#2634,.T.);
#2913=ADVANCED_FACE('',(#2525),#480,.T.);
#2914=ADVANCED_FACE('',(#2526),#2635,.F.);
#2915=ADVANCED_FACE('',(#2527),#2636,.T.);
#2916=ADVANCED_FACE('',(#2528),#2637,.F.);
#2917=ADVANCED_FACE('',(#2529),#2638,.T.);
#2918=ADVANCED_FACE('',(#2530,#2531,#2532,#2533,#2534),#481,.F.);
#2919=ADVANCED_FACE('',(#2535,#2536),#482,.F.);
#2920=ADVANCED_FACE('',(#2537),#2639,.F.);
#2921=ADVANCED_FACE('',(#2538),#483,.T.);
#2922=ADVANCED_FACE('',(#2539),#2640,.T.);
#2923=ADVANCED_FACE('',(#2540),#2641,.T.);
#2924=ADVANCED_FACE('',(#2541),#2642,.T.);
#2925=ADVANCED_FACE('',(#2542),#484,.T.);
#2926=ADVANCED_FACE('',(#2543),#2643,.T.);
#2927=ADVANCED_FACE('',(#2544),#485,.T.);
#2928=ADVANCED_FACE('',(#2545),#2644,.F.);
#2929=ADVANCED_FACE('',(#2546),#2645,.F.);
#2930=ADVANCED_FACE('',(#2547),#2646,.T.);
#2931=ADVANCED_FACE('',(#2548),#2647,.F.);
#2932=ADVANCED_FACE('',(#2549),#2648,.T.);
#2933=ADVANCED_FACE('',(#2550),#2649,.F.);
#2934=ADVANCED_FACE('',(#2551),#2650,.F.);
#2935=ADVANCED_FACE('',(#2552),#486,.T.);
#2936=ADVANCED_FACE('',(#2553),#2651,.F.);
#2937=ADVANCED_FACE('',(#2554),#2652,.T.);
#2938=ADVANCED_FACE('',(#2555),#2653,.F.);
#2939=ADVANCED_FACE('',(#2556),#2654,.F.);
#2940=ADVANCED_FACE('',(#2557),#487,.T.);
#2941=ADVANCED_FACE('',(#2558),#2655,.F.);
#2942=ADVANCED_FACE('',(#2559),#2656,.F.);
#2943=ADVANCED_FACE('',(#2560),#2657,.T.);
#2944=ADVANCED_FACE('',(#2561),#2658,.F.);
#2945=ADVANCED_FACE('',(#2562),#2659,.T.);
#2946=ADVANCED_FACE('',(#2563),#2660,.F.);
#2947=ADVANCED_FACE('',(#2564),#2661,.F.);
#2948=ADVANCED_FACE('',(#2565),#488,.T.);
#2949=ADVANCED_FACE('',(#2566),#2662,.T.);
#2950=ADVANCED_FACE('',(#2567),#2663,.T.);
#2951=ADVANCED_FACE('',(#2568),#2664,.T.);
#2952=ADVANCED_FACE('',(#2569),#489,.T.);
#2953=ADVANCED_FACE('',(#2570),#490,.T.);
#2954=ADVANCED_FACE('',(#2571),#491,.T.);
#2955=ADVANCED_FACE('',(#2572),#2665,.T.);
#2956=ADVANCED_FACE('',(#2573),#492,.T.);
#2957=ADVANCED_FACE('',(#2574),#493,.T.);
#2958=ADVANCED_FACE('',(#2575),#494,.F.);
#2959=ADVANCED_FACE('',(#2576),#495,.F.);
#2960=ADVANCED_FACE('',(#2577),#14,.F.);
#2961=ADVANCED_FACE('',(#2578,#2579),#496,.T.);
#2962=ADVANCED_FACE('',(#2580,#2581),#2666,.T.);
#2963=ADVANCED_FACE('',(#2582),#497,.T.);
#2964=ADVANCED_FACE('',(#2583),#2667,.T.);
#2965=ADVANCED_FACE('',(#2584),#498,.T.);
#2966=ADVANCED_FACE('',(#2585),#499,.T.);
#2967=ADVANCED_FACE('',(#2586),#500,.T.);
#2968=CLOSED_SHELL('',(#2816,#2817,#2818,#2819,#2820,#2821,#2822,#2823,
#2824,#2825,#2826,#2827,#2828,#2829,#2830,#2831,#2832,#2833,#2834,#2835,
#2836,#2837,#2838,#2839,#2840,#2841,#2842,#2843,#2844,#2845,#2846,#2847,
#2848,#2849,#2850,#2851,#2852,#2853,#2854,#2855,#2856,#2857,#2858,#2859,
#2860,#2861,#2862,#2863,#2864,#2865,#2866,#2867,#2868,#2869,#2870,#2871,
#2872,#2873,#2874,#2875,#2876,#2877,#2878,#2879,#2880,#2881,#2882,#2883,
#2884,#2885,#2886,#2887,#2888,#2889,#2890,#2891,#2892,#2893,#2894,#2895,
#2896,#2897,#2898,#2899,#2900,#2901,#2902,#2903,#2904,#2905,#2906,#2907,
#2908,#2909,#2910,#2911,#2912,#2913,#2914,#2915,#2916,#2917,#2918,#2919,
#2920,#2921,#2922,#2923,#2924,#2925,#2926,#2927,#2928,#2929,#2930,#2931,
#2932,#2933,#2934,#2935,#2936,#2937,#2938,#2939,#2940,#2941,#2942,#2943,
#2944,#2945,#2946,#2947,#2948,#2949,#2950,#2951,#2952,#2953,#2954,#2955,
#2956,#2957,#2958,#2959,#2960,#2961,#2962,#2963,#2964,#2965,#2966,#2967));
#2969=STYLED_ITEM('',(#2970),#3868);
#2970=PRESENTATION_STYLE_ASSIGNMENT((#3119));
#2971=PRESENTATION_STYLE_ASSIGNMENT((#3120));
#2972=PRESENTATION_STYLE_ASSIGNMENT((#3121));
#2973=PRESENTATION_STYLE_ASSIGNMENT((#3122));
#2974=PRESENTATION_STYLE_ASSIGNMENT((#3123));
#2975=PRESENTATION_STYLE_ASSIGNMENT((#3124));
#2976=PRESENTATION_STYLE_ASSIGNMENT((#3125));
#2977=PRESENTATION_STYLE_ASSIGNMENT((#3126));
#2978=PRESENTATION_STYLE_ASSIGNMENT((#3127));
#2979=PRESENTATION_STYLE_ASSIGNMENT((#3128));
#2980=PRESENTATION_STYLE_ASSIGNMENT((#3129));
#2981=PRESENTATION_STYLE_ASSIGNMENT((#3130));
#2982=PRESENTATION_STYLE_ASSIGNMENT((#3131));
#2983=PRESENTATION_STYLE_ASSIGNMENT((#3132));
#2984=PRESENTATION_STYLE_ASSIGNMENT((#3133));
#2985=PRESENTATION_STYLE_ASSIGNMENT((#3134));
#2986=PRESENTATION_STYLE_ASSIGNMENT((#3135));
#2987=PRESENTATION_STYLE_ASSIGNMENT((#3136));
#2988=PRESENTATION_STYLE_ASSIGNMENT((#3137));
#2989=PRESENTATION_STYLE_ASSIGNMENT((#3138));
#2990=PRESENTATION_STYLE_ASSIGNMENT((#3139));
#2991=PRESENTATION_STYLE_ASSIGNMENT((#3140));
#2992=PRESENTATION_STYLE_ASSIGNMENT((#3141));
#2993=PRESENTATION_STYLE_ASSIGNMENT((#3142));
#2994=PRESENTATION_STYLE_ASSIGNMENT((#3143));
#2995=PRESENTATION_STYLE_ASSIGNMENT((#3144));
#2996=PRESENTATION_STYLE_ASSIGNMENT((#3145));
#2997=PRESENTATION_STYLE_ASSIGNMENT((#3146));
#2998=PRESENTATION_STYLE_ASSIGNMENT((#3147));
#2999=PRESENTATION_STYLE_ASSIGNMENT((#3148));
#3000=PRESENTATION_STYLE_ASSIGNMENT((#3149));
#3001=PRESENTATION_STYLE_ASSIGNMENT((#3150));
#3002=PRESENTATION_STYLE_ASSIGNMENT((#3151));
#3003=PRESENTATION_STYLE_ASSIGNMENT((#3152));
#3004=PRESENTATION_STYLE_ASSIGNMENT((#3153));
#3005=PRESENTATION_STYLE_ASSIGNMENT((#3154));
#3006=PRESENTATION_STYLE_ASSIGNMENT((#3155));
#3007=PRESENTATION_STYLE_ASSIGNMENT((#3156));
#3008=PRESENTATION_STYLE_ASSIGNMENT((#3157));
#3009=PRESENTATION_STYLE_ASSIGNMENT((#3158));
#3010=PRESENTATION_STYLE_ASSIGNMENT((#3159));
#3011=PRESENTATION_STYLE_ASSIGNMENT((#3160));
#3012=PRESENTATION_STYLE_ASSIGNMENT((#3161));
#3013=PRESENTATION_STYLE_ASSIGNMENT((#3162));
#3014=PRESENTATION_STYLE_ASSIGNMENT((#3163));
#3015=PRESENTATION_STYLE_ASSIGNMENT((#3164));
#3016=PRESENTATION_STYLE_ASSIGNMENT((#3165));
#3017=PRESENTATION_STYLE_ASSIGNMENT((#3166));
#3018=PRESENTATION_STYLE_ASSIGNMENT((#3167));
#3019=PRESENTATION_STYLE_ASSIGNMENT((#3168));
#3020=PRESENTATION_STYLE_ASSIGNMENT((#3169));
#3021=PRESENTATION_STYLE_ASSIGNMENT((#3170));
#3022=PRESENTATION_STYLE_ASSIGNMENT((#3171));
#3023=PRESENTATION_STYLE_ASSIGNMENT((#3172));
#3024=PRESENTATION_STYLE_ASSIGNMENT((#3173));
#3025=PRESENTATION_STYLE_ASSIGNMENT((#3174));
#3026=PRESENTATION_STYLE_ASSIGNMENT((#3175));
#3027=PRESENTATION_STYLE_ASSIGNMENT((#3176));
#3028=PRESENTATION_STYLE_ASSIGNMENT((#3177));
#3029=PRESENTATION_STYLE_ASSIGNMENT((#3178));
#3030=PRESENTATION_STYLE_ASSIGNMENT((#3179));
#3031=PRESENTATION_STYLE_ASSIGNMENT((#3180));
#3032=PRESENTATION_STYLE_ASSIGNMENT((#3181));
#3033=PRESENTATION_STYLE_ASSIGNMENT((#3182));
#3034=PRESENTATION_STYLE_ASSIGNMENT((#3183));
#3035=PRESENTATION_STYLE_ASSIGNMENT((#3184));
#3036=PRESENTATION_STYLE_ASSIGNMENT((#3185));
#3037=PRESENTATION_STYLE_ASSIGNMENT((#3186));
#3038=PRESENTATION_STYLE_ASSIGNMENT((#3187));
#3039=PRESENTATION_STYLE_ASSIGNMENT((#3188));
#3040=PRESENTATION_STYLE_ASSIGNMENT((#3189));
#3041=PRESENTATION_STYLE_ASSIGNMENT((#3190));
#3042=PRESENTATION_STYLE_ASSIGNMENT((#3191));
#3043=PRESENTATION_STYLE_ASSIGNMENT((#3192));
#3044=PRESENTATION_STYLE_ASSIGNMENT((#3193));
#3045=PRESENTATION_STYLE_ASSIGNMENT((#3194));
#3046=PRESENTATION_STYLE_ASSIGNMENT((#3195));
#3047=PRESENTATION_STYLE_ASSIGNMENT((#3196));
#3048=PRESENTATION_STYLE_ASSIGNMENT((#3197));
#3049=PRESENTATION_STYLE_ASSIGNMENT((#3198));
#3050=PRESENTATION_STYLE_ASSIGNMENT((#3199));
#3051=PRESENTATION_STYLE_ASSIGNMENT((#3200));
#3052=PRESENTATION_STYLE_ASSIGNMENT((#3201));
#3053=PRESENTATION_STYLE_ASSIGNMENT((#3202));
#3054=PRESENTATION_STYLE_ASSIGNMENT((#3203));
#3055=PRESENTATION_STYLE_ASSIGNMENT((#3204));
#3056=PRESENTATION_STYLE_ASSIGNMENT((#3205));
#3057=PRESENTATION_STYLE_ASSIGNMENT((#3206));
#3058=PRESENTATION_STYLE_ASSIGNMENT((#3207));
#3059=PRESENTATION_STYLE_ASSIGNMENT((#3208));
#3060=PRESENTATION_STYLE_ASSIGNMENT((#3209));
#3061=PRESENTATION_STYLE_ASSIGNMENT((#3210));
#3062=PRESENTATION_STYLE_ASSIGNMENT((#3211));
#3063=PRESENTATION_STYLE_ASSIGNMENT((#3212));
#3064=PRESENTATION_STYLE_ASSIGNMENT((#3213));
#3065=PRESENTATION_STYLE_ASSIGNMENT((#3214));
#3066=PRESENTATION_STYLE_ASSIGNMENT((#3215));
#3067=PRESENTATION_STYLE_ASSIGNMENT((#3216));
#3068=PRESENTATION_STYLE_ASSIGNMENT((#3217));
#3069=PRESENTATION_STYLE_ASSIGNMENT((#3218));
#3070=PRESENTATION_STYLE_ASSIGNMENT((#3219));
#3071=PRESENTATION_STYLE_ASSIGNMENT((#3220));
#3072=PRESENTATION_STYLE_ASSIGNMENT((#3221));
#3073=PRESENTATION_STYLE_ASSIGNMENT((#3222));
#3074=PRESENTATION_STYLE_ASSIGNMENT((#3223));
#3075=PRESENTATION_STYLE_ASSIGNMENT((#3224));
#3076=PRESENTATION_STYLE_ASSIGNMENT((#3225));
#3077=PRESENTATION_STYLE_ASSIGNMENT((#3226));
#3078=PRESENTATION_STYLE_ASSIGNMENT((#3227));
#3079=PRESENTATION_STYLE_ASSIGNMENT((#3228));
#3080=PRESENTATION_STYLE_ASSIGNMENT((#3229));
#3081=PRESENTATION_STYLE_ASSIGNMENT((#3230));
#3082=PRESENTATION_STYLE_ASSIGNMENT((#3231));
#3083=PRESENTATION_STYLE_ASSIGNMENT((#3232));
#3084=PRESENTATION_STYLE_ASSIGNMENT((#3233));
#3085=PRESENTATION_STYLE_ASSIGNMENT((#3234));
#3086=PRESENTATION_STYLE_ASSIGNMENT((#3235));
#3087=PRESENTATION_STYLE_ASSIGNMENT((#3236));
#3088=PRESENTATION_STYLE_ASSIGNMENT((#3237));
#3089=PRESENTATION_STYLE_ASSIGNMENT((#3238));
#3090=PRESENTATION_STYLE_ASSIGNMENT((#3239));
#3091=PRESENTATION_STYLE_ASSIGNMENT((#3240));
#3092=PRESENTATION_STYLE_ASSIGNMENT((#3241));
#3093=PRESENTATION_STYLE_ASSIGNMENT((#3242));
#3094=PRESENTATION_STYLE_ASSIGNMENT((#3243));
#3095=PRESENTATION_STYLE_ASSIGNMENT((#3244));
#3096=PRESENTATION_STYLE_ASSIGNMENT((#3245));
#3097=PRESENTATION_STYLE_ASSIGNMENT((#3246));
#3098=PRESENTATION_STYLE_ASSIGNMENT((#3247));
#3099=PRESENTATION_STYLE_ASSIGNMENT((#3248));
#3100=PRESENTATION_STYLE_ASSIGNMENT((#3249));
#3101=PRESENTATION_STYLE_ASSIGNMENT((#3250));
#3102=PRESENTATION_STYLE_ASSIGNMENT((#3251));
#3103=PRESENTATION_STYLE_ASSIGNMENT((#3252));
#3104=PRESENTATION_STYLE_ASSIGNMENT((#3253));
#3105=PRESENTATION_STYLE_ASSIGNMENT((#3254));
#3106=PRESENTATION_STYLE_ASSIGNMENT((#3255));
#3107=PRESENTATION_STYLE_ASSIGNMENT((#3256));
#3108=PRESENTATION_STYLE_ASSIGNMENT((#3257));
#3109=PRESENTATION_STYLE_ASSIGNMENT((#3258));
#3110=PRESENTATION_STYLE_ASSIGNMENT((#3259));
#3111=PRESENTATION_STYLE_ASSIGNMENT((#3260));
#3112=PRESENTATION_STYLE_ASSIGNMENT((#3261));
#3113=PRESENTATION_STYLE_ASSIGNMENT((#3262));
#3114=PRESENTATION_STYLE_ASSIGNMENT((#3263));
#3115=PRESENTATION_STYLE_ASSIGNMENT((#3264));
#3116=PRESENTATION_STYLE_ASSIGNMENT((#3265));
#3117=PRESENTATION_STYLE_ASSIGNMENT((#3266));
#3118=PRESENTATION_STYLE_ASSIGNMENT((#3267));
#3119=SURFACE_STYLE_USAGE(.BOTH.,#3268);
#3120=SURFACE_STYLE_USAGE(.BOTH.,#3269);
#3121=SURFACE_STYLE_USAGE(.BOTH.,#3270);
#3122=SURFACE_STYLE_USAGE(.BOTH.,#3271);
#3123=SURFACE_STYLE_USAGE(.BOTH.,#3272);
#3124=SURFACE_STYLE_USAGE(.BOTH.,#3273);
#3125=SURFACE_STYLE_USAGE(.BOTH.,#3274);
#3126=SURFACE_STYLE_USAGE(.BOTH.,#3275);
#3127=SURFACE_STYLE_USAGE(.BOTH.,#3276);
#3128=SURFACE_STYLE_USAGE(.BOTH.,#3277);
#3129=SURFACE_STYLE_USAGE(.BOTH.,#3278);
#3130=SURFACE_STYLE_USAGE(.BOTH.,#3279);
#3131=SURFACE_STYLE_USAGE(.BOTH.,#3280);
#3132=SURFACE_STYLE_USAGE(.BOTH.,#3281);
#3133=SURFACE_STYLE_USAGE(.BOTH.,#3282);
#3134=SURFACE_STYLE_USAGE(.BOTH.,#3283);
#3135=SURFACE_STYLE_USAGE(.BOTH.,#3284);
#3136=SURFACE_STYLE_USAGE(.BOTH.,#3285);
#3137=SURFACE_STYLE_USAGE(.BOTH.,#3286);
#3138=SURFACE_STYLE_USAGE(.BOTH.,#3287);
#3139=SURFACE_STYLE_USAGE(.BOTH.,#3288);
#3140=SURFACE_STYLE_USAGE(.BOTH.,#3289);
#3141=SURFACE_STYLE_USAGE(.BOTH.,#3290);
#3142=SURFACE_STYLE_USAGE(.BOTH.,#3291);
#3143=SURFACE_STYLE_USAGE(.BOTH.,#3292);
#3144=SURFACE_STYLE_USAGE(.BOTH.,#3293);
#3145=SURFACE_STYLE_USAGE(.BOTH.,#3294);
#3146=SURFACE_STYLE_USAGE(.BOTH.,#3295);
#3147=SURFACE_STYLE_USAGE(.BOTH.,#3296);
#3148=SURFACE_STYLE_USAGE(.BOTH.,#3297);
#3149=SURFACE_STYLE_USAGE(.BOTH.,#3298);
#3150=SURFACE_STYLE_USAGE(.BOTH.,#3299);
#3151=SURFACE_STYLE_USAGE(.BOTH.,#3300);
#3152=SURFACE_STYLE_USAGE(.BOTH.,#3301);
#3153=SURFACE_STYLE_USAGE(.BOTH.,#3302);
#3154=SURFACE_STYLE_USAGE(.BOTH.,#3303);
#3155=SURFACE_STYLE_USAGE(.BOTH.,#3304);
#3156=SURFACE_STYLE_USAGE(.BOTH.,#3305);
#3157=SURFACE_STYLE_USAGE(.BOTH.,#3306);
#3158=SURFACE_STYLE_USAGE(.BOTH.,#3307);
#3159=SURFACE_STYLE_USAGE(.BOTH.,#3308);
#3160=SURFACE_STYLE_USAGE(.BOTH.,#3309);
#3161=SURFACE_STYLE_USAGE(.BOTH.,#3310);
#3162=SURFACE_STYLE_USAGE(.BOTH.,#3311);
#3163=SURFACE_STYLE_USAGE(.BOTH.,#3312);
#3164=SURFACE_STYLE_USAGE(.BOTH.,#3313);
#3165=SURFACE_STYLE_USAGE(.BOTH.,#3314);
#3166=SURFACE_STYLE_USAGE(.BOTH.,#3315);
#3167=SURFACE_STYLE_USAGE(.BOTH.,#3316);
#3168=SURFACE_STYLE_USAGE(.BOTH.,#3317);
#3169=SURFACE_STYLE_USAGE(.BOTH.,#3318);
#3170=SURFACE_STYLE_USAGE(.BOTH.,#3319);
#3171=SURFACE_STYLE_USAGE(.BOTH.,#3320);
#3172=SURFACE_STYLE_USAGE(.BOTH.,#3321);
#3173=SURFACE_STYLE_USAGE(.BOTH.,#3322);
#3174=SURFACE_STYLE_USAGE(.BOTH.,#3323);
#3175=SURFACE_STYLE_USAGE(.BOTH.,#3324);
#3176=SURFACE_STYLE_USAGE(.BOTH.,#3325);
#3177=SURFACE_STYLE_USAGE(.BOTH.,#3326);
#3178=SURFACE_STYLE_USAGE(.BOTH.,#3327);
#3179=SURFACE_STYLE_USAGE(.BOTH.,#3328);
#3180=SURFACE_STYLE_USAGE(.BOTH.,#3329);
#3181=SURFACE_STYLE_USAGE(.BOTH.,#3330);
#3182=SURFACE_STYLE_USAGE(.BOTH.,#3331);
#3183=SURFACE_STYLE_USAGE(.BOTH.,#3332);
#3184=SURFACE_STYLE_USAGE(.BOTH.,#3333);
#3185=SURFACE_STYLE_USAGE(.BOTH.,#3334);
#3186=SURFACE_STYLE_USAGE(.BOTH.,#3335);
#3187=SURFACE_STYLE_USAGE(.BOTH.,#3336);
#3188=SURFACE_STYLE_USAGE(.BOTH.,#3337);
#3189=SURFACE_STYLE_USAGE(.BOTH.,#3338);
#3190=SURFACE_STYLE_USAGE(.BOTH.,#3339);
#3191=SURFACE_STYLE_USAGE(.BOTH.,#3340);
#3192=SURFACE_STYLE_USAGE(.BOTH.,#3341);
#3193=SURFACE_STYLE_USAGE(.BOTH.,#3342);
#3194=SURFACE_STYLE_USAGE(.BOTH.,#3343);
#3195=SURFACE_STYLE_USAGE(.BOTH.,#3344);
#3196=SURFACE_STYLE_USAGE(.BOTH.,#3345);
#3197=SURFACE_STYLE_USAGE(.BOTH.,#3346);
#3198=SURFACE_STYLE_USAGE(.BOTH.,#3347);
#3199=SURFACE_STYLE_USAGE(.BOTH.,#3348);
#3200=SURFACE_STYLE_USAGE(.BOTH.,#3349);
#3201=SURFACE_STYLE_USAGE(.BOTH.,#3350);
#3202=SURFACE_STYLE_USAGE(.BOTH.,#3351);
#3203=SURFACE_STYLE_USAGE(.BOTH.,#3352);
#3204=SURFACE_STYLE_USAGE(.BOTH.,#3353);
#3205=SURFACE_STYLE_USAGE(.BOTH.,#3354);
#3206=SURFACE_STYLE_USAGE(.BOTH.,#3355);
#3207=SURFACE_STYLE_USAGE(.BOTH.,#3356);
#3208=SURFACE_STYLE_USAGE(.BOTH.,#3357);
#3209=SURFACE_STYLE_USAGE(.BOTH.,#3358);
#3210=SURFACE_STYLE_USAGE(.BOTH.,#3359);
#3211=SURFACE_STYLE_USAGE(.BOTH.,#3360);
#3212=SURFACE_STYLE_USAGE(.BOTH.,#3361);
#3213=SURFACE_STYLE_USAGE(.BOTH.,#3362);
#3214=SURFACE_STYLE_USAGE(.BOTH.,#3363);
#3215=SURFACE_STYLE_USAGE(.BOTH.,#3364);
#3216=SURFACE_STYLE_USAGE(.BOTH.,#3365);
#3217=SURFACE_STYLE_USAGE(.BOTH.,#3366);
#3218=SURFACE_STYLE_USAGE(.BOTH.,#3367);
#3219=SURFACE_STYLE_USAGE(.BOTH.,#3368);
#3220=SURFACE_STYLE_USAGE(.BOTH.,#3369);
#3221=SURFACE_STYLE_USAGE(.BOTH.,#3370);
#3222=SURFACE_STYLE_USAGE(.BOTH.,#3371);
#3223=SURFACE_STYLE_USAGE(.BOTH.,#3372);
#3224=SURFACE_STYLE_USAGE(.BOTH.,#3373);
#3225=SURFACE_STYLE_USAGE(.BOTH.,#3374);
#3226=SURFACE_STYLE_USAGE(.BOTH.,#3375);
#3227=SURFACE_STYLE_USAGE(.BOTH.,#3376);
#3228=SURFACE_STYLE_USAGE(.BOTH.,#3377);
#3229=SURFACE_STYLE_USAGE(.BOTH.,#3378);
#3230=SURFACE_STYLE_USAGE(.BOTH.,#3379);
#3231=SURFACE_STYLE_USAGE(.BOTH.,#3380);
#3232=SURFACE_STYLE_USAGE(.BOTH.,#3381);
#3233=SURFACE_STYLE_USAGE(.BOTH.,#3382);
#3234=SURFACE_STYLE_USAGE(.BOTH.,#3383);
#3235=SURFACE_STYLE_USAGE(.BOTH.,#3384);
#3236=SURFACE_STYLE_USAGE(.BOTH.,#3385);
#3237=SURFACE_STYLE_USAGE(.BOTH.,#3386);
#3238=SURFACE_STYLE_USAGE(.BOTH.,#3387);
#3239=SURFACE_STYLE_USAGE(.BOTH.,#3388);
#3240=SURFACE_STYLE_USAGE(.BOTH.,#3389);
#3241=SURFACE_STYLE_USAGE(.BOTH.,#3390);
#3242=SURFACE_STYLE_USAGE(.BOTH.,#3391);
#3243=SURFACE_STYLE_USAGE(.BOTH.,#3392);
#3244=SURFACE_STYLE_USAGE(.BOTH.,#3393);
#3245=SURFACE_STYLE_USAGE(.BOTH.,#3394);
#3246=SURFACE_STYLE_USAGE(.BOTH.,#3395);
#3247=SURFACE_STYLE_USAGE(.BOTH.,#3396);
#3248=SURFACE_STYLE_USAGE(.BOTH.,#3397);
#3249=SURFACE_STYLE_USAGE(.BOTH.,#3398);
#3250=SURFACE_STYLE_USAGE(.BOTH.,#3399);
#3251=SURFACE_STYLE_USAGE(.BOTH.,#3400);
#3252=SURFACE_STYLE_USAGE(.BOTH.,#3401);
#3253=SURFACE_STYLE_USAGE(.BOTH.,#3402);
#3254=SURFACE_STYLE_USAGE(.BOTH.,#3403);
#3255=SURFACE_STYLE_USAGE(.BOTH.,#3404);
#3256=SURFACE_STYLE_USAGE(.BOTH.,#3405);
#3257=SURFACE_STYLE_USAGE(.BOTH.,#3406);
#3258=SURFACE_STYLE_USAGE(.BOTH.,#3407);
#3259=SURFACE_STYLE_USAGE(.BOTH.,#3408);
#3260=SURFACE_STYLE_USAGE(.BOTH.,#3409);
#3261=SURFACE_STYLE_USAGE(.BOTH.,#3410);
#3262=SURFACE_STYLE_USAGE(.BOTH.,#3411);
#3263=SURFACE_STYLE_USAGE(.BOTH.,#3412);
#3264=SURFACE_STYLE_USAGE(.BOTH.,#3413);
#3265=SURFACE_STYLE_USAGE(.BOTH.,#3414);
#3266=SURFACE_STYLE_USAGE(.BOTH.,#3415);
#3267=SURFACE_STYLE_USAGE(.BOTH.,#3416);
#3268=SURFACE_SIDE_STYLE('',(#3417));
#3269=SURFACE_SIDE_STYLE('',(#3418));
#3270=SURFACE_SIDE_STYLE('',(#3419));
#3271=SURFACE_SIDE_STYLE('',(#3420));
#3272=SURFACE_SIDE_STYLE('',(#3421));
#3273=SURFACE_SIDE_STYLE('',(#3422));
#3274=SURFACE_SIDE_STYLE('',(#3423));
#3275=SURFACE_SIDE_STYLE('',(#3424));
#3276=SURFACE_SIDE_STYLE('',(#3425));
#3277=SURFACE_SIDE_STYLE('',(#3426));
#3278=SURFACE_SIDE_STYLE('',(#3427));
#3279=SURFACE_SIDE_STYLE('',(#3428));
#3280=SURFACE_SIDE_STYLE('',(#3429));
#3281=SURFACE_SIDE_STYLE('',(#3430));
#3282=SURFACE_SIDE_STYLE('',(#3431));
#3283=SURFACE_SIDE_STYLE('',(#3432));
#3284=SURFACE_SIDE_STYLE('',(#3433));
#3285=SURFACE_SIDE_STYLE('',(#3434));
#3286=SURFACE_SIDE_STYLE('',(#3435));
#3287=SURFACE_SIDE_STYLE('',(#3436));
#3288=SURFACE_SIDE_STYLE('',(#3437));
#3289=SURFACE_SIDE_STYLE('',(#3438));
#3290=SURFACE_SIDE_STYLE('',(#3439));
#3291=SURFACE_SIDE_STYLE('',(#3440));
#3292=SURFACE_SIDE_STYLE('',(#3441));
#3293=SURFACE_SIDE_STYLE('',(#3442));
#3294=SURFACE_SIDE_STYLE('',(#3443));
#3295=SURFACE_SIDE_STYLE('',(#3444));
#3296=SURFACE_SIDE_STYLE('',(#3445));
#3297=SURFACE_SIDE_STYLE('',(#3446));
#3298=SURFACE_SIDE_STYLE('',(#3447));
#3299=SURFACE_SIDE_STYLE('',(#3448));
#3300=SURFACE_SIDE_STYLE('',(#3449));
#3301=SURFACE_SIDE_STYLE('',(#3450));
#3302=SURFACE_SIDE_STYLE('',(#3451));
#3303=SURFACE_SIDE_STYLE('',(#3452));
#3304=SURFACE_SIDE_STYLE('',(#3453));
#3305=SURFACE_SIDE_STYLE('',(#3454));
#3306=SURFACE_SIDE_STYLE('',(#3455));
#3307=SURFACE_SIDE_STYLE('',(#3456));
#3308=SURFACE_SIDE_STYLE('',(#3457));
#3309=SURFACE_SIDE_STYLE('',(#3458));
#3310=SURFACE_SIDE_STYLE('',(#3459));
#3311=SURFACE_SIDE_STYLE('',(#3460));
#3312=SURFACE_SIDE_STYLE('',(#3461));
#3313=SURFACE_SIDE_STYLE('',(#3462));
#3314=SURFACE_SIDE_STYLE('',(#3463));
#3315=SURFACE_SIDE_STYLE('',(#3464));
#3316=SURFACE_SIDE_STYLE('',(#3465));
#3317=SURFACE_SIDE_STYLE('',(#3466));
#3318=SURFACE_SIDE_STYLE('',(#3467));
#3319=SURFACE_SIDE_STYLE('',(#3468));
#3320=SURFACE_SIDE_STYLE('',(#3469));
#3321=SURFACE_SIDE_STYLE('',(#3470));
#3322=SURFACE_SIDE_STYLE('',(#3471));
#3323=SURFACE_SIDE_STYLE('',(#3472));
#3324=SURFACE_SIDE_STYLE('',(#3473));
#3325=SURFACE_SIDE_STYLE('',(#3474));
#3326=SURFACE_SIDE_STYLE('',(#3475));
#3327=SURFACE_SIDE_STYLE('',(#3476));
#3328=SURFACE_SIDE_STYLE('',(#3477));
#3329=SURFACE_SIDE_STYLE('',(#3478));
#3330=SURFACE_SIDE_STYLE('',(#3479));
#3331=SURFACE_SIDE_STYLE('',(#3480));
#3332=SURFACE_SIDE_STYLE('',(#3481));
#3333=SURFACE_SIDE_STYLE('',(#3482));
#3334=SURFACE_SIDE_STYLE('',(#3483));
#3335=SURFACE_SIDE_STYLE('',(#3484));
#3336=SURFACE_SIDE_STYLE('',(#3485));
#3337=SURFACE_SIDE_STYLE('',(#3486));
#3338=SURFACE_SIDE_STYLE('',(#3487));
#3339=SURFACE_SIDE_STYLE('',(#3488));
#3340=SURFACE_SIDE_STYLE('',(#3489));
#3341=SURFACE_SIDE_STYLE('',(#3490));
#3342=SURFACE_SIDE_STYLE('',(#3491));
#3343=SURFACE_SIDE_STYLE('',(#3492));
#3344=SURFACE_SIDE_STYLE('',(#3493));
#3345=SURFACE_SIDE_STYLE('',(#3494));
#3346=SURFACE_SIDE_STYLE('',(#3495));
#3347=SURFACE_SIDE_STYLE('',(#3496));
#3348=SURFACE_SIDE_STYLE('',(#3497));
#3349=SURFACE_SIDE_STYLE('',(#3498));
#3350=SURFACE_SIDE_STYLE('',(#3499));
#3351=SURFACE_SIDE_STYLE('',(#3500));
#3352=SURFACE_SIDE_STYLE('',(#3501));
#3353=SURFACE_SIDE_STYLE('',(#3502));
#3354=SURFACE_SIDE_STYLE('',(#3503));
#3355=SURFACE_SIDE_STYLE('',(#3504));
#3356=SURFACE_SIDE_STYLE('',(#3505));
#3357=SURFACE_SIDE_STYLE('',(#3506));
#3358=SURFACE_SIDE_STYLE('',(#3507));
#3359=SURFACE_SIDE_STYLE('',(#3508));
#3360=SURFACE_SIDE_STYLE('',(#3509));
#3361=SURFACE_SIDE_STYLE('',(#3510));
#3362=SURFACE_SIDE_STYLE('',(#3511));
#3363=SURFACE_SIDE_STYLE('',(#3512));
#3364=SURFACE_SIDE_STYLE('',(#3513));
#3365=SURFACE_SIDE_STYLE('',(#3514));
#3366=SURFACE_SIDE_STYLE('',(#3515));
#3367=SURFACE_SIDE_STYLE('',(#3516));
#3368=SURFACE_SIDE_STYLE('',(#3517));
#3369=SURFACE_SIDE_STYLE('',(#3518));
#3370=SURFACE_SIDE_STYLE('',(#3519));
#3371=SURFACE_SIDE_STYLE('',(#3520));
#3372=SURFACE_SIDE_STYLE('',(#3521));
#3373=SURFACE_SIDE_STYLE('',(#3522));
#3374=SURFACE_SIDE_STYLE('',(#3523));
#3375=SURFACE_SIDE_STYLE('',(#3524));
#3376=SURFACE_SIDE_STYLE('',(#3525));
#3377=SURFACE_SIDE_STYLE('',(#3526));
#3378=SURFACE_SIDE_STYLE('',(#3527));
#3379=SURFACE_SIDE_STYLE('',(#3528));
#3380=SURFACE_SIDE_STYLE('',(#3529));
#3381=SURFACE_SIDE_STYLE('',(#3530));
#3382=SURFACE_SIDE_STYLE('',(#3531));
#3383=SURFACE_SIDE_STYLE('',(#3532));
#3384=SURFACE_SIDE_STYLE('',(#3533));
#3385=SURFACE_SIDE_STYLE('',(#3534));
#3386=SURFACE_SIDE_STYLE('',(#3535));
#3387=SURFACE_SIDE_STYLE('',(#3536));
#3388=SURFACE_SIDE_STYLE('',(#3537));
#3389=SURFACE_SIDE_STYLE('',(#3538));
#3390=SURFACE_SIDE_STYLE('',(#3539));
#3391=SURFACE_SIDE_STYLE('',(#3540));
#3392=SURFACE_SIDE_STYLE('',(#3541));
#3393=SURFACE_SIDE_STYLE('',(#3542));
#3394=SURFACE_SIDE_STYLE('',(#3543));
#3395=SURFACE_SIDE_STYLE('',(#3544));
#3396=SURFACE_SIDE_STYLE('',(#3545));
#3397=SURFACE_SIDE_STYLE('',(#3546));
#3398=SURFACE_SIDE_STYLE('',(#3547));
#3399=SURFACE_SIDE_STYLE('',(#3548));
#3400=SURFACE_SIDE_STYLE('',(#3549));
#3401=SURFACE_SIDE_STYLE('',(#3550));
#3402=SURFACE_SIDE_STYLE('',(#3551));
#3403=SURFACE_SIDE_STYLE('',(#3552));
#3404=SURFACE_SIDE_STYLE('',(#3553));
#3405=SURFACE_SIDE_STYLE('',(#3554));
#3406=SURFACE_SIDE_STYLE('',(#3555));
#3407=SURFACE_SIDE_STYLE('',(#3556));
#3408=SURFACE_SIDE_STYLE('',(#3557));
#3409=SURFACE_SIDE_STYLE('',(#3558));
#3410=SURFACE_SIDE_STYLE('',(#3559));
#3411=SURFACE_SIDE_STYLE('',(#3560));
#3412=SURFACE_SIDE_STYLE('',(#3561));
#3413=SURFACE_SIDE_STYLE('',(#3562));
#3414=SURFACE_SIDE_STYLE('',(#3563));
#3415=SURFACE_SIDE_STYLE('',(#3564));
#3416=SURFACE_SIDE_STYLE('',(#3565));
#3417=SURFACE_STYLE_FILL_AREA(#3566);
#3418=SURFACE_STYLE_FILL_AREA(#3567);
#3419=SURFACE_STYLE_FILL_AREA(#3568);
#3420=SURFACE_STYLE_FILL_AREA(#3569);
#3421=SURFACE_STYLE_FILL_AREA(#3570);
#3422=SURFACE_STYLE_FILL_AREA(#3571);
#3423=SURFACE_STYLE_FILL_AREA(#3572);
#3424=SURFACE_STYLE_FILL_AREA(#3573);
#3425=SURFACE_STYLE_FILL_AREA(#3574);
#3426=SURFACE_STYLE_FILL_AREA(#3575);
#3427=SURFACE_STYLE_FILL_AREA(#3576);
#3428=SURFACE_STYLE_FILL_AREA(#3577);
#3429=SURFACE_STYLE_FILL_AREA(#3578);
#3430=SURFACE_STYLE_FILL_AREA(#3579);
#3431=SURFACE_STYLE_FILL_AREA(#3580);
#3432=SURFACE_STYLE_FILL_AREA(#3581);
#3433=SURFACE_STYLE_FILL_AREA(#3582);
#3434=SURFACE_STYLE_FILL_AREA(#3583);
#3435=SURFACE_STYLE_FILL_AREA(#3584);
#3436=SURFACE_STYLE_FILL_AREA(#3585);
#3437=SURFACE_STYLE_FILL_AREA(#3586);
#3438=SURFACE_STYLE_FILL_AREA(#3587);
#3439=SURFACE_STYLE_FILL_AREA(#3588);
#3440=SURFACE_STYLE_FILL_AREA(#3589);
#3441=SURFACE_STYLE_FILL_AREA(#3590);
#3442=SURFACE_STYLE_FILL_AREA(#3591);
#3443=SURFACE_STYLE_FILL_AREA(#3592);
#3444=SURFACE_STYLE_FILL_AREA(#3593);
#3445=SURFACE_STYLE_FILL_AREA(#3594);
#3446=SURFACE_STYLE_FILL_AREA(#3595);
#3447=SURFACE_STYLE_FILL_AREA(#3596);
#3448=SURFACE_STYLE_FILL_AREA(#3597);
#3449=SURFACE_STYLE_FILL_AREA(#3598);
#3450=SURFACE_STYLE_FILL_AREA(#3599);
#3451=SURFACE_STYLE_FILL_AREA(#3600);
#3452=SURFACE_STYLE_FILL_AREA(#3601);
#3453=SURFACE_STYLE_FILL_AREA(#3602);
#3454=SURFACE_STYLE_FILL_AREA(#3603);
#3455=SURFACE_STYLE_FILL_AREA(#3604);
#3456=SURFACE_STYLE_FILL_AREA(#3605);
#3457=SURFACE_STYLE_FILL_AREA(#3606);
#3458=SURFACE_STYLE_FILL_AREA(#3607);
#3459=SURFACE_STYLE_FILL_AREA(#3608);
#3460=SURFACE_STYLE_FILL_AREA(#3609);
#3461=SURFACE_STYLE_FILL_AREA(#3610);
#3462=SURFACE_STYLE_FILL_AREA(#3611);
#3463=SURFACE_STYLE_FILL_AREA(#3612);
#3464=SURFACE_STYLE_FILL_AREA(#3613);
#3465=SURFACE_STYLE_FILL_AREA(#3614);
#3466=SURFACE_STYLE_FILL_AREA(#3615);
#3467=SURFACE_STYLE_FILL_AREA(#3616);
#3468=SURFACE_STYLE_FILL_AREA(#3617);
#3469=SURFACE_STYLE_FILL_AREA(#3618);
#3470=SURFACE_STYLE_FILL_AREA(#3619);
#3471=SURFACE_STYLE_FILL_AREA(#3620);
#3472=SURFACE_STYLE_FILL_AREA(#3621);
#3473=SURFACE_STYLE_FILL_AREA(#3622);
#3474=SURFACE_STYLE_FILL_AREA(#3623);
#3475=SURFACE_STYLE_FILL_AREA(#3624);
#3476=SURFACE_STYLE_FILL_AREA(#3625);
#3477=SURFACE_STYLE_FILL_AREA(#3626);
#3478=SURFACE_STYLE_FILL_AREA(#3627);
#3479=SURFACE_STYLE_FILL_AREA(#3628);
#3480=SURFACE_STYLE_FILL_AREA(#3629);
#3481=SURFACE_STYLE_FILL_AREA(#3630);
#3482=SURFACE_STYLE_FILL_AREA(#3631);
#3483=SURFACE_STYLE_FILL_AREA(#3632);
#3484=SURFACE_STYLE_FILL_AREA(#3633);
#3485=SURFACE_STYLE_FILL_AREA(#3634);
#3486=SURFACE_STYLE_FILL_AREA(#3635);
#3487=SURFACE_STYLE_FILL_AREA(#3636);
#3488=SURFACE_STYLE_FILL_AREA(#3637);
#3489=SURFACE_STYLE_FILL_AREA(#3638);
#3490=SURFACE_STYLE_FILL_AREA(#3639);
#3491=SURFACE_STYLE_FILL_AREA(#3640);
#3492=SURFACE_STYLE_FILL_AREA(#3641);
#3493=SURFACE_STYLE_FILL_AREA(#3642);
#3494=SURFACE_STYLE_FILL_AREA(#3643);
#3495=SURFACE_STYLE_FILL_AREA(#3644);
#3496=SURFACE_STYLE_FILL_AREA(#3645);
#3497=SURFACE_STYLE_FILL_AREA(#3646);
#3498=SURFACE_STYLE_FILL_AREA(#3647);
#3499=SURFACE_STYLE_FILL_AREA(#3648);
#3500=SURFACE_STYLE_FILL_AREA(#3649);
#3501=SURFACE_STYLE_FILL_AREA(#3650);
#3502=SURFACE_STYLE_FILL_AREA(#3651);
#3503=SURFACE_STYLE_FILL_AREA(#3652);
#3504=SURFACE_STYLE_FILL_AREA(#3653);
#3505=SURFACE_STYLE_FILL_AREA(#3654);
#3506=SURFACE_STYLE_FILL_AREA(#3655);
#3507=SURFACE_STYLE_FILL_AREA(#3656);
#3508=SURFACE_STYLE_FILL_AREA(#3657);
#3509=SURFACE_STYLE_FILL_AREA(#3658);
#3510=SURFACE_STYLE_FILL_AREA(#3659);
#3511=SURFACE_STYLE_FILL_AREA(#3660);
#3512=SURFACE_STYLE_FILL_AREA(#3661);
#3513=SURFACE_STYLE_FILL_AREA(#3662);
#3514=SURFACE_STYLE_FILL_AREA(#3663);
#3515=SURFACE_STYLE_FILL_AREA(#3664);
#3516=SURFACE_STYLE_FILL_AREA(#3665);
#3517=SURFACE_STYLE_FILL_AREA(#3666);
#3518=SURFACE_STYLE_FILL_AREA(#3667);
#3519=SURFACE_STYLE_FILL_AREA(#3668);
#3520=SURFACE_STYLE_FILL_AREA(#3669);
#3521=SURFACE_STYLE_FILL_AREA(#3670);
#3522=SURFACE_STYLE_FILL_AREA(#3671);
#3523=SURFACE_STYLE_FILL_AREA(#3672);
#3524=SURFACE_STYLE_FILL_AREA(#3673);
#3525=SURFACE_STYLE_FILL_AREA(#3674);
#3526=SURFACE_STYLE_FILL_AREA(#3675);
#3527=SURFACE_STYLE_FILL_AREA(#3676);
#3528=SURFACE_STYLE_FILL_AREA(#3677);
#3529=SURFACE_STYLE_FILL_AREA(#3678);
#3530=SURFACE_STYLE_FILL_AREA(#3679);
#3531=SURFACE_STYLE_FILL_AREA(#3680);
#3532=SURFACE_STYLE_FILL_AREA(#3681);
#3533=SURFACE_STYLE_FILL_AREA(#3682);
#3534=SURFACE_STYLE_FILL_AREA(#3683);
#3535=SURFACE_STYLE_FILL_AREA(#3684);
#3536=SURFACE_STYLE_FILL_AREA(#3685);
#3537=SURFACE_STYLE_FILL_AREA(#3686);
#3538=SURFACE_STYLE_FILL_AREA(#3687);
#3539=SURFACE_STYLE_FILL_AREA(#3688);
#3540=SURFACE_STYLE_FILL_AREA(#3689);
#3541=SURFACE_STYLE_FILL_AREA(#3690);
#3542=SURFACE_STYLE_FILL_AREA(#3691);
#3543=SURFACE_STYLE_FILL_AREA(#3692);
#3544=SURFACE_STYLE_FILL_AREA(#3693);
#3545=SURFACE_STYLE_FILL_AREA(#3694);
#3546=SURFACE_STYLE_FILL_AREA(#3695);
#3547=SURFACE_STYLE_FILL_AREA(#3696);
#3548=SURFACE_STYLE_FILL_AREA(#3697);
#3549=SURFACE_STYLE_FILL_AREA(#3698);
#3550=SURFACE_STYLE_FILL_AREA(#3699);
#3551=SURFACE_STYLE_FILL_AREA(#3700);
#3552=SURFACE_STYLE_FILL_AREA(#3701);
#3553=SURFACE_STYLE_FILL_AREA(#3702);
#3554=SURFACE_STYLE_FILL_AREA(#3703);
#3555=SURFACE_STYLE_FILL_AREA(#3704);
#3556=SURFACE_STYLE_FILL_AREA(#3705);
#3557=SURFACE_STYLE_FILL_AREA(#3706);
#3558=SURFACE_STYLE_FILL_AREA(#3707);
#3559=SURFACE_STYLE_FILL_AREA(#3708);
#3560=SURFACE_STYLE_FILL_AREA(#3709);
#3561=SURFACE_STYLE_FILL_AREA(#3710);
#3562=SURFACE_STYLE_FILL_AREA(#3711);
#3563=SURFACE_STYLE_FILL_AREA(#3712);
#3564=SURFACE_STYLE_FILL_AREA(#3713);
#3565=SURFACE_STYLE_FILL_AREA(#3714);
#3566=FILL_AREA_STYLE('',(#3715));
#3567=FILL_AREA_STYLE('',(#3716));
#3568=FILL_AREA_STYLE('',(#3717));
#3569=FILL_AREA_STYLE('',(#3718));
#3570=FILL_AREA_STYLE('',(#3719));
#3571=FILL_AREA_STYLE('',(#3720));
#3572=FILL_AREA_STYLE('',(#3721));
#3573=FILL_AREA_STYLE('',(#3722));
#3574=FILL_AREA_STYLE('',(#3723));
#3575=FILL_AREA_STYLE('',(#3724));
#3576=FILL_AREA_STYLE('',(#3725));
#3577=FILL_AREA_STYLE('',(#3726));
#3578=FILL_AREA_STYLE('',(#3727));
#3579=FILL_AREA_STYLE('',(#3728));
#3580=FILL_AREA_STYLE('',(#3729));
#3581=FILL_AREA_STYLE('',(#3730));
#3582=FILL_AREA_STYLE('',(#3731));
#3583=FILL_AREA_STYLE('',(#3732));
#3584=FILL_AREA_STYLE('',(#3733));
#3585=FILL_AREA_STYLE('',(#3734));
#3586=FILL_AREA_STYLE('',(#3735));
#3587=FILL_AREA_STYLE('',(#3736));
#3588=FILL_AREA_STYLE('',(#3737));
#3589=FILL_AREA_STYLE('',(#3738));
#3590=FILL_AREA_STYLE('',(#3739));
#3591=FILL_AREA_STYLE('',(#3740));
#3592=FILL_AREA_STYLE('',(#3741));
#3593=FILL_AREA_STYLE('',(#3742));
#3594=FILL_AREA_STYLE('',(#3743));
#3595=FILL_AREA_STYLE('',(#3744));
#3596=FILL_AREA_STYLE('',(#3745));
#3597=FILL_AREA_STYLE('',(#3746));
#3598=FILL_AREA_STYLE('',(#3747));
#3599=FILL_AREA_STYLE('',(#3748));
#3600=FILL_AREA_STYLE('',(#3749));
#3601=FILL_AREA_STYLE('',(#3750));
#3602=FILL_AREA_STYLE('',(#3751));
#3603=FILL_AREA_STYLE('',(#3752));
#3604=FILL_AREA_STYLE('',(#3753));
#3605=FILL_AREA_STYLE('',(#3754));
#3606=FILL_AREA_STYLE('',(#3755));
#3607=FILL_AREA_STYLE('',(#3756));
#3608=FILL_AREA_STYLE('',(#3757));
#3609=FILL_AREA_STYLE('',(#3758));
#3610=FILL_AREA_STYLE('',(#3759));
#3611=FILL_AREA_STYLE('',(#3760));
#3612=FILL_AREA_STYLE('',(#3761));
#3613=FILL_AREA_STYLE('',(#3762));
#3614=FILL_AREA_STYLE('',(#3763));
#3615=FILL_AREA_STYLE('',(#3764));
#3616=FILL_AREA_STYLE('',(#3765));
#3617=FILL_AREA_STYLE('',(#3766));
#3618=FILL_AREA_STYLE('',(#3767));
#3619=FILL_AREA_STYLE('',(#3768));
#3620=FILL_AREA_STYLE('',(#3769));
#3621=FILL_AREA_STYLE('',(#3770));
#3622=FILL_AREA_STYLE('',(#3771));
#3623=FILL_AREA_STYLE('',(#3772));
#3624=FILL_AREA_STYLE('',(#3773));
#3625=FILL_AREA_STYLE('',(#3774));
#3626=FILL_AREA_STYLE('',(#3775));
#3627=FILL_AREA_STYLE('',(#3776));
#3628=FILL_AREA_STYLE('',(#3777));
#3629=FILL_AREA_STYLE('',(#3778));
#3630=FILL_AREA_STYLE('',(#3779));
#3631=FILL_AREA_STYLE('',(#3780));
#3632=FILL_AREA_STYLE('',(#3781));
#3633=FILL_AREA_STYLE('',(#3782));
#3634=FILL_AREA_STYLE('',(#3783));
#3635=FILL_AREA_STYLE('',(#3784));
#3636=FILL_AREA_STYLE('',(#3785));
#3637=FILL_AREA_STYLE('',(#3786));
#3638=FILL_AREA_STYLE('',(#3787));
#3639=FILL_AREA_STYLE('',(#3788));
#3640=FILL_AREA_STYLE('',(#3789));
#3641=FILL_AREA_STYLE('',(#3790));
#3642=FILL_AREA_STYLE('',(#3791));
#3643=FILL_AREA_STYLE('',(#3792));
#3644=FILL_AREA_STYLE('',(#3793));
#3645=FILL_AREA_STYLE('',(#3794));
#3646=FILL_AREA_STYLE('',(#3795));
#3647=FILL_AREA_STYLE('',(#3796));
#3648=FILL_AREA_STYLE('',(#3797));
#3649=FILL_AREA_STYLE('',(#3798));
#3650=FILL_AREA_STYLE('',(#3799));
#3651=FILL_AREA_STYLE('',(#3800));
#3652=FILL_AREA_STYLE('',(#3801));
#3653=FILL_AREA_STYLE('',(#3802));
#3654=FILL_AREA_STYLE('',(#3803));
#3655=FILL_AREA_STYLE('',(#3804));
#3656=FILL_AREA_STYLE('',(#3805));
#3657=FILL_AREA_STYLE('',(#3806));
#3658=FILL_AREA_STYLE('',(#3807));
#3659=FILL_AREA_STYLE('',(#3808));
#3660=FILL_AREA_STYLE('',(#3809));
#3661=FILL_AREA_STYLE('',(#3810));
#3662=FILL_AREA_STYLE('',(#3811));
#3663=FILL_AREA_STYLE('',(#3812));
#3664=FILL_AREA_STYLE('',(#3813));
#3665=FILL_AREA_STYLE('',(#3814));
#3666=FILL_AREA_STYLE('',(#3815));
#3667=FILL_AREA_STYLE('',(#3816));
#3668=FILL_AREA_STYLE('',(#3817));
#3669=FILL_AREA_STYLE('',(#3818));
#3670=FILL_AREA_STYLE('',(#3819));
#3671=FILL_AREA_STYLE('',(#3820));
#3672=FILL_AREA_STYLE('',(#3821));
#3673=FILL_AREA_STYLE('',(#3822));
#3674=FILL_AREA_STYLE('',(#3823));
#3675=FILL_AREA_STYLE('',(#3824));
#3676=FILL_AREA_STYLE('',(#3825));
#3677=FILL_AREA_STYLE('',(#3826));
#3678=FILL_AREA_STYLE('',(#3827));
#3679=FILL_AREA_STYLE('',(#3828));
#3680=FILL_AREA_STYLE('',(#3829));
#3681=FILL_AREA_STYLE('',(#3830));
#3682=FILL_AREA_STYLE('',(#3831));
#3683=FILL_AREA_STYLE('',(#3832));
#3684=FILL_AREA_STYLE('',(#3833));
#3685=FILL_AREA_STYLE('',(#3834));
#3686=FILL_AREA_STYLE('',(#3835));
#3687=FILL_AREA_STYLE('',(#3836));
#3688=FILL_AREA_STYLE('',(#3837));
#3689=FILL_AREA_STYLE('',(#3838));
#3690=FILL_AREA_STYLE('',(#3839));
#3691=FILL_AREA_STYLE('',(#3840));
#3692=FILL_AREA_STYLE('',(#3841));
#3693=FILL_AREA_STYLE('',(#3842));
#3694=FILL_AREA_STYLE('',(#3843));
#3695=FILL_AREA_STYLE('',(#3844));
#3696=FILL_AREA_STYLE('',(#3845));
#3697=FILL_AREA_STYLE('',(#3846));
#3698=FILL_AREA_STYLE('',(#3847));
#3699=FILL_AREA_STYLE('',(#3848));
#3700=FILL_AREA_STYLE('',(#3849));
#3701=FILL_AREA_STYLE('',(#3850));
#3702=FILL_AREA_STYLE('',(#3851));
#3703=FILL_AREA_STYLE('',(#3852));
#3704=FILL_AREA_STYLE('',(#3853));
#3705=FILL_AREA_STYLE('',(#3854));
#3706=FILL_AREA_STYLE('',(#3855));
#3707=FILL_AREA_STYLE('',(#3856));
#3708=FILL_AREA_STYLE('',(#3857));
#3709=FILL_AREA_STYLE('',(#3858));
#3710=FILL_AREA_STYLE('',(#3859));
#3711=FILL_AREA_STYLE('',(#3860));
#3712=FILL_AREA_STYLE('',(#3861));
#3713=FILL_AREA_STYLE('',(#3862));
#3714=FILL_AREA_STYLE('',(#3863));
#3715=FILL_AREA_STYLE_COLOUR('',#3864);
#3716=FILL_AREA_STYLE_COLOUR('',#3865);
#3717=FILL_AREA_STYLE_COLOUR('',#3865);
#3718=FILL_AREA_STYLE_COLOUR('',#3866);
#3719=FILL_AREA_STYLE_COLOUR('',#3865);
#3720=FILL_AREA_STYLE_COLOUR('',#3865);
#3721=FILL_AREA_STYLE_COLOUR('',#3865);
#3722=FILL_AREA_STYLE_COLOUR('',#3865);
#3723=FILL_AREA_STYLE_COLOUR('',#3865);
#3724=FILL_AREA_STYLE_COLOUR('',#3865);
#3725=FILL_AREA_STYLE_COLOUR('',#3865);
#3726=FILL_AREA_STYLE_COLOUR('',#3865);
#3727=FILL_AREA_STYLE_COLOUR('',#3865);
#3728=FILL_AREA_STYLE_COLOUR('',#3865);
#3729=FILL_AREA_STYLE_COLOUR('',#3865);
#3730=FILL_AREA_STYLE_COLOUR('',#3865);
#3731=FILL_AREA_STYLE_COLOUR('',#3865);
#3732=FILL_AREA_STYLE_COLOUR('',#3865);
#3733=FILL_AREA_STYLE_COLOUR('',#3865);
#3734=FILL_AREA_STYLE_COLOUR('',#3865);
#3735=FILL_AREA_STYLE_COLOUR('',#3865);
#3736=FILL_AREA_STYLE_COLOUR('',#3865);
#3737=FILL_AREA_STYLE_COLOUR('',#3865);
#3738=FILL_AREA_STYLE_COLOUR('',#3865);
#3739=FILL_AREA_STYLE_COLOUR('',#3865);
#3740=FILL_AREA_STYLE_COLOUR('',#3865);
#3741=FILL_AREA_STYLE_COLOUR('',#3865);
#3742=FILL_AREA_STYLE_COLOUR('',#3865);
#3743=FILL_AREA_STYLE_COLOUR('',#3865);
#3744=FILL_AREA_STYLE_COLOUR('',#3865);
#3745=FILL_AREA_STYLE_COLOUR('',#3865);
#3746=FILL_AREA_STYLE_COLOUR('',#3865);
#3747=FILL_AREA_STYLE_COLOUR('',#3865);
#3748=FILL_AREA_STYLE_COLOUR('',#3865);
#3749=FILL_AREA_STYLE_COLOUR('',#3865);
#3750=FILL_AREA_STYLE_COLOUR('',#3865);
#3751=FILL_AREA_STYLE_COLOUR('',#3865);
#3752=FILL_AREA_STYLE_COLOUR('',#3865);
#3753=FILL_AREA_STYLE_COLOUR('',#3865);
#3754=FILL_AREA_STYLE_COLOUR('',#3865);
#3755=FILL_AREA_STYLE_COLOUR('',#3865);
#3756=FILL_AREA_STYLE_COLOUR('',#3865);
#3757=FILL_AREA_STYLE_COLOUR('',#3865);
#3758=FILL_AREA_STYLE_COLOUR('',#3865);
#3759=FILL_AREA_STYLE_COLOUR('',#3865);
#3760=FILL_AREA_STYLE_COLOUR('',#3865);
#3761=FILL_AREA_STYLE_COLOUR('',#3865);
#3762=FILL_AREA_STYLE_COLOUR('',#3865);
#3763=FILL_AREA_STYLE_COLOUR('',#3865);
#3764=FILL_AREA_STYLE_COLOUR('',#3865);
#3765=FILL_AREA_STYLE_COLOUR('',#3865);
#3766=FILL_AREA_STYLE_COLOUR('',#3865);
#3767=FILL_AREA_STYLE_COLOUR('',#3865);
#3768=FILL_AREA_STYLE_COLOUR('',#3865);
#3769=FILL_AREA_STYLE_COLOUR('',#3865);
#3770=FILL_AREA_STYLE_COLOUR('',#3865);
#3771=FILL_AREA_STYLE_COLOUR('',#3865);
#3772=FILL_AREA_STYLE_COLOUR('',#3865);
#3773=FILL_AREA_STYLE_COLOUR('',#3865);
#3774=FILL_AREA_STYLE_COLOUR('',#3865);
#3775=FILL_AREA_STYLE_COLOUR('',#3865);
#3776=FILL_AREA_STYLE_COLOUR('',#3865);
#3777=FILL_AREA_STYLE_COLOUR('',#3865);
#3778=FILL_AREA_STYLE_COLOUR('',#3865);
#3779=FILL_AREA_STYLE_COLOUR('',#3865);
#3780=FILL_AREA_STYLE_COLOUR('',#3865);
#3781=FILL_AREA_STYLE_COLOUR('',#3865);
#3782=FILL_AREA_STYLE_COLOUR('',#3865);
#3783=FILL_AREA_STYLE_COLOUR('',#3865);
#3784=FILL_AREA_STYLE_COLOUR('',#3865);
#3785=FILL_AREA_STYLE_COLOUR('',#3865);
#3786=FILL_AREA_STYLE_COLOUR('',#3865);
#3787=FILL_AREA_STYLE_COLOUR('',#3865);
#3788=FILL_AREA_STYLE_COLOUR('',#3865);
#3789=FILL_AREA_STYLE_COLOUR('',#3865);
#3790=FILL_AREA_STYLE_COLOUR('',#3865);
#3791=FILL_AREA_STYLE_COLOUR('',#3865);
#3792=FILL_AREA_STYLE_COLOUR('',#3865);
#3793=FILL_AREA_STYLE_COLOUR('',#3865);
#3794=FILL_AREA_STYLE_COLOUR('',#3865);
#3795=FILL_AREA_STYLE_COLOUR('',#3865);
#3796=FILL_AREA_STYLE_COLOUR('',#3865);
#3797=FILL_AREA_STYLE_COLOUR('',#3865);
#3798=FILL_AREA_STYLE_COLOUR('',#3865);
#3799=FILL_AREA_STYLE_COLOUR('',#3865);
#3800=FILL_AREA_STYLE_COLOUR('',#3865);
#3801=FILL_AREA_STYLE_COLOUR('',#3865);
#3802=FILL_AREA_STYLE_COLOUR('',#3865);
#3803=FILL_AREA_STYLE_COLOUR('',#3865);
#3804=FILL_AREA_STYLE_COLOUR('',#3865);
#3805=FILL_AREA_STYLE_COLOUR('',#3865);
#3806=FILL_AREA_STYLE_COLOUR('',#3865);
#3807=FILL_AREA_STYLE_COLOUR('',#3865);
#3808=FILL_AREA_STYLE_COLOUR('',#3865);
#3809=FILL_AREA_STYLE_COLOUR('',#3865);
#3810=FILL_AREA_STYLE_COLOUR('',#3865);
#3811=FILL_AREA_STYLE_COLOUR('',#3865);
#3812=FILL_AREA_STYLE_COLOUR('',#3865);
#3813=FILL_AREA_STYLE_COLOUR('',#3865);
#3814=FILL_AREA_STYLE_COLOUR('',#3865);
#3815=FILL_AREA_STYLE_COLOUR('',#3865);
#3816=FILL_AREA_STYLE_COLOUR('',#3865);
#3817=FILL_AREA_STYLE_COLOUR('',#3865);
#3818=FILL_AREA_STYLE_COLOUR('',#3865);
#3819=FILL_AREA_STYLE_COLOUR('',#3865);
#3820=FILL_AREA_STYLE_COLOUR('',#3865);
#3821=FILL_AREA_STYLE_COLOUR('',#3865);
#3822=FILL_AREA_STYLE_COLOUR('',#3865);
#3823=FILL_AREA_STYLE_COLOUR('',#3865);
#3824=FILL_AREA_STYLE_COLOUR('',#3865);
#3825=FILL_AREA_STYLE_COLOUR('',#3865);
#3826=FILL_AREA_STYLE_COLOUR('',#3865);
#3827=FILL_AREA_STYLE_COLOUR('',#3865);
#3828=FILL_AREA_STYLE_COLOUR('',#3865);
#3829=FILL_AREA_STYLE_COLOUR('',#3865);
#3830=FILL_AREA_STYLE_COLOUR('',#3865);
#3831=FILL_AREA_STYLE_COLOUR('',#3865);
#3832=FILL_AREA_STYLE_COLOUR('',#3865);
#3833=FILL_AREA_STYLE_COLOUR('',#3865);
#3834=FILL_AREA_STYLE_COLOUR('',#3865);
#3835=FILL_AREA_STYLE_COLOUR('',#3865);
#3836=FILL_AREA_STYLE_COLOUR('',#3865);
#3837=FILL_AREA_STYLE_COLOUR('',#3865);
#3838=FILL_AREA_STYLE_COLOUR('',#3865);
#3839=FILL_AREA_STYLE_COLOUR('',#3865);
#3840=FILL_AREA_STYLE_COLOUR('',#3865);
#3841=FILL_AREA_STYLE_COLOUR('',#3865);
#3842=FILL_AREA_STYLE_COLOUR('',#3865);
#3843=FILL_AREA_STYLE_COLOUR('',#3865);
#3844=FILL_AREA_STYLE_COLOUR('',#3865);
#3845=FILL_AREA_STYLE_COLOUR('',#3865);
#3846=FILL_AREA_STYLE_COLOUR('',#3865);
#3847=FILL_AREA_STYLE_COLOUR('',#3865);
#3848=FILL_AREA_STYLE_COLOUR('',#3865);
#3849=FILL_AREA_STYLE_COLOUR('',#3865);
#3850=FILL_AREA_STYLE_COLOUR('',#3865);
#3851=FILL_AREA_STYLE_COLOUR('',#3865);
#3852=FILL_AREA_STYLE_COLOUR('',#3865);
#3853=FILL_AREA_STYLE_COLOUR('',#3865);
#3854=FILL_AREA_STYLE_COLOUR('',#3865);
#3855=FILL_AREA_STYLE_COLOUR('',#3865);
#3856=FILL_AREA_STYLE_COLOUR('',#3865);
#3857=FILL_AREA_STYLE_COLOUR('',#3865);
#3858=FILL_AREA_STYLE_COLOUR('',#3865);
#3859=FILL_AREA_STYLE_COLOUR('',#3865);
#3860=FILL_AREA_STYLE_COLOUR('',#3865);
#3861=FILL_AREA_STYLE_COLOUR('',#3867);
#3862=FILL_AREA_STYLE_COLOUR('',#3867);
#3863=FILL_AREA_STYLE_COLOUR('',#3867);
#3864=COLOUR_RGB('',0.749019607843137,0.749019607843137,0.749019607843137);
#3865=COLOUR_RGB('',0.784313725490196,0.784313725490196,0.784313725490196);
#3866=COLOUR_RGB('',0.117647058823529,0.,0.);
#3867=COLOUR_RGB('',0.956862745098039,0.956862745098039,0.956862745098039);
#3868=MANIFOLD_SOLID_BREP('Wheelchair Motor 24V',#2968);
#3869=SHAPE_DEFINITION_REPRESENTATION(#6025,#3870);
#3870=SHAPE_REPRESENTATION('Wheelchair Motor 24V',(#3871),#6020);
#3871=AXIS2_PLACEMENT_3D('',#5159,#4231,#4232);
#3872=AXIS2_PLACEMENT_3D('',#5160,#4233,#4234);
#3873=AXIS2_PLACEMENT_3D('',#5161,#4235,#4236);
#3874=AXIS2_PLACEMENT_3D('',#5163,#4237,#4238);
#3875=AXIS2_PLACEMENT_3D('',#5165,#4239,#4240);
#3876=AXIS2_PLACEMENT_3D('',#5166,#4241,#4242);
#3877=AXIS2_PLACEMENT_3D('',#5167,#4243,#4244);
#3878=AXIS2_PLACEMENT_3D('',#5169,#4245,#4246);
#3879=AXIS2_PLACEMENT_3D('',#5171,#4247,#4248);
#3880=AXIS2_PLACEMENT_3D('',#5172,#4249,#4250);
#3881=AXIS2_PLACEMENT_3D('',#5174,#4251,#4252);
#3882=AXIS2_PLACEMENT_3D('',#5175,#4253,#4254);
#3883=AXIS2_PLACEMENT_3D('',#5176,#4255,#4256);
#3884=AXIS2_PLACEMENT_3D('',#5179,#4257,#4258);
#3885=AXIS2_PLACEMENT_3D('',#5180,#4259,#4260);
#3886=AXIS2_PLACEMENT_3D('',#5181,#4261,#4262);
#3887=AXIS2_PLACEMENT_3D('',#5183,#4263,#4264);
#3888=AXIS2_PLACEMENT_3D('',#5185,#4265,#4266);
#3889=AXIS2_PLACEMENT_3D('',#5187,#4267,#4268);
#3890=AXIS2_PLACEMENT_3D('',#5189,#4269,#4270);
#3891=AXIS2_PLACEMENT_3D('',#5193,#4272,#4273);
#3892=AXIS2_PLACEMENT_3D('',#5197,#4275,#4276);
#3893=AXIS2_PLACEMENT_3D('',#5199,#4277,#4278);
#3894=AXIS2_PLACEMENT_3D('',#5201,#4279,#4280);
#3895=AXIS2_PLACEMENT_3D('',#5203,#4281,#4282);
#3896=AXIS2_PLACEMENT_3D('',#5205,#4283,#4284);
#3897=AXIS2_PLACEMENT_3D('',#5209,#4286,#4287);
#3898=AXIS2_PLACEMENT_3D('',#5211,#4288,#4289);
#3899=AXIS2_PLACEMENT_3D('',#5213,#4290,#4291);
#3900=AXIS2_PLACEMENT_3D('',#5214,#4292,#4293);
#3901=AXIS2_PLACEMENT_3D('',#5218,#4295,#4296);
#3902=AXIS2_PLACEMENT_3D('',#5222,#4298,#4299);
#3903=AXIS2_PLACEMENT_3D('',#5223,#4300,#4301);
#3904=AXIS2_PLACEMENT_3D('',#5224,#4302,#4303);
#3905=AXIS2_PLACEMENT_3D('',#5226,#4304,#4305);
#3906=AXIS2_PLACEMENT_3D('',#5227,#4306,#4307);
#3907=AXIS2_PLACEMENT_3D('',#5230,#4308,#4309);
#3908=AXIS2_PLACEMENT_3D('',#5234,#4311,#4312);
#3909=AXIS2_PLACEMENT_3D('',#5238,#4314,#4315);
#3910=AXIS2_PLACEMENT_3D('',#5240,#4316,#4317);
#3911=AXIS2_PLACEMENT_3D('',#5244,#4319,#4320);
#3912=AXIS2_PLACEMENT_3D('',#5246,#4321,#4322);
#3913=AXIS2_PLACEMENT_3D('',#5247,#4323,#4324);
#3914=AXIS2_PLACEMENT_3D('',#5248,#4325,#4326);
#3915=AXIS2_PLACEMENT_3D('',#5251,#4327,#4328);
#3916=AXIS2_PLACEMENT_3D('',#5253,#4329,#4330);
#3917=AXIS2_PLACEMENT_3D('',#5257,#4332,#4333);
#3918=AXIS2_PLACEMENT_3D('',#5259,#4334,#4335);
#3919=AXIS2_PLACEMENT_3D('',#5261,#4336,#4337);
#3920=AXIS2_PLACEMENT_3D('',#5264,#4339,#4340);
#3921=AXIS2_PLACEMENT_3D('',#5265,#4341,#4342);
#3922=AXIS2_PLACEMENT_3D('',#5269,#4344,#4345);
#3923=AXIS2_PLACEMENT_3D('',#5271,#4346,#4347);
#3924=AXIS2_PLACEMENT_3D('',#5273,#4348,#4349);
#3925=AXIS2_PLACEMENT_3D('',#5275,#4350,#4351);
#3926=AXIS2_PLACEMENT_3D('',#5277,#4352,#4353);
#3927=AXIS2_PLACEMENT_3D('',#5278,#4354,#4355);
#3928=AXIS2_PLACEMENT_3D('',#5279,#4356,#4357);
#3929=AXIS2_PLACEMENT_3D('',#5281,#4358,#4359);
#3930=AXIS2_PLACEMENT_3D('',#5282,#4360,#4361);
#3931=AXIS2_PLACEMENT_3D('',#5287,#4363,#4364);
#3932=AXIS2_PLACEMENT_3D('',#5289,#4365,#4366);
#3933=AXIS2_PLACEMENT_3D('',#5291,#4367,#4368);
#3934=AXIS2_PLACEMENT_3D('',#5295,#4370,#4371);
#3935=AXIS2_PLACEMENT_3D('',#5297,#4372,#4373);
#3936=AXIS2_PLACEMENT_3D('',#5298,#4374,#4375);
#3937=AXIS2_PLACEMENT_3D('',#5299,#4376,#4377);
#3938=AXIS2_PLACEMENT_3D('',#5302,#4378,#4379);
#3939=AXIS2_PLACEMENT_3D('',#5304,#4380,#4381);
#3940=AXIS2_PLACEMENT_3D('',#5308,#4383,#4384);
#3941=AXIS2_PLACEMENT_3D('',#5310,#4385,#4386);
#3942=AXIS2_PLACEMENT_3D('',#5314,#4388,#4389);
#3943=AXIS2_PLACEMENT_3D('',#5318,#4391,#4392);
#3944=AXIS2_PLACEMENT_3D('',#5319,#4393,#4394);
#3945=AXIS2_PLACEMENT_3D('',#5322,#4397,#4398);
#3946=AXIS2_PLACEMENT_3D('',#5323,#4399,#4400);
#3947=AXIS2_PLACEMENT_3D('',#5325,#4401,#4402);
#3948=AXIS2_PLACEMENT_3D('',#5327,#4403,#4404);
#3949=AXIS2_PLACEMENT_3D('',#5329,#4405,#4406);
#3950=AXIS2_PLACEMENT_3D('',#5331,#4407,#4408);
#3951=AXIS2_PLACEMENT_3D('',#5333,#4409,#4410);
#3952=AXIS2_PLACEMENT_3D('',#5336,#4412,#4413);
#3953=AXIS2_PLACEMENT_3D('',#5339,#4416,#4417);
#3954=AXIS2_PLACEMENT_3D('',#5340,#4418,#4419);
#3955=AXIS2_PLACEMENT_3D('',#5345,#4421,#4422);
#3956=AXIS2_PLACEMENT_3D('',#5347,#4423,#4424);
#3957=AXIS2_PLACEMENT_3D('',#5348,#4425,#4426);
#3958=AXIS2_PLACEMENT_3D('',#5351,#4428,#4429);
#3959=AXIS2_PLACEMENT_3D('',#5354,#4431,#4432);
#3960=AXIS2_PLACEMENT_3D('',#5355,#4433,#4434);
#3961=AXIS2_PLACEMENT_3D('',#5357,#4435,#4436);
#3962=AXIS2_PLACEMENT_3D('',#5360,#4438,#4439);
#3963=AXIS2_PLACEMENT_3D('',#5364,#4441,#4442);
#3964=AXIS2_PLACEMENT_3D('',#5368,#4444,#4445);
#3965=AXIS2_PLACEMENT_3D('',#5369,#4446,#4447);
#3966=AXIS2_PLACEMENT_3D('',#5370,#4448,#4449);
#3967=AXIS2_PLACEMENT_3D('',#5375,#4451,#4452);
#3968=AXIS2_PLACEMENT_3D('',#5377,#4453,#4454);
#3969=AXIS2_PLACEMENT_3D('',#5379,#4455,#4456);
#3970=AXIS2_PLACEMENT_3D('',#5381,#4457,#4458);
#3971=AXIS2_PLACEMENT_3D('',#5382,#4459,#4460);
#3972=AXIS2_PLACEMENT_3D('',#5383,#4461,#4462);
#3973=AXIS2_PLACEMENT_3D('',#5387,#4464,#4465);
#3974=AXIS2_PLACEMENT_3D('',#5389,#4466,#4467);
#3975=AXIS2_PLACEMENT_3D('',#5391,#4468,#4469);
#3976=AXIS2_PLACEMENT_3D('',#5395,#4471,#4472);
#3977=AXIS2_PLACEMENT_3D('',#5396,#4473,#4474);
#3978=AXIS2_PLACEMENT_3D('',#5397,#4475,#4476);
#3979=AXIS2_PLACEMENT_3D('',#5400,#4477,#4478);
#3980=AXIS2_PLACEMENT_3D('',#5402,#4479,#4480);
#3981=AXIS2_PLACEMENT_3D('',#5404,#4481,#4482);
#3982=AXIS2_PLACEMENT_3D('',#5406,#4483,#4484);
#3983=AXIS2_PLACEMENT_3D('',#5409,#4486,#4487);
#3984=AXIS2_PLACEMENT_3D('',#5412,#4490,#4491);
#3985=AXIS2_PLACEMENT_3D('',#5413,#4492,#4493);
#3986=AXIS2_PLACEMENT_3D('',#5415,#4494,#4495);
#3987=AXIS2_PLACEMENT_3D('',#5419,#4497,#4498);
#3988=AXIS2_PLACEMENT_3D('',#5421,#4499,#4500);
#3989=AXIS2_PLACEMENT_3D('',#5423,#4501,#4502);
#3990=AXIS2_PLACEMENT_3D('',#5426,#4504,#4505);
#3991=AXIS2_PLACEMENT_3D('',#5432,#4509,#4510);
#3992=AXIS2_PLACEMENT_3D('',#5438,#4514,#4515);
#3993=AXIS2_PLACEMENT_3D('',#5441,#4517,#4518);
#3994=AXIS2_PLACEMENT_3D('',#5444,#4520,#4521);
#3995=AXIS2_PLACEMENT_3D('',#5447,#4523,#4524);
#3996=AXIS2_PLACEMENT_3D('',#5448,#4525,#4526);
#3997=AXIS2_PLACEMENT_3D('',#5451,#4528,#4529);
#3998=AXIS2_PLACEMENT_3D('',#5452,#4530,#4531);
#3999=AXIS2_PLACEMENT_3D('',#5453,#4532,#4533);
#4000=AXIS2_PLACEMENT_3D('',#5458,#4536,#4537);
#4001=AXIS2_PLACEMENT_3D('',#5459,#4538,#4539);
#4002=AXIS2_PLACEMENT_3D('',#5463,#4542,#4543);
#4003=AXIS2_PLACEMENT_3D('',#5467,#4546,#4547);
#4004=AXIS2_PLACEMENT_3D('',#5468,#4548,#4549);
#4005=AXIS2_PLACEMENT_3D('',#5469,#4550,#4551);
#4006=AXIS2_PLACEMENT_3D('',#5470,#4552,#4553);
#4007=AXIS2_PLACEMENT_3D('',#5473,#4555,#4556);
#4008=AXIS2_PLACEMENT_3D('',#5474,#4557,#4558);
#4009=AXIS2_PLACEMENT_3D('',#5477,#4560,#4561);
#4010=AXIS2_PLACEMENT_3D('',#5480,#4563,#4564);
#4011=AXIS2_PLACEMENT_3D('',#5483,#4566,#4567);
#4012=AXIS2_PLACEMENT_3D('',#5486,#4569,#4570);
#4013=AXIS2_PLACEMENT_3D('',#5490,#4572,#4573);
#4014=AXIS2_PLACEMENT_3D('',#5494,#4575,#4576);
#4015=AXIS2_PLACEMENT_3D('',#5497,#4578,#4579);
#4016=AXIS2_PLACEMENT_3D('',#5503,#4583,#4584);
#4017=AXIS2_PLACEMENT_3D('',#5509,#4588,#4589);
#4018=AXIS2_PLACEMENT_3D('',#5510,#4590,#4591);
#4019=AXIS2_PLACEMENT_3D('',#5515,#4594,#4595);
#4020=AXIS2_PLACEMENT_3D('',#5516,#4596,#4597);
#4021=AXIS2_PLACEMENT_3D('',#5519,#4599,#4600);
#4022=AXIS2_PLACEMENT_3D('',#5520,#4601,#4602);
#4023=AXIS2_PLACEMENT_3D('',#5521,#4603,#4604);
#4024=AXIS2_PLACEMENT_3D('',#5524,#4606,#4607);
#4025=AXIS2_PLACEMENT_3D('',#5528,#4610,#4611);
#4026=AXIS2_PLACEMENT_3D('',#5532,#4614,#4615);
#4027=AXIS2_PLACEMENT_3D('',#5536,#4618,#4619);
#4028=AXIS2_PLACEMENT_3D('',#5539,#4621,#4622);
#4029=AXIS2_PLACEMENT_3D('',#5540,#4623,#4624);
#4030=AXIS2_PLACEMENT_3D('',#5541,#4625,#4626);
#4031=AXIS2_PLACEMENT_3D('',#5544,#4628,#4629);
#4032=AXIS2_PLACEMENT_3D('',#5545,#4630,#4631);
#4033=AXIS2_PLACEMENT_3D('',#5548,#4633,#4634);
#4034=AXIS2_PLACEMENT_3D('',#5549,#4635,#4636);
#4035=AXIS2_PLACEMENT_3D('',#5550,#4637,#4638);
#4036=AXIS2_PLACEMENT_3D('',#5551,#4639,#4640);
#4037=AXIS2_PLACEMENT_3D('',#5556,#4643,#4644);
#4038=AXIS2_PLACEMENT_3D('',#5557,#4645,#4646);
#4039=AXIS2_PLACEMENT_3D('',#5561,#4649,#4650);
#4040=AXIS2_PLACEMENT_3D('',#5562,#4651,#4652);
#4041=AXIS2_PLACEMENT_3D('',#5563,#4653,#4654);
#4042=AXIS2_PLACEMENT_3D('',#5569,#4658,#4659);
#4043=AXIS2_PLACEMENT_3D('',#5575,#4663,#4664);
#4044=AXIS2_PLACEMENT_3D('',#5581,#4668,#4669);
#4045=AXIS2_PLACEMENT_3D('',#5587,#4673,#4674);
#4046=AXIS2_PLACEMENT_3D('',#5590,#4676,#4677);
#4047=AXIS2_PLACEMENT_3D('',#5591,#4678,#4679);
#4048=AXIS2_PLACEMENT_3D('',#5594,#4681,#4682);
#4049=AXIS2_PLACEMENT_3D('',#5597,#4684,#4685);
#4050=AXIS2_PLACEMENT_3D('',#5600,#4687,#4688);
#4051=AXIS2_PLACEMENT_3D('',#5601,#4689,#4690);
#4052=AXIS2_PLACEMENT_3D('',#5607,#4694,#4695);
#4053=AXIS2_PLACEMENT_3D('',#5613,#4699,#4700);
#4054=AXIS2_PLACEMENT_3D('',#5614,#4701,#4702);
#4055=AXIS2_PLACEMENT_3D('',#5619,#4705,#4706);
#4056=AXIS2_PLACEMENT_3D('',#5620,#4707,#4708);
#4057=AXIS2_PLACEMENT_3D('',#5624,#4711,#4712);
#4058=AXIS2_PLACEMENT_3D('',#5627,#4714,#4715);
#4059=AXIS2_PLACEMENT_3D('',#5628,#4716,#4717);
#4060=AXIS2_PLACEMENT_3D('',#5629,#4718,#4719);
#4061=AXIS2_PLACEMENT_3D('',#5634,#4722,#4723);
#4062=AXIS2_PLACEMENT_3D('',#5635,#4724,#4725);
#4063=AXIS2_PLACEMENT_3D('',#5636,#4726,#4727);
#4064=AXIS2_PLACEMENT_3D('',#5637,#4728,#4729);
#4065=AXIS2_PLACEMENT_3D('',#5640,#4731,#4732);
#4066=AXIS2_PLACEMENT_3D('',#5641,#4733,#4734);
#4067=AXIS2_PLACEMENT_3D('',#5642,#4735,#4736);
#4068=AXIS2_PLACEMENT_3D('',#5644,#4737,#4738);
#4069=AXIS2_PLACEMENT_3D('',#5645,#4739,#4740);
#4070=AXIS2_PLACEMENT_3D('',#5646,#4741,#4742);
#4071=AXIS2_PLACEMENT_3D('',#5647,#4743,#4744);
#4072=AXIS2_PLACEMENT_3D('',#5648,#4745,#4746);
#4073=AXIS2_PLACEMENT_3D('',#5650,#4747,#4748);
#4074=AXIS2_PLACEMENT_3D('',#5651,#4749,#4750);
#4075=AXIS2_PLACEMENT_3D('',#5653,#4751,#4752);
#4076=AXIS2_PLACEMENT_3D('',#5655,#4753,#4754);
#4077=AXIS2_PLACEMENT_3D('',#5656,#4755,#4756);
#4078=AXIS2_PLACEMENT_3D('',#5658,#4757,#4758);
#4079=AXIS2_PLACEMENT_3D('',#5660,#4759,#4760);
#4080=AXIS2_PLACEMENT_3D('',#5661,#4761,#4762);
#4081=AXIS2_PLACEMENT_3D('',#5663,#4763,#4764);
#4082=AXIS2_PLACEMENT_3D('',#5665,#4765,#4766);
#4083=AXIS2_PLACEMENT_3D('',#5666,#4767,#4768);
#4084=AXIS2_PLACEMENT_3D('',#5667,#4769,#4770);
#4085=AXIS2_PLACEMENT_3D('',#5669,#4772,#4773);
#4086=AXIS2_PLACEMENT_3D('',#5670,#4774,#4775);
#4087=AXIS2_PLACEMENT_3D('',#5672,#4777,#4778);
#4088=AXIS2_PLACEMENT_3D('',#5673,#4779,#4780);
#4089=AXIS2_PLACEMENT_3D('',#5674,#4781,#4782);
#4090=AXIS2_PLACEMENT_3D('',#5675,#4783,#4784);
#4091=AXIS2_PLACEMENT_3D('',#5676,#4785,#4786);
#4092=AXIS2_PLACEMENT_3D('',#5679,#4787,#4788);
#4093=AXIS2_PLACEMENT_3D('',#5681,#4789,#4790);
#4094=AXIS2_PLACEMENT_3D('',#5685,#4792,#4793);
#4095=AXIS2_PLACEMENT_3D('',#5689,#4795,#4796);
#4096=AXIS2_PLACEMENT_3D('',#5692,#4798,#4799);
#4097=AXIS2_PLACEMENT_3D('',#5698,#4803,#4804);
#4098=AXIS2_PLACEMENT_3D('',#5699,#4805,#4806);
#4099=AXIS2_PLACEMENT_3D('',#5703,#4808,#4809);
#4100=AXIS2_PLACEMENT_3D('',#5707,#4811,#4812);
#4101=AXIS2_PLACEMENT_3D('',#5711,#4814,#4815);
#4102=AXIS2_PLACEMENT_3D('',#5713,#4816,#4817);
#4103=AXIS2_PLACEMENT_3D('',#5714,#4818,#4819);
#4104=AXIS2_PLACEMENT_3D('',#5723,#4824,#4825);
#4105=AXIS2_PLACEMENT_3D('',#5724,#4826,#4827);
#4106=AXIS2_PLACEMENT_3D('',#5725,#4828,#4829);
#4107=AXIS2_PLACEMENT_3D('',#5726,#4830,#4831);
#4108=AXIS2_PLACEMENT_3D('',#5727,#4832,#4833);
#4109=AXIS2_PLACEMENT_3D('',#5729,#4834,#4835);
#4110=AXIS2_PLACEMENT_3D('',#5733,#4837,#4838);
#4111=AXIS2_PLACEMENT_3D('',#5737,#4840,#4841);
#4112=AXIS2_PLACEMENT_3D('',#5741,#4843,#4844);
#4113=AXIS2_PLACEMENT_3D('',#5742,#4845,#4846);
#4114=AXIS2_PLACEMENT_3D('',#5743,#4847,#4848);
#4115=AXIS2_PLACEMENT_3D('',#5748,#4850,#4851);
#4116=AXIS2_PLACEMENT_3D('',#5753,#4854,#4855);
#4117=AXIS2_PLACEMENT_3D('',#5756,#4857,#4858);
#4118=AXIS2_PLACEMENT_3D('',#5759,#4860,#4861);
#4119=AXIS2_PLACEMENT_3D('',#5760,#4862,#4863);
#4120=AXIS2_PLACEMENT_3D('',#5764,#4866,#4867);
#4121=AXIS2_PLACEMENT_3D('',#5767,#4869,#4870);
#4122=AXIS2_PLACEMENT_3D('',#5768,#4871,#4872);
#4123=AXIS2_PLACEMENT_3D('',#5772,#4875,#4876);
#4124=AXIS2_PLACEMENT_3D('',#5775,#4878,#4879);
#4125=AXIS2_PLACEMENT_3D('',#5778,#4881,#4882);
#4126=AXIS2_PLACEMENT_3D('',#5782,#4885,#4886);
#4127=AXIS2_PLACEMENT_3D('',#5785,#4888,#4889);
#4128=AXIS2_PLACEMENT_3D('',#5786,#4890,#4891);
#4129=AXIS2_PLACEMENT_3D('',#5789,#4893,#4894);
#4130=AXIS2_PLACEMENT_3D('',#5792,#4896,#4897);
#4131=AXIS2_PLACEMENT_3D('',#5796,#4900,#4901);
#4132=AXIS2_PLACEMENT_3D('',#5799,#4903,#4904);
#4133=AXIS2_PLACEMENT_3D('',#5800,#4905,#4906);
#4134=AXIS2_PLACEMENT_3D('',#5803,#4908,#4909);
#4135=AXIS2_PLACEMENT_3D('',#5804,#4910,#4911);
#4136=AXIS2_PLACEMENT_3D('',#5805,#4912,#4913);
#4137=AXIS2_PLACEMENT_3D('',#5808,#4915,#4916);
#4138=AXIS2_PLACEMENT_3D('',#5811,#4918,#4919);
#4139=AXIS2_PLACEMENT_3D('',#5812,#4920,#4921);
#4140=AXIS2_PLACEMENT_3D('',#5815,#4923,#4924);
#4141=AXIS2_PLACEMENT_3D('',#5816,#4925,#4926);
#4142=AXIS2_PLACEMENT_3D('',#5817,#4927,#4928);
#4143=AXIS2_PLACEMENT_3D('',#5819,#4929,#4930);
#4144=AXIS2_PLACEMENT_3D('',#5820,#4931,#4932);
#4145=AXIS2_PLACEMENT_3D('',#5822,#4933,#4934);
#4146=AXIS2_PLACEMENT_3D('',#5823,#4935,#4936);
#4147=AXIS2_PLACEMENT_3D('',#5824,#4937,#4938);
#4148=AXIS2_PLACEMENT_3D('',#5828,#4940,#4941);
#4149=AXIS2_PLACEMENT_3D('',#5831,#4943,#4944);
#4150=AXIS2_PLACEMENT_3D('',#5832,#4945,#4946);
#4151=AXIS2_PLACEMENT_3D('',#5834,#4947,#4948);
#4152=AXIS2_PLACEMENT_3D('',#5835,#4949,#4950);
#4153=AXIS2_PLACEMENT_3D('',#5839,#4952,#4953);
#4154=AXIS2_PLACEMENT_3D('',#5842,#4955,#4956);
#4155=AXIS2_PLACEMENT_3D('',#5844,#4957,#4958);
#4156=AXIS2_PLACEMENT_3D('',#5846,#4959,#4960);
#4157=AXIS2_PLACEMENT_3D('',#5848,#4961,#4962);
#4158=AXIS2_PLACEMENT_3D('',#5852,#4964,#4965);
#4159=AXIS2_PLACEMENT_3D('',#5856,#4967,#4968);
#4160=AXIS2_PLACEMENT_3D('',#5858,#4969,#4970);
#4161=AXIS2_PLACEMENT_3D('',#5860,#4971,#4972);
#4162=AXIS2_PLACEMENT_3D('',#5862,#4973,#4974);
#4163=AXIS2_PLACEMENT_3D('',#5864,#4975,#4976);
#4164=AXIS2_PLACEMENT_3D('',#5865,#4977,#4978);
#4165=AXIS2_PLACEMENT_3D('',#5869,#4980,#4981);
#4166=AXIS2_PLACEMENT_3D('',#5870,#4982,#4983);
#4167=AXIS2_PLACEMENT_3D('',#5872,#4984,#4985);
#4168=AXIS2_PLACEMENT_3D('',#5874,#4986,#4987);
#4169=AXIS2_PLACEMENT_3D('',#5876,#4988,#4989);
#4170=AXIS2_PLACEMENT_3D('',#5878,#4990,#4991);
#4171=AXIS2_PLACEMENT_3D('',#5880,#4992,#4993);
#4172=AXIS2_PLACEMENT_3D('',#5881,#4994,#4995);
#4173=AXIS2_PLACEMENT_3D('',#5887,#4998,#4999);
#4174=AXIS2_PLACEMENT_3D('',#5891,#5001,#5002);
#4175=AXIS2_PLACEMENT_3D('',#5892,#5003,#5004);
#4176=AXIS2_PLACEMENT_3D('',#5894,#5006,#5007);
#4177=AXIS2_PLACEMENT_3D('',#5896,#5009,#5010);
#4178=AXIS2_PLACEMENT_3D('',#5898,#5012,#5013);
#4179=AXIS2_PLACEMENT_3D('',#5900,#5015,#5016);
#4180=AXIS2_PLACEMENT_3D('',#5903,#5019,#5020);
#4181=AXIS2_PLACEMENT_3D('',#5905,#5022,#5023);
#4182=AXIS2_PLACEMENT_3D('',#5908,#5026,#5027);
#4183=AXIS2_PLACEMENT_3D('',#5909,#5028,#5029);
#4184=AXIS2_PLACEMENT_3D('',#5911,#5031,#5032);
#4185=AXIS2_PLACEMENT_3D('',#5913,#5034,#5035);
#4186=AXIS2_PLACEMENT_3D('',#5914,#5036,#5037);
#4187=AXIS2_PLACEMENT_3D('',#5917,#5040,#5041);
#4188=AXIS2_PLACEMENT_3D('',#5919,#5043,#5044);
#4189=AXIS2_PLACEMENT_3D('',#5920,#5045,#5046);
#4190=AXIS2_PLACEMENT_3D('',#5923,#5049,#5050);
#4191=AXIS2_PLACEMENT_3D('',#5924,#5051,#5052);
#4192=AXIS2_PLACEMENT_3D('',#5927,#5055,#5056);
#4193=AXIS2_PLACEMENT_3D('',#5928,#5057,#5058);
#4194=AXIS2_PLACEMENT_3D('',#5930,#5060,#5061);
#4195=AXIS2_PLACEMENT_3D('',#5932,#5063,#5064);
#4196=AXIS2_PLACEMENT_3D('',#5933,#5065,#5066);
#4197=AXIS2_PLACEMENT_3D('',#5935,#5068,#5069);
#4198=AXIS2_PLACEMENT_3D('',#5938,#5072,#5073);
#4199=AXIS2_PLACEMENT_3D('',#5940,#5075,#5076);
#4200=AXIS2_PLACEMENT_3D('',#5942,#5078,#5079);
#4201=AXIS2_PLACEMENT_3D('',#5943,#5080,#5081);
#4202=AXIS2_PLACEMENT_3D('',#5945,#5083,#5084);
#4203=AXIS2_PLACEMENT_3D('',#5946,#5085,#5086);
#4204=AXIS2_PLACEMENT_3D('',#5947,#5087,#5088);
#4205=AXIS2_PLACEMENT_3D('',#5948,#5089,#5090);
#4206=AXIS2_PLACEMENT_3D('',#5949,#5091,#5092);
#4207=AXIS2_PLACEMENT_3D('',#5950,#5093,#5094);
#4208=AXIS2_PLACEMENT_3D('',#5951,#5095,#5096);
#4209=AXIS2_PLACEMENT_3D('',#5952,#5097,#5098);
#4210=AXIS2_PLACEMENT_3D('',#5960,#5103,#5104);
#4211=AXIS2_PLACEMENT_3D('',#5961,#5105,#5106);
#4212=AXIS2_PLACEMENT_3D('',#5964,#5108,#5109);
#4213=AXIS2_PLACEMENT_3D('',#5970,#5113,#5114);
#4214=AXIS2_PLACEMENT_3D('',#5971,#5115,#5116);
#4215=AXIS2_PLACEMENT_3D('',#5972,#5117,#5118);
#4216=AXIS2_PLACEMENT_3D('',#5973,#5119,#5120);
#4217=AXIS2_PLACEMENT_3D('',#5974,#5121,#5122);
#4218=AXIS2_PLACEMENT_3D('',#5975,#5123,#5124);
#4219=AXIS2_PLACEMENT_3D('',#5976,#5125,#5126);
#4220=AXIS2_PLACEMENT_3D('',#5984,#5127,#5128);
#4221=AXIS2_PLACEMENT_3D('',#5992,#5129,#5130);
#4222=AXIS2_PLACEMENT_3D('',#5993,#5131,#5132);
#4223=AXIS2_PLACEMENT_3D('',#5994,#5133,#5134);
#4224=AXIS2_PLACEMENT_3D('',#6001,#5138,#5139);
#4225=AXIS2_PLACEMENT_3D('',#6002,#5140,#5141);
#4226=AXIS2_PLACEMENT_3D('',#6008,#5145,#5146);
#4227=AXIS2_PLACEMENT_3D('',#6009,#5147,#5148);
#4228=AXIS2_PLACEMENT_3D('',#6012,#5150,#5151);
#4229=AXIS2_PLACEMENT_3D('',#6016,#5154,#5155);
#4230=AXIS2_PLACEMENT_3D('',#6018,#5157,#5158);
#4231=DIRECTION('',(0.,0.,1.));
#4232=DIRECTION('',(1.,0.,0.));
#4233=DIRECTION('',(0.,-1.,0.));
#4234=DIRECTION('',(-0.707106781186547,0.,-0.707106781186548));
#4235=DIRECTION('',(0.,-1.,0.));
#4236=DIRECTION('',(-0.707106781186547,0.,-0.707106781186548));
#4237=DIRECTION('',(0.,1.,0.));
#4238=DIRECTION('',(-0.707106781186547,0.,-0.707106781186548));
#4239=DIRECTION('',(0.,1.,0.));
#4240=DIRECTION('',(-0.707106781186548,0.,0.707106781186547));
#4241=DIRECTION('',(0.,1.,0.));
#4242=DIRECTION('',(-0.707106781186548,0.,0.707106781186547));
#4243=DIRECTION('',(0.,1.,0.));
#4244=DIRECTION('',(-0.707106781186547,0.,-0.707106781186548));
#4245=DIRECTION('',(0.,-1.,0.));
#4246=DIRECTION('',(-0.707106781186547,0.,-0.707106781186548));
#4247=DIRECTION('',(0.,-1.,0.));
#4248=DIRECTION('',(-0.707106781186547,0.,-0.707106781186548));
#4249=DIRECTION('',(0.,-1.,0.));
#4250=DIRECTION('',(-0.707106781186547,0.,-0.707106781186548));
#4251=DIRECTION('',(0.,1.,0.));
#4252=DIRECTION('',(-0.707106781186548,0.,0.707106781186547));
#4253=DIRECTION('',(0.,-1.,0.));
#4254=DIRECTION('',(-0.707106781186547,0.,-0.707106781186548));
#4255=DIRECTION('',(0.,1.,0.));
#4256=DIRECTION('',(-0.707106781186547,0.,-0.707106781186548));
#4257=DIRECTION('',(0.,1.,0.));
#4258=DIRECTION('',(-0.707106781186547,0.,-0.707106781186548));
#4259=DIRECTION('',(0.,1.,0.));
#4260=DIRECTION('',(-0.707106781186548,0.,0.707106781186547));
#4261=DIRECTION('',(0.,-1.,0.));
#4262=DIRECTION('',(-0.677036585194272,0.,-0.735949361239263));
#4263=DIRECTION('',(0.,-1.,0.));
#4264=DIRECTION('',(-0.707106781186547,0.,-0.707106781186548));
#4265=DIRECTION('',(0.,-1.,0.));
#4266=DIRECTION('',(-0.964780076676593,0.,-0.263057795261626));
#4267=DIRECTION('',(0.,-1.,0.));
#4268=DIRECTION('',(0.637639375059368,0.,0.770335009832669));
#4269=DIRECTION('',(0.,-1.,0.));
#4270=DIRECTION('',(-0.980740530103265,0.,0.195315162270537));
#4271=DIRECTION('',(0.707106781186545,0.,0.70710678118655));
#4272=DIRECTION('',(0.,1.,0.));
#4273=DIRECTION('',(1.,0.,4.92661467177413E-15));
#4274=DIRECTION('',(-0.707106781186548,0.,0.707106781186547));
#4275=DIRECTION('',(0.,-1.,0.));
#4276=DIRECTION('',(-0.992653410025198,0.,-0.12099259301852));
#4277=DIRECTION('',(0.,-1.,0.));
#4278=DIRECTION('',(0.601398966848415,0.,-0.798948861112937));
#4279=DIRECTION('',(0.,-1.,0.));
#4280=DIRECTION('',(-0.480990118472529,0.,-0.876726015315949));
#4281=DIRECTION('',(0.,-1.,0.));
#4282=DIRECTION('',(-0.707106781186547,0.,-0.707106781186548));
#4283=DIRECTION('',(0.,-1.,0.));
#4284=DIRECTION('',(0.258819045102521,0.,-0.965925826289068));
#4285=DIRECTION('',(-0.245722653931419,0.,0.96934017627709));
#4286=DIRECTION('',(0.,-1.,0.));
#4287=DIRECTION('',(-0.974060977264551,0.,-0.226285687948725));
#4288=DIRECTION('',(0.,-1.,0.));
#4289=DIRECTION('',(-0.707106781186547,0.,-0.707106781186548));
#4290=DIRECTION('',(0.,-1.,0.));
#4291=DIRECTION('',(0.297597542437916,0.,-0.954691417545435));
#4292=DIRECTION('',(0.,-1.,0.));
#4293=DIRECTION('',(-0.945201734888846,0.,-0.326486876249439));
#4294=DIRECTION('',(0.,1.,0.));
#4295=DIRECTION('',(0.,1.,0.));
#4296=DIRECTION('',(-0.945201734888846,0.,-0.326486876249439));
#4297=DIRECTION('',(0.,-1.,0.));
#4298=DIRECTION('',(0.,-1.,0.));
#4299=DIRECTION('',(-0.945201734888846,0.,-0.326486876249439));
#4300=DIRECTION('',(0.,1.,0.));
#4301=DIRECTION('',(-0.707106781186548,0.,0.707106781186547));
#4302=DIRECTION('',(0.,-1.,0.));
#4303=DIRECTION('',(0.707106781186547,0.,0.707106781186548));
#4304=DIRECTION('',(0.,1.,0.));
#4305=DIRECTION('',(-0.707106781186548,0.,0.707106781186547));
#4306=DIRECTION('',(0.,1.,0.));
#4307=DIRECTION('',(-0.677036585194272,0.,-0.735949361239263));
#4308=DIRECTION('',(0.,-1.,0.));
#4309=DIRECTION('',(0.987467569401258,0.,-0.157822049729344));
#4310=DIRECTION('',(0.707106781186552,0.,0.707106781186543));
#4311=DIRECTION('',(0.,1.,0.));
#4312=DIRECTION('',(-1.,0.,6.31439345255558E-15));
#4313=DIRECTION('',(-0.707106781186548,0.,0.707106781186547));
#4314=DIRECTION('',(0.,-1.,0.));
#4315=DIRECTION('',(0.997116657559253,0.,0.0758839325408387));
#4316=DIRECTION('',(0.,1.,0.));
#4317=DIRECTION('',(-0.505383963738505,0.,0.86289457594538));
#4318=DIRECTION('',(0.73376067401817,0.,0.679408031498305));
#4319=DIRECTION('',(0.,1.,0.));
#4320=DIRECTION('',(0.707106781186547,0.,0.707106781186548));
#4321=DIRECTION('',(0.,-1.,0.));
#4322=DIRECTION('',(-0.759691111529565,0.,0.650284103344819));
#4323=DIRECTION('',(0.,1.,0.));
#4324=DIRECTION('',(-0.707106781186548,0.,0.707106781186547));
#4325=DIRECTION('',(0.,1.,0.));
#4326=DIRECTION('',(0.707106781186547,0.,0.707106781186548));
#4327=DIRECTION('',(0.,-1.,0.));
#4328=DIRECTION('',(-0.826514036058632,0.,-0.56291611115518));
#4329=DIRECTION('',(0.,1.,0.));
#4330=DIRECTION('',(0.707106781186547,0.,0.707106781186548));
#4331=DIRECTION('',(-0.733760674018169,0.,-0.679408031498305));
#4332=DIRECTION('',(0.,1.,0.));
#4333=DIRECTION('',(-0.505383963738505,0.,0.86289457594538));
#4334=DIRECTION('',(0.,-1.,0.));
#4335=DIRECTION('',(-0.297597542437918,0.,0.954691417545435));
#4336=DIRECTION('',(0.,1.,0.));
#4337=DIRECTION('',(-0.677036585194272,0.,-0.735949361239263));
#4338=DIRECTION('',(0.254493299279644,0.,0.967074537262646));
#4339=DIRECTION('',(0.,1.,0.));
#4340=DIRECTION('',(-0.707106781186548,0.,0.707106781186547));
#4341=DIRECTION('',(0.,1.,0.));
#4342=DIRECTION('',(0.707106781186547,0.,0.707106781186548));
#4343=DIRECTION('',(-0.254493299279645,0.,-0.967074537262646));
#4344=DIRECTION('',(0.,1.,0.));
#4345=DIRECTION('',(-0.677036585194272,0.,-0.735949361239263));
#4346=DIRECTION('',(0.,-1.,0.));
#4347=DIRECTION('',(0.593295068065916,0.,0.804985069556361));
#4348=DIRECTION('',(0.,1.,0.));
#4349=DIRECTION('',(0.637639375059368,0.,0.770335009832669));
#4350=DIRECTION('',(0.,-1.,0.));
#4351=DIRECTION('',(0.964780076676593,0.,-0.263057795261626));
#4352=DIRECTION('',(0.,1.,0.));
#4353=DIRECTION('',(-0.707106781186547,0.,-0.707106781186548));
#4354=DIRECTION('',(0.,1.,0.));
#4355=DIRECTION('',(-0.707106781186548,0.,0.707106781186547));
#4356=DIRECTION('',(0.,1.,0.));
#4357=DIRECTION('',(0.707106781186547,0.,0.707106781186548));
#4358=DIRECTION('',(0.,1.,0.));
#4359=DIRECTION('',(-0.707106781186548,0.,0.707106781186547));
#4360=DIRECTION('',(0.,-1.,0.));
#4361=DIRECTION('',(0.707106781186547,0.,0.707106781186548));
#4362=DIRECTION('',(-0.254493299279644,0.,-0.967074537262646));
#4363=DIRECTION('',(0.,-1.,0.));
#4364=DIRECTION('',(-0.677036585194272,0.,-0.735949361239263));
#4365=DIRECTION('',(0.,1.,0.));
#4366=DIRECTION('',(-0.297597542437918,0.,0.954691417545435));
#4367=DIRECTION('',(0.,-1.,0.));
#4368=DIRECTION('',(-0.505383963738505,0.,0.86289457594538));
#4369=DIRECTION('',(0.733760674018169,0.,0.679408031498305));
#4370=DIRECTION('',(0.,-1.,0.));
#4371=DIRECTION('',(0.707106781186547,0.,0.707106781186548));
#4372=DIRECTION('',(0.,1.,0.));
#4373=DIRECTION('',(-0.826514036058632,0.,-0.56291611115518));
#4374=DIRECTION('',(0.,1.,0.));
#4375=DIRECTION('',(-0.707106781186548,0.,0.707106781186547));
#4376=DIRECTION('',(0.,-1.,0.));
#4377=DIRECTION('',(-0.677036585194272,0.,-0.735949361239263));
#4378=DIRECTION('',(0.,1.,0.));
#4379=DIRECTION('',(-0.759691111529565,0.,0.650284103344819));
#4380=DIRECTION('',(0.,-1.,0.));
#4381=DIRECTION('',(0.707106781186547,0.,0.707106781186548));
#4382=DIRECTION('',(-0.73376067401817,0.,-0.679408031498305));
#4383=DIRECTION('',(0.,-1.,0.));
#4384=DIRECTION('',(-0.505383963738505,0.,0.86289457594538));
#4385=DIRECTION('',(0.,1.,0.));
#4386=DIRECTION('',(0.997116657559253,0.,0.0758839325408387));
#4387=DIRECTION('',(0.707106781186548,0.,-0.707106781186547));
#4388=DIRECTION('',(0.,-1.,0.));
#4389=DIRECTION('',(-1.,0.,6.31439345255558E-15));
#4390=DIRECTION('',(-0.707106781186552,0.,-0.707106781186543));
#4391=DIRECTION('',(0.,1.,0.));
#4392=DIRECTION('',(0.987467569401258,0.,-0.157822049729344));
#4393=DIRECTION('',(0.,-1.,0.));
#4394=DIRECTION('',(-0.826514036058632,0.,-0.56291611115518));
#4395=DIRECTION('',(0.,1.,0.));
#4396=DIRECTION('',(0.,-1.,0.));
#4397=DIRECTION('',(0.,1.,0.));
#4398=DIRECTION('',(-0.707106781186548,0.,0.707106781186547));
#4399=DIRECTION('',(0.,-1.,0.));
#4400=DIRECTION('',(0.707106781186547,0.,0.707106781186548));
#4401=DIRECTION('',(0.,-1.,0.));
#4402=DIRECTION('',(-0.707106781186547,0.,-0.707106781186548));
#4403=DIRECTION('',(0.,1.,0.));
#4404=DIRECTION('',(0.964780076676593,0.,-0.263057795261626));
#4405=DIRECTION('',(0.,-1.,0.));
#4406=DIRECTION('',(0.637639375059368,0.,0.770335009832669));
#4407=DIRECTION('',(0.,1.,0.));
#4408=DIRECTION('',(0.593295068065916,0.,0.804985069556361));
#4409=DIRECTION('',(0.,-1.,0.));
#4410=DIRECTION('',(-0.677036585194272,0.,-0.735949361239263));
#4411=DIRECTION('',(0.254493299279645,0.,0.967074537262646));
#4412=DIRECTION('',(0.,-1.,0.));
#4413=DIRECTION('',(-0.759691111529565,0.,0.650284103344819));
#4414=DIRECTION('',(0.,1.,0.));
#4415=DIRECTION('',(0.,-1.,0.));
#4416=DIRECTION('',(0.,1.,0.));
#4417=DIRECTION('',(-0.707106781186548,0.,0.707106781186547));
#4418=DIRECTION('',(0.,1.,0.));
#4419=DIRECTION('',(-0.677036585194272,0.,-0.735949361239263));
#4420=DIRECTION('',(0.254493299279643,0.,-0.967074537262647));
#4421=DIRECTION('',(0.,1.,0.));
#4422=DIRECTION('',(0.707106781186547,0.,0.707106781186548));
#4423=DIRECTION('',(0.,-1.,0.));
#4424=DIRECTION('',(0.998727756964757,0.,0.050426852649615));
#4425=DIRECTION('',(0.,-1.,0.));
#4426=DIRECTION('',(0.998727756964757,0.,0.050426852649615));
#4427=DIRECTION('',(0.,1.,0.));
#4428=DIRECTION('',(0.,1.,0.));
#4429=DIRECTION('',(0.998727756964757,0.,0.050426852649615));
#4430=DIRECTION('',(0.,-1.,0.));
#4431=DIRECTION('',(0.,1.,0.));
#4432=DIRECTION('',(-0.707106781186548,0.,0.707106781186547));
#4433=DIRECTION('',(0.,-1.,0.));
#4434=DIRECTION('',(-0.677036585194272,0.,-0.735949361239263));
#4435=DIRECTION('',(0.,-1.,0.));
#4436=DIRECTION('',(0.707106781186547,0.,0.707106781186548));
#4437=DIRECTION('',(-0.254493299279643,0.,0.967074537262647));
#4438=DIRECTION('',(0.,-1.,0.));
#4439=DIRECTION('',(0.495368149228716,0.,0.86868313942986));
#4440=DIRECTION('',(0.,-1.,0.));
#4441=DIRECTION('',(0.,-1.,0.));
#4442=DIRECTION('',(0.495368149228716,0.,0.86868313942986));
#4443=DIRECTION('',(0.,1.,0.));
#4444=DIRECTION('',(0.,1.,0.));
#4445=DIRECTION('',(0.495368149228716,0.,0.86868313942986));
#4446=DIRECTION('',(0.,1.,0.));
#4447=DIRECTION('',(-0.707106781186548,0.,0.707106781186547));
#4448=DIRECTION('',(2.05111255988848E-16,1.,6.31763193459336E-17));
#4449=DIRECTION('',(0.707106781186547,-1.89707963827321E-16,0.707106781186548));
#4450=DIRECTION('',(-0.733760674018169,1.07580074678962E-16,0.679408031498305));
#4451=DIRECTION('',(2.05111255988848E-16,1.,6.31763193459336E-17));
#4452=DIRECTION('',(-0.707106781186547,1.89707963827321E-16,-0.707106781186548));
#4453=DIRECTION('',(-2.05111255988848E-16,-1.,-6.31763193459336E-17));
#4454=DIRECTION('',(0.954691417545435,-2.14619073112141E-16,0.297597542437918));
#4455=DIRECTION('',(2.05111255988848E-16,1.,6.31763193459336E-17));
#4456=DIRECTION('',(-0.677036585194272,1.85362396207686E-16,-0.735949361239263));
#4457=DIRECTION('',(0.,-1.,0.));
#4458=DIRECTION('',(-0.950761391118267,0.,0.309923824768051));
#4459=DIRECTION('',(0.,1.,0.));
#4460=DIRECTION('',(-0.707106781186548,0.,0.707106781186547));
#4461=DIRECTION('',(2.05111255988848E-16,1.,6.31763193459336E-17));
#4462=DIRECTION('',(0.707106781186547,-1.89707963827321E-16,0.707106781186548));
#4463=DIRECTION('',(-0.254493299279643,-8.89676954143232E-18,0.967074537262647));
#4464=DIRECTION('',(2.05111255988848E-16,1.,6.31763193459336E-17));
#4465=DIRECTION('',(-0.677036585194272,1.85362396207686E-16,-0.735949361239263));
#4466=DIRECTION('',(-2.05111255988848E-16,-1.,-6.31763193459336E-17));
#4467=DIRECTION('',(-0.297597542437919,1.21354495580309E-16,-0.954691417545434));
#4468=DIRECTION('',(2.05111255988848E-16,1.,6.31763193459336E-17));
#4469=DIRECTION('',(-0.707106781186547,1.89707963827321E-16,-0.707106781186548));
#4470=DIRECTION('',(0.733760674018169,-1.07580074678962E-16,-0.679408031498305));
#4471=DIRECTION('',(2.05111255988848E-16,1.,6.31763193459336E-17));
#4472=DIRECTION('',(0.707106781186547,-1.89707963827321E-16,0.707106781186548));
#4473=DIRECTION('',(0.,1.,0.));
#4474=DIRECTION('',(-0.707106781186548,0.,0.707106781186547));
#4475=DIRECTION('',(-2.05111255988848E-16,-1.,-6.31763193459336E-17));
#4476=DIRECTION('',(0.707106781186547,-1.89707963827321E-16,0.707106781186548));
#4477=DIRECTION('',(0.,1.,0.));
#4478=DIRECTION('',(-0.950761391118267,0.,0.309923824768051));
#4479=DIRECTION('',(-2.05111255988848E-16,-1.,-6.31763193459336E-17));
#4480=DIRECTION('',(-0.677036585194272,1.85362396207686E-16,-0.735949361239263));
#4481=DIRECTION('',(2.05111255988848E-16,1.,6.31763193459336E-17));
#4482=DIRECTION('',(0.954691417545435,-2.14619073112141E-16,0.297597542437918));
#4483=DIRECTION('',(-2.05111255988848E-16,-1.,-6.31763193459336E-17));
#4484=DIRECTION('',(-0.707106781186547,1.89707963827321E-16,-0.707106781186548));
#4485=DIRECTION('',(0.733760674018169,-1.07580074678962E-16,-0.679408031498305));
#4486=DIRECTION('',(0.,-1.,0.));
#4487=DIRECTION('',(-0.950761391118267,0.,0.309923824768051));
#4488=DIRECTION('',(0.,1.,0.));
#4489=DIRECTION('',(0.,-1.,0.));
#4490=DIRECTION('',(0.,1.,0.));
#4491=DIRECTION('',(-0.707106781186548,0.,0.707106781186547));
#4492=DIRECTION('',(-2.05111255988848E-16,-1.,-6.31763193459336E-17));
#4493=DIRECTION('',(0.707106781186547,-1.89707963827321E-16,0.707106781186548));
#4494=DIRECTION('',(-2.05111255988848E-16,-1.,-6.31763193459336E-17));
#4495=DIRECTION('',(0.707106781186547,-1.89707963827321E-16,0.707106781186548));
#4496=DIRECTION('',(-0.733760674018169,1.07580074678962E-16,0.679408031498305));
#4497=DIRECTION('',(-2.05111255988848E-16,-1.,-6.31763193459336E-17));
#4498=DIRECTION('',(-0.707106781186547,1.89707963827321E-16,-0.707106781186548));
#4499=DIRECTION('',(2.05111255988848E-16,1.,6.31763193459336E-17));
#4500=DIRECTION('',(-0.297597542437919,1.21354495580309E-16,-0.954691417545434));
#4501=DIRECTION('',(-2.05111255988848E-16,-1.,-6.31763193459336E-17));
#4502=DIRECTION('',(-0.677036585194272,1.85362396207686E-16,-0.735949361239263));
#4503=DIRECTION('',(0.254493299279643,8.89676954143232E-18,-0.967074537262647));
#4504=DIRECTION('',(0.967074537262646,0.,-0.254493299279645));
#4505=DIRECTION('',(-0.254493299279645,0.,-0.967074537262646));
#4506=DIRECTION('',(0.,1.,0.));
#4507=DIRECTION('',(0.254493299279645,0.,0.967074537262646));
#4508=DIRECTION('',(0.,1.,0.));
#4509=DIRECTION('',(0.967074537262646,0.,-0.254493299279645));
#4510=DIRECTION('',(-0.254493299279645,0.,-0.967074537262646));
#4511=DIRECTION('',(0.,1.,0.));
#4512=DIRECTION('',(-0.254493299279645,0.,-0.967074537262646));
#4513=DIRECTION('',(0.,1.,0.));
#4514=DIRECTION('',(0.,1.,0.));
#4515=DIRECTION('',(0.593295068065916,0.,0.804985069556361));
#4516=DIRECTION('',(0.,-1.,0.));
#4517=DIRECTION('',(0.,-1.,0.));
#4518=DIRECTION('',(0.593295068065916,0.,0.804985069556361));
#4519=DIRECTION('',(0.,1.,0.));
#4520=DIRECTION('',(0.,-1.,0.));
#4521=DIRECTION('',(0.637639375059368,0.,0.770335009832669));
#4522=DIRECTION('',(0.,1.,0.));
#4523=DIRECTION('',(0.,-1.,0.));
#4524=DIRECTION('',(0.637639375059368,0.,0.770335009832669));
#4525=DIRECTION('',(0.,1.,0.));
#4526=DIRECTION('',(0.964780076676593,0.,-0.263057795261626));
#4527=DIRECTION('',(0.,-1.,0.));
#4528=DIRECTION('',(0.,-1.,0.));
#4529=DIRECTION('',(0.964780076676593,0.,-0.263057795261626));
#4530=DIRECTION('',(0.,1.,0.));
#4531=DIRECTION('',(-0.254493299279637,0.,-0.967074537262648));
#4532=DIRECTION('',(0.,-1.,0.));
#4533=DIRECTION('',(0.707106781186547,0.,0.707106781186548));
#4534=DIRECTION('',(0.,1.,0.));
#4535=DIRECTION('',(0.,1.,0.));
#4536=DIRECTION('',(0.,1.,0.));
#4537=DIRECTION('',(0.707106781186547,0.,0.707106781186548));
#4538=DIRECTION('',(-0.967074537262646,0.,0.254493299279644));
#4539=DIRECTION('',(0.254493299279644,0.,0.967074537262646));
#4540=DIRECTION('',(-0.254493299279644,0.,-0.967074537262646));
#4541=DIRECTION('',(0.,-1.,0.));
#4542=DIRECTION('',(-0.967074537262646,0.,0.254493299279644));
#4543=DIRECTION('',(0.254493299279644,0.,0.967074537262646));
#4544=DIRECTION('',(0.,-1.,0.));
#4545=DIRECTION('',(0.254493299279644,0.,0.967074537262646));
#4546=DIRECTION('',(0.,-1.,0.));
#4547=DIRECTION('',(-0.677036585194272,0.,-0.735949361239263));
#4548=DIRECTION('',(0.,-1.,0.));
#4549=DIRECTION('',(-0.677036585194272,0.,-0.735949361239263));
#4550=DIRECTION('',(0.,-1.,0.));
#4551=DIRECTION('',(-0.677036585194272,0.,-0.735949361239263));
#4552=DIRECTION('',(0.,-1.,0.));
#4553=DIRECTION('',(-0.677036585194272,0.,-0.735949361239263));
#4554=DIRECTION('',(0.,-1.,0.));
#4555=DIRECTION('',(0.,-1.,0.));
#4556=DIRECTION('',(-0.297597542437918,0.,0.954691417545435));
#4557=DIRECTION('',(0.,-1.,0.));
#4558=DIRECTION('',(-0.297597542437918,0.,0.954691417545435));
#4559=DIRECTION('',(0.,1.,0.));
#4560=DIRECTION('',(0.,-1.,0.));
#4561=DIRECTION('',(-0.297597542437918,0.,0.954691417545435));
#4562=DIRECTION('',(0.,1.,0.));
#4563=DIRECTION('',(0.,1.,0.));
#4564=DIRECTION('',(-0.297597542437918,0.,0.954691417545435));
#4565=DIRECTION('',(0.,-1.,0.));
#4566=DIRECTION('',(0.,-1.,0.));
#4567=DIRECTION('',(-0.677036585194272,0.,-0.735949361239263));
#4568=DIRECTION('',(0.,1.,0.));
#4569=DIRECTION('',(0.,-1.,0.));
#4570=DIRECTION('',(-0.677036585194272,0.,-0.735949361239263));
#4571=DIRECTION('',(0.,1.,0.));
#4572=DIRECTION('',(0.,1.,0.));
#4573=DIRECTION('',(-0.677036585194272,0.,-0.735949361239263));
#4574=DIRECTION('',(0.,-1.,0.));
#4575=DIRECTION('',(0.,-1.,0.));
#4576=DIRECTION('',(-0.677036585194272,0.,-0.735949361239263));
#4577=DIRECTION('',(0.,1.,0.));
#4578=DIRECTION('',(0.679408031498305,0.,-0.733760674018169));
#4579=DIRECTION('',(-0.733760674018169,0.,-0.679408031498305));
#4580=DIRECTION('',(0.,1.,0.));
#4581=DIRECTION('',(0.733760674018169,0.,0.679408031498305));
#4582=DIRECTION('',(0.,1.,0.));
#4583=DIRECTION('',(0.679408031498305,0.,-0.733760674018169));
#4584=DIRECTION('',(-0.733760674018169,0.,-0.679408031498305));
#4585=DIRECTION('',(0.,1.,0.));
#4586=DIRECTION('',(-0.733760674018169,0.,-0.679408031498305));
#4587=DIRECTION('',(0.,1.,0.));
#4588=DIRECTION('',(0.,1.,0.));
#4589=DIRECTION('',(-0.733760674018168,0.,-0.679408031498306));
#4590=DIRECTION('',(0.,-1.,0.));
#4591=DIRECTION('',(0.707106781186547,0.,0.707106781186548));
#4592=DIRECTION('',(0.,1.,0.));
#4593=DIRECTION('',(0.,1.,0.));
#4594=DIRECTION('',(0.,1.,0.));
#4595=DIRECTION('',(0.707106781186547,0.,0.707106781186548));
#4596=DIRECTION('',(0.,-1.,0.));
#4597=DIRECTION('',(0.987467569401258,0.,-0.157822049729344));
#4598=DIRECTION('',(0.,-1.,0.));
#4599=DIRECTION('',(0.,-1.,0.));
#4600=DIRECTION('',(0.987467569401258,0.,-0.157822049729344));
#4601=DIRECTION('',(0.,-1.,0.));
#4602=DIRECTION('',(0.987467569401258,0.,-0.157822049729344));
#4603=DIRECTION('',(0.,1.,0.));
#4604=DIRECTION('',(0.987467569401258,0.,-0.157822049729344));
#4605=DIRECTION('',(0.,-1.,0.));
#4606=DIRECTION('',(-0.707106781186548,0.,0.707106781186548));
#4607=DIRECTION('',(-0.707106781186548,0.,-0.707106781186548));
#4608=DIRECTION('',(0.,1.,0.));
#4609=DIRECTION('',(-0.707106781186552,0.,-0.707106781186543));
#4610=DIRECTION('',(-0.707106781186548,0.,0.707106781186548));
#4611=DIRECTION('',(-0.707106781186548,0.,-0.707106781186548));
#4612=DIRECTION('',(-0.707106781186552,0.,-0.707106781186543));
#4613=DIRECTION('',(0.,1.,0.));
#4614=DIRECTION('',(-0.679408031498305,0.,0.73376067401817));
#4615=DIRECTION('',(0.73376067401817,0.,0.679408031498305));
#4616=DIRECTION('',(-0.73376067401817,0.,-0.679408031498305));
#4617=DIRECTION('',(0.,-1.,0.));
#4618=DIRECTION('',(0.,-1.,0.));
#4619=DIRECTION('',(-1.,0.,6.31439345255558E-15));
#4620=DIRECTION('',(0.,-1.,0.));
#4621=DIRECTION('',(0.,1.,0.));
#4622=DIRECTION('',(-1.,0.,6.31439345255558E-15));
#4623=DIRECTION('',(0.,-1.,0.));
#4624=DIRECTION('',(-1.,0.,6.31439345255558E-15));
#4625=DIRECTION('',(0.,-1.,0.));
#4626=DIRECTION('',(-1.,0.,6.31439345255558E-15));
#4627=DIRECTION('',(0.,-1.,0.));
#4628=DIRECTION('',(0.,-1.,0.));
#4629=DIRECTION('',(-0.47917653472685,0.,-0.877718547466765));
#4630=DIRECTION('',(0.,-1.,0.));
#4631=DIRECTION('',(-0.505383963738505,0.,0.86289457594538));
#4632=DIRECTION('',(0.,-1.,0.));
#4633=DIRECTION('',(0.,-1.,0.));
#4634=DIRECTION('',(-0.47917653472685,0.,-0.877718547466765));
#4635=DIRECTION('',(0.,-1.,0.));
#4636=DIRECTION('',(-0.505383963738505,0.,0.86289457594538));
#4637=DIRECTION('',(0.,-1.,0.));
#4638=DIRECTION('',(-0.47917653472685,0.,-0.877718547466765));
#4639=DIRECTION('',(0.,1.,0.));
#4640=DIRECTION('',(-0.505383963738505,0.,0.86289457594538));
#4641=DIRECTION('',(0.,-1.,0.));
#4642=DIRECTION('',(0.,-1.,0.));
#4643=DIRECTION('',(0.,-1.,0.));
#4644=DIRECTION('',(-0.505383963738505,0.,0.86289457594538));
#4645=DIRECTION('',(-0.707106781186548,0.,-0.707106781186548));
#4646=DIRECTION('',(0.707106781186548,0.,-0.707106781186548));
#4647=DIRECTION('',(0.,1.,0.));
#4648=DIRECTION('',(0.707106781186548,0.,-0.707106781186547));
#4649=DIRECTION('',(0.,-1.,0.));
#4650=DIRECTION('',(0.997116657559253,0.,0.0758839325408387));
#4651=DIRECTION('',(0.,-1.,0.));
#4652=DIRECTION('',(0.997116657559253,0.,0.0758839325408387));
#4653=DIRECTION('',(0.967074537262647,0.,0.254493299279643));
#4654=DIRECTION('',(0.254493299279643,0.,-0.967074537262647));
#4655=DIRECTION('',(0.,-1.,0.));
#4656=DIRECTION('',(0.254493299279643,0.,-0.967074537262647));
#4657=DIRECTION('',(0.,1.,0.));
#4658=DIRECTION('',(0.967074537262647,0.,0.254493299279643));
#4659=DIRECTION('',(0.254493299279643,0.,-0.967074537262647));
#4660=DIRECTION('',(0.,1.,0.));
#4661=DIRECTION('',(-0.254493299279643,0.,0.967074537262647));
#4662=DIRECTION('',(0.,-1.,0.));
#4663=DIRECTION('',(-0.967074537262647,0.,-0.254493299279643));
#4664=DIRECTION('',(-0.254493299279643,0.,0.967074537262647));
#4665=DIRECTION('',(0.,1.,0.));
#4666=DIRECTION('',(-0.254493299279643,0.,0.967074537262647));
#4667=DIRECTION('',(0.,1.,0.));
#4668=DIRECTION('',(-0.967074537262647,0.,-0.254493299279643));
#4669=DIRECTION('',(-0.254493299279643,0.,0.967074537262647));
#4670=DIRECTION('',(0.,1.,0.));
#4671=DIRECTION('',(0.254493299279643,0.,-0.967074537262647));
#4672=DIRECTION('',(0.,1.,0.));
#4673=DIRECTION('',(0.,-1.,0.));
#4674=DIRECTION('',(-0.677036585194272,0.,-0.735949361239263));
#4675=DIRECTION('',(0.,1.,0.));
#4676=DIRECTION('',(0.,-1.,0.));
#4677=DIRECTION('',(-0.677036585194272,0.,-0.735949361239263));
#4678=DIRECTION('',(0.,1.,0.));
#4679=DIRECTION('',(-0.297597542437919,0.,-0.954691417545434));
#4680=DIRECTION('',(0.,1.,0.));
#4681=DIRECTION('',(0.,1.,0.));
#4682=DIRECTION('',(-0.297597542437919,0.,-0.954691417545434));
#4683=DIRECTION('',(0.,-1.,0.));
#4684=DIRECTION('',(0.,1.,0.));
#4685=DIRECTION('',(-0.297597542437919,0.,-0.954691417545434));
#4686=DIRECTION('',(0.,-1.,0.));
#4687=DIRECTION('',(0.,-1.,0.));
#4688=DIRECTION('',(-0.297597542437919,0.,-0.954691417545434));
#4689=DIRECTION('',(0.679408031498305,0.,0.733760674018169));
#4690=DIRECTION('',(0.733760674018169,0.,-0.679408031498305));
#4691=DIRECTION('',(0.,-1.,0.));
#4692=DIRECTION('',(0.733760674018169,0.,-0.679408031498305));
#4693=DIRECTION('',(0.,1.,0.));
#4694=DIRECTION('',(0.679408031498305,0.,0.733760674018169));
#4695=DIRECTION('',(0.733760674018169,0.,-0.679408031498305));
#4696=DIRECTION('',(0.,1.,0.));
#4697=DIRECTION('',(-0.733760674018169,0.,0.679408031498305));
#4698=DIRECTION('',(0.,-1.,0.));
#4699=DIRECTION('',(0.,1.,0.));
#4700=DIRECTION('',(-0.733760674018169,0.,0.679408031498305));
#4701=DIRECTION('',(0.,1.,0.));
#4702=DIRECTION('',(0.707106781186547,0.,0.707106781186548));
#4703=DIRECTION('',(0.,1.,0.));
#4704=DIRECTION('',(0.,1.,0.));
#4705=DIRECTION('',(0.,-1.,0.));
#4706=DIRECTION('',(0.707106781186547,0.,0.707106781186548));
#4707=DIRECTION('',(-0.679408031498305,0.,-0.733760674018169));
#4708=DIRECTION('',(-0.733760674018169,0.,0.679408031498305));
#4709=DIRECTION('',(0.,1.,0.));
#4710=DIRECTION('',(0.733760674018169,0.,-0.679408031498305));
#4711=DIRECTION('',(0.,-1.,0.));
#4712=DIRECTION('',(-0.707106781186547,0.,0.707106781186548));
#4713=DIRECTION('',(0.,1.,0.));
#4714=DIRECTION('',(0.,-1.,0.));
#4715=DIRECTION('',(-0.707106781186547,0.,-0.707106781186548));
#4716=DIRECTION('',(0.,-1.,0.));
#4717=DIRECTION('',(-0.707106781186547,0.,0.707106781186548));
#4718=DIRECTION('',(0.,1.,0.));
#4719=DIRECTION('',(-0.707106781186547,0.,-0.707106781186548));
#4720=DIRECTION('',(0.,1.,0.));
#4721=DIRECTION('',(0.,1.,0.));
#4722=DIRECTION('',(4.11471139794605E-17,1.,-9.87098365306097E-19));
#4723=DIRECTION('',(-0.707106781186547,2.83974193733262E-17,-0.707106781186548));
#4724=DIRECTION('',(0.,-1.,0.));
#4725=DIRECTION('',(-0.707106781186547,0.,0.707106781186548));
#4726=DIRECTION('',(0.,-1.,0.));
#4727=DIRECTION('',(-0.707106781186547,0.,-0.707106781186548));
#4728=DIRECTION('',(0.,-1.,0.));
#4729=DIRECTION('',(0.954691417545435,0.,0.297597542437918));
#4730=DIRECTION('',(0.,-1.,0.));
#4731=DIRECTION('',(0.,-1.,0.));
#4732=DIRECTION('',(0.954691417545435,0.,0.297597542437918));
#4733=DIRECTION('',(0.,1.,0.));
#4734=DIRECTION('',(0.707106781186547,0.,0.707106781186548));
#4735=DIRECTION('',(0.,1.,0.));
#4736=DIRECTION('',(0.707106781186547,0.,0.707106781186548));
#4737=DIRECTION('',(0.,1.,0.));
#4738=DIRECTION('',(-0.254493299279637,0.,0.967074537262648));
#4739=DIRECTION('',(0.,1.,0.));
#4740=DIRECTION('',(0.707106781186547,0.,0.707106781186548));
#4741=DIRECTION('',(0.,-1.,0.));
#4742=DIRECTION('',(0.707106781186547,0.,0.707106781186548));
#4743=DIRECTION('',(0.,1.,0.));
#4744=DIRECTION('',(0.707106781186547,0.,0.707106781186548));
#4745=DIRECTION('',(0.,-1.,0.));
#4746=DIRECTION('',(0.707106781186547,0.,0.707106781186548));
#4747=DIRECTION('',(0.,1.,0.));
#4748=DIRECTION('',(0.707106781186547,0.,0.707106781186548));
#4749=DIRECTION('',(0.,1.,0.));
#4750=DIRECTION('',(0.707106781186547,0.,0.707106781186548));
#4751=DIRECTION('',(0.,-1.,0.));
#4752=DIRECTION('',(0.707106781186547,0.,0.707106781186548));
#4753=DIRECTION('',(0.,1.,0.));
#4754=DIRECTION('',(0.707106781186547,0.,0.707106781186548));
#4755=DIRECTION('',(0.,1.,0.));
#4756=DIRECTION('',(0.707106781186547,0.,0.707106781186548));
#4757=DIRECTION('',(-4.11471139794605E-17,-1.,9.87098365306097E-19));
#4758=DIRECTION('',(0.707106781186547,-2.83974193733262E-17,0.707106781186548));
#4759=DIRECTION('',(0.,1.,0.));
#4760=DIRECTION('',(0.707106781186547,0.,0.707106781186548));
#4761=DIRECTION('',(0.,1.,0.));
#4762=DIRECTION('',(0.707106781186547,0.,0.707106781186548));
#4763=DIRECTION('',(0.,-1.,0.));
#4764=DIRECTION('',(0.707106781186547,0.,0.707106781186548));
#4765=DIRECTION('',(0.,-1.,0.));
#4766=DIRECTION('',(0.707106781186548,0.,-0.707106781186547));
#4767=DIRECTION('',(0.,1.,0.));
#4768=DIRECTION('',(-0.677036585194272,0.,-0.735949361239263));
#4769=DIRECTION('',(-0.679408031498305,0.,0.73376067401817));
#4770=DIRECTION('',(0.73376067401817,0.,0.679408031498305));
#4771=DIRECTION('',(0.73376067401817,0.,0.679408031498305));
#4772=DIRECTION('',(0.,-1.,0.));
#4773=DIRECTION('',(0.707106781186548,0.,-0.707106781186547));
#4774=DIRECTION('',(-0.679408031498305,0.,-0.733760674018169));
#4775=DIRECTION('',(-0.733760674018169,0.,0.679408031498305));
#4776=DIRECTION('',(-0.733760674018169,0.,0.679408031498305));
#4777=DIRECTION('',(0.,-1.,0.));
#4778=DIRECTION('',(0.707106781186548,0.,-0.707106781186547));
#4779=DIRECTION('',(0.,-1.,0.));
#4780=DIRECTION('',(0.707106781186548,0.,-0.707106781186547));
#4781=DIRECTION('',(0.,1.,0.));
#4782=DIRECTION('',(-0.677036585194272,0.,-0.735949361239263));
#4783=DIRECTION('',(0.,-1.,0.));
#4784=DIRECTION('',(0.707106781186548,0.,-0.707106781186547));
#4785=DIRECTION('',(0.,-1.,0.));
#4786=DIRECTION('',(-0.759535208456658,0.,0.650466192138148));
#4787=DIRECTION('',(0.,-1.,0.));
#4788=DIRECTION('',(0.288570454474396,0.,0.957458663757575));
#4789=DIRECTION('',(0.,-1.,0.));
#4790=DIRECTION('',(0.769634352368365,0.,0.638484896966661));
#4791=DIRECTION('',(-7.21644966006352E-16,0.,1.));
#4792=DIRECTION('',(0.,1.,0.));
#4793=DIRECTION('',(-0.707106781186547,0.,-0.707106781186548));
#4794=DIRECTION('',(-1.,0.,6.66133814775094E-16));
#4795=DIRECTION('',(0.,1.,0.));
#4796=DIRECTION('',(0.707106781186548,0.,-0.707106781186547));
#4797=DIRECTION('',(0.,0.,-1.));
#4798=DIRECTION('',(-0.96934017627709,0.,-0.245722653931419));
#4799=DIRECTION('',(-0.245722653931419,0.,0.96934017627709));
#4800=DIRECTION('',(0.,-1.,0.));
#4801=DIRECTION('',(-0.245722653931419,0.,0.96934017627709));
#4802=DIRECTION('',(0.,1.,0.));
#4803=DIRECTION('',(0.,-1.,0.));
#4804=DIRECTION('',(0.707106781186548,0.,-0.707106781186547));
#4805=DIRECTION('',(0.,-1.,0.));
#4806=DIRECTION('',(0.258819045102521,0.,-0.965925826289068));
#4807=DIRECTION('',(-0.965925826289068,0.,-0.258819045102521));
#4808=DIRECTION('',(0.,1.,0.));
#4809=DIRECTION('',(0.866025403784439,0.,-0.5));
#4810=DIRECTION('',(0.258819045102521,0.,-0.965925826289068));
#4811=DIRECTION('',(0.,1.,0.));
#4812=DIRECTION('',(0.5,0.,0.866025403784439));
#4813=DIRECTION('',(0.965925826289068,0.,0.258819045102521));
#4814=DIRECTION('',(0.,-1.,0.));
#4815=DIRECTION('',(-0.624370522105665,0.,-0.781128319244347));
#4816=DIRECTION('',(0.,-1.,0.));
#4817=DIRECTION('',(-0.974060977264551,0.,-0.226285687948725));
#4818=DIRECTION('',(-0.194025201755475,0.,0.980996544888792));
#4819=DIRECTION('',(0.980996544888792,0.,0.194025201755475));
#4820=DIRECTION('',(0.,-1.,0.));
#4821=DIRECTION('',(0.980996544888792,0.,0.194025201755475));
#4822=DIRECTION('',(0.,1.,0.));
#4823=DIRECTION('',(0.980996544888792,0.,0.194025201755475));
#4824=DIRECTION('',(0.,1.,0.));
#4825=DIRECTION('',(-0.977572025120805,0.,0.210601366807548));
#4826=DIRECTION('',(0.,-1.,0.));
#4827=DIRECTION('',(-0.977572025120805,0.,0.210601366807548));
#4828=DIRECTION('',(0.,-1.,0.));
#4829=DIRECTION('',(-0.977572025120805,0.,0.210601366807548));
#4830=DIRECTION('',(0.,-1.,0.));
#4831=DIRECTION('',(0.707106781186548,0.,-0.707106781186547));
#4832=DIRECTION('',(0.,1.,0.));
#4833=DIRECTION('',(-0.677036585194272,0.,-0.735949361239263));
#4834=DIRECTION('',(0.,-1.,0.));
#4835=DIRECTION('',(0.668141322457311,0.,-0.744034389813398));
#4836=DIRECTION('',(1.,0.,0.));
#4837=DIRECTION('',(0.,1.,0.));
#4838=DIRECTION('',(-0.707106781186548,0.,0.707106781186547));
#4839=DIRECTION('',(0.,0.,1.));
#4840=DIRECTION('',(0.,1.,0.));
#4841=DIRECTION('',(-0.707106781186547,0.,-0.707106781186548));
#4842=DIRECTION('',(-1.,0.,-7.21644966006352E-16));
#4843=DIRECTION('',(0.,-1.,0.));
#4844=DIRECTION('',(3.60822483003176E-15,0.,-1.));
#4845=DIRECTION('',(0.,-1.,0.));
#4846=DIRECTION('',(0.637639375059368,0.,0.770335009832669));
#4847=DIRECTION('',(0.,-1.,0.));
#4848=DIRECTION('',(0.637639375059368,0.,0.770335009832669));
#4849=DIRECTION('',(0.,-1.,0.));
#4850=DIRECTION('',(0.,-1.,0.));
#4851=DIRECTION('',(0.637639375059368,0.,0.770335009832669));
#4852=DIRECTION('',(0.,1.,0.));
#4853=DIRECTION('',(0.,-1.,0.));
#4854=DIRECTION('',(0.,-1.,0.));
#4855=DIRECTION('',(0.637639375059368,0.,0.770335009832669));
#4856=DIRECTION('',(0.,1.,0.));
#4857=DIRECTION('',(0.,-1.,0.));
#4858=DIRECTION('',(-0.759535208456658,0.,0.650466192138148));
#4859=DIRECTION('',(0.,1.,0.));
#4860=DIRECTION('',(0.,1.,0.));
#4861=DIRECTION('',(-0.759535208456658,0.,0.650466192138148));
#4862=DIRECTION('',(1.,0.,0.));
#4863=DIRECTION('',(0.,0.,1.));
#4864=DIRECTION('',(0.,-1.,0.));
#4865=DIRECTION('',(0.,0.,1.));
#4866=DIRECTION('',(0.,-1.,0.));
#4867=DIRECTION('',(0.707106781186548,0.,-0.707106781186547));
#4868=DIRECTION('',(0.,1.,0.));
#4869=DIRECTION('',(0.,-1.,0.));
#4870=DIRECTION('',(0.707106781186548,0.,-0.707106781186547));
#4871=DIRECTION('',(0.,0.,-1.));
#4872=DIRECTION('',(1.,0.,0.));
#4873=DIRECTION('',(0.,-1.,0.));
#4874=DIRECTION('',(1.,0.,-6.66133814775094E-16));
#4875=DIRECTION('',(0.,-1.,0.));
#4876=DIRECTION('',(0.866025403784439,0.,-0.5));
#4877=DIRECTION('',(0.,1.,0.));
#4878=DIRECTION('',(0.,-1.,0.));
#4879=DIRECTION('',(0.866025403784439,0.,-0.5));
#4880=DIRECTION('',(0.,-1.,0.));
#4881=DIRECTION('',(0.258819045102521,0.,-0.965925826289068));
#4882=DIRECTION('',(0.965925826289068,0.,0.258819045102521));
#4883=DIRECTION('',(0.,-1.,0.));
#4884=DIRECTION('',(0.965925826289068,0.,0.258819045102521));
#4885=DIRECTION('',(0.,-1.,0.));
#4886=DIRECTION('',(0.258819045102521,0.,-0.965925826289068));
#4887=DIRECTION('',(0.,1.,0.));
#4888=DIRECTION('',(0.,1.,0.));
#4889=DIRECTION('',(0.258819045102521,0.,-0.965925826289068));
#4890=DIRECTION('',(0.,-1.,0.));
#4891=DIRECTION('',(-0.707106781186548,0.,0.707106781186547));
#4892=DIRECTION('',(0.,1.,0.));
#4893=DIRECTION('',(0.,-1.,0.));
#4894=DIRECTION('',(-0.707106781186548,0.,0.707106781186547));
#4895=DIRECTION('',(0.,-1.,0.));
#4896=DIRECTION('',(0.,0.,1.));
#4897=DIRECTION('',(-1.,0.,0.));
#4898=DIRECTION('',(0.,-1.,0.));
#4899=DIRECTION('',(-1.,0.,0.));
#4900=DIRECTION('',(0.,-1.,0.));
#4901=DIRECTION('',(0.668141322457311,0.,-0.744034389813398));
#4902=DIRECTION('',(0.,1.,0.));
#4903=DIRECTION('',(0.,1.,0.));
#4904=DIRECTION('',(0.668141322457311,0.,-0.744034389813398));
#4905=DIRECTION('',(0.,-1.,0.));
#4906=DIRECTION('',(-0.677036585194272,0.,-0.735949361239263));
#4907=DIRECTION('',(0.,-1.,0.));
#4908=DIRECTION('',(0.,-1.,0.));
#4909=DIRECTION('',(-0.677036585194272,0.,-0.735949361239263));
#4910=DIRECTION('',(0.,-1.,0.));
#4911=DIRECTION('',(-0.677036585194272,0.,-0.735949361239263));
#4912=DIRECTION('',(0.,-1.,0.));
#4913=DIRECTION('',(-0.974060977264551,0.,-0.226285687948725));
#4914=DIRECTION('',(0.,1.,0.));
#4915=DIRECTION('',(0.,1.,0.));
#4916=DIRECTION('',(-0.974060977264551,0.,-0.226285687948725));
#4917=DIRECTION('',(0.,-1.,0.));
#4918=DIRECTION('',(0.,-1.,0.));
#4919=DIRECTION('',(0.633531753350974,0.,0.773716690718276));
#4920=DIRECTION('',(0.,1.,0.));
#4921=DIRECTION('',(-0.707106781186547,0.,-0.707106781186548));
#4922=DIRECTION('',(0.,1.,0.));
#4923=DIRECTION('',(0.,1.,0.));
#4924=DIRECTION('',(-0.707106781186548,0.,0.707106781186547));
#4925=DIRECTION('',(0.,-1.,0.));
#4926=DIRECTION('',(-0.677036585194272,0.,-0.735949361239263));
#4927=DIRECTION('',(0.,-1.,0.));
#4928=DIRECTION('',(-0.707106781186547,0.,-0.707106781186548));
#4929=DIRECTION('',(0.,-1.,0.));
#4930=DIRECTION('',(-0.263057795261622,0.,0.964780076676594));
#4931=DIRECTION('',(0.,-1.,0.));
#4932=DIRECTION('',(0.263057795261625,0.,0.964780076676593));
#4933=DIRECTION('',(0.,-1.,0.));
#4934=DIRECTION('',(-0.707106781186547,0.,-0.707106781186548));
#4935=DIRECTION('',(0.,-1.,0.));
#4936=DIRECTION('',(0.707106781186548,0.,-0.707106781186547));
#4937=DIRECTION('',(0.,1.,0.));
#4938=DIRECTION('',(3.60822483003176E-15,0.,-1.));
#4939=DIRECTION('',(1.,0.,7.21644966006352E-16));
#4940=DIRECTION('',(0.,-1.,0.));
#4941=DIRECTION('',(-0.707106781186547,0.,-0.707106781186548));
#4942=DIRECTION('',(0.,0.,-1.));
#4943=DIRECTION('',(0.,1.,0.));
#4944=DIRECTION('',(0.954691417545435,0.,0.297597542437918));
#4945=DIRECTION('',(0.,-1.,0.));
#4946=DIRECTION('',(-0.677036585194272,0.,-0.735949361239263));
#4947=DIRECTION('',(0.,1.,0.));
#4948=DIRECTION('',(0.297597542437916,0.,-0.954691417545435));
#4949=DIRECTION('',(0.,1.,0.));
#4950=DIRECTION('',(-0.624370522105665,0.,-0.781128319244347));
#4951=DIRECTION('',(-0.965925826289068,0.,-0.258819045102521));
#4952=DIRECTION('',(0.,-1.,0.));
#4953=DIRECTION('',(0.5,0.,0.866025403784439));
#4954=DIRECTION('',(-0.258819045102521,0.,0.965925826289068));
#4955=DIRECTION('',(0.,1.,0.));
#4956=DIRECTION('',(-0.707106781186547,0.,-0.707106781186548));
#4957=DIRECTION('',(0.,1.,0.));
#4958=DIRECTION('',(-0.480990118472529,0.,-0.876726015315949));
#4959=DIRECTION('',(0.,-1.,0.));
#4960=DIRECTION('',(0.601398966848415,0.,-0.798948861112937));
#4961=DIRECTION('',(0.,1.,0.));
#4962=DIRECTION('',(-0.992653410025198,0.,-0.12099259301852));
#4963=DIRECTION('',(-0.707106781186548,0.,0.707106781186547));
#4964=DIRECTION('',(0.,-1.,0.));
#4965=DIRECTION('',(1.,0.,4.92661467177413E-15));
#4966=DIRECTION('',(0.707106781186545,0.,0.70710678118655));
#4967=DIRECTION('',(0.,1.,0.));
#4968=DIRECTION('',(-0.980740530103265,0.,0.195315162270537));
#4969=DIRECTION('',(0.,-1.,0.));
#4970=DIRECTION('',(0.637639375059368,0.,0.770335009832669));
#4971=DIRECTION('',(0.,1.,0.));
#4972=DIRECTION('',(-0.964780076676593,0.,-0.263057795261626));
#4973=DIRECTION('',(0.,1.,0.));
#4974=DIRECTION('',(-0.707106781186547,0.,-0.707106781186548));
#4975=DIRECTION('',(0.,1.,0.));
#4976=DIRECTION('',(0.263057795261625,0.,0.964780076676593));
#4977=DIRECTION('',(0.,-1.,0.));
#4978=DIRECTION('',(-0.707106781186547,0.,-0.707106781186548));
#4979=DIRECTION('',(7.21644966006352E-16,0.,-1.));
#4980=DIRECTION('',(0.,1.,0.));
#4981=DIRECTION('',(0.769634352368365,0.,0.638484896966661));
#4982=DIRECTION('',(0.,1.,0.));
#4983=DIRECTION('',(-0.263057795261622,0.,0.964780076676594));
#4984=DIRECTION('',(0.,1.,0.));
#4985=DIRECTION('',(-0.707106781186547,0.,-0.707106781186548));
#4986=DIRECTION('',(0.,1.,0.));
#4987=DIRECTION('',(0.964780076676593,0.,-0.263057795261626));
#4988=DIRECTION('',(0.,-1.,0.));
#4989=DIRECTION('',(0.637639375059368,0.,0.770335009832669));
#4990=DIRECTION('',(0.,1.,0.));
#4991=DIRECTION('',(0.593295068065916,0.,0.804985069556361));
#4992=DIRECTION('',(0.,-1.,0.));
#4993=DIRECTION('',(-0.677036585194272,0.,-0.735949361239263));
#4994=DIRECTION('',(0.,1.,0.));
#4995=DIRECTION('',(0.997116657559253,0.,0.0758839325408387));
#4996=DIRECTION('',(0.707106781186548,0.,-0.707106781186547));
#4997=DIRECTION('',(-0.6,0.,0.8));
#4998=DIRECTION('',(0.,-1.,0.));
#4999=DIRECTION('',(0.707106781186547,0.,0.707106781186548));
#5000=DIRECTION('',(0.8,0.,-0.6));
#5001=DIRECTION('',(0.,-1.,0.));
#5002=DIRECTION('',(-0.707106781186547,0.,-0.707106781186548));
#5003=DIRECTION('',(0.,1.,0.));
#5004=DIRECTION('',(3.60822483003176E-15,0.,-1.));
#5005=DIRECTION('',(0.,1.,0.));
#5006=DIRECTION('',(0.,0.,-1.));
#5007=DIRECTION('',(1.,0.,0.));
#5008=DIRECTION('',(0.,-1.,0.));
#5009=DIRECTION('',(0.,-1.,0.));
#5010=DIRECTION('',(-0.707106781186547,0.,-0.707106781186548));
#5011=DIRECTION('',(0.,1.,0.));
#5012=DIRECTION('',(0.,-1.,0.));
#5013=DIRECTION('',(-0.707106781186547,0.,-0.707106781186548));
#5014=DIRECTION('',(0.,1.,0.));
#5015=DIRECTION('',(0.,-1.,0.));
#5016=DIRECTION('',(1.,0.,4.92661467177413E-15));
#5017=DIRECTION('',(0.,1.,0.));
#5018=DIRECTION('',(0.,-1.,0.));
#5019=DIRECTION('',(0.707106781186548,0.,0.707106781186548));
#5020=DIRECTION('',(-0.707106781186548,0.,0.707106781186548));
#5021=DIRECTION('',(0.,1.,0.));
#5022=DIRECTION('',(0.,-1.,0.));
#5023=DIRECTION('',(0.5,0.,0.866025403784439));
#5024=DIRECTION('',(0.,1.,0.));
#5025=DIRECTION('',(0.,-1.,0.));
#5026=DIRECTION('',(0.965925826289068,0.,0.258819045102521));
#5027=DIRECTION('',(-0.258819045102521,0.,0.965925826289068));
#5028=DIRECTION('',(0.,-1.,0.));
#5029=DIRECTION('',(-0.624370522105665,0.,-0.781128319244347));
#5030=DIRECTION('',(0.,1.,0.));
#5031=DIRECTION('',(0.,-1.,0.));
#5032=DIRECTION('',(0.297597542437916,0.,-0.954691417545435));
#5033=DIRECTION('',(0.,-1.,0.));
#5034=DIRECTION('',(0.,-1.,0.));
#5035=DIRECTION('',(-0.677036585194272,0.,-0.735949361239263));
#5036=DIRECTION('',(0.,1.,0.));
#5037=DIRECTION('',(-0.480990118472529,0.,-0.876726015315949));
#5038=DIRECTION('',(0.,1.,0.));
#5039=DIRECTION('',(0.,-1.,0.));
#5040=DIRECTION('',(0.,-1.,0.));
#5041=DIRECTION('',(0.601398966848415,0.,-0.798948861112937));
#5042=DIRECTION('',(0.,-1.,0.));
#5043=DIRECTION('',(0.,-1.,0.));
#5044=DIRECTION('',(-0.992653410025198,0.,-0.12099259301852));
#5045=DIRECTION('',(0.,-1.,0.));
#5046=DIRECTION('',(-0.980740530103265,0.,0.195315162270537));
#5047=DIRECTION('',(0.,-1.,0.));
#5048=DIRECTION('',(0.,1.,0.));
#5049=DIRECTION('',(0.707106781186548,0.,-0.707106781186548));
#5050=DIRECTION('',(0.707106781186548,0.,0.707106781186548));
#5051=DIRECTION('',(0.,-1.,0.));
#5052=DIRECTION('',(-0.964780076676593,0.,-0.263057795261626));
#5053=DIRECTION('',(0.,-1.,0.));
#5054=DIRECTION('',(0.,1.,0.));
#5055=DIRECTION('',(0.,-1.,0.));
#5056=DIRECTION('',(0.637639375059368,0.,0.770335009832669));
#5057=DIRECTION('',(0.,1.,0.));
#5058=DIRECTION('',(0.263057795261625,0.,0.964780076676593));
#5059=DIRECTION('',(0.,-1.,0.));
#5060=DIRECTION('',(0.,-1.,0.));
#5061=DIRECTION('',(0.769634352368365,0.,0.638484896966661));
#5062=DIRECTION('',(0.,-1.,0.));
#5063=DIRECTION('',(-1.,0.,0.));
#5064=DIRECTION('',(0.,0.,-1.));
#5065=DIRECTION('',(0.,-1.,0.));
#5066=DIRECTION('',(-0.263057795261622,0.,0.964780076676594));
#5067=DIRECTION('',(0.,1.,0.));
#5068=DIRECTION('',(0.,1.,0.));
#5069=DIRECTION('',(0.964780076676593,0.,-0.263057795261626));
#5070=DIRECTION('',(0.,1.,0.));
#5071=DIRECTION('',(0.,-1.,0.));
#5072=DIRECTION('',(0.,-1.,0.));
#5073=DIRECTION('',(0.637639375059368,0.,0.770335009832669));
#5074=DIRECTION('',(0.,-1.,0.));
#5075=DIRECTION('',(0.,1.,0.));
#5076=DIRECTION('',(0.593295068065916,0.,0.804985069556361));
#5077=DIRECTION('',(0.,1.,0.));
#5078=DIRECTION('',(0.,-1.,0.));
#5079=DIRECTION('',(-0.677036585194272,0.,-0.735949361239263));
#5080=DIRECTION('',(0.,-1.,0.));
#5081=DIRECTION('',(0.997116657559253,0.,0.0758839325408387));
#5082=DIRECTION('',(0.,1.,0.));
#5083=DIRECTION('',(0.,-1.,0.));
#5084=DIRECTION('',(0.954691417545435,0.,0.297597542437918));
#5085=DIRECTION('',(-0.707106781186548,0.,-0.707106781186548));
#5086=DIRECTION('',(0.707106781186548,0.,-0.707106781186548));
#5087=DIRECTION('',(0.,-1.,0.));
#5088=DIRECTION('',(0.526323122250122,0.,0.850284641155468));
#5089=DIRECTION('',(0.,-1.,0.));
#5090=DIRECTION('',(0.707106781186547,0.,-0.707106781186548));
#5091=DIRECTION('',(0.,-1.,0.));
#5092=DIRECTION('',(-0.707106781186547,0.,-0.707106781186548));
#5093=DIRECTION('',(-0.258819045102521,0.,0.965925826289068));
#5094=DIRECTION('',(-0.965925826289068,0.,-0.258819045102521));
#5095=DIRECTION('',(-1.,0.,0.));
#5096=DIRECTION('',(0.,0.,-1.));
#5097=DIRECTION('',(0.8,0.,0.6));
#5098=DIRECTION('',(-0.6,0.,0.8));
#5099=DIRECTION('',(-0.6,0.,0.8));
#5100=DIRECTION('',(0.6,0.,-0.8));
#5101=DIRECTION('',(0.,-1.,0.));
#5102=DIRECTION('',(0.,-1.,0.));
#5103=DIRECTION('',(0.,-1.,0.));
#5104=DIRECTION('',(-0.707106781186547,0.,-0.707106781186548));
#5105=DIRECTION('',(0.,-1.,0.));
#5106=DIRECTION('',(-0.707106781186547,0.,-0.707106781186548));
#5107=DIRECTION('',(0.,-1.,0.));
#5108=DIRECTION('',(-0.6,0.,-0.8));
#5109=DIRECTION('',(0.8,0.,-0.6));
#5110=DIRECTION('',(-0.8,0.,0.6));
#5111=DIRECTION('',(0.8,0.,-0.6));
#5112=DIRECTION('',(0.,-1.,0.));
#5113=DIRECTION('',(0.,1.,0.));
#5114=DIRECTION('',(-0.707106781186548,0.,0.707106781186547));
#5115=DIRECTION('',(0.,-1.,0.));
#5116=DIRECTION('',(-0.707106781186547,0.,-0.707106781186548));
#5117=DIRECTION('',(0.,1.,0.));
#5118=DIRECTION('',(-0.707106781186548,0.,0.707106781186547));
#5119=DIRECTION('',(0.,-1.,0.));
#5120=DIRECTION('',(-0.707106781186547,0.,-0.707106781186548));
#5121=DIRECTION('',(0.,1.,0.));
#5122=DIRECTION('',(-0.707106781186548,0.,0.707106781186547));
#5123=DIRECTION('',(0.,-1.,0.));
#5124=DIRECTION('',(-0.707106781186547,0.,-0.707106781186548));
#5125=DIRECTION('',(0.,1.,0.));
#5126=DIRECTION('',(0.707106781186548,0.,0.707106781186548));
#5127=DIRECTION('',(0.,1.,0.));
#5128=DIRECTION('',(0.707106781186548,0.,0.707106781186547));
#5129=DIRECTION('',(0.,-1.,0.));
#5130=DIRECTION('',(0.707106781186548,0.,0.707106781186547));
#5131=DIRECTION('',(0.,1.,0.));
#5132=DIRECTION('',(-0.707106781186548,0.,0.707106781186547));
#5133=DIRECTION('',(0.,1.,0.));
#5134=DIRECTION('',(-0.707106781186547,0.,-0.707106781186548));
#5135=DIRECTION('',(0.707106781186548,0.,0.707106781186547));
#5136=DIRECTION('',(-0.707106781186548,0.,-0.707106781186547));
#5137=DIRECTION('',(-0.707106781186547,0.,0.707106781186548));
#5138=DIRECTION('',(0.,-1.,0.));
#5139=DIRECTION('',(-0.707106781186547,0.,-0.707106781186548));
#5140=DIRECTION('',(-0.707106781186548,0.,0.707106781186548));
#5141=DIRECTION('',(0.707106781186548,0.,0.707106781186548));
#5142=DIRECTION('',(0.,1.,0.));
#5143=DIRECTION('',(0.707106781186548,0.,0.707106781186547));
#5144=DIRECTION('',(0.,1.,0.));
#5145=DIRECTION('',(0.,1.,0.));
#5146=DIRECTION('',(0.707106781186547,0.,0.707106781186548));
#5147=DIRECTION('',(0.,1.,0.));
#5148=DIRECTION('',(-0.911168386254193,0.,-0.412034187769571));
#5149=DIRECTION('',(0.,1.,0.));
#5150=DIRECTION('',(0.707106781186548,0.,-0.707106781186548));
#5151=DIRECTION('',(-0.707106781186548,0.,-0.707106781186548));
#5152=DIRECTION('',(-0.707106781186548,0.,-0.707106781186547));
#5153=DIRECTION('',(0.,1.,0.));
#5154=DIRECTION('',(-0.707106781186548,0.,-0.707106781186548));
#5155=DIRECTION('',(-0.707106781186548,0.,0.707106781186548));
#5156=DIRECTION('',(-0.707106781186547,0.,0.707106781186548));
#5157=DIRECTION('',(0.,1.,0.));
#5158=DIRECTION('',(-0.707106781186548,0.,0.707106781186547));
#5159=CARTESIAN_POINT('',(0.,0.,0.));
#5160=CARTESIAN_POINT('',(0.0353553390593274,-0.1035,2.22044604925031E-18));
#5161=CARTESIAN_POINT('',(0.0353553390593274,-0.1195,2.22044604925031E-18));
#5162=CARTESIAN_POINT('',(0.00212132034355968,-0.1195,-0.0332340187157678));
#5163=CARTESIAN_POINT('',(0.0353553390593274,-0.1035,2.22044604925031E-18));
#5164=CARTESIAN_POINT('',(0.00212132034355968,-0.1035,-0.0332340187157678));
#5165=CARTESIAN_POINT('',(0.0353553390593274,-0.1195,2.22044604925031E-18));
#5166=CARTESIAN_POINT('',(0.0353553390593274,-0.051,2.22044604925031E-18));
#5167=CARTESIAN_POINT('',(0.0353553390593274,-0.051,2.22044604925031E-18));
#5168=CARTESIAN_POINT('',(4.16333634234434E-17,-0.051,-0.0353553390593274));
#5169=CARTESIAN_POINT('',(0.0353553390593274,-0.051,2.22044604925031E-18));
#5170=CARTESIAN_POINT('',(0.000707106781186594,-0.051,-0.0346482322781409));
#5171=CARTESIAN_POINT('',(0.0353553390593274,-0.051,2.22044604925031E-18));
#5172=CARTESIAN_POINT('',(0.0353553390593274,-0.1035,2.22044604925031E-18));
#5173=CARTESIAN_POINT('',(4.16333634234434E-17,-0.1035,-0.0353553390593274));
#5174=CARTESIAN_POINT('',(0.0353553390593274,-0.1035,2.22044604925031E-18));
#5175=CARTESIAN_POINT('',(0.0353553390593274,-0.041,2.22044604925031E-18));
#5176=CARTESIAN_POINT('',(0.0353553390593274,-0.041,2.22044604925031E-18));
#5177=CARTESIAN_POINT('',(0.0527920359787162,-0.041,-0.0457925932934724));
#5178=CARTESIAN_POINT('',(0.00205060966544099,-0.041,0.035941549771817));
#5179=CARTESIAN_POINT('',(0.0353553390593274,-0.041,2.22044604925031E-18));
#5180=CARTESIAN_POINT('',(0.0353553390593274,-0.041,2.22044604925031E-18));
#5181=CARTESIAN_POINT('',(0.,-0.041,0.));
#5182=CARTESIAN_POINT('',(0.0203419126570863,-0.041,0.0297019627205252));
#5183=CARTESIAN_POINT('',(0.0487903679018718,-0.041,-0.0487903679018718));
#5184=CARTESIAN_POINT('',(0.0510749838261903,-0.041,-0.0443428371174533));
#5185=CARTESIAN_POINT('',(0.0522172917883495,-0.041,-0.042119071725244));
#5186=CARTESIAN_POINT('',(0.0501043260616711,-0.041,-0.040782892157266));
#5187=CARTESIAN_POINT('',(0.0247487373415292,-0.041,-0.0247487373415292));
#5188=CARTESIAN_POINT('',(0.0524703842223529,-0.041,-0.0132809435600332));
#5189=CARTESIAN_POINT('',(0.0547805214624214,-0.041,-0.0123252940782418));
#5190=CARTESIAN_POINT('',(0.0530127545094551,-0.041,-0.0105575271252755));
#5191=CARTESIAN_POINT('',(0.0517973627361139,-0.041,-0.0117729188986167));
#5192=CARTESIAN_POINT('',(0.0546257898608601,-0.041,-0.00894449177387049));
#5193=CARTESIAN_POINT('',(0.0539186830796735,-0.041,-0.00823738499268392));
#5194=CARTESIAN_POINT('',(0.0546257898608601,-0.041,-0.00753027821149737));
#5195=CARTESIAN_POINT('',(0.0553328966420466,-0.041,-0.00823738499268392));
#5196=CARTESIAN_POINT('',(0.0534445217809998,-0.041,-0.00634901013163713));
#5197=CARTESIAN_POINT('',(0.0552122887339662,-0.041,-0.00458124317867075));
#5198=CARTESIAN_POINT('',(0.0530716484566014,-0.041,-0.00328986437950944));
#5199=CARTESIAN_POINT('',(0.0487903679018718,-0.041,-0.000707106781186537));
#5200=CARTESIAN_POINT('',(0.0483827592577539,-0.041,0.00427625104193235));
#5201=CARTESIAN_POINT('',(0.048178954935695,-0.041,0.00676792995349179));
#5202=CARTESIAN_POINT('',(0.0459679866811489,-0.041,0.00560104547875187));
#5203=CARTESIAN_POINT('',(0.0353553390593274,-0.041,2.22044604925031E-18));
#5204=CARTESIAN_POINT('',(0.0356356482271198,-0.041,0.0119967256687169));
#5205=CARTESIAN_POINT('',(0.0356940459704099,-0.041,0.0144960435163663));
#5206=CARTESIAN_POINT('',(0.0333986200175726,-0.041,0.0154865078998959));
#5207=CARTESIAN_POINT('',(0.0353066305198348,-0.041,0.00795968362459876));
#5208=CARTESIAN_POINT('',(0.0314097566750322,-0.041,0.0233322848854693));
#5209=CARTESIAN_POINT('',(0.0323352236379858,-0.041,0.0237111132113391));
#5210=CARTESIAN_POINT('',(0.0318002083404918,-0.041,0.0245559555821086));
#5211=CARTESIAN_POINT('',(0.0289913780286484,-0.041,0.0289913780286485));
#5212=CARTESIAN_POINT('',(0.0240890075928026,-0.041,0.0308700116038155));
#5213=CARTESIAN_POINT('',(0.0217545454804951,-0.041,0.0317645990205617));
#5214=CARTESIAN_POINT('',(-0.00481598146684211,-0.0285,-0.0515388297396155));
#5215=CARTESIAN_POINT('',(-0.0038349799485213,-0.0285,-0.0508806903984766));
#5216=CARTESIAN_POINT('',(-0.0038349799485213,-0.03,-0.0508806903984766));
#5217=CARTESIAN_POINT('',(-0.0038349799485213,-0.027,-0.0508806903984766));
#5218=CARTESIAN_POINT('',(-0.00481598146684211,-0.03,-0.0515388297396155));
#5219=CARTESIAN_POINT('',(-0.0058461333192686,-0.03,-0.0509606441878721));
#5220=CARTESIAN_POINT('',(-0.0058461333192686,-0.0285,-0.0509606441878721));
#5221=CARTESIAN_POINT('',(-0.0058461333192686,-0.027,-0.0509606441878721));
#5222=CARTESIAN_POINT('',(-0.00481598146684211,-0.027,-0.0515388297396155));
#5223=CARTESIAN_POINT('',(-0.026238299835845,-0.027,-0.035722345461677));
#5224=CARTESIAN_POINT('',(-0.0405,-0.027,-0.0375));
#5225=CARTESIAN_POINT('',(-0.0382019029611437,-0.027,-0.0352019029611437));
#5226=CARTESIAN_POINT('',(-0.026238299835845,-0.027,-0.035722345461677));
#5227=CARTESIAN_POINT('',(0.,-0.027,0.));
#5228=CARTESIAN_POINT('',(-0.0321220350829722,-0.027,-0.0162534569285521));
#5229=CARTESIAN_POINT('',(-0.0348867327681005,-0.027,-0.00888346085527147));
#5230=CARTESIAN_POINT('',(-0.0343527319637342,-0.027,-0.0173821692152571));
#5231=CARTESIAN_POINT('',(-0.0325849650107679,-0.027,-0.0191499361682235));
#5232=CARTESIAN_POINT('',(-0.0344844322391244,-0.027,-0.02104940339658));
#5233=CARTESIAN_POINT('',(-0.034063320311691,-0.027,-0.0206282914691466));
#5234=CARTESIAN_POINT('',(-0.0333562135305045,-0.027,-0.0213353982503332));
#5235=CARTESIAN_POINT('',(-0.034063320311691,-0.027,-0.0220425050315197));
#5236=CARTESIAN_POINT('',(-0.0290406584757835,-0.027,-0.0270651668674273));
#5237=CARTESIAN_POINT('',(-0.0334698775840817,-0.027,-0.0226359477591291));
#5238=CARTESIAN_POINT('',(-0.035237644537048,-0.027,-0.0244037147120955));
#5239=CARTESIAN_POINT('',(-0.0332227198569191,-0.027,-0.0258836061045319));
#5240=CARTESIAN_POINT('',(-0.0289913780286484,-0.027,-0.0289913780286485));
#5241=CARTESIAN_POINT('',(-0.0342413640948593,-0.027,-0.0289792823851699));
#5242=CARTESIAN_POINT('',(-0.0349244681774741,-0.027,-0.0296117861653687));
#5243=CARTESIAN_POINT('',(-0.0365548885585962,-0.027,-0.0311214346664077));
#5244=CARTESIAN_POINT('',(-0.0405,-0.027,-0.0375));
#5245=CARTESIAN_POINT('',(-0.0448889787251623,-0.027,-0.0314183171942239));
#5246=CARTESIAN_POINT('',(-0.0776147401244632,-0.027,-0.00340556031863857));
#5247=CARTESIAN_POINT('',(-0.026238299835845,-0.027,-0.035722345461677));
#5248=CARTESIAN_POINT('',(-0.0125,-0.027,-0.0475));
#5249=CARTESIAN_POINT('',(-0.0197530590294698,-0.027,-0.0494086997445972));
#5250=CARTESIAN_POINT('',(-0.0125945656006071,-0.027,-0.0400005962005515));
#5251=CARTESIAN_POINT('',(-0.0319660429485024,-0.027,-0.0577266291606379));
#5252=CARTESIAN_POINT('',(-0.0360247188541022,-0.027,-0.0435184598250027));
#5253=CARTESIAN_POINT('',(-0.0405,-0.027,-0.0375));
#5254=CARTESIAN_POINT('',(-0.033837256432603,-0.027,-0.0340564773624804));
#5255=CARTESIAN_POINT('',(-0.031559602887212,-0.027,-0.0319475388945258));
#5256=CARTESIAN_POINT('',(-0.0325427901040654,-0.027,-0.0328578974286493));
#5257=CARTESIAN_POINT('',(-0.0289913780286484,-0.027,-0.0289913780286485));
#5258=CARTESIAN_POINT('',(-0.0240890075928026,-0.027,-0.0308700116038155));
#5259=CARTESIAN_POINT('',(-0.0217545454804951,-0.027,-0.0317645990205617));
#5260=CARTESIAN_POINT('',(-0.0203419126570863,-0.027,-0.0297019627205252));
#5261=CARTESIAN_POINT('',(0.,-0.027,0.));
#5262=CARTESIAN_POINT('',(-0.0110817584057486,-0.027,-0.0342519288600893));
#5263=CARTESIAN_POINT('',(-0.0125099276934671,-0.027,-0.0396789721534193));
#5264=CARTESIAN_POINT('',(-0.026238299835845,-0.027,-0.035722345461677));
#5265=CARTESIAN_POINT('',(-0.0125,-0.027,-0.0475));
#5266=CARTESIAN_POINT('',(-0.00872626745155649,-0.027,-0.0410185693976701));
#5267=CARTESIAN_POINT('',(-0.00788522594698718,-0.027,-0.0378226116803068));
#5268=CARTESIAN_POINT('',(-0.00721346025669806,-0.027,-0.0352699020572079));
#5269=CARTESIAN_POINT('',(0.,-0.027,0.));
#5270=CARTESIAN_POINT('',(-0.00452515227402654,-0.027,-0.03571446481325));
#5271=CARTESIAN_POINT('',(-0.00483939895972278,-0.027,-0.0381946359808368));
#5272=CARTESIAN_POINT('',(-0.00256338847501111,-0.027,-0.0371603360855055));
#5273=CARTESIAN_POINT('',(0.0247487373415292,-0.027,-0.0247487373415292));
#5274=CARTESIAN_POINT('',(-0.000606851378612707,-0.027,-0.040782892157266));
#5275=CARTESIAN_POINT('',(-0.00271981710529116,-0.027,-0.0421190717252441));
#5276=CARTESIAN_POINT('',(-0.0015775091431319,-0.027,-0.0443428371174533));
#5277=CARTESIAN_POINT('',(0.000707106781186546,-0.027,-0.0487903679018718));
#5278=CARTESIAN_POINT('',(-0.026238299835845,-0.03,-0.035722345461677));
#5279=CARTESIAN_POINT('',(-0.0405,-0.03,-0.0375));
#5280=CARTESIAN_POINT('',(-0.0382019029611437,-0.03,-0.0352019029611437));
#5281=CARTESIAN_POINT('',(-0.026238299835845,-0.03,-0.035722345461677));
#5282=CARTESIAN_POINT('',(-0.0125,-0.03,-0.0475));
#5283=CARTESIAN_POINT('',(-0.0125945656006071,-0.03,-0.0400005962005515));
#5284=CARTESIAN_POINT('',(-0.0197530590294698,-0.03,-0.0494086997445972));
#5285=CARTESIAN_POINT('',(-0.0125099276934671,-0.03,-0.0396789721534193));
#5286=CARTESIAN_POINT('',(-0.0110817584057486,-0.03,-0.0342519288600893));
#5287=CARTESIAN_POINT('',(0.,-0.03,0.));
#5288=CARTESIAN_POINT('',(-0.0203419126570863,-0.03,-0.0297019627205252));
#5289=CARTESIAN_POINT('',(-0.0217545454804951,-0.03,-0.0317645990205617));
#5290=CARTESIAN_POINT('',(-0.0240890075928026,-0.03,-0.0308700116038155));
#5291=CARTESIAN_POINT('',(-0.0289913780286484,-0.03,-0.0289913780286485));
#5292=CARTESIAN_POINT('',(-0.0325427901040654,-0.03,-0.0328578974286493));
#5293=CARTESIAN_POINT('',(-0.031559602887212,-0.03,-0.0319475388945258));
#5294=CARTESIAN_POINT('',(-0.033837256432603,-0.03,-0.0340564773624804));
#5295=CARTESIAN_POINT('',(-0.0405,-0.03,-0.0375));
#5296=CARTESIAN_POINT('',(-0.0360247188541022,-0.03,-0.0435184598250027));
#5297=CARTESIAN_POINT('',(-0.0319660429485024,-0.03,-0.0577266291606379));
#5298=CARTESIAN_POINT('',(-0.026238299835845,-0.03,-0.035722345461677));
#5299=CARTESIAN_POINT('',(0.,-0.03,0.));
#5300=CARTESIAN_POINT('',(-0.0348867327681005,-0.03,-0.00888346085527147));
#5301=CARTESIAN_POINT('',(-0.0321220350829722,-0.03,-0.0162534569285521));
#5302=CARTESIAN_POINT('',(-0.0776147401244632,-0.03,-0.00340556031863857));
#5303=CARTESIAN_POINT('',(-0.0448889787251623,-0.03,-0.0314183171942239));
#5304=CARTESIAN_POINT('',(-0.0405,-0.03,-0.0375));
#5305=CARTESIAN_POINT('',(-0.0365548885585962,-0.03,-0.0311214346664077));
#5306=CARTESIAN_POINT('',(-0.0349244681774741,-0.03,-0.0296117861653687));
#5307=CARTESIAN_POINT('',(-0.0342413640948593,-0.03,-0.0289792823851698));
#5308=CARTESIAN_POINT('',(-0.0289913780286484,-0.03,-0.0289913780286485));
#5309=CARTESIAN_POINT('',(-0.0332227198569191,-0.03,-0.025883606104532));
#5310=CARTESIAN_POINT('',(-0.035237644537048,-0.03,-0.0244037147120955));
#5311=CARTESIAN_POINT('',(-0.0334698775840817,-0.03,-0.0226359477591291));
#5312=CARTESIAN_POINT('',(-0.0290406584757835,-0.03,-0.0270651668674273));
#5313=CARTESIAN_POINT('',(-0.034063320311691,-0.03,-0.0220425050315197));
#5314=CARTESIAN_POINT('',(-0.0333562135305045,-0.03,-0.0213353982503332));
#5315=CARTESIAN_POINT('',(-0.034063320311691,-0.03,-0.0206282914691466));
#5316=CARTESIAN_POINT('',(-0.0344844322391244,-0.03,-0.02104940339658));
#5317=CARTESIAN_POINT('',(-0.0325849650107679,-0.03,-0.0191499361682235));
#5318=CARTESIAN_POINT('',(-0.0343527319637342,-0.03,-0.0173821692152571));
#5319=CARTESIAN_POINT('',(-0.0319660429485024,-0.0285,-0.0577266291606379));
#5320=CARTESIAN_POINT('',(-0.0197530590294699,-0.041,-0.0494086997445973));
#5321=CARTESIAN_POINT('',(-0.0360247188541022,-0.0285,-0.0435184598250027));
#5322=CARTESIAN_POINT('',(-0.026238299835845,-0.03,-0.035722345461677));
#5323=CARTESIAN_POINT('',(-0.0125,-0.03,-0.0475));
#5324=CARTESIAN_POINT('',(-0.00872626745155649,-0.03,-0.0410185693976701));
#5325=CARTESIAN_POINT('',(0.000707106781186546,-0.03,-0.0487903679018718));
#5326=CARTESIAN_POINT('',(-0.0015775091431319,-0.03,-0.0443428371174533));
#5327=CARTESIAN_POINT('',(-0.00271981710529116,-0.03,-0.0421190717252441));
#5328=CARTESIAN_POINT('',(-0.000606851378612707,-0.03,-0.040782892157266));
#5329=CARTESIAN_POINT('',(0.0247487373415292,-0.03,-0.0247487373415292));
#5330=CARTESIAN_POINT('',(-0.00256338847501111,-0.03,-0.0371603360855055));
#5331=CARTESIAN_POINT('',(-0.00483939895972278,-0.03,-0.0381946359808368));
#5332=CARTESIAN_POINT('',(-0.00452515227402654,-0.03,-0.03571446481325));
#5333=CARTESIAN_POINT('',(0.,-0.03,0.));
#5334=CARTESIAN_POINT('',(-0.00721346025669806,-0.03,-0.0352699020572079));
#5335=CARTESIAN_POINT('',(-0.00788522594698718,-0.03,-0.0378226116803068));
#5336=CARTESIAN_POINT('',(-0.0776147401244632,-0.0285,-0.00340556031863857));
#5337=CARTESIAN_POINT('',(-0.0448889787251623,-0.0285,-0.0314183171942239));
#5338=CARTESIAN_POINT('',(-0.0348867327681005,-0.0285,-0.00888346085527147));
#5339=CARTESIAN_POINT('',(-0.026238299835845,-0.027,-0.035722345461677));
#5340=CARTESIAN_POINT('',(0.,-0.027,0.));
#5341=CARTESIAN_POINT('',(-0.00721346025669804,-0.027,0.0352699020572079));
#5342=CARTESIAN_POINT('',(-0.000203589829675663,-0.027,0.0359994243173589));
#5343=CARTESIAN_POINT('',(-0.00822371428622474,-0.027,0.0391088673694096));
#5344=CARTESIAN_POINT('',(-0.00872626745155647,-0.027,0.0410185693976701));
#5345=CARTESIAN_POINT('',(-0.0125,-0.027,0.0475));
#5346=CARTESIAN_POINT('',(-0.00632399986741293,-0.027,0.0432447652988013));
#5347=CARTESIAN_POINT('',(0.00149188841016544,-0.027,0.0436393980140241));
#5348=CARTESIAN_POINT('',(0.00149188841016544,-0.0285,0.0436393980140241));
#5349=CARTESIAN_POINT('',(-0.00632399986741299,-0.0285,0.0432447652988014));
#5350=CARTESIAN_POINT('',(-0.00632399986741293,-0.03,0.0432447652988013));
#5351=CARTESIAN_POINT('',(0.00149188841016544,-0.03,0.0436393980140241));
#5352=CARTESIAN_POINT('',(-0.000203589829675692,-0.03,0.0359994243173589));
#5353=CARTESIAN_POINT('',(-0.000203589829675699,-0.0285,0.0359994243173589));
#5354=CARTESIAN_POINT('',(-0.026238299835845,-0.03,-0.035722345461677));
#5355=CARTESIAN_POINT('',(0.,-0.03,0.));
#5356=CARTESIAN_POINT('',(-0.00721346025669803,-0.03,0.0352699020572079));
#5357=CARTESIAN_POINT('',(-0.0125,-0.03,0.0475));
#5358=CARTESIAN_POINT('',(-0.00872626745155647,-0.03,0.0410185693976701));
#5359=CARTESIAN_POINT('',(-0.00822371428622474,-0.03,0.0391088673694096));
#5360=CARTESIAN_POINT('',(-0.0306167150070006,-0.0285,0.0541488014586034));
#5361=CARTESIAN_POINT('',(-0.019773456187721,-0.0285,0.0493294357286614));
#5362=CARTESIAN_POINT('',(-0.0197734561877208,-0.027,0.0493294357286619));
#5363=CARTESIAN_POINT('',(-0.0197734561877208,-0.03,0.0493294357286619));
#5364=CARTESIAN_POINT('',(-0.0306167150070006,-0.027,0.0541488014586034));
#5365=CARTESIAN_POINT('',(-0.0364947658198999,-0.027,0.043840985661753));
#5366=CARTESIAN_POINT('',(-0.0364947658198987,-0.0285,0.0438409856617523));
#5367=CARTESIAN_POINT('',(-0.0364947658198999,-0.03,0.043840985661753));
#5368=CARTESIAN_POINT('',(-0.0306167150070006,-0.03,0.0541488014586034));
#5369=CARTESIAN_POINT('',(-0.026238299835845,-0.027,-0.035722345461677));
#5370=CARTESIAN_POINT('',(-0.0405,-0.027,0.0375));
#5371=CARTESIAN_POINT('',(-0.0365548885585962,-0.027,0.0311214346664078));
#5372=CARTESIAN_POINT('',(-0.042424086346542,-0.027,0.0302510075368331));
#5373=CARTESIAN_POINT('',(-0.0322653991068514,-0.027,0.0271496851740515));
#5374=CARTESIAN_POINT('',(-0.0342413640948594,-0.027,0.0289792823851701));
#5375=CARTESIAN_POINT('',(-0.0289913780286485,-0.027,0.0289913780286484));
#5376=CARTESIAN_POINT('',(-0.0308700116038155,-0.027,0.0240890075928026));
#5377=CARTESIAN_POINT('',(-0.0317645990205617,-0.027,0.0217545454804951));
#5378=CARTESIAN_POINT('',(-0.0297019627205252,-0.027,0.0203419126570863));
#5379=CARTESIAN_POINT('',(0.,-0.027,0.));
#5380=CARTESIAN_POINT('',(-0.0343191674086127,-0.027,0.0108717408164295));
#5381=CARTESIAN_POINT('',(-0.0503501365702918,-0.027,0.0155516464373234));
#5382=CARTESIAN_POINT('',(-0.026238299835845,-0.027,-0.035722345461677));
#5383=CARTESIAN_POINT('',(-0.0125,-0.027,0.0475));
#5384=CARTESIAN_POINT('',(-0.0125945656006071,-0.027,0.0400005962005516));
#5385=CARTESIAN_POINT('',(-0.0114189747862404,-0.027,0.035533351105958));
#5386=CARTESIAN_POINT('',(-0.0110817584057486,-0.027,0.0342519288600893));
#5387=CARTESIAN_POINT('',(0.,-0.027,0.));
#5388=CARTESIAN_POINT('',(-0.0203419126570863,-0.027,0.0297019627205252));
#5389=CARTESIAN_POINT('',(-0.0217545454804951,-0.027,0.0317645990205617));
#5390=CARTESIAN_POINT('',(-0.0240890075928026,-0.027,0.0308700116038155));
#5391=CARTESIAN_POINT('',(-0.0289913780286485,-0.027,0.0289913780286484));
#5392=CARTESIAN_POINT('',(-0.0325427901040653,-0.027,0.0328578974286493));
#5393=CARTESIAN_POINT('',(-0.0307045292127266,-0.027,0.0311558040107431));
#5394=CARTESIAN_POINT('',(-0.033837256432603,-0.027,0.0340564773624805));
#5395=CARTESIAN_POINT('',(-0.0405,-0.027,0.0375));
#5396=CARTESIAN_POINT('',(-0.026238299835845,-0.03,-0.035722345461677));
#5397=CARTESIAN_POINT('',(-0.0405,-0.03,0.0375));
#5398=CARTESIAN_POINT('',(-0.042424086346542,-0.03,0.0302510075368331));
#5399=CARTESIAN_POINT('',(-0.0365548885585962,-0.03,0.0311214346664078));
#5400=CARTESIAN_POINT('',(-0.0503501365702918,-0.03,0.0155516464373234));
#5401=CARTESIAN_POINT('',(-0.0343191674086126,-0.03,0.0108717408164296));
#5402=CARTESIAN_POINT('',(0.,-0.03,0.));
#5403=CARTESIAN_POINT('',(-0.0297019627205252,-0.03,0.0203419126570863));
#5404=CARTESIAN_POINT('',(-0.0317645990205617,-0.03,0.0217545454804951));
#5405=CARTESIAN_POINT('',(-0.0308700116038155,-0.03,0.0240890075928026));
#5406=CARTESIAN_POINT('',(-0.0289913780286485,-0.03,0.0289913780286484));
#5407=CARTESIAN_POINT('',(-0.0342413640948594,-0.03,0.0289792823851701));
#5408=CARTESIAN_POINT('',(-0.0322653991068514,-0.03,0.0271496851740515));
#5409=CARTESIAN_POINT('',(-0.0503501365702918,-0.0285,0.0155516464373234));
#5410=CARTESIAN_POINT('',(-0.0343191674086124,-0.0285,0.0108717408164303));
#5411=CARTESIAN_POINT('',(-0.0424240863465418,-0.0285,0.030251007536833));
#5412=CARTESIAN_POINT('',(-0.026238299835845,-0.03,-0.035722345461677));
#5413=CARTESIAN_POINT('',(-0.0125,-0.03,0.0475));
#5414=CARTESIAN_POINT('',(-0.0125945656006071,-0.03,0.0400005962005516));
#5415=CARTESIAN_POINT('',(-0.0405,-0.03,0.0375));
#5416=CARTESIAN_POINT('',(-0.033837256432603,-0.03,0.0340564773624805));
#5417=CARTESIAN_POINT('',(-0.0307045292127266,-0.03,0.0311558040107431));
#5418=CARTESIAN_POINT('',(-0.0325427901040653,-0.03,0.0328578974286493));
#5419=CARTESIAN_POINT('',(-0.0289913780286485,-0.03,0.0289913780286484));
#5420=CARTESIAN_POINT('',(-0.0240890075928026,-0.03,0.0308700116038155));
#5421=CARTESIAN_POINT('',(-0.0217545454804951,-0.03,0.0317645990205617));
#5422=CARTESIAN_POINT('',(-0.0203419126570863,-0.03,0.0297019627205252));
#5423=CARTESIAN_POINT('',(0.,-0.03,0.));
#5424=CARTESIAN_POINT('',(-0.0110817584057486,-0.03,0.0342519288600893));
#5425=CARTESIAN_POINT('',(-0.0114189747862404,-0.03,0.035533351105958));
#5426=CARTESIAN_POINT('',(-0.00721346025669806,-0.041,-0.0352699020572079));
#5427=CARTESIAN_POINT('',(-0.00721346025669806,-0.006,-0.0352699020572079));
#5428=CARTESIAN_POINT('',(-0.00721346025669806,-0.041,-0.0352699020572079));
#5429=CARTESIAN_POINT('',(-0.00872626745155649,-0.041,-0.0410185693976701));
#5430=CARTESIAN_POINT('',(-0.00872626745155649,-0.041,-0.0410185693976701));
#5431=CARTESIAN_POINT('',(-0.00872626745155649,-0.041,-0.0410185693976701));
#5432=CARTESIAN_POINT('',(-0.00721346025669806,-0.041,-0.0352699020572079));
#5433=CARTESIAN_POINT('',(-0.00872626745155649,-0.041,-0.0410185693976701));
#5434=CARTESIAN_POINT('',(-0.00872626745155649,-0.016,-0.0410185693976701));
#5435=CARTESIAN_POINT('',(-0.00872626745155649,-0.016,-0.0410185693976701));
#5436=CARTESIAN_POINT('',(-0.00721346025669804,-0.016,-0.0352699020572079));
#5437=CARTESIAN_POINT('',(-0.00721346025669806,-0.006,-0.0352699020572079));
#5438=CARTESIAN_POINT('',(-0.00483939895972278,-0.006,-0.0381946359808368));
#5439=CARTESIAN_POINT('',(-0.00256338847501111,-0.006,-0.0371603360855055));
#5440=CARTESIAN_POINT('',(-0.00256338847501111,-0.041,-0.0371603360855055));
#5441=CARTESIAN_POINT('',(-0.00483939895972278,-0.041,-0.0381946359808368));
#5442=CARTESIAN_POINT('',(-0.00452515227402654,-0.041,-0.03571446481325));
#5443=CARTESIAN_POINT('',(-0.00452515227402654,-0.006,-0.03571446481325));
#5444=CARTESIAN_POINT('',(0.0247487373415292,-0.006,-0.0247487373415292));
#5445=CARTESIAN_POINT('',(-0.000606851378612707,-0.006,-0.040782892157266));
#5446=CARTESIAN_POINT('',(-0.000606851378612707,-0.041,-0.040782892157266));
#5447=CARTESIAN_POINT('',(0.0247487373415292,-0.041,-0.0247487373415292));
#5448=CARTESIAN_POINT('',(-0.00271981710529116,-0.006,-0.0421190717252441));
#5449=CARTESIAN_POINT('',(-0.0015775091431319,-0.006,-0.0443428371174533));
#5450=CARTESIAN_POINT('',(-0.0015775091431319,-0.041,-0.0443428371174533));
#5451=CARTESIAN_POINT('',(-0.00271981710529116,-0.041,-0.0421190717252441));
#5452=CARTESIAN_POINT('',(-0.0125,-0.041,-0.0475));
#5453=CARTESIAN_POINT('',(-0.0125,-0.041,-0.0475));
#5454=CARTESIAN_POINT('',(-0.0125945656006071,-0.041,-0.0400005962005515));
#5455=CARTESIAN_POINT('',(-0.0125945656006071,-0.041,-0.0400005962005515));
#5456=CARTESIAN_POINT('',(-0.0125945656006071,-0.041,-0.0400005962005515));
#5457=CARTESIAN_POINT('',(-0.0125945656006071,-0.016,-0.0400005962005515));
#5458=CARTESIAN_POINT('',(-0.0125,-0.016,-0.0475));
#5459=CARTESIAN_POINT('',(-0.0125945656006071,-0.041,-0.0400005962005515));
#5460=CARTESIAN_POINT('',(-0.0110817584057486,-0.041,-0.0342519288600893));
#5461=CARTESIAN_POINT('',(-0.0110817584057486,-0.041,-0.0342519288600893));
#5462=CARTESIAN_POINT('',(-0.0110817584057486,-0.006,-0.0342519288600893));
#5463=CARTESIAN_POINT('',(-0.0125945656006071,-0.041,-0.0400005962005515));
#5464=CARTESIAN_POINT('',(-0.0110817584057486,-0.006,-0.0342519288600893));
#5465=CARTESIAN_POINT('',(-0.0110817584057486,-0.016,-0.0342519288600893));
#5466=CARTESIAN_POINT('',(-0.0110817584057486,-0.016,-0.0342519288600893));
#5467=CARTESIAN_POINT('',(0.,-0.006,0.));
#5468=CARTESIAN_POINT('',(0.,-0.041,0.));
#5469=CARTESIAN_POINT('',(0.,-0.006,0.));
#5470=CARTESIAN_POINT('',(0.,-0.041,0.));
#5471=CARTESIAN_POINT('',(-0.0203419126570863,-0.041,-0.0297019627205252));
#5472=CARTESIAN_POINT('',(-0.0203419126570863,-0.006,-0.0297019627205252));
#5473=CARTESIAN_POINT('',(-0.0217545454804951,-0.006,-0.0317645990205617));
#5474=CARTESIAN_POINT('',(-0.0217545454804951,-0.041,-0.0317645990205617));
#5475=CARTESIAN_POINT('',(-0.0240890075928026,-0.041,-0.0308700116038155));
#5476=CARTESIAN_POINT('',(-0.0240890075928026,-0.006,-0.0308700116038155));
#5477=CARTESIAN_POINT('',(-0.0217545454804951,-0.006,-0.0317645990205617));
#5478=CARTESIAN_POINT('',(-0.0240890075928026,-0.006,-0.0308700116038155));
#5479=CARTESIAN_POINT('',(-0.0240890075928026,-0.006,-0.0308700116038155));
#5480=CARTESIAN_POINT('',(-0.0217545454804951,-0.006,-0.0317645990205617));
#5481=CARTESIAN_POINT('',(-0.0203419126570863,-0.006,-0.0297019627205252));
#5482=CARTESIAN_POINT('',(-0.0203419126570863,-0.006,-0.0297019627205252));
#5483=CARTESIAN_POINT('',(0.,-0.006,0.));
#5484=CARTESIAN_POINT('',(-0.0321220350829722,-0.006,-0.0162534569285521));
#5485=CARTESIAN_POINT('',(-0.0321220350829722,-0.041,-0.0162534569285521));
#5486=CARTESIAN_POINT('',(0.,-0.041,0.));
#5487=CARTESIAN_POINT('',(-0.0356991442478155,-0.041,-0.00464446982697255));
#5488=CARTESIAN_POINT('',(-0.0356991442478155,-0.041,-0.00464446982697255));
#5489=CARTESIAN_POINT('',(-0.0356991442478155,-0.009,-0.00464446982697255));
#5490=CARTESIAN_POINT('',(0.,-0.009,0.));
#5491=CARTESIAN_POINT('',(-0.0357853376726656,-0.009,-0.00392550731158419));
#5492=CARTESIAN_POINT('',(-0.0357853376726656,-0.006,-0.00392550731158419));
#5493=CARTESIAN_POINT('',(-0.0357853376726656,-0.006,-0.00392550731158419));
#5494=CARTESIAN_POINT('',(0.,-0.006,0.));
#5495=CARTESIAN_POINT('',(-0.0321220350829722,-0.006,-0.0162534569285521));
#5496=CARTESIAN_POINT('',(-0.0321220350829722,-0.006,-0.0162534569285521));
#5497=CARTESIAN_POINT('',(-0.0325427901040654,-0.041,-0.0328578974286493));
#5498=CARTESIAN_POINT('',(-0.0325427901040654,-0.006,-0.0328578974286493));
#5499=CARTESIAN_POINT('',(-0.0325427901040654,-0.041,-0.0328578974286493));
#5500=CARTESIAN_POINT('',(-0.033837256432603,-0.041,-0.0340564773624804));
#5501=CARTESIAN_POINT('',(-0.033837256432603,-0.041,-0.0340564773624804));
#5502=CARTESIAN_POINT('',(-0.033837256432603,-0.041,-0.0340564773624804));
#5503=CARTESIAN_POINT('',(-0.0325427901040654,-0.041,-0.0328578974286493));
#5504=CARTESIAN_POINT('',(-0.033837256432603,-0.041,-0.0340564773624804));
#5505=CARTESIAN_POINT('',(-0.033837256432603,-0.016,-0.0340564773624804));
#5506=CARTESIAN_POINT('',(-0.033837256432603,-0.016,-0.0340564773624804));
#5507=CARTESIAN_POINT('',(-0.0325427901040654,-0.016,-0.0328578974286493));
#5508=CARTESIAN_POINT('',(-0.0325427901040654,-0.006,-0.0328578974286493));
#5509=CARTESIAN_POINT('',(-0.0405,-0.041,-0.0375));
#5510=CARTESIAN_POINT('',(-0.0405,-0.041,-0.0375));
#5511=CARTESIAN_POINT('',(-0.0365548885585962,-0.041,-0.0311214346664077));
#5512=CARTESIAN_POINT('',(-0.0365548885585962,-0.041,-0.0311214346664077));
#5513=CARTESIAN_POINT('',(-0.0365548885585962,-0.041,-0.0311214346664077));
#5514=CARTESIAN_POINT('',(-0.0365548885585962,-0.016,-0.0311214346664078));
#5515=CARTESIAN_POINT('',(-0.0405,-0.016,-0.0375));
#5516=CARTESIAN_POINT('',(-0.0343527319637342,-0.006,-0.0173821692152571));
#5517=CARTESIAN_POINT('',(-0.0325849650107679,-0.006,-0.0191499361682235));
#5518=CARTESIAN_POINT('',(-0.0325849650107679,-0.041,-0.0191499361682235));
#5519=CARTESIAN_POINT('',(-0.0343527319637342,-0.041,-0.0173821692152571));
#5520=CARTESIAN_POINT('',(-0.0343527319637342,-0.006,-0.0173821692152571));
#5521=CARTESIAN_POINT('',(-0.0343527319637342,-0.006,-0.0173821692152571));
#5522=CARTESIAN_POINT('',(-0.0325849650107679,-0.006,-0.0191499361682235));
#5523=CARTESIAN_POINT('',(-0.0325849650107679,-0.006,-0.0191499361682235));
#5524=CARTESIAN_POINT('',(-0.0312710274082156,-0.006,-0.0178359985656712));
#5525=CARTESIAN_POINT('',(-0.034063320311691,-0.006,-0.0206282914691467));
#5526=CARTESIAN_POINT('',(-0.034063320311691,-0.041,-0.0206282914691466));
#5527=CARTESIAN_POINT('',(-0.0312710274082156,-0.041,-0.0178359985656712));
#5528=CARTESIAN_POINT('',(-0.0312710274082156,-0.006,-0.0178359985656712));
#5529=CARTESIAN_POINT('',(-0.0312710274082156,-0.006,-0.0178359985656712));
#5530=CARTESIAN_POINT('',(-0.034063320311691,-0.006,-0.0206282914691466));
#5531=CARTESIAN_POINT('',(-0.034063320311691,-0.006,-0.0206282914691467));
#5532=CARTESIAN_POINT('',(-0.0365548885585962,-0.041,-0.0311214346664077));
#5533=CARTESIAN_POINT('',(-0.0342413640948593,-0.041,-0.0289792823851699));
#5534=CARTESIAN_POINT('',(-0.0342413640948593,-0.041,-0.0289792823851699));
#5535=CARTESIAN_POINT('',(-0.0342413640948593,-0.006,-0.0289792823851699));
#5536=CARTESIAN_POINT('',(-0.0333562135305045,-0.006,-0.0213353982503332));
#5537=CARTESIAN_POINT('',(-0.034063320311691,-0.006,-0.0220425050315197));
#5538=CARTESIAN_POINT('',(-0.034063320311691,-0.041,-0.0220425050315197));
#5539=CARTESIAN_POINT('',(-0.0333562135305045,-0.041,-0.0213353982503332));
#5540=CARTESIAN_POINT('',(-0.0333562135305045,-0.006,-0.0213353982503332));
#5541=CARTESIAN_POINT('',(-0.0333562135305045,-0.006,-0.0213353982503332));
#5542=CARTESIAN_POINT('',(-0.034063320311691,-0.006,-0.0220425050315197));
#5543=CARTESIAN_POINT('',(-0.034063320311691,-0.006,-0.0220425050315197));
#5544=CARTESIAN_POINT('',(-0.0289913780286484,-0.006,-0.0289913780286485));
#5545=CARTESIAN_POINT('',(-0.0289913780286484,-0.041,-0.0289913780286485));
#5546=CARTESIAN_POINT('',(-0.0332227198569191,-0.041,-0.025883606104532));
#5547=CARTESIAN_POINT('',(-0.0332227198569191,-0.006,-0.0258836061045319));
#5548=CARTESIAN_POINT('',(-0.0289913780286484,-0.006,-0.0289913780286485));
#5549=CARTESIAN_POINT('',(-0.0289913780286484,-0.041,-0.0289913780286485));
#5550=CARTESIAN_POINT('',(-0.0289913780286484,-0.006,-0.0289913780286485));
#5551=CARTESIAN_POINT('',(-0.0289913780286484,-0.016,-0.0289913780286485));
#5552=CARTESIAN_POINT('',(-0.0342413640948593,-0.016,-0.0289792823851699));
#5553=CARTESIAN_POINT('',(-0.0342413640948593,-0.006,-0.0289792823851699));
#5554=CARTESIAN_POINT('',(-0.0332227198569191,-0.006,-0.0258836061045319));
#5555=CARTESIAN_POINT('',(-0.0332227198569191,-0.006,-0.0258836061045319));
#5556=CARTESIAN_POINT('',(-0.0289913780286484,-0.006,-0.0289913780286485));
#5557=CARTESIAN_POINT('',(-0.0347704270928776,-0.006,-0.0213353982503332));
#5558=CARTESIAN_POINT('',(-0.0334698775840817,-0.006,-0.0226359477591291));
#5559=CARTESIAN_POINT('',(-0.0334698775840817,-0.041,-0.0226359477591291));
#5560=CARTESIAN_POINT('',(-0.0347704270928776,-0.041,-0.0213353982503332));
#5561=CARTESIAN_POINT('',(-0.035237644537048,-0.006,-0.0244037147120955));
#5562=CARTESIAN_POINT('',(-0.035237644537048,-0.041,-0.0244037147120955));
#5563=CARTESIAN_POINT('',(-0.00872626745155649,-0.041,0.0410185693976701));
#5564=CARTESIAN_POINT('',(-0.00721346025669806,-0.006,0.0352699020572079));
#5565=CARTESIAN_POINT('',(-0.00721346025669806,-0.016,0.0352699020572079));
#5566=CARTESIAN_POINT('',(-0.00721346025669806,-0.016,0.0352699020572079));
#5567=CARTESIAN_POINT('',(-0.00872626745155649,-0.016,0.0410185693976701));
#5568=CARTESIAN_POINT('',(-0.00872626745155649,-0.041,0.0410185693976701));
#5569=CARTESIAN_POINT('',(-0.00872626745155649,-0.041,0.0410185693976701));
#5570=CARTESIAN_POINT('',(-0.00872626745155649,-0.041,0.0410185693976701));
#5571=CARTESIAN_POINT('',(-0.00872626745155649,-0.041,0.0410185693976701));
#5572=CARTESIAN_POINT('',(-0.00721346025669806,-0.041,0.0352699020572079));
#5573=CARTESIAN_POINT('',(-0.00721346025669806,-0.041,0.0352699020572079));
#5574=CARTESIAN_POINT('',(-0.00721346025669806,-0.006,0.0352699020572079));
#5575=CARTESIAN_POINT('',(-0.0110817584057486,-0.041,0.0342519288600893));
#5576=CARTESIAN_POINT('',(-0.0125945656006071,-0.041,0.0400005962005516));
#5577=CARTESIAN_POINT('',(-0.0125945656006071,-0.016,0.0400005962005516));
#5578=CARTESIAN_POINT('',(-0.0125945656006071,-0.016,0.0400005962005516));
#5579=CARTESIAN_POINT('',(-0.0110817584057486,-0.016,0.0342519288600893));
#5580=CARTESIAN_POINT('',(-0.0110817584057486,-0.006,0.0342519288600893));
#5581=CARTESIAN_POINT('',(-0.0110817584057486,-0.041,0.0342519288600893));
#5582=CARTESIAN_POINT('',(-0.0110817584057486,-0.006,0.0342519288600893));
#5583=CARTESIAN_POINT('',(-0.0110817584057486,-0.041,0.0342519288600893));
#5584=CARTESIAN_POINT('',(-0.0125945656006071,-0.041,0.0400005962005516));
#5585=CARTESIAN_POINT('',(-0.0125945656006071,-0.041,0.0400005962005516));
#5586=CARTESIAN_POINT('',(-0.0125945656006071,-0.041,0.0400005962005516));
#5587=CARTESIAN_POINT('',(0.,-0.006,0.));
#5588=CARTESIAN_POINT('',(-0.0203419126570863,-0.006,0.0297019627205252));
#5589=CARTESIAN_POINT('',(-0.0203419126570863,-0.041,0.0297019627205252));
#5590=CARTESIAN_POINT('',(0.,-0.041,0.));
#5591=CARTESIAN_POINT('',(-0.0217545454804951,-0.006,0.0317645990205617));
#5592=CARTESIAN_POINT('',(-0.0203419126570863,-0.006,0.0297019627205252));
#5593=CARTESIAN_POINT('',(-0.0203419126570863,-0.006,0.0297019627205252));
#5594=CARTESIAN_POINT('',(-0.0217545454804951,-0.006,0.0317645990205617));
#5595=CARTESIAN_POINT('',(-0.0240890075928026,-0.006,0.0308700116038155));
#5596=CARTESIAN_POINT('',(-0.0240890075928026,-0.006,0.0308700116038155));
#5597=CARTESIAN_POINT('',(-0.0217545454804951,-0.006,0.0317645990205617));
#5598=CARTESIAN_POINT('',(-0.0240890075928026,-0.006,0.0308700116038155));
#5599=CARTESIAN_POINT('',(-0.0240890075928026,-0.041,0.0308700116038155));
#5600=CARTESIAN_POINT('',(-0.0217545454804951,-0.041,0.0317645990205617));
#5601=CARTESIAN_POINT('',(-0.033837256432603,-0.041,0.0340564773624805));
#5602=CARTESIAN_POINT('',(-0.0325427901040653,-0.006,0.0328578974286493));
#5603=CARTESIAN_POINT('',(-0.0325427901040653,-0.016,0.0328578974286493));
#5604=CARTESIAN_POINT('',(-0.0325427901040653,-0.016,0.0328578974286493));
#5605=CARTESIAN_POINT('',(-0.0338372564326029,-0.016,0.0340564773624805));
#5606=CARTESIAN_POINT('',(-0.033837256432603,-0.041,0.0340564773624805));
#5607=CARTESIAN_POINT('',(-0.033837256432603,-0.041,0.0340564773624805));
#5608=CARTESIAN_POINT('',(-0.033837256432603,-0.041,0.0340564773624805));
#5609=CARTESIAN_POINT('',(-0.033837256432603,-0.041,0.0340564773624805));
#5610=CARTESIAN_POINT('',(-0.0325427901040653,-0.041,0.0328578974286493));
#5611=CARTESIAN_POINT('',(-0.0325427901040653,-0.041,0.0328578974286493));
#5612=CARTESIAN_POINT('',(-0.0325427901040653,-0.006,0.0328578974286493));
#5613=CARTESIAN_POINT('',(-0.0405,-0.041,0.0375));
#5614=CARTESIAN_POINT('',(-0.0405,-0.016,0.0375));
#5615=CARTESIAN_POINT('',(-0.0365548885585963,-0.016,0.0311214346664078));
#5616=CARTESIAN_POINT('',(-0.0365548885585963,-0.041,0.0311214346664078));
#5617=CARTESIAN_POINT('',(-0.0365548885585963,-0.041,0.0311214346664078));
#5618=CARTESIAN_POINT('',(-0.0365548885585963,-0.041,0.0311214346664078));
#5619=CARTESIAN_POINT('',(-0.0405,-0.041,0.0375));
#5620=CARTESIAN_POINT('',(-0.0342413640948594,-0.041,0.02897928238517));
#5621=CARTESIAN_POINT('',(-0.0342413640948594,-0.006,0.02897928238517));
#5622=CARTESIAN_POINT('',(-0.0342413640948594,-0.041,0.02897928238517));
#5623=CARTESIAN_POINT('',(-0.0365548885585963,-0.041,0.0311214346664078));
#5624=CARTESIAN_POINT('',(-0.0289913780286485,-0.006,0.0289913780286484));
#5625=CARTESIAN_POINT('',(-0.0308700116038155,-0.006,0.0240890075928026));
#5626=CARTESIAN_POINT('',(-0.0308700116038155,-0.041,0.0240890075928026));
#5627=CARTESIAN_POINT('',(-0.0289913780286485,-0.041,0.0289913780286484));
#5628=CARTESIAN_POINT('',(-0.0289913780286485,-0.006,0.0289913780286484));
#5629=CARTESIAN_POINT('',(-0.0289913780286485,-0.006,0.0289913780286484));
#5630=CARTESIAN_POINT('',(-0.0308700116038155,-0.006,0.0240890075928026));
#5631=CARTESIAN_POINT('',(-0.0308700116038155,-0.006,0.0240890075928026));
#5632=CARTESIAN_POINT('',(-0.0342413640948594,-0.006,0.02897928238517));
#5633=CARTESIAN_POINT('',(-0.0342413640948594,-0.016,0.02897928238517));
#5634=CARTESIAN_POINT('',(-0.0289913780286485,-0.016,0.0289913780286484));
#5635=CARTESIAN_POINT('',(-0.0289913780286485,-0.006,0.0289913780286484));
#5636=CARTESIAN_POINT('',(-0.0289913780286485,-0.041,0.0289913780286484));
#5637=CARTESIAN_POINT('',(-0.0317645990205617,-0.006,0.0217545454804951));
#5638=CARTESIAN_POINT('',(-0.0297019627205252,-0.006,0.0203419126570863));
#5639=CARTESIAN_POINT('',(-0.0297019627205252,-0.041,0.0203419126570863));
#5640=CARTESIAN_POINT('',(-0.0317645990205617,-0.041,0.0217545454804951));
#5641=CARTESIAN_POINT('',(-0.0405,-0.21120132805966,-0.0375));
#5642=CARTESIAN_POINT('',(-0.0405,-0.041,-0.0375));
#5643=CARTESIAN_POINT('',(-0.0382019029611437,-0.041,-0.0352019029611437));
#5644=CARTESIAN_POINT('',(-0.0125,-0.041,0.0475));
#5645=CARTESIAN_POINT('',(-0.0125,-0.016,0.0475));
#5646=CARTESIAN_POINT('',(-0.0125,-0.041,0.0475));
#5647=CARTESIAN_POINT('',(-0.0405,-0.21120132805966,-0.0375));
#5648=CARTESIAN_POINT('',(-0.0405,-0.016,-0.0375));
#5649=CARTESIAN_POINT('',(-0.0382019029611437,-0.016,-0.0352019029611437));
#5650=CARTESIAN_POINT('',(-0.0125,-0.21120132805966,0.0475));
#5651=CARTESIAN_POINT('',(-0.0125,-0.041,0.0475));
#5652=CARTESIAN_POINT('',(-0.0102019029611437,-0.041,0.0497980970388563));
#5653=CARTESIAN_POINT('',(-0.0125,-0.016,0.0475));
#5654=CARTESIAN_POINT('',(-0.0102019029611437,-0.016,0.0497980970388563));
#5655=CARTESIAN_POINT('',(-0.0405,-0.21120132805966,0.0375));
#5656=CARTESIAN_POINT('',(-0.0405,-0.041,0.0375));
#5657=CARTESIAN_POINT('',(-0.0382019029611437,-0.041,0.0397980970388563));
#5658=CARTESIAN_POINT('',(-0.0405,-0.016,0.0375));
#5659=CARTESIAN_POINT('',(-0.0382019029611437,-0.016,0.0397980970388563));
#5660=CARTESIAN_POINT('',(-0.0125,-0.21120132805966,-0.0475));
#5661=CARTESIAN_POINT('',(-0.0125,-0.041,-0.0475));
#5662=CARTESIAN_POINT('',(-0.0102019029611437,-0.041,-0.0452019029611437));
#5663=CARTESIAN_POINT('',(-0.0125,-0.016,-0.0475));
#5664=CARTESIAN_POINT('',(-0.0102019029611437,-0.016,-0.0452019029611437));
#5665=CARTESIAN_POINT('',(-0.0098992815609621,-0.016,0.0376172699316558));
#5666=CARTESIAN_POINT('',(0.,-0.016,0.));
#5667=CARTESIAN_POINT('',(-0.0365548885585962,-0.041,-0.0311214346664077));
#5668=CARTESIAN_POINT('',(-0.0342413640948593,-0.016,-0.0289792823851699));
#5669=CARTESIAN_POINT('',(-0.0098992815609621,-0.016,0.0376172699316558));
#5670=CARTESIAN_POINT('',(-0.0342413640948594,-0.041,0.02897928238517));
#5671=CARTESIAN_POINT('',(-0.0365548885585963,-0.016,0.0311214346664078));
#5672=CARTESIAN_POINT('',(-0.0098992815609621,-0.016,0.0376172699316558));
#5673=CARTESIAN_POINT('',(-0.0098992815609621,-0.016,0.0376172699316558));
#5674=CARTESIAN_POINT('',(0.,-0.016,0.));
#5675=CARTESIAN_POINT('',(-0.0391511988429528,-0.009,-3.94614101320445E-5));
#5676=CARTESIAN_POINT('',(0.0297468299790735,-0.009,-0.0568621157061069));
#5677=CARTESIAN_POINT('',(0.029362361314647,-0.009,-0.0543918558319086));
#5678=CARTESIAN_POINT('',(0.0272468299790734,-0.009,-0.0568621157061069));
#5679=CARTESIAN_POINT('',(0.0247487373415291,-0.009,-0.0247487373415292));
#5680=CARTESIAN_POINT('',(0.0192085151608008,-0.009,-0.0542327319519643));
#5681=CARTESIAN_POINT('',(0.0187468299790735,-0.009,-0.0566897315028339));
#5682=CARTESIAN_POINT('',(0.0212468299790734,-0.009,-0.0566897315028339));
#5683=CARTESIAN_POINT('',(0.0212468299790734,-0.009,-0.0565934253982346));
#5684=CARTESIAN_POINT('',(0.0212468299790734,-0.009,-0.0587487373415291));
#5685=CARTESIAN_POINT('',(0.0222468299790734,-0.009,-0.0587487373415291));
#5686=CARTESIAN_POINT('',(0.0222468299790734,-0.009,-0.0597487373415291));
#5687=CARTESIAN_POINT('',(0.0229490352160633,-0.009,-0.0597487373415291));
#5688=CARTESIAN_POINT('',(0.0262468299790735,-0.009,-0.0597487373415291));
#5689=CARTESIAN_POINT('',(0.0262468299790735,-0.009,-0.0587487373415291));
#5690=CARTESIAN_POINT('',(0.0272468299790734,-0.009,-0.0587487373415291));
#5691=CARTESIAN_POINT('',(0.0272468299790735,-0.009,-0.0591959705415755));
#5692=CARTESIAN_POINT('',(0.0334077817019001,-0.041,0.0154503663860431));
#5693=CARTESIAN_POINT('',(0.0333986200175726,-0.006,0.0154865078998959));
#5694=CARTESIAN_POINT('',(0.0333986200175725,-0.009,0.0154865078998959));
#5695=CARTESIAN_POINT('',(0.0313410500075287,-0.009,0.0236033227084929));
#5696=CARTESIAN_POINT('',(0.0314097566750321,-0.009,0.0233322848854694));
#5697=CARTESIAN_POINT('',(0.0314097566750322,-0.006,0.0233322848854692));
#5698=CARTESIAN_POINT('',(-0.0391511988429528,-0.009,-3.94614101320445E-5));
#5699=CARTESIAN_POINT('',(0.0356940459704099,-0.009,0.0144960435163663));
#5700=CARTESIAN_POINT('',(0.0350469983576536,-0.009,0.016910858082089));
#5701=CARTESIAN_POINT('',(0.0330047401879887,-0.009,0.0163636366547914));
#5702=CARTESIAN_POINT('',(0.0367570222578076,-0.009,0.0173690576051732));
#5703=CARTESIAN_POINT('',(0.036498203212705,-0.009,0.0183349834314623));
#5704=CARTESIAN_POINT('',(0.037464129038994,-0.009,0.0185938024765647));
#5705=CARTESIAN_POINT('',(0.0373384496298745,-0.009,0.0190628444168642));
#5706=CARTESIAN_POINT('',(0.036428852858584,-0.009,0.022457505781721));
#5707=CARTESIAN_POINT('',(0.0354629270322949,-0.009,0.0221986867366185));
#5708=CARTESIAN_POINT('',(0.0352041079871924,-0.009,0.0231646125629076));
#5709=CARTESIAN_POINT('',(0.0350897588566419,-0.009,0.0231339728057213));
#5710=CARTESIAN_POINT('',(0.0340604808748832,-0.009,0.0228581786017219));
#5711=CARTESIAN_POINT('',(0.0327663856493706,-0.009,0.0276878077331673));
#5712=CARTESIAN_POINT('',(0.0322274331351396,-0.009,0.022716939580882));
#5713=CARTESIAN_POINT('',(0.0323352236379858,-0.009,0.0237111132113391));
#5714=CARTESIAN_POINT('',(-0.0427657746726208,-0.041,0.00445303040331026));
#5715=CARTESIAN_POINT('',(-0.0355153877659774,-0.006,0.00588703930955583));
#5716=CARTESIAN_POINT('',(-0.0355153877659774,-0.009,0.00588703930955583));
#5717=CARTESIAN_POINT('',(-0.0355153877659774,-0.041,0.00588703930955583));
#5718=CARTESIAN_POINT('',(-0.0427657746726208,-0.009,0.00445303040331026));
#5719=CARTESIAN_POINT('',(-0.0355036466817622,-0.009,0.0058893615055366));
#5720=CARTESIAN_POINT('',(-0.0355036466817622,-0.041,0.0058893615055366));
#5721=CARTESIAN_POINT('',(-0.0355036466817622,-0.041,0.0058893615055366));
#5722=CARTESIAN_POINT('',(-0.00559947346221034,-0.041,0.0118039218294081));
#5723=CARTESIAN_POINT('',(0.00483547995644635,-0.041,-0.000128022862381661));
#5724=CARTESIAN_POINT('',(0.00483547995644635,-0.041,-0.000128022862381661));
#5725=CARTESIAN_POINT('',(0.00483547995644635,-0.009,-0.000128022862381661));
#5726=CARTESIAN_POINT('',(-0.0391511988429528,-0.009,-3.94614101320445E-5));
#5727=CARTESIAN_POINT('',(0.,-0.009,0.));
#5728=CARTESIAN_POINT('',(-0.0357926487237822,-0.009,0.0038582764721996));
#5729=CARTESIAN_POINT('',(-0.0367868889661095,-0.009,0.00396545081864963));
#5730=CARTESIAN_POINT('',(-0.0367868889661096,-0.009,0.00296545081864962));
#5731=CARTESIAN_POINT('',(-0.0375144267343345,-0.009,0.00296545081864962));
#5732=CARTESIAN_POINT('',(-0.04,-0.009,0.00296545081864962));
#5733=CARTESIAN_POINT('',(-0.04,-0.009,0.00196545081864962));
#5734=CARTESIAN_POINT('',(-0.041,-0.009,0.00196545081864964));
#5735=CARTESIAN_POINT('',(-0.041,-0.009,0.00146299470425879));
#5736=CARTESIAN_POINT('',(-0.041,-0.009,-0.00203454918135037));
#5737=CARTESIAN_POINT('',(-0.04,-0.009,-0.0020345491813504));
#5738=CARTESIAN_POINT('',(-0.04,-0.009,-0.00303454918135037));
#5739=CARTESIAN_POINT('',(-0.0400755994214764,-0.009,-0.0030345491813504));
#5740=CARTESIAN_POINT('',(-0.0367793748302396,-0.009,-0.00303454918135037));
#5741=CARTESIAN_POINT('',(-0.0367793748302396,-0.009,-0.00403454918135033));
#5742=CARTESIAN_POINT('',(0.0247487373415292,-0.006,-0.0247487373415292));
#5743=CARTESIAN_POINT('',(0.0247487373415292,-0.041,-0.0247487373415292));
#5744=CARTESIAN_POINT('',(0.00871458252579234,-0.041,-0.050104326061671));
#5745=CARTESIAN_POINT('',(0.040782892157266,-0.041,-0.050104326061671));
#5746=CARTESIAN_POINT('',(0.00871458252579234,-0.006,-0.050104326061671));
#5747=CARTESIAN_POINT('',(0.00871458252579234,-0.006,-0.050104326061671));
#5748=CARTESIAN_POINT('',(0.0247487373415292,-0.006,-0.0247487373415292));
#5749=CARTESIAN_POINT('',(0.0192085151608008,-0.006,-0.0542327319519642));
#5750=CARTESIAN_POINT('',(0.0192085151608008,-0.006,-0.0542327319519642));
#5751=CARTESIAN_POINT('',(0.0293623613146469,-0.006,-0.0543918558319086));
#5752=CARTESIAN_POINT('',(0.0293623613146469,-0.006,-0.0543918558319086));
#5753=CARTESIAN_POINT('',(0.0247487373415292,-0.006,-0.0247487373415292));
#5754=CARTESIAN_POINT('',(0.040782892157266,-0.006,-0.050104326061671));
#5755=CARTESIAN_POINT('',(0.040782892157266,-0.006,-0.050104326061671));
#5756=CARTESIAN_POINT('',(0.0297468299790735,-0.006,-0.0568621157061069));
#5757=CARTESIAN_POINT('',(0.0272468299790734,-0.006,-0.0568621157061069));
#5758=CARTESIAN_POINT('',(0.0272468299790734,-0.006,-0.0568621157061069));
#5759=CARTESIAN_POINT('',(0.0297468299790735,-0.006,-0.0568621157061069));
#5760=CARTESIAN_POINT('',(0.0272468299790735,-0.006,-0.0597487373415292));
#5761=CARTESIAN_POINT('',(0.0272468299790734,-0.006,-0.0587487373415292));
#5762=CARTESIAN_POINT('',(0.0272468299790734,-0.006,-0.0587487373415291));
#5763=CARTESIAN_POINT('',(0.0272468299790735,-0.006,-0.0597487373415292));
#5764=CARTESIAN_POINT('',(0.0262468299790735,-0.006,-0.0587487373415291));
#5765=CARTESIAN_POINT('',(0.0262468299790734,-0.006,-0.0597487373415292));
#5766=CARTESIAN_POINT('',(0.0262468299790735,-0.006,-0.0597487373415291));
#5767=CARTESIAN_POINT('',(0.0262468299790735,-0.006,-0.0587487373415291));
#5768=CARTESIAN_POINT('',(0.0212468299790734,-0.006,-0.0597487373415291));
#5769=CARTESIAN_POINT('',(0.0222468299790734,-0.006,-0.0597487373415292));
#5770=CARTESIAN_POINT('',(0.0222468299790734,-0.006,-0.0597487373415291));
#5771=CARTESIAN_POINT('',(0.0212468299790734,-0.006,-0.0597487373415291));
#5772=CARTESIAN_POINT('',(0.036498203212705,-0.006,0.0183349834314623));
#5773=CARTESIAN_POINT('',(0.0367570222578076,-0.006,0.0173690576051731));
#5774=CARTESIAN_POINT('',(0.0367570222578076,-0.006,0.0173690576051731));
#5775=CARTESIAN_POINT('',(0.036498203212705,-0.006,0.0183349834314623));
#5776=CARTESIAN_POINT('',(0.0374641290389941,-0.006,0.0185938024765647));
#5777=CARTESIAN_POINT('',(0.0374641290389941,-0.006,0.0185938024765647));
#5778=CARTESIAN_POINT('',(0.0304470822055601,-0.006,0.0156783142638846));
#5779=CARTESIAN_POINT('',(0.0350469983576536,-0.006,0.016910858082089));
#5780=CARTESIAN_POINT('',(0.0350469983576536,-0.006,0.016910858082089));
#5781=CARTESIAN_POINT('',(0.0304470822055601,-0.006,0.0156783142638846));
#5782=CARTESIAN_POINT('',(0.0356940459704099,-0.006,0.0144960435163663));
#5783=CARTESIAN_POINT('',(0.0356356482271198,-0.006,0.0119967256687169));
#5784=CARTESIAN_POINT('',(0.0356356482271198,-0.006,0.0119967256687169));
#5785=CARTESIAN_POINT('',(0.0356940459704099,-0.006,0.0144960435163663));
#5786=CARTESIAN_POINT('',(-0.04,-0.006,0.00196545081864962));
#5787=CARTESIAN_POINT('',(-0.04,-0.006,0.00296545081864962));
#5788=CARTESIAN_POINT('',(-0.04,-0.006,0.00296545081864962));
#5789=CARTESIAN_POINT('',(-0.04,-0.006,0.00196545081864962));
#5790=CARTESIAN_POINT('',(-0.041,-0.006,0.00196545081864964));
#5791=CARTESIAN_POINT('',(-0.041,-0.006,0.00196545081864969));
#5792=CARTESIAN_POINT('',(-0.0358776546257161,-0.006,0.00296545081864963));
#5793=CARTESIAN_POINT('',(-0.0367868889661096,-0.006,0.00296545081864962));
#5794=CARTESIAN_POINT('',(-0.0367868889661096,-0.006,0.00296545081864962));
#5795=CARTESIAN_POINT('',(-0.0358776546257161,-0.006,0.00296545081864963));
#5796=CARTESIAN_POINT('',(-0.0367868889661095,-0.006,0.00396545081864963));
#5797=CARTESIAN_POINT('',(-0.0357926487237822,-0.006,0.0038582764721996));
#5798=CARTESIAN_POINT('',(-0.0357926487237822,-0.006,0.0038582764721996));
#5799=CARTESIAN_POINT('',(-0.0367868889661095,-0.006,0.00396545081864963));
#5800=CARTESIAN_POINT('',(0.,-0.006,0.));
#5801=CARTESIAN_POINT('',(-0.0297019627205252,-0.006,0.0203419126570863));
#5802=CARTESIAN_POINT('',(-0.0297019627205252,-0.006,0.0203419126570863));
#5803=CARTESIAN_POINT('',(0.,-0.006,0.));
#5804=CARTESIAN_POINT('',(0.,-0.041,0.));
#5805=CARTESIAN_POINT('',(0.0323352236379858,-0.006,0.0237111132113391));
#5806=CARTESIAN_POINT('',(0.0322274331351396,-0.006,0.022716939580882));
#5807=CARTESIAN_POINT('',(0.0322274331351396,-0.006,0.022716939580882));
#5808=CARTESIAN_POINT('',(0.0323352236379858,-0.006,0.0237111132113391));
#5809=CARTESIAN_POINT('',(0.0318002083404918,-0.006,0.0245559555821086));
#5810=CARTESIAN_POINT('',(0.0318002083404918,-0.006,0.0245559555821086));
#5811=CARTESIAN_POINT('',(0.0289913780286484,-0.006,0.0289913780286485));
#5812=CARTESIAN_POINT('',(0.0289913780286484,-0.006,0.0289913780286485));
#5813=CARTESIAN_POINT('',(0.0240890075928026,-0.006,0.0308700116038155));
#5814=CARTESIAN_POINT('',(0.0240890075928026,-0.006,0.0308700116038155));
#5815=CARTESIAN_POINT('',(0.0353553390593274,-0.041,2.22044604925031E-18));
#5816=CARTESIAN_POINT('',(0.,-0.041,0.));
#5817=CARTESIAN_POINT('',(0.000707106781186546,-0.041,-0.0487903679018718));
#5818=CARTESIAN_POINT('',(0.00515463756560505,-0.041,-0.0510749838261902));
#5819=CARTESIAN_POINT('',(0.00737840295781435,-0.041,-0.0522172917883496));
#5820=CARTESIAN_POINT('',(0.042119071725244,-0.041,-0.0522172917883495));
#5821=CARTESIAN_POINT('',(0.0443428371174533,-0.041,-0.0510749838261902));
#5822=CARTESIAN_POINT('',(0.0487903679018718,-0.041,-0.0487903679018718));
#5823=CARTESIAN_POINT('',(0.0242468299790734,-0.006,-0.0571461921981883));
#5824=CARTESIAN_POINT('',(-0.0367793748302396,-0.006,-0.00403454918135033));
#5825=CARTESIAN_POINT('',(-0.0367793748302396,-0.006,-0.00303454918135037));
#5826=CARTESIAN_POINT('',(-0.041,-0.006,-0.0030345491813504));
#5827=CARTESIAN_POINT('',(-0.04,-0.006,-0.00303454918135037));
#5828=CARTESIAN_POINT('',(-0.04,-0.006,-0.0020345491813504));
#5829=CARTESIAN_POINT('',(-0.041,-0.006,-0.00203454918135037));
#5830=CARTESIAN_POINT('',(-0.041,-0.006,0.00296545081864962));
#5831=CARTESIAN_POINT('',(-0.0317645990205617,-0.006,0.0217545454804951));
#5832=CARTESIAN_POINT('',(0.,-0.006,0.));
#5833=CARTESIAN_POINT('',(0.0203419126570863,-0.006,0.0297019627205252));
#5834=CARTESIAN_POINT('',(0.0217545454804951,-0.006,0.0317645990205617));
#5835=CARTESIAN_POINT('',(0.0327663856493706,-0.006,0.0276878077331673));
#5836=CARTESIAN_POINT('',(0.0340604808748832,-0.006,0.022858178601722));
#5837=CARTESIAN_POINT('',(0.0361700338134815,-0.006,0.0234234316080101));
#5838=CARTESIAN_POINT('',(0.0352041079871924,-0.006,0.0231646125629076));
#5839=CARTESIAN_POINT('',(0.0354629270322949,-0.006,0.0221986867366185));
#5840=CARTESIAN_POINT('',(0.036428852858584,-0.006,0.022457505781721));
#5841=CARTESIAN_POINT('',(0.0377229480840966,-0.006,0.0176278766502756));
#5842=CARTESIAN_POINT('',(0.0353553390593274,-0.006,2.22044604925031E-18));
#5843=CARTESIAN_POINT('',(0.0459679866811489,-0.006,0.00560104547875187));
#5844=CARTESIAN_POINT('',(0.048178954935695,-0.006,0.00676792995349179));
#5845=CARTESIAN_POINT('',(0.0483827592577539,-0.006,0.00427625104193235));
#5846=CARTESIAN_POINT('',(0.0487903679018718,-0.006,-0.000707106781186537));
#5847=CARTESIAN_POINT('',(0.0530716484566014,-0.006,-0.00328986437950944));
#5848=CARTESIAN_POINT('',(0.0552122887339662,-0.006,-0.00458124317867075));
#5849=CARTESIAN_POINT('',(0.0534445217809998,-0.006,-0.00634901013163713));
#5850=CARTESIAN_POINT('',(0.0553328966420466,-0.006,-0.00823738499268392));
#5851=CARTESIAN_POINT('',(0.0546257898608601,-0.006,-0.00753027821149737));
#5852=CARTESIAN_POINT('',(0.0539186830796735,-0.006,-0.00823738499268392));
#5853=CARTESIAN_POINT('',(0.0546257898608601,-0.006,-0.00894449177387049));
#5854=CARTESIAN_POINT('',(0.0517973627361139,-0.006,-0.0117729188986167));
#5855=CARTESIAN_POINT('',(0.0530127545094551,-0.006,-0.0105575271252755));
#5856=CARTESIAN_POINT('',(0.0547805214624214,-0.006,-0.0123252940782418));
#5857=CARTESIAN_POINT('',(0.0524703842223529,-0.006,-0.0132809435600332));
#5858=CARTESIAN_POINT('',(0.0247487373415292,-0.006,-0.0247487373415292));
#5859=CARTESIAN_POINT('',(0.0501043260616711,-0.006,-0.040782892157266));
#5860=CARTESIAN_POINT('',(0.0522172917883495,-0.006,-0.042119071725244));
#5861=CARTESIAN_POINT('',(0.0510749838261903,-0.006,-0.0443428371174533));
#5862=CARTESIAN_POINT('',(0.0487903679018718,-0.006,-0.0487903679018718));
#5863=CARTESIAN_POINT('',(0.0443428371174533,-0.006,-0.0510749838261902));
#5864=CARTESIAN_POINT('',(0.042119071725244,-0.006,-0.0522172917883495));
#5865=CARTESIAN_POINT('',(0.0222468299790734,-0.006,-0.0587487373415291));
#5866=CARTESIAN_POINT('',(0.0212468299790734,-0.006,-0.0587487373415291));
#5867=CARTESIAN_POINT('',(0.0212468299790734,-0.006,-0.0545436470548472));
#5868=CARTESIAN_POINT('',(0.0212468299790734,-0.006,-0.0566897315028339));
#5869=CARTESIAN_POINT('',(0.0187468299790735,-0.006,-0.0566897315028339));
#5870=CARTESIAN_POINT('',(0.00737840295781435,-0.006,-0.0522172917883496));
#5871=CARTESIAN_POINT('',(0.00515463756560505,-0.006,-0.0510749838261902));
#5872=CARTESIAN_POINT('',(0.000707106781186546,-0.006,-0.0487903679018718));
#5873=CARTESIAN_POINT('',(-0.0015775091431319,-0.006,-0.0443428371174533));
#5874=CARTESIAN_POINT('',(-0.00271981710529116,-0.006,-0.0421190717252441));
#5875=CARTESIAN_POINT('',(-0.000606851378612707,-0.006,-0.040782892157266));
#5876=CARTESIAN_POINT('',(0.0247487373415292,-0.006,-0.0247487373415292));
#5877=CARTESIAN_POINT('',(-0.00256338847501111,-0.006,-0.0371603360855055));
#5878=CARTESIAN_POINT('',(-0.00483939895972278,-0.006,-0.0381946359808368));
#5879=CARTESIAN_POINT('',(-0.00452515227402654,-0.006,-0.03571446481325));
#5880=CARTESIAN_POINT('',(0.,-0.006,0.));
#5881=CARTESIAN_POINT('',(-0.035237644537048,-0.006,-0.0244037147120955));
#5882=CARTESIAN_POINT('',(-0.0334698775840817,-0.006,-0.0226359477591291));
#5883=CARTESIAN_POINT('',(-0.0347704270928776,-0.006,-0.0213353982503332));
#5884=CARTESIAN_POINT('',(0.0360624458405139,-0.006,-0.0134350288425444));
#5885=CARTESIAN_POINT('',(0.0360624458405139,-0.006,-0.0134350288425444));
#5886=CARTESIAN_POINT('',(0.0148492424049175,-0.006,0.0148492424049175));
#5887=CARTESIAN_POINT('',(0.,-0.006,0.));
#5888=CARTESIAN_POINT('',(-0.0148492424049175,-0.006,-0.0148492424049175));
#5889=CARTESIAN_POINT('',(-0.0148492424049175,-0.006,-0.0148492424049175));
#5890=CARTESIAN_POINT('',(0.0134350288425444,-0.006,-0.0360624458405139));
#5891=CARTESIAN_POINT('',(0.0247487373415292,-0.006,-0.0247487373415292));
#5892=CARTESIAN_POINT('',(-0.0367793748302396,-0.006,-0.00403454918135033));
#5893=CARTESIAN_POINT('',(-0.0367793748302396,-0.006,-0.0030345491813504));
#5894=CARTESIAN_POINT('',(-0.041,-0.006,-0.0030345491813504));
#5895=CARTESIAN_POINT('',(-0.04,-0.006,-0.00303454918135032));
#5896=CARTESIAN_POINT('',(-0.04,-0.006,-0.0020345491813504));
#5897=CARTESIAN_POINT('',(-0.041,-0.006,-0.00203454918135032));
#5898=CARTESIAN_POINT('',(0.0222468299790734,-0.006,-0.0587487373415291));
#5899=CARTESIAN_POINT('',(0.0212468299790734,-0.006,-0.0587487373415292));
#5900=CARTESIAN_POINT('',(0.0539186830796735,-0.006,-0.00823738499268392));
#5901=CARTESIAN_POINT('',(0.0546257898608601,-0.006,-0.00894449177387047));
#5902=CARTESIAN_POINT('',(0.0546257898608601,-0.006,-0.00753027821149737));
#5903=CARTESIAN_POINT('',(0.0553328966420466,-0.006,-0.00823738499268392));
#5904=CARTESIAN_POINT('',(0.0534445217809998,-0.006,-0.00634901013163712));
#5905=CARTESIAN_POINT('',(0.0354629270322949,-0.006,0.0221986867366185));
#5906=CARTESIAN_POINT('',(0.036428852858584,-0.006,0.022457505781721));
#5907=CARTESIAN_POINT('',(0.0352041079871924,-0.006,0.0231646125629076));
#5908=CARTESIAN_POINT('',(0.0377229480840966,-0.006,0.0176278766502756));
#5909=CARTESIAN_POINT('',(0.0327663856493706,-0.006,0.0276878077331673));
#5910=CARTESIAN_POINT('',(0.0340604808748832,-0.006,0.022858178601722));
#5911=CARTESIAN_POINT('',(0.0217545454804951,-0.006,0.0317645990205617));
#5912=CARTESIAN_POINT('',(0.0203419126570863,-0.006,0.0297019627205252));
#5913=CARTESIAN_POINT('',(0.,-0.006,0.));
#5914=CARTESIAN_POINT('',(0.048178954935695,-0.006,0.00676792995349179));
#5915=CARTESIAN_POINT('',(0.0483827592577539,-0.006,0.00427625104193235));
#5916=CARTESIAN_POINT('',(0.0459679866811489,-0.006,0.0056010454787518));
#5917=CARTESIAN_POINT('',(0.0487903679018718,-0.006,-0.000707106781186537));
#5918=CARTESIAN_POINT('',(0.0530716484566014,-0.006,-0.00328986437950944));
#5919=CARTESIAN_POINT('',(0.0552122887339662,-0.006,-0.00458124317867075));
#5920=CARTESIAN_POINT('',(0.0547805214624214,-0.006,-0.0123252940782418));
#5921=CARTESIAN_POINT('',(0.0530127545094551,-0.006,-0.0105575271252755));
#5922=CARTESIAN_POINT('',(0.0524703842223529,-0.006,-0.0132809435600332));
#5923=CARTESIAN_POINT('',(0.0517973627361139,-0.006,-0.0117729188986167));
#5924=CARTESIAN_POINT('',(0.0522172917883495,-0.006,-0.042119071725244));
#5925=CARTESIAN_POINT('',(0.0501043260616711,-0.006,-0.040782892157266));
#5926=CARTESIAN_POINT('',(0.0510749838261903,-0.006,-0.0443428371174533));
#5927=CARTESIAN_POINT('',(0.0247487373415292,-0.006,-0.0247487373415292));
#5928=CARTESIAN_POINT('',(0.042119071725244,-0.006,-0.0522172917883495));
#5929=CARTESIAN_POINT('',(0.0443428371174533,-0.006,-0.0510749838261902));
#5930=CARTESIAN_POINT('',(0.0187468299790735,-0.006,-0.0566897315028339));
#5931=CARTESIAN_POINT('',(0.0212468299790734,-0.006,-0.0566897315028338));
#5932=CARTESIAN_POINT('',(0.0212468299790734,-0.006,-0.0545436470548472));
#5933=CARTESIAN_POINT('',(0.00737840295781435,-0.006,-0.0522172917883496));
#5934=CARTESIAN_POINT('',(0.00515463756560505,-0.006,-0.0510749838261902));
#5935=CARTESIAN_POINT('',(-0.00271981710529116,-0.006,-0.0421190717252441));
#5936=CARTESIAN_POINT('',(-0.000606851378612707,-0.006,-0.040782892157266));
#5937=CARTESIAN_POINT('',(-0.0015775091431319,-0.006,-0.0443428371174533));
#5938=CARTESIAN_POINT('',(0.0247487373415292,-0.006,-0.0247487373415292));
#5939=CARTESIAN_POINT('',(-0.00256338847501111,-0.006,-0.0371603360855055));
#5940=CARTESIAN_POINT('',(-0.00483939895972278,-0.006,-0.0381946359808368));
#5941=CARTESIAN_POINT('',(-0.00452515227402654,-0.006,-0.03571446481325));
#5942=CARTESIAN_POINT('',(0.,-0.006,0.));
#5943=CARTESIAN_POINT('',(-0.035237644537048,-0.006,-0.0244037147120955));
#5944=CARTESIAN_POINT('',(-0.0334698775840817,-0.006,-0.0226359477591291));
#5945=CARTESIAN_POINT('',(-0.0317645990205617,-0.006,0.0217545454804951));
#5946=CARTESIAN_POINT('',(-0.0347704270928776,-0.006,-0.0213353982503332));
#5947=CARTESIAN_POINT('',(0.0353553390593274,-0.006,2.22044604925031E-18));
#5948=CARTESIAN_POINT('',(0.0487903679018718,-0.006,-0.0487903679018718));
#5949=CARTESIAN_POINT('',(0.000707106781186546,-0.006,-0.0487903679018718));
#5950=CARTESIAN_POINT('',(0.0361700338134815,-0.006,0.0234234316080101));
#5951=CARTESIAN_POINT('',(-0.041,-0.006,0.00296545081864962));
#5952=CARTESIAN_POINT('',(0.0360624458405139,-0.003,-0.0134350288425444));
#5953=CARTESIAN_POINT('',(0.0360624458405139,-0.003,-0.0134350288425444));
#5954=CARTESIAN_POINT('',(0.0360624458405139,-0.003,-0.0134350288425444));
#5955=CARTESIAN_POINT('',(0.0184130605820978,-0.003,0.0100974848353438));
#5956=CARTESIAN_POINT('',(0.0263467986670108,-0.003,-0.000480832611206852));
#5957=CARTESIAN_POINT('',(0.0148492424049175,-0.003,0.0148492424049175));
#5958=CARTESIAN_POINT('',(0.0148492424049175,-0.003,0.0148492424049175));
#5959=CARTESIAN_POINT('',(0.0360624458405139,-0.003,-0.0134350288425444));
#5960=CARTESIAN_POINT('',(0.0247487373415292,-0.003,-0.0247487373415292));
#5961=CARTESIAN_POINT('',(0.0247487373415292,-0.003,-0.0247487373415292));
#5962=CARTESIAN_POINT('',(0.0134350288425444,-0.003,-0.0360624458405139));
#5963=CARTESIAN_POINT('',(0.0134350288425444,-0.003,-0.0360624458405139));
#5964=CARTESIAN_POINT('',(-0.0148492424049175,-0.003,-0.0148492424049175));
#5965=CARTESIAN_POINT('',(-0.0136613030125241,-0.003,-0.0157401969492125));
#5966=CARTESIAN_POINT('',(-0.0100974848353438,-0.003,-0.0184130605820978));
#5967=CARTESIAN_POINT('',(-0.0148492424049176,-0.003,-0.0148492424049174));
#5968=CARTESIAN_POINT('',(-0.0148492424049175,-0.003,-0.0148492424049175));
#5969=CARTESIAN_POINT('',(-0.0148492424049175,-0.003,-0.0148492424049175));
#5970=CARTESIAN_POINT('',(0.0102082648749065,-0.003,-0.0102082648749065));
#5971=CARTESIAN_POINT('',(0.,-0.003,0.));
#5972=CARTESIAN_POINT('',(0.0102082648749065,-0.003,-0.0102082648749065));
#5973=CARTESIAN_POINT('',(0.,-0.003,0.));
#5974=CARTESIAN_POINT('',(0.0102082648749065,-0.003,-0.0102082648749065));
#5975=CARTESIAN_POINT('',(0.,-0.003,0.));
#5976=CARTESIAN_POINT('',(0.,0.002,0.));
#5977=CARTESIAN_POINT('',(-0.00774493128316064,0.002,-0.00350229059604135));
#5978=CARTESIAN_POINT('',(-0.00774493128316064,0.00145748465233737,-0.00350229059604135));
#5979=CARTESIAN_POINT('',(-0.00809567341605379,0.00041170400469898,-0.0038530327289345));
#5980=CARTESIAN_POINT('',(-0.00885335991738909,-3.58702927868425E-19,-0.0046107192302698));
#5981=CARTESIAN_POINT('',(-0.0092364450789385,1.39707189410169E-19,-0.00499380439181921));
#5982=CARTESIAN_POINT('',(-0.00774493128316064,0.002,-0.00350229059604135));
#5983=CARTESIAN_POINT('',(-0.0092364450789385,6.98535947050859E-20,-0.00499380439181921));
#5984=CARTESIAN_POINT('',(0.,0.,0.));
#5985=CARTESIAN_POINT('',(-0.00499380439181921,0.,-0.0092364450789385));
#5986=CARTESIAN_POINT('',(-0.00499380439181921,1.15029175194066E-33,-0.0092364450789385));
#5987=CARTESIAN_POINT('',(-0.00461036680024183,-4.98868643760965E-19,-0.00885300748736112));
#5988=CARTESIAN_POINT('',(-0.00385443201896214,0.000410405579820626,-0.00809707270608143));
#5989=CARTESIAN_POINT('',(-0.00350229059604135,0.00145688875421504,-0.00774493128316064));
#5990=CARTESIAN_POINT('',(-0.00350229059604135,0.002,-0.00774493128316064));
#5991=CARTESIAN_POINT('',(-0.00350229059604135,0.002,-0.00774493128316064));
#5992=CARTESIAN_POINT('',(0.,0.002,0.));
#5993=CARTESIAN_POINT('',(-6.49984360217013E-19,0.,-6.49984360217013E-19));
#5994=CARTESIAN_POINT('',(0.,0.,0.));
#5995=CARTESIAN_POINT('',(-0.0148492424049175,0.,-0.0148492424049175));
#5996=CARTESIAN_POINT('',(-0.00350229059604135,0.,-0.00774493128316064));
#5997=CARTESIAN_POINT('',(-0.00141421356237309,0.,-0.00565685424949238));
#5998=CARTESIAN_POINT('',(-0.00565685424949238,0.,-0.00141421356237309));
#5999=CARTESIAN_POINT('',(-0.00565685424949238,0.,-0.00141421356237309));
#6000=CARTESIAN_POINT('',(-0.00141421356237309,0.,-0.00565685424949238));
#6001=CARTESIAN_POINT('',(0.,0.,0.));
#6002=CARTESIAN_POINT('',(-0.00350229059604135,0.,-0.00774493128316064));
#6003=CARTESIAN_POINT('',(-0.00141421356237309,0.,-0.00565685424949238));
#6004=CARTESIAN_POINT('',(-0.00141421356237309,0.046,-0.00565685424949238));
#6005=CARTESIAN_POINT('',(-0.00350229059604135,0.046,-0.00774493128316064));
#6006=CARTESIAN_POINT('',(-0.00350229059604135,0.046,-0.00774493128316064));
#6007=CARTESIAN_POINT('',(-0.00350229059604135,0.,-0.00774493128316064));
#6008=CARTESIAN_POINT('',(0.,0.,0.));
#6009=CARTESIAN_POINT('',(0.,0.046,0.));
#6010=CARTESIAN_POINT('',(-0.00774493128316064,0.046,-0.00350229059604135));
#6011=CARTESIAN_POINT('',(-0.00774493128316064,0.,-0.00350229059604135));
#6012=CARTESIAN_POINT('',(-0.00565685424949238,0.,-0.00141421356237309));
#6013=CARTESIAN_POINT('',(-0.00565685424949238,0.046,-0.00141421356237309));
#6014=CARTESIAN_POINT('',(-0.00565685424949238,0.046,-0.00141421356237309));
#6015=CARTESIAN_POINT('',(-0.00565685424949238,0.,-0.00141421356237309));
#6016=CARTESIAN_POINT('',(-0.00141421356237309,0.,-0.00565685424949238));
#6017=CARTESIAN_POINT('',(-0.00141421356237309,0.046,-0.00565685424949238));
#6018=CARTESIAN_POINT('',(-0.000447893004376193,0.046,-0.000447893004376189));
#6019=MECHANICAL_DESIGN_GEOMETRIC_PRESENTATION_REPRESENTATION('',(#2969,
#2668,#2669,#2670,#2671,#2672,#2673,#2674,#2675,#2676,#2677,#2678,#2679,
#2680,#2681,#2682,#2683,#2684,#2685,#2686,#2687,#2688,#2689,#2690,#2691,
#2692,#2693,#2694,#2695,#2696,#2697,#2698,#2699,#2700,#2701,#2702,#2703,
#2704,#2705,#2706,#2707,#2708,#2709,#2710,#2711,#2712,#2713,#2714,#2715,
#2716,#2717,#2718,#2719,#2720,#2721,#2722,#2723,#2724,#2725,#2726,#2727,
#2728,#2729,#2730,#2731,#2732,#2733,#2734,#2735,#2736,#2737,#2738,#2739,
#2740,#2741,#2742,#2743,#2744,#2745,#2746,#2747,#2748,#2749,#2750,#2751,
#2752,#2753,#2754,#2755,#2756,#2757,#2758,#2759,#2760,#2761,#2762,#2763,
#2764,#2765,#2766,#2767,#2768,#2769,#2770,#2771,#2772,#2773,#2774,#2775,
#2776,#2777,#2778,#2779,#2780,#2781,#2782,#2783,#2784,#2785,#2786,#2787,
#2788,#2789,#2790,#2791,#2792,#2793,#2794,#2795,#2796,#2797,#2798,#2799,
#2800,#2801,#2802,#2803,#2804,#2805,#2806,#2807,#2808,#2809,#2810,#2811,
#2812,#2813,#2814,#2815),#6020);
#6020=(
GEOMETRIC_REPRESENTATION_CONTEXT(3)
GLOBAL_UNCERTAINTY_ASSIGNED_CONTEXT((#6021))
GLOBAL_UNIT_ASSIGNED_CONTEXT((#6024,#6023,#6022))
REPRESENTATION_CONTEXT('Wheelchair Motor 24V','TOP_LEVEL_ASSEMBLY_PART')
);
#6021=UNCERTAINTY_MEASURE_WITH_UNIT(LENGTH_MEASURE(2.E-5),#6024,
'DISTANCE_ACCURACY_VALUE','Maximum Tolerance applied to model');
#6022=(
NAMED_UNIT(*)
SI_UNIT($,.STERADIAN.)
SOLID_ANGLE_UNIT()
);
#6023=(
NAMED_UNIT(*)
PLANE_ANGLE_UNIT()
SI_UNIT($,.RADIAN.)
);
#6024=(
LENGTH_UNIT()
NAMED_UNIT(*)
SI_UNIT($,.METRE.)
);
#6025=PRODUCT_DEFINITION_SHAPE('','',#6026);
#6026=PRODUCT_DEFINITION('','',#6028,#6027);
#6027=PRODUCT_DEFINITION_CONTEXT('',#6034,'design');
#6028=PRODUCT_DEFINITION_FORMATION_WITH_SPECIFIED_SOURCE('','',#6030,
 .NOT_KNOWN.);
#6029=PRODUCT_RELATED_PRODUCT_CATEGORY('','',(#6030));
#6030=PRODUCT('Wheelchair Motor 24V','Wheelchair Motor 24V',
'Wheelchair Motor 24V',(#6032));
#6031=PRODUCT_CATEGORY('','');
#6032=PRODUCT_CONTEXT('',#6034,'mechanical');
#6033=APPLICATION_PROTOCOL_DEFINITION('international standard',
'ap242_managed_model_based_3d_engineering',2020,#6034);
#6034=APPLICATION_CONTEXT('managed model based 3d engineering');
ENDSEC;
END-ISO-10303-21;
