<?xml version="1.0" encoding="utf-8"?>
<COLLADA xmlns="http://www.collada.org/2005/11/COLLADASchema" version="1.4.1">
  <asset><unit name="meter" meter="1"/><up_axis>Z_UP</up_axis></asset>
  <library_images><image id="farm_unknown_weed_image"><init_from>../unknown_weed/materials/textures/unknown_weed.png</init_from></image></library_images>
  <library_effects>
    <effect id="farm_unknown_weed_effect">
      <profile_COMMON>
        <newparam sid="farm_unknown_weed_surface"><surface type="2D"><init_from>farm_unknown_weed_image</init_from></surface></newparam><newparam sid="farm_unknown_weed_sampler"><sampler2D><source>farm_unknown_weed_surface</source><wrap_s>WRAP</wrap_s><wrap_t>WRAP</wrap_t></sampler2D></newparam>
        <technique sid="common"><lambert><diffuse><texture texture="farm_unknown_weed_sampler" texcoord="UVSET0"/></diffuse></lambert></technique>
      </profile_COMMON>
    </effect>
  </library_effects>
  <library_materials>
    <material id="farm_unknown_weed_material"><instance_effect url="#farm_unknown_weed_effect"/></material>
  </library_materials>
  <library_geometries>
    <geometry id="farm_unknown_weed_geometry">
      <mesh>
        <source id="farm_unknown_weed_positions">
          <float_array id="farm_unknown_weed_positions_array" count="30780">19.0706 -3.40048 0.15501 19.0771 -3.47152 0.130508 19.1404 -3.48237 0.132019 19.0706 -3.40048 0.15501 19.1404 -3.48237 0.132019 19.1728 -3.40927 0.159329 19.1265 -3.03757 0.105659 19.1193 -3.10539 0.150696 19.1604 -3.10755 0.147552 19.1265 -3.03757 0.105659 19.1604 -3.10755 0.147552 19.1487 -3.03942 0.102786 19.1193 -3.10539 0.150696 19.0872 -3.1938 0.176626 19.19 -3.19249 0.173037 19.1193 -3.10539 0.150696 19.19 -3.19249 0.173037 19.1604 -3.10755 0.147552 19.0872 -3.1938 0.176626 19.0712 -3.30697 0.175392 19.189 -3.30185 0.178924 19.0872 -3.1938 0.176626 19.189 -3.30185 0.178924 19.19 -3.19249 0.173037 19.0771 -3.47152 0.130508 19.0908 -3.54453 0.0989992 19.1404 -3.48237 0.132019 19.0712 -3.30697 0.175392 19.0706 -3.40048 0.15501 19.1728 -3.40927 0.159329 19.0712 -3.30697 0.175392 19.1728 -3.40927 0.159329 19.189 -3.30185 0.178924 19.1179 -2.978 0.0113881 19.1265 -3.03757 0.105659 19.1487 -3.03942 0.102786 19.1179 -2.978 0.0113881 19.1487 -3.03942 0.102786 19.1373 -2.98124 0.0068215 18.9361 -3.17253 0.174429 18.8766 -3.10817 0.180923 18.7949 -3.1854 0.174284 18.9361 -3.17253 0.174429 18.7949 -3.1854 0.174284 18.8542 -3.23754 0.170258 19.141 -2.98551 0.00897252 19.1287 -2.97048 0.0101352 19.0534 -2.9992 0.107019 19.141 -2.98551 0.00897252 19.0534 -2.9992 0.107019 19.0761 -3.02426 0.103517 19.0761 -3.02426 0.103517 19.0534 -2.9992 0.107019 18.9678 -3.04076 0.158664 19.0761 -3.02426 0.103517 18.9678 -3.04076 0.158664 19.0156 -3.10086 0.154 19.0156 -3.10086 0.154 18.9678 -3.04076 0.158664 18.8766 -3.10817 0.180923 19.0156 -3.10086 0.154 18.8766 -3.10817 0.180923 18.9361 -3.17253 0.174429 18.8542 -3.23754 0.170258 18.7949 -3.1854 0.174284 18.7597 -3.2726 0.152835 18.874 -2.69207 0.199342 18.8164 -2.65122 0.184288 18.7696 -2.69119 0.185165 18.874 -2.69207 0.199342 18.7696 -2.69119 0.185165 18.805 -2.7621 0.20151 19.1011 -2.94889 0.107891 19.0592 -2.90684 0.158903 19.0321 -2.93529 0.15498 19.1011 -2.94889 0.107891 19.0321 -2.93529 0.15498 19.0858 -2.96376 0.104735 19.0592 -2.90684 0.158903 19.0163 -2.83201 0.194932 18.9537 -2.90785 0.188377 19.0592 -2.90684 0.158903 18.9537 -2.90785 0.188377 19.0321 -2.93529 0.15498 19.0163 -2.83201 0.194932 18.9434 -2.75135 0.207619 18.8749 -2.84123 0.206938 19.0163 -2.83201 0.194932 18.8749 -2.84123 0.206938 18.9537 -2.90785 0.188377 18.8164 -2.65122 0.184288 18.7524 -2.61376 0.162602 18.7696 -2.69119 0.185165 18.9434 -2.75135 0.207619 18.874 -2.69207 0.199342 18.805 -2.7621 0.20151 18.9434 -2.75135 0.207619 18.805 -2.7621 0.20151 18.8749 -2.84123 0.206938 19.1431 -2.96954 0.0115501 19.1011 -2.94889 0.107891 19.0858 -2.96376 0.104735 19.1431 -2.96954 0.0115501 19.0858 -2.96376 0.104735 19.1284 -2.98138 0.00703136 19.5188 -3.12899 0.212813 19.5936 -3.14019 0.196692 19.619 -3.07939 0.197632 19.5188 -3.12899 0.212813 19.619 -3.07939 0.197632 19.5509 -3.02872 0.215136 19.1777 -2.99324 0.114881 19.2381 -3.0132 0.169509 19.2502 -2.97294 0.165307 19.1777 -2.99324 0.114881 19.2502 -2.97294 0.165307 19.1851 -2.97168 0.1115 19.2381 -3.0132 0.169509 19.3152 -3.06399 0.208091 19.3384 -2.96129 0.201072 19.2381 -3.0132 0.169509 19.3384 -2.96129 0.201072 19.2502 -2.97294 0.165307 19.3152 -3.06399 0.208091 19.4238 -3.10587 0.221677 19.4459 -2.98686 0.220948 19.3152 -3.06399 0.208091 19.4459 -2.98686 0.220948 19.3384 -2.96129 0.201072 19.5936 -3.14019 0.196692 19.6729 -3.14506 0.173469 19.619 -3.07939 0.197632 19.4238 -3.10587 0.221677 19.5188 -3.12899 0.212813 19.5509 -3.02872 0.215136 19.4238 -3.10587 0.221677 19.5509 -3.02872 0.215136 19.4459 -2.98686 0.220948 19.1276 -2.9938 0.0117101 19.1777 -2.99324 0.114881 19.1851 -2.97168 0.1115 19.1276 -2.9938 0.0117101 19.1851 -2.97168 0.1115 19.1359 -2.9754 0.00687133 19.4021 -2.61299 0.232822 19.4354 -2.53687 0.215116 19.3783 -2.49252 0.216149 19.4021 -2.61299 0.232822 19.3783 -2.49252 0.216149 19.305 -2.55016 0.235373 19.1603 -2.93565 0.125262 19.1988 -2.87739 0.18526 19.1596 -2.85301 0.180646 19.1603 -2.93565 0.125262 19.1596 -2.85301 0.180646 19.1396 -2.92166 0.12155 19.1988 -2.87739 0.18526 19.2748 -2.8102 0.227636 19.1725 -2.75618 0.219927 19.1988 -2.87739 0.18526 19.1725 -2.75618 0.219927 19.1596 -2.85301 0.180646 19.2748 -2.8102 0.227636 19.3503 -2.70705 0.242557 19.2305 -2.6495 0.241757 19.2748 -2.8102 0.227636 19.2305 -2.6495 0.241757 19.1725 -2.75618 0.219927 19.4354 -2.53687 0.215116 19.4633 -2.45423 0.18961 19.3783 -2.49252 0.216149 19.3503 -2.70705 0.242557 19.4021 -2.61299 0.232822 19.305 -2.55016 0.235373 19.3503 -2.70705 0.242557 19.305 -2.55016 0.235373 19.2305 -2.6495 0.241757 19.1465 -2.98894 0.0119483 19.1603 -2.93565 0.125262 19.1396 -2.92166 0.12155 19.1465 -2.98894 0.0119483 19.1396 -2.92166 0.12155 19.1294 -2.97487 0.00663313 18.977 -2.7555 0.178652 19.047 -2.70239 0.175856 18.9774 -2.61388 0.17118 18.977 -2.7555 0.178652 18.9774 -2.61388 0.17118 18.9199 -2.6679 0.175338 19.1278 -2.98599 0.00989416 19.1439 -2.97523 0.00898665 19.1316 -2.89253 0.103337 19.1278 -2.98599 0.00989416 19.1316 -2.89253 0.103337 19.1043 -2.91288 0.103434 19.1043 -2.91288 0.103434 19.1316 -2.89253 0.103337 19.1032 -2.80073 0.153228 19.1043 -2.91288 0.103434 19.1032 -2.80073 0.153228 19.0387 -2.84256 0.156768 19.0387 -2.84256 0.156768 19.1032 -2.80073 0.153228 19.047 -2.70239 0.175856 19.0387 -2.84256 0.156768 19.047 -2.70239 0.175856 18.977 -2.7555 0.178652 18.9199 -2.6679 0.175338 18.9774 -2.61388 0.17118 18.8923 -2.57145 0.155451 19.3453 -3.13789 0.193921 19.2952 -3.21005 0.191807 19.3886 -3.27291 0.193485 19.3453 -3.13789 0.193921 19.3886 -3.27291 0.193485 19.4266 -3.20365 0.196568 19.1383 -2.97181 0.00976142 19.1263 -2.98706 0.00893769 19.1594 -3.05821 0.10759 19.1383 -2.97181 0.00976142 19.1594 -3.05821 0.10759 19.1791 -3.03045 0.107441 19.1791 -3.03045 0.107441 19.1594 -3.05821 0.10759 19.2125 -3.1348 0.162755 19.1791 -3.03045 0.107441 19.2125 -3.1348 0.162755 19.2608 -3.07501 0.166018 19.2608 -3.07501 0.166018 19.2125 -3.1348 0.162755 19.2952 -3.21005 0.191807 19.2608 -3.07501 0.166018 19.2952 -3.21005 0.191807 19.3453 -3.13789 0.193921 19.4266 -3.20365 0.196568 19.3886 -3.27291 0.193485 19.4833 -3.28759 0.182279 18.535 -2.88123 0.307032 18.4245 -2.88769 0.283449 18.4064 -2.98236 0.284823 18.535 -2.88123 0.307032 18.4064 -2.98236 0.284823 18.5191 -3.03446 0.310431 19.0641 -2.9731 0.163762 18.9717 -2.96266 0.24368 18.9665 -3.02393 0.237534 19.0641 -2.9731 0.163762 18.9665 -3.02393 0.237534 19.0601 -3.00617 0.158818 18.9717 -2.96266 0.24368 18.846 -2.91311 0.300125 18.8437 -3.06712 0.289856 18.9717 -2.96266 0.24368 18.8437 -3.06712 0.289856 18.9665 -3.02393 0.237534 18.846 -2.91311 0.300125 18.6779 -2.88579 0.32 18.6821 -3.06282 0.318934 18.846 -2.91311 0.300125 18.6821 -3.06282 0.318934 18.8437 -3.06712 0.289856 18.4245 -2.88769 0.283449 18.3096 -2.90453 0.249474 18.4064 -2.98236 0.284823 18.6779 -2.88579 0.32 18.535 -2.88123 0.307032 18.5191 -3.03446 0.310431 18.6779 -2.88579 0.32 18.5191 -3.03446 0.310431 18.6821 -3.06282 0.318934 19.1357 -2.95724 0.0128304 19.0641 -2.9731 0.163762 19.0601 -3.00617 0.158818 19.1357 -2.95724 0.0128304 19.0601 -3.00617 0.158818 19.1294 -2.98606 0.00575105 19.4395 -2.71515 0.26811 19.5659 -2.80889 0.214363 19.6608 -2.67555 0.244958 19.4395 -2.71515 0.26811 19.6608 -2.67555 0.244958 19.5596 -2.60312 0.28239 19.2456 -2.96685 0.0522819 19.2603 -2.97652 0.0447148 19.2993 -2.96142 0.0731811 19.2456 -2.96685 0.0522819 19.2993 -2.96142 0.0731811 19.2778 -2.94678 0.0846672 19.2778 -2.94678 0.0846672 19.2993 -2.96142 0.0731811 19.4584 -2.89987 0.157785 19.2778 -2.94678 0.0846672 19.4584 -2.89987 0.157785 19.3545 -2.82765 0.206075 19.3545 -2.82765 0.206075 19.4584 -2.89987 0.157785 19.5659 -2.80889 0.214363 19.3545 -2.82765 0.206075 19.5659 -2.80889 0.214363 19.4395 -2.71515 0.26811 19.5596 -2.60312 0.28239 19.6608 -2.67555 0.244958 19.6832 -2.52763 0.252843 19.2044 -2.98643 0.0153053 19.1933 -2.97622 0.0247138 19.1174 -2.96194 0.0184788 19.2044 -2.98643 0.0153053 19.1174 -2.96194 0.0184788 19.1518 -2.98515 0 19.2603 -2.97652 0.0447148 19.2456 -2.96685 0.0522819 19.1933 -2.97622 0.0247138 19.2603 -2.97652 0.0447148 19.1933 -2.97622 0.0247138 19.2044 -2.98643 0.0153053 19.0552 -3.37832 0.305592 18.9201 -3.35314 0.307009 18.8902 -3.52263 0.31951 19.0552 -3.37832 0.305592 18.8902 -3.52263 0.31951 19.0135 -3.53265 0.319691 19.1481 -2.9805 0.00929072 19.1187 -2.97324 0.00929072 19.0449 -3.06789 0.165381 19.1481 -2.9805 0.00929072 19.0449 -3.06789 0.165381 19.097 -3.07806 0.162981 19.097 -3.07806 0.162981 19.0449 -3.06789 0.165381 18.973 -3.19108 0.255022 19.097 -3.07806 0.162981 18.973 -3.19108 0.255022 19.0893 -3.22139 0.255756 19.0893 -3.22139 0.255756 18.973 -3.19108 0.255022 18.9201 -3.35314 0.307009 19.0893 -3.22139 0.255756 18.9201 -3.35314 0.307009 19.0552 -3.37832 0.305592 19.0135 -3.53265 0.319691 18.8902 -3.52263 0.31951 18.9293 -3.66498 0.309546 12.8749 -0.973397 0.15501 12.8466 -1.03886 0.130508 12.8969 -1.07873 0.132019 12.8749 -0.973397 0.15501 12.8969 -1.07873 0.132019 12.9604 -1.03013 0.159329 13.098 -0.681698 0.105659 13.0592 -0.737802 0.150696 13.0941 -0.759363 0.147552 13.098 -0.681698 0.105659 13.0941 -0.759363 0.147552 13.1165 -0.693961 0.102786 13.0592 -0.737802 0.150696 12.9885 -0.799955 0.176626 13.0794 -0.848096 0.173037 13.0592 -0.737802 0.150696 13.0794 -0.848096 0.173037 13.0941 -0.759363 0.147552 12.9885 -0.799955 0.176626 12.9202 -0.891601 0.175392 13.0261 -0.943616 0.178924 12.9885 -0.799955 0.176626 13.0261 -0.943616 0.178924 13.0794 -0.848096 0.173037 12.8466 -1.03886 0.130508 12.8236 -1.10949 0.0989992 12.8969 -1.07873 0.132019 12.9202 -0.891601 0.175392 12.8749 -0.973397 0.15501 12.9604 -1.03013 0.159329 12.9202 -0.891601 0.175392 12.9604 -1.03013 0.159329 13.0261 -0.943616 0.178924 13.1189 -0.62529 0.0113881 13.098 -0.681698 0.105659 13.1165 -0.693961 0.102786 13.1189 -0.62529 0.0113881 13.1165 -0.693961 0.102786 13.1345 -0.637456 0.0068215 12.8662 -0.708879 0.174429 12.8448 -0.623881 0.180923 12.7361 -0.652465 0.174284 12.8662 -0.708879 0.174429 12.7361 -0.652465 0.174284 12.7631 -0.726652 0.170258 13.1357 -0.642977 0.00897252 13.1321 -0.623911 0.0101352 13.0522 -0.61298 0.107019 13.1357 -0.642977 0.00897252 13.0522 -0.61298 0.107019 13.0602 -0.645885 0.103517 13.0602 -0.645885 0.103517 13.0522 -0.61298 0.107019 12.9571 -0.608408 0.158664 13.0602 -0.645885 0.103517 12.9571 -0.608408 0.158664 12.9703 -0.684077 0.154 12.9703 -0.684077 0.154 12.9571 -0.608408 0.158664 12.8448 -0.623881 0.180923 12.9703 -0.684077 0.154 12.8448 -0.623881 0.180923 12.8662 -0.708879 0.174429 12.7631 -0.726652 0.170258 12.7361 -0.652465 0.174284 12.6634 -0.712129 0.152835 13.042 -0.257457 0.199342 13.011 -0.193971 0.184288 12.9508 -0.206624 0.185165 13.042 -0.257457 0.199342 12.9508 -0.206624 0.185165 12.9479 -0.285826 0.20151 13.1182 -0.591695 0.107891 13.1016 -0.534703 0.158903 13.0642 -0.546705 0.15498 13.1182 -0.591695 0.107891 13.0642 -0.546705 0.15498 13.0977 -0.597445 0.104735 13.1016 -0.534703 0.158903 13.0998 -0.448483 0.194932 13.0085 -0.485037 0.188377 13.1016 -0.534703 0.158903 13.0085 -0.485037 0.188377 13.0642 -0.546705 0.15498 13.0998 -0.448483 0.194932 13.0745 -0.342753 0.207619 12.9713 -0.388769 0.206938 13.0998 -0.448483 0.194932 12.9713 -0.388769 0.206938 13.0085 -0.485037 0.188377 13.011 -0.193971 0.184288 12.9728 -0.130412 0.162602 12.9508 -0.206624 0.185165 13.0745 -0.342753 0.207619 13.042 -0.257457 0.199342 12.9479 -0.285826 0.20151 13.0745 -0.342753 0.207619 12.9479 -0.285826 0.20151 12.9713 -0.388769 0.206938 13.1451 -0.629951 0.0115501 13.1182 -0.591695 0.107891 13.0977 -0.597445 0.104735 13.1451 -0.629951 0.0115501 13.0977 -0.597445 0.104735 13.1266 -0.633307 0.00703136 13.3984 -0.950028 0.212813 13.4587 -0.995725 0.196692 13.5102 -0.954547 0.197632 13.3984 -0.950028 0.212813 13.5102 -0.954547 0.197632 13.4747 -0.877431 0.215136 13.1642 -0.667375 0.114881 13.2076 -0.713824 0.169509 13.2375 -0.684296 0.165307 13.1642 -0.667375 0.114881 13.2375 -0.684296 0.165307 13.181 -0.651985 0.1115 13.2076 -0.713824 0.169509 13.2509 -0.795378 0.208091 13.3205 -0.716349 0.201072 13.2076 -0.713824 0.169509 13.3205 -0.716349 0.201072 13.2375 -0.684296 0.165307 13.2509 -0.795378 0.208091 13.3262 -0.884208 0.221677 13.4026 -0.790353 0.220948 13.2509 -0.795378 0.208091 13.4026 -0.790353 0.220948 13.3205 -0.716349 0.201072 13.4587 -0.995725 0.196692 13.526 -1.03801 0.173469 13.5102 -0.954547 0.197632 13.3262 -0.884208 0.221677 13.3984 -0.950028 0.212813 13.4747 -0.877431 0.215136 13.3262 -0.884208 0.221677 13.4747 -0.877431 0.215136 13.4026 -0.790353 0.220948 13.1199 -0.643837 0.0117101 13.1642 -0.667375 0.114881 13.181 -0.651985 0.1115 13.1199 -0.643837 0.0117101 13.181 -0.651985 0.1115 13.136 -0.631673 0.00687133 13.5434 -0.441234 0.232822 13.6091 -0.390416 0.215116 13.5802 -0.324083 0.216149 13.5434 -0.441234 0.232822 13.5802 -0.324083 0.216149 13.4883 -0.339548 0.235373 13.1765 -0.608484 0.125262 13.2382 -0.575803 0.18526 13.2155 -0.53561 0.180646 13.1765 -0.608484 0.125262 13.2155 -0.53561 0.180646 13.165 -0.586267 0.12155 13.2382 -0.575803 0.18526 13.3371 -0.553259 0.227636 13.2733 -0.456834 0.219927 13.2382 -0.575803 0.18526 13.2733 -0.456834 0.219927 13.2155 -0.53561 0.180646 13.3371 -0.553259 0.227636 13.4529 -0.498962 0.242557 13.3753 -0.391006 0.241757 13.3371 -0.553259 0.227636 13.3753 -0.391006 0.241757 13.2733 -0.456834 0.219927 13.6091 -0.390416 0.215116 13.6732 -0.331272 0.18961 13.5802 -0.324083 0.216149 13.4529 -0.498962 0.242557 13.5434 -0.441234 0.232822 13.4883 -0.339548 0.235373 13.4529 -0.498962 0.242557 13.4883 -0.339548 0.235373 13.3753 -0.391006 0.241757 13.1389 -0.648643 0.0119483 13.1765 -0.608484 0.125262 13.165 -0.586267 0.12155 13.1389 -0.648643 0.0119483 13.165 -0.586267 0.12155 13.1306 -0.628089 0.00663313 13.102 -0.36251 0.178652 13.1889 -0.349445 0.175856 13.1703 -0.238428 0.17118 13.102 -0.36251 0.178652 13.1703 -0.238428 0.17118 13.0938 -0.258219 0.175338 13.1238 -0.637063 0.00989416 13.1432 -0.635359 0.00898665 13.172 -0.55686 0.103337 13.1238 -0.637063 0.00989416 13.172 -0.55686 0.103337 13.1383 -0.561638 0.103434 13.1383 -0.561638 0.103434 13.172 -0.55686 0.103337 13.1911 -0.462697 0.153228 13.1383 -0.561638 0.103434 13.1911 -0.462697 0.153228 13.1144 -0.468502 0.156768 13.1144 -0.468502 0.156768 13.1911 -0.462697 0.153228 13.1889 -0.349445 0.175856 13.1144 -0.468502 0.156768 13.1889 -0.349445 0.175856 13.102 -0.36251 0.178652 13.0938 -0.258219 0.175338 13.1703 -0.238428 0.17118 13.1159 -0.160359 0.155451 13.2419 -0.874629 0.193921 13.1633 -0.913928 0.191807 13.2152 -1.01391 0.193485 13.2419 -0.874629 0.193921 13.2152 -1.01391 0.193485 13.2817 -0.971355 0.196568 13.1398 -0.629657 0.00976142 13.122 -0.637277 0.00893769 13.117 -0.715613 0.10759 13.1398 -0.629657 0.00976142 13.117 -0.715613 0.10759 13.1476 -0.700693 0.107441 13.1476 -0.700693 0.107441 13.117 -0.715613 0.10759 13.1268 -0.808251 0.162755 13.1476 -0.700693 0.107441 13.1268 -0.808251 0.162755 13.1979 -0.77895 0.166018 13.1979 -0.77895 0.166018 13.1268 -0.808251 0.162755 13.1633 -0.913928 0.191807 13.1979 -0.77895 0.166018 13.1633 -0.913928 0.191807 13.2419 -0.874629 0.193921 13.2817 -0.971355 0.196568 13.2152 -1.01391 0.193485 13.2912 -1.07217 0.182279 12.6538 -0.260936 0.307032 12.5538 -0.213631 0.283449 12.4925 -0.288042 0.284823 12.6538 -0.260936 0.307032 12.4925 -0.288042 0.284823 12.5665 -0.387798 0.310431 13.0741 -0.595231 0.163762 12.9981 -0.541769 0.24368 12.9641 -0.593036 0.237534 13.0741 -0.595231 0.163762 12.9641 -0.593036 0.237534 13.0547 -0.622311 0.158818 12.9981 -0.541769 0.24368 12.9115 -0.438026 0.300125 12.8357 -0.572082 0.289856 12.9981 -0.541769 0.24368 12.8357 -0.572082 0.289856 12.9641 -0.593036 0.237534 12.9115 -0.438026 0.300125 12.7771 -0.333458 0.32 12.6959 -0.490804 0.318934 12.9115 -0.438026 0.300125 12.6959 -0.490804 0.318934 12.8357 -0.572082 0.289856 12.5538 -0.213631 0.283449 12.4448 -0.173295 0.249474 12.4925 -0.288042 0.284823 12.7771 -0.333458 0.32 12.6538 -0.260936 0.307032 12.5665 -0.387798 0.310431 12.7771 -0.333458 0.32 12.5665 -0.387798 0.310431 12.6959 -0.490804 0.318934 13.1446 -0.615634 0.0128304 13.0741 -0.595231 0.163762 13.0547 -0.622311 0.158818 13.1446 -0.615634 0.0128304 13.0547 -0.622311 0.158818 13.1252 -0.637886 0.00575105 13.5272 -0.548823 0.26811 13.5932 -0.69167 0.214363 13.7404 -0.620154 0.244958 13.5272 -0.548823 0.26811 13.7404 -0.620154 0.244958 13.6863 -0.508088 0.28239 13.2364 -0.676728 0.0522819 13.2447 -0.692289 0.0447148 13.2861 -0.697707 0.0731811 13.2364 -0.676728 0.0522819 13.2861 -0.697707 0.0731811 13.2743 -0.674589 0.0846672 13.2743 -0.674589 0.0846672 13.2861 -0.697707 0.0731811 13.4552 -0.719966 0.157785 13.2743 -0.674589 0.0846672 13.4552 -0.719966 0.157785 13.3987 -0.606775 0.206075 13.3987 -0.606775 0.206075 13.4552 -0.719966 0.157785 13.5932 -0.69167 0.214363 13.3987 -0.606775 0.206075 13.5932 -0.69167 0.214363 13.5272 -0.548823 0.26811 13.6863 -0.508088 0.28239 13.7404 -0.620154 0.244958 13.831 -0.501093 0.252843 13.1908 -0.674164 0.0153053 13.186 -0.659912 0.0247138 13.1263 -0.611001 0.0184788 13.1908 -0.674164 0.0153053 13.1263 -0.611001 0.0184788 13.1453 -0.647852 0 13.2447 -0.692289 0.0447148 13.2364 -0.676728 0.0522819 13.186 -0.659912 0.0247138 13.2447 -0.692289 0.0447148 13.186 -0.659912 0.0247138 13.1908 -0.674164 0.0153053 12.872 -0.94654 0.305592 12.7655 -0.859678 0.307009 12.658 -0.994091 0.31951 12.872 -0.94654 0.305592 12.658 -0.994091 0.31951 12.7614 -1.06199 0.319691 13.1443 -0.641993 0.00929072 13.1219 -0.621491 0.00929072 13.0118 -0.669179 0.165381 13.1443 -0.641993 0.00929072 13.0118 -0.669179 0.165381 13.0527 -0.70311 0.162981 13.0527 -0.70311 0.162981 13.0118 -0.669179 0.165381 12.8896 -0.742813 0.255022 13.0527 -0.70311 0.162981 12.8896 -0.742813 0.255022 12.9772 -0.825204 0.255756 12.9772 -0.825204 0.255756 12.8896 -0.742813 0.255022 12.7655 -0.859678 0.307009 12.9772 -0.825204 0.255756 12.7655 -0.859678 0.307009 12.872 -0.94654 0.305592 12.7614 -1.06199 0.319691 12.658 -0.994091 0.31951 12.6241 -1.13778 0.309546 26.7063 1.54455 0.15501 26.6501 1.50069 0.130508 26.6751 1.44156 0.132019 26.7063 1.54455 0.15501 26.6751 1.44156 0.132019 26.7542 1.45377 0.159329 27.0419 1.69361 0.105659 26.981 1.66297 0.150696 27.0013 1.62729 0.147552 27.0419 1.69361 0.105659 27.0013 1.62729 0.147552 27.0523 1.67394 0.102786 26.981 1.66297 0.150696 26.8892 1.64229 0.176626 26.9458 1.55648 0.173037 26.981 1.66297 0.150696 26.9458 1.55648 0.173037 27.0013 1.62729 0.147552 26.8892 1.64229 0.176626 26.7853 1.5946 0.175392 26.8533 1.49819 0.178924 26.8892 1.64229 0.176626 26.8533 1.49819 0.178924 26.9458 1.55648 0.173037 26.6501 1.50069 0.130508 26.596 1.44973 0.0989992 26.6751 1.44156 0.132019 26.7853 1.5946 0.175392 26.7063 1.54455 0.15501 26.7542 1.45377 0.159329 26.7853 1.5946 0.175392 26.7542 1.45377 0.159329 26.8533 1.49819 0.178924 27.0874 1.73305 0.0113881 27.0419 1.69361 0.105659 27.0523 1.67394 0.102786 27.0874 1.73305 0.0113881 27.0523 1.67394 0.102786 27.0951 1.71494 0.0068215 26.8255 1.78088 0.174429 26.8475 1.8657 0.180923 26.7383 1.89276 0.174284 26.8255 1.78088 0.174429 26.7383 1.89276 0.174284 26.7265 1.81469 0.170258 27.0935 1.70952 0.00897252 27.0996 1.72795 0.0101352 27.0347 1.77587 0.107019 27.0935 1.70952 0.00897252 27.0347 1.77587 0.107019 27.0259 1.74316 0.103517 27.0259 1.74316 0.103517 27.0347 1.77587 0.107019 26.9534 1.82544 0.158664 27.0259 1.74316 0.103517 26.9534 1.82544 0.158664 26.9287 1.75274 0.154 26.9287 1.75274 0.154 26.9534 1.82544 0.158664 26.8475 1.8657 0.180923 26.9287 1.75274 0.154 26.8475 1.8657 0.180923 26.8255 1.78088 0.174429 26.7265 1.81469 0.170258 26.7383 1.89276 0.174284 26.646 1.87524 0.152835 27.1962 2.09273 0.199342 27.1994 2.16331 0.184288 27.1405 2.18107 0.185165 27.1962 2.09273 0.199342 27.1405 2.18107 0.185165 27.1 2.11297 0.20151 27.1028 1.76291 0.107891 27.1155 1.82088 0.158903 27.077 1.82827 0.15498 27.1028 1.76291 0.107891 27.077 1.82827 0.15498 27.082 1.76768 0.104735 27.1155 1.82088 0.158903 27.1553 1.89739 0.194932 27.0577 1.90907 0.188377 27.1155 1.82088 0.158903 27.0577 1.90907 0.188377 27.077 1.82827 0.15498 27.1553 1.89739 0.194932 27.1838 2.0023 0.207619 27.0712 2.01141 0.206938 27.1553 1.89739 0.194932 27.0712 2.01141 0.206938 27.0577 1.90907 0.188377 27.1994 2.16331 0.184288 27.1964 2.23741 0.162602 27.1405 2.18107 0.185165 27.1838 2.0023 0.207619 27.1962 2.09273 0.199342 27.1 2.11297 0.20151 27.1838 2.0023 0.207619 27.1 2.11297 0.20151 27.0712 2.01141 0.206938 27.1081 1.71641 0.0115501 27.1028 1.76291 0.107891 27.082 1.76768 0.104735 27.1081 1.71641 0.0115501 27.082 1.76768 0.104735 27.0902 1.72236 0.00703136 27.1769 1.31408 0.212813 27.2079 1.24506 0.196692 27.2728 1.25655 0.197632 27.1769 1.31408 0.212813 27.2728 1.25655 0.197632 27.2787 1.34122 0.215136 27.1069 1.67443 0.114881 27.1227 1.61286 0.169509 27.1631 1.62443 0.165307 27.1069 1.67443 0.114881 27.1631 1.62443 0.165307 27.129 1.67988 0.1115 27.1227 1.61286 0.169509 27.1216 1.52052 0.208091 27.2206 1.55652 0.201072 27.1227 1.61286 0.169509 27.2206 1.55652 0.201072 27.1631 1.62443 0.165307 27.1216 1.52052 0.208091 27.1451 1.40648 0.221677 27.2572 1.4522 0.220948 27.1216 1.52052 0.208091 27.2572 1.4522 0.220948 27.2206 1.55652 0.201072 27.2079 1.24506 0.196692 27.2467 1.17573 0.173469 27.2728 1.25655 0.197632 27.1451 1.40648 0.221677 27.1769 1.31408 0.212813 27.2787 1.34122 0.215136 27.1451 1.40648 0.221677 27.2787 1.34122 0.215136 27.2572 1.4522 0.220948 27.0793 1.7163 0.0117101 27.1069 1.67443 0.114881 27.129 1.67988 0.1115 27.0793 1.7163 0.0117101 27.129 1.67988 0.1115 27.0993 1.71925 0.00687133 27.5481 1.69109 0.232822 27.6301 1.70417 0.215116 27.6366 1.77624 0.216149 27.5481 1.69109 0.232822 27.6366 1.77624 0.216149 27.5485 1.80674 0.235373 27.1459 1.7202 0.125262 27.2157 1.7193 0.18526 27.2151 1.76547 0.180646 27.1459 1.7202 0.125262 27.2151 1.76547 0.180646 27.1465 1.74521 0.12155 27.2157 1.7193 0.18526 27.3133 1.69167 0.227636 27.3036 1.8069 0.219927 27.2157 1.7193 0.18526 27.3036 1.8069 0.219927 27.2151 1.76547 0.180646 27.3133 1.69167 0.227636 27.441 1.68382 0.242557 27.4246 1.81576 0.241757 27.3133 1.69167 0.227636 27.4246 1.81576 0.241757 27.3036 1.8069 0.219927 27.6301 1.70417 0.215116 27.7148 1.72533 0.18961 27.6366 1.77624 0.216149 27.441 1.68382 0.242557 27.5481 1.69109 0.232822 27.5485 1.80674 0.235373 27.441 1.68382 0.242557 27.5485 1.80674 0.235373 27.4246 1.81576 0.241757 27.0936 1.70301 0.0119483 27.1459 1.7202 0.125262 27.1465 1.74521 0.12155 27.0936 1.70301 0.0119483 27.1465 1.74521 0.12155 27.0962 1.72501 0.00663313 27.1985 1.97177 0.178652 27.281 1.9416 0.175856 27.3179 2.04794 0.17118 27.1985 1.97177 0.178652 27.3179 2.04794 0.17118 27.2413 2.06722 0.175338 27.086 1.72038 0.00989416 27.1038 1.71261 0.00898665 27.1667 1.76769 0.103337 27.086 1.72038 0.00989416 27.1667 1.76769 0.103337 27.1348 1.77965 0.103434 27.1348 1.77965 0.103434 27.1667 1.76769 0.103337 27.2286 1.84116 0.153228 27.1348 1.77965 0.103434 27.2286 1.84116 0.153228 27.1586 1.87281 0.156768 27.1586 1.87281 0.156768 27.2286 1.84116 0.153228 27.281 1.9416 0.175856 27.1586 1.87281 0.156768 27.281 1.9416 0.175856 27.1985 1.97177 0.178652 27.2413 2.06722 0.175338 27.3179 2.04794 0.17118 27.3076 2.14253 0.155451 27.0757 1.45531 0.193921 26.9879 1.45849 0.191807 26.9855 1.34587 0.193485 27.0757 1.45531 0.193921 26.9855 1.34587 0.193485 27.0643 1.3513 0.196568 27.1036 1.7192 0.00976142 27.0843 1.72108 0.00893769 27.0423 1.65473 0.10759 27.1036 1.7192 0.00976142 27.0423 1.65473 0.10759 27.0763 1.65316 0.107441 27.0763 1.65316 0.107441 27.0423 1.65473 0.10759 27.0065 1.56872 0.162755 27.0763 1.65316 0.107441 27.0065 1.56872 0.162755 27.083 1.56036 0.166018 27.083 1.56036 0.166018 27.0065 1.56872 0.162755 26.9879 1.45849 0.191807 27.083 1.56036 0.166018 26.9879 1.45849 0.191807 27.0757 1.45531 0.193921 27.0643 1.3513 0.196568 26.9855 1.34587 0.193485 27.0243 1.25829 0.182279 26.8539 2.27579 0.307032 26.7887 2.36527 0.283449 26.6993 2.32934 0.284823 26.8539 2.27579 0.307032 26.6993 2.32934 0.284823 26.7164 2.20635 0.310431 27.0625 1.78091 0.163762 27.0213 1.8643 0.24368 26.9669 1.8356 0.237534 27.0625 1.78091 0.163762 26.9669 1.8356 0.237534 27.0324 1.76645 0.158818 27.0213 1.8643 0.24368 26.9951 1.99684 0.300125 26.8643 1.91556 0.289856 27.0213 1.8643 0.24368 26.8643 1.91556 0.289856 26.9669 1.8356 0.237534 26.9951 1.99684 0.300125 26.9273 2.15306 0.32 26.7805 2.05392 0.318934 26.9951 1.99684 0.300125 26.7805 2.05392 0.318934 26.8643 1.91556 0.289856 26.7887 2.36527 0.283449 26.7125 2.45291 0.249474 26.6993 2.32934 0.284823 26.9273 2.15306 0.32 26.8539 2.27579 0.307032 26.7164 2.20635 0.310431 26.9273 2.15306 0.32 26.7164 2.20635 0.310431 26.7805 2.05392 0.318934 27.1145 1.72924 0.0128304 27.0625 1.78091 0.163762 27.0324 1.76645 0.158818 27.1145 1.72924 0.0128304 27.0324 1.76645 0.158818 27.0868 1.71901 0.00575105 27.4823 1.60442 0.26811 27.4717 1.44744 0.214363 27.6352 1.43962 0.244958 27.4823 1.60442 0.26811 27.6352 1.43962 0.244958 27.6415 1.56388 0.28239 27.1657 1.63162 0.0522819 27.1656 1.61398 0.0447148 27.1993 1.58937 0.0731811 27.1657 1.63162 0.0522819 27.1993 1.58937 0.0731811 27.2001 1.6153 0.0846672 27.2001 1.6153 0.0846672 27.1993 1.58937 0.0731811 27.3371 1.48875 0.157785 27.2001 1.6153 0.0846672 27.3371 1.48875 0.157785 27.3417 1.6152 0.206075 27.3417 1.6152 0.206075 27.3371 1.48875 0.157785 27.4717 1.44744 0.214363 27.3417 1.6152 0.206075 27.4717 1.44744 0.214363 27.4823 1.60442 0.26811 27.6415 1.56388 0.28239 27.6352 1.43962 0.244958 27.7718 1.50067 0.252843 27.127 1.6557 0.0153053 27.1296 1.6705 0.0247138 27.1006 1.74208 0.0184788 27.127 1.6557 0.0153053 27.1006 1.74208 0.0184788 27.0997 1.7006 0 27.1656 1.61398 0.0447148 27.1657 1.63162 0.0522819 27.1296 1.6705 0.0247138 27.1656 1.61398 0.0447148 27.1296 1.6705 0.0247138 27.127 1.6557 0.0153053 26.7166 1.56952 0.305592 26.6648 1.6968 0.307009 26.5061 1.63037 0.31951 26.7166 1.56952 0.305592 26.5061 1.63037 0.31951 26.5642 1.52122 0.319691 27.1016 1.70624 0.00929072 27.0918 1.73496 0.00929072 26.9723 1.74591 0.165381 27.1016 1.70624 0.00929072 26.9723 1.74591 0.165381 26.9919 1.69653 0.162981 26.9919 1.69653 0.162981 26.9723 1.74591 0.165381 26.8298 1.73986 0.255022 26.9919 1.69653 0.162981 26.8298 1.73986 0.255022 26.8671 1.62556 0.255756 26.8671 1.62556 0.255756 26.8298 1.73986 0.255022 26.6648 1.6968 0.307009 26.8671 1.62556 0.255756 26.6648 1.6968 0.307009 26.7166 1.56952 0.305592 26.5642 1.52122 0.319691 26.5061 1.63037 0.31951 26.4074 1.52054 0.309546 20.6261 4.10993 0.15501 20.5556 4.09843 0.130508 20.5493 4.03451 0.132019 20.6261 4.10993 0.15501 20.5493 4.03451 0.132019 20.6245 4.00733 0.159329 20.992 4.07987 0.105659 20.9238 4.08219 0.150696 20.9246 4.04112 0.147552 20.992 4.07987 0.105659 20.9246 4.04112 0.147552 20.9917 4.05761 0.102786 20.9238 4.08219 0.150696 20.8334 4.10805 0.176626 20.842 4.00558 0.173037 20.9238 4.08219 0.150696 20.842 4.00558 0.173037 20.9246 4.04112 0.147552 20.8334 4.10805 0.176626 20.7194 4.11599 0.175392 20.7328 3.99878 0.178924 20.8334 4.10805 0.176626 20.7328 3.99878 0.178924 20.842 4.00558 0.173037 20.5556 4.09843 0.130508 20.4838 4.07961 0.0989992 20.5493 4.03451 0.132019 20.7194 4.11599 0.175392 20.6261 4.10993 0.15501 20.6245 4.00733 0.159329 20.7194 4.11599 0.175392 20.6245 4.00733 0.159329 20.7328 3.99878 0.178924 21.0508 4.09268 0.0113881 20.992 4.07987 0.105659 20.9917 4.05761 0.102786 21.0508 4.09268 0.0113881 20.9917 4.05761 0.102786 21.049 4.07306 0.0068215 20.8439 4.26021 0.174429 20.9039 4.32409 0.180923 20.8211 4.40018 0.174284 20.8439 4.26021 0.174429 20.8211 4.40018 0.174284 20.7733 4.33733 0.170258 21.045 4.06907 0.00897252 21.0591 4.08236 0.0101352 21.0251 4.15552 0.107019 21.045 4.06907 0.00897252 21.0251 4.15552 0.107019 21.0017 4.13103 0.103517 21.0017 4.13103 0.103517 21.0251 4.15552 0.107019 20.9776 4.23797 0.158664 21.0017 4.13103 0.103517 20.9776 4.23797 0.158664 20.921 4.18602 0.154 20.921 4.18602 0.154 20.9776 4.23797 0.158664 20.9039 4.32409 0.180923 20.921 4.18602 0.154 20.9039 4.32409 0.180923 20.8439 4.26021 0.174429 20.7733 4.33733 0.170258 20.8211 4.40018 0.174284 20.7316 4.42909 0.152835 21.3188 4.35615 0.199342 21.3555 4.41654 0.184288 21.3123 4.46036 0.185165 21.3188 4.35615 0.199342 21.3123 4.46036 0.185165 21.244 4.42004 0.20151 21.0787 4.1115 0.107891 21.1176 4.15626 0.158903 21.0874 4.18122 0.15498 21.0787 4.1115 0.107891 21.0874 4.18122 0.15498 21.0628 4.12563 0.104735 21.1176 4.15626 0.158903 21.1893 4.20432 0.194932 21.1092 4.26137 0.188377 21.1176 4.15626 0.158903 21.1092 4.26137 0.188377 21.0874 4.18122 0.15498 21.1893 4.20432 0.194932 21.2646 4.28272 0.207619 21.1701 4.34473 0.206938 21.1893 4.20432 0.194932 21.1701 4.34473 0.206938 21.1092 4.26137 0.188377 21.3555 4.41654 0.184288 21.3883 4.48303 0.162602 21.3123 4.46036 0.185165 21.2646 4.28272 0.207619 21.3188 4.35615 0.199342 21.244 4.42004 0.20151 21.2646 4.28272 0.207619 21.244 4.42004 0.20151 21.1701 4.34473 0.206938 21.061 4.06815 0.0115501 21.0787 4.1115 0.107891 21.0628 4.12563 0.104735 21.061 4.06815 0.0115501 21.0628 4.12563 0.104735 21.0482 4.08193 0.00703136 20.9286 3.68205 0.212813 20.9227 3.60662 0.196692 20.9851 3.5856 0.197632 20.9286 3.68205 0.212813 20.9851 3.5856 0.197632 21.0309 3.6571 0.215136 21.0398 4.03187 0.114881 21.0242 3.97026 0.169509 21.0652 3.96104 0.165307 21.0398 4.03187 0.114881 21.0652 3.96104 0.165307 21.0619 4.02606 0.1115 21.0242 3.97026 0.169509 20.979 3.88974 0.208091 21.0831 3.8739 0.201072 21.0242 3.97026 0.169509 21.0831 3.8739 0.201072 21.0652 3.96104 0.165307 20.979 3.88974 0.208091 20.9449 3.77842 0.221677 21.0652 3.76482 0.220948 20.979 3.88974 0.208091 21.0652 3.76482 0.220948 21.0831 3.8739 0.201072 20.9227 3.60662 0.196692 20.9234 3.52721 0.173469 20.9851 3.5856 0.197632 20.9449 3.77842 0.221677 20.9286 3.68205 0.212813 21.0309 3.6571 0.215136 20.9449 3.77842 0.221677 21.0309 3.6571 0.215136 21.0652 3.76482 0.220948 21.0357 4.08183 0.0117101 21.0398 4.03187 0.114881 21.0619 4.02606 0.1115 21.0357 4.08183 0.0117101 21.0619 4.02606 0.1115 21.0547 4.07485 0.00687133 21.435 3.83498 0.232822 21.5133 3.80712 0.215116 21.5535 3.86728 0.216149 21.435 3.83498 0.232822 21.5535 3.86728 0.216149 21.4908 3.93628 0.235373 21.0961 4.05332 0.125262 21.1569 4.01907 0.18526 21.1784 4.0599 0.180646 21.0961 4.05332 0.125262 21.1784 4.0599 0.180646 21.1085 4.075 0.12155 21.1569 4.01907 0.18526 21.2293 3.94803 0.227636 21.2759 4.05384 0.219927 21.1569 4.01907 0.18526 21.2759 4.05384 0.219927 21.1784 4.0599 0.180646 21.2293 3.94803 0.227636 21.3375 3.87996 0.242557 21.3865 4.00356 0.241757 21.2293 3.94803 0.227636 21.3865 4.00356 0.241757 21.2759 4.05384 0.219927 21.5133 3.80712 0.215116 21.5977 3.78512 0.18961 21.5535 3.86728 0.216149 21.3375 3.87996 0.242557 21.435 3.83498 0.232822 21.4908 3.93628 0.235373 21.3375 3.87996 0.242557 21.4908 3.93628 0.235373 21.3865 4.00356 0.241757 21.0419 4.0633 0.0119483 21.0961 4.05332 0.125262 21.1085 4.075 0.12155 21.0419 4.0633 0.0119483 21.1085 4.075 0.12155 21.0548 4.08137 0.00663313 21.2628 4.2489 0.178652 21.3207 4.18288 0.175856 21.4041 4.25851 0.17118 21.2628 4.2489 0.178652 21.4041 4.25851 0.17118 21.3461 4.31213 0.175338 21.0435 4.08222 0.00989416 21.0554 4.06688 0.00898665 21.137 4.08505 0.103337 21.0435 4.08222 0.00989416 21.137 4.08505 0.103337 21.1148 4.11083 0.103434 21.1148 4.11083 0.103434 21.137 4.08505 0.103337 21.2266 4.11983 0.153228 21.1148 4.11083 0.103434 21.2266 4.11983 0.153228 21.1803 4.18119 0.156768 21.1803 4.18119 0.156768 21.2266 4.11983 0.153228 21.3207 4.18288 0.175856 21.1803 4.18119 0.156768 21.3207 4.18288 0.175856 21.2628 4.2489 0.178652 21.3461 4.31213 0.175338 21.4041 4.25851 0.17118 21.4404 4.34646 0.155451 20.9074 3.85455 0.193921 20.8319 3.89943 0.191807 20.7758 3.80174 0.193485 20.9074 3.85455 0.193921 20.7758 3.80174 0.193485 20.8476 3.76871 0.196568 21.0584 4.07275 0.00976142 21.0424 4.08365 0.00893769 20.9737 4.04554 0.10759 21.0584 4.07275 0.00976142 20.9737 4.04554 0.10759 21.0028 4.02786 0.107441 21.0028 4.02786 0.107441 20.9737 4.04554 0.10759 20.9011 3.98722 0.162755 21.0028 4.02786 0.107441 20.9011 3.98722 0.162755 20.9642 3.94325 0.166018 20.9642 3.94325 0.166018 20.9011 3.98722 0.162755 20.8319 3.89943 0.191807 20.9642 3.94325 0.166018 20.8319 3.89943 0.191807 20.9074 3.85455 0.193921 20.8476 3.76871 0.196568 20.7758 3.80174 0.193485 20.7678 3.70628 0.182279 21.1061 4.68092 0.307032 21.0919 4.79068 0.283449 20.9961 4.80202 0.284823 21.1061 4.68092 0.307032 20.9961 4.80202 0.284823 20.9521 4.68591 0.310431 21.0519 4.14662 0.163762 21.0558 4.23953 0.24368 20.9943 4.24042 0.237534 21.0519 4.14662 0.163762 20.9943 4.24042 0.237534 21.0186 4.14833 0.158818 21.0558 4.23953 0.24368 21.0963 4.36841 0.300125 20.9425 4.35981 0.289856 21.0558 4.23953 0.24368 20.9425 4.35981 0.289856 20.9943 4.24042 0.237534 21.0963 4.36841 0.300125 21.1117 4.53803 0.32 20.9354 4.52137 0.318934 21.0963 4.36841 0.300125 20.9354 4.52137 0.318934 20.9425 4.35981 0.289856 21.0919 4.79068 0.283449 21.0669 4.90416 0.249474 20.9961 4.80202 0.284823 21.1117 4.53803 0.32 21.1061 4.68092 0.307032 20.9521 4.68591 0.310431 21.1117 4.53803 0.32 20.9521 4.68591 0.310431 20.9354 4.52137 0.318934 21.0728 4.07634 0.0128304 21.0519 4.14662 0.163762 21.0186 4.14833 0.158818 21.0728 4.07634 0.0128304 21.0186 4.14833 0.158818 21.0436 4.08063 0.00575105 21.3358 3.79044 0.26811 21.2512 3.65777 0.214363 21.3909 3.57252 0.244958 21.3358 3.79044 0.26811 21.3909 3.57252 0.244958 21.456 3.67857 0.28239 21.071 3.96609 0.0522819 21.0624 3.95069 0.0447148 21.0802 3.91291 0.0731811 21.071 3.96609 0.0522819 21.0802 3.91291 0.0731811 21.0933 3.93532 0.0846672 21.0933 3.93532 0.0846672 21.0802 3.91291 0.0731811 21.1528 3.75857 0.157785 21.0933 3.93532 0.0846672 21.1528 3.75857 0.157785 21.2175 3.86731 0.206075 21.2175 3.86731 0.206075 21.1528 3.75857 0.157785 21.2512 3.65777 0.214363 21.2175 3.86731 0.206075 21.2512 3.65777 0.214363 21.3358 3.79044 0.26811 21.456 3.67857 0.28239 21.3909 3.57252 0.244958 21.54 3.56063 0.252843 21.0485 4.00579 0.0153053 21.0579 4.01752 0.0247138 21.0668 4.09423 0.0184788 21.0485 4.00579 0.0153053 21.0668 4.09423 0.0184788 21.0461 4.05829 0 21.0624 3.95069 0.0447148 21.071 3.96609 0.0522819 21.0579 4.01752 0.0247138 21.0624 3.95069 0.0447148 21.0579 4.01752 0.0247138 21.0485 4.00579 0.0153053 20.6471 4.12691 0.305592 20.6626 4.26345 0.307009 20.4914 4.28127 0.31951 20.6471 4.12691 0.305592 20.4914 4.28127 0.31951 20.4902 4.15759 0.319691 21.0505 4.06232 0.00929072 21.0556 4.09223 0.00929072 20.956 4.15915 0.165381 21.0505 4.06232 0.00929072 20.956 4.15915 0.165381 20.9495 4.1064 0.162981 20.9495 4.1064 0.162981 20.956 4.15915 0.165381 20.828 4.22216 0.255022 20.9495 4.1064 0.162981 20.828 4.22216 0.255022 20.806 4.10394 0.255756 20.806 4.10394 0.255756 20.828 4.22216 0.255022 20.6626 4.26345 0.307009 20.806 4.10394 0.255756 20.6626 4.26345 0.307009 20.6471 4.12691 0.305592 20.4902 4.15759 0.319691 20.4914 4.28127 0.31951 20.3522 4.23217 0.309546 14.6047 -4.1068 0.15501 14.5374 -4.08314 0.130508 14.5012 -4.13619 0.132019 14.6047 -4.1068 0.15501 14.5012 -4.13619 0.132019 14.5541 -4.1961 0.159329 14.9114 -4.30863 0.105659 14.8527 -4.27391 0.150696 14.8337 -4.31031 0.147552 14.9114 -4.30863 0.105659 14.8337 -4.31031 0.147552 14.9005 -4.32804 0.102786 14.8527 -4.27391 0.150696 14.7857 -4.20785 0.176626 14.7441 -4.30189 0.173037 14.8527 -4.27391 0.150696 14.7441 -4.30189 0.173037 14.8337 -4.31031 0.147552 14.7857 -4.20785 0.176626 14.6895 -4.14622 0.175392 14.6451 -4.25553 0.178924 14.7857 -4.20785 0.176626 14.6451 -4.25553 0.178924 14.7441 -4.30189 0.173037 14.5374 -4.08314 0.130508 14.4653 -4.06521 0.0989992 14.5012 -4.13619 0.132019 14.6895 -4.14622 0.175392 14.6047 -4.1068 0.15501 14.5541 -4.1961 0.159329 14.6895 -4.14622 0.175392 14.5541 -4.1961 0.159329 14.6451 -4.25553 0.178924 14.9692 -4.32558 0.0113881 14.9114 -4.30863 0.105659 14.9005 -4.32804 0.102786 14.9692 -4.32558 0.0113881 14.9005 -4.32804 0.102786 14.9581 -4.34191 0.0068215 14.8679 -4.07936 0.174429 14.9512 -4.05207 0.180923 14.915 -3.94559 0.174284 14.8679 -4.07936 0.174429 14.915 -3.94559 0.174284 14.8429 -3.97782 0.170258 14.9527 -4.3435 0.00897252 14.9715 -4.3386 0.0101352 14.9767 -4.25811 0.107019 14.9527 -4.3435 0.00897252 14.9767 -4.25811 0.107019 14.9445 -4.26839 0.103517 14.9445 -4.26839 0.103517 14.9767 -4.25811 0.107019 14.9746 -4.16298 0.158664 14.9445 -4.26839 0.103517 14.9746 -4.16298 0.158664 14.9 -4.18144 0.154 14.9 -4.18144 0.154 14.9746 -4.16298 0.158664 14.9512 -4.05207 0.180923 14.9 -4.18144 0.154 14.9512 -4.05207 0.180923 14.8679 -4.07936 0.174429 14.8429 -3.97782 0.170258 14.915 -3.94559 0.174284 14.8503 -3.87732 0.152835 15.3306 -4.22283 0.199342 15.3918 -4.18742 0.184288 15.3749 -4.12826 0.185165 15.3306 -4.22283 0.199342 15.3749 -4.12826 0.185165 15.2957 -4.13093 0.20151 15.0026 -4.32241 0.107891 15.0583 -4.30183 0.158903 15.0437 -4.2654 0.15498 15.0026 -4.32241 0.107891 15.0437 -4.2654 0.15498 14.9955 -4.30239 0.104735 15.0583 -4.30183 0.158903 15.1442 -4.29398 0.194932 15.1013 -4.20553 0.188377 15.0583 -4.30183 0.158903 15.1013 -4.20553 0.188377 15.0437 -4.2654 0.15498 15.1442 -4.29398 0.194932 15.2479 -4.26128 0.207619 15.1947 -4.16155 0.206938 15.1442 -4.29398 0.194932 15.1947 -4.16155 0.206938 15.1013 -4.20553 0.188377 15.3918 -4.18742 0.184288 15.4525 -4.14481 0.162602 15.3749 -4.12826 0.185165 15.2479 -4.26128 0.207619 15.3306 -4.22283 0.199342 15.2957 -4.13093 0.20151 15.2479 -4.26128 0.207619 15.2957 -4.13093 0.20151 15.1947 -4.16155 0.206938 14.9664 -4.35201 0.0115501 15.0026 -4.32241 0.107891 14.9955 -4.30239 0.104735 14.9664 -4.35201 0.0115501 14.9955 -4.30239 0.104735 14.9617 -4.33376 0.00703136 14.665 -4.62733 0.212813 14.6237 -4.69071 0.196692 14.6684 -4.73909 0.197632 14.665 -4.62733 0.212813 14.6684 -4.73909 0.197632 14.7428 -4.69827 0.215136 14.9304 -4.37369 0.114881 14.8871 -4.42026 0.169509 14.9187 -4.44802 0.165307 14.9304 -4.37369 0.114881 14.9187 -4.44802 0.165307 14.9469 -4.38935 0.1115 14.8871 -4.42026 0.169509 14.8089 -4.46925 0.208091 14.8926 -4.53305 0.201072 14.8871 -4.42026 0.169509 14.8926 -4.53305 0.201072 14.9187 -4.44802 0.165307 14.8089 -4.46925 0.208091 14.7256 -4.5506 0.221677 14.8246 -4.6202 0.220948 14.8089 -4.46925 0.208091 14.8246 -4.6202 0.220948 14.8926 -4.53305 0.201072 14.6237 -4.69071 0.196692 14.5863 -4.76076 0.173469 14.6684 -4.73909 0.197632 14.7256 -4.5506 0.221677 14.665 -4.62733 0.212813 14.7428 -4.69827 0.215136 14.7256 -4.5506 0.221677 14.7428 -4.69827 0.215136 14.8246 -4.6202 0.220948 14.9507 -4.32789 0.0117101 14.9304 -4.37369 0.114881 14.9469 -4.38935 0.1115 14.9507 -4.32789 0.0117101 14.9469 -4.38935 0.1115 14.964 -4.34308 0.00687133 15.1828 -4.73593 0.232822 15.2381 -4.79791 0.215116 15.3023 -4.76439 0.216149 15.1828 -4.73593 0.232822 15.3023 -4.76439 0.216149 15.2803 -4.67379 0.235373 14.99 -4.38182 0.125262 15.027 -4.44104 0.18526 15.0655 -4.41554 0.180646 14.99 -4.38182 0.125262 15.0655 -4.41554 0.180646 15.0114 -4.36877 0.12155 15.027 -4.44104 0.18526 15.0565 -4.53809 0.227636 15.1481 -4.4676 0.219927 15.027 -4.44104 0.18526 15.1481 -4.4676 0.219927 15.0655 -4.41554 0.180646 15.0565 -4.53809 0.227636 15.1188 -4.64973 0.242557 15.221 -4.56471 0.241757 15.0565 -4.53809 0.227636 15.221 -4.56471 0.241757 15.1481 -4.4676 0.219927 15.2381 -4.79791 0.215116 15.3017 -4.85768 0.18961 15.3023 -4.76439 0.216149 15.1188 -4.64973 0.242557 15.1828 -4.73593 0.232822 15.2803 -4.67379 0.235373 15.1188 -4.64973 0.242557 15.2803 -4.67379 0.235373 15.221 -4.56471 0.241757 14.9473 -4.3471 0.0119483 14.99 -4.38182 0.125262 15.0114 -4.36877 0.12155 14.9473 -4.3471 0.0119483 15.0114 -4.36877 0.12155 14.9672 -4.33739 0.00663313 15.2301 -4.29011 0.178652 15.2493 -4.37583 0.175856 15.3587 -4.34942 0.17118 15.2301 -4.29011 0.178652 15.3587 -4.34942 0.17118 15.3336 -4.27458 0.175338 14.9578 -4.33127 0.00989416 14.9608 -4.35044 0.00898665 15.0412 -4.37362 0.103337 14.9578 -4.33127 0.00989416 15.0412 -4.37362 0.103337 15.034 -4.34034 0.103434 15.034 -4.34034 0.103434 15.0412 -4.37362 0.103337 15.1365 -4.38603 0.153228 15.034 -4.34034 0.103434 15.1365 -4.38603 0.153228 15.1253 -4.30999 0.156768 15.1253 -4.30999 0.156768 15.1365 -4.38603 0.153228 15.2493 -4.37583 0.175856 15.1253 -4.30999 0.156768 15.2493 -4.37583 0.175856 15.2301 -4.29011 0.178652 15.3336 -4.27458 0.175338 15.3587 -4.34942 0.17118 15.4327 -4.28965 0.155451 14.7292 -4.46581 0.193921 14.6844 -4.39022 0.191807 14.5883 -4.44906 0.193485 14.7292 -4.46581 0.193921 14.5883 -4.44906 0.193485 14.6355 -4.51245 0.196568 14.9663 -4.34673 0.00976142 14.9574 -4.32946 0.00893769 14.8789 -4.33 0.10759 14.9663 -4.34673 0.00976142 14.8789 -4.33 0.10759 14.896 -4.35946 0.107441 14.896 -4.35946 0.107441 14.8789 -4.33 0.10759 14.7872 -4.34636 0.162755 14.896 -4.35946 0.107441 14.7872 -4.34636 0.162755 14.8215 -4.41518 0.166018 14.8215 -4.41518 0.166018 14.7872 -4.34636 0.162755 14.6844 -4.39022 0.191807 14.8215 -4.41518 0.166018 14.6844 -4.39022 0.191807 14.7292 -4.46581 0.193921 14.6355 -4.51245 0.196568 14.5883 -4.44906 0.193485 14.5356 -4.52902 0.182279 15.2997 -3.83586 0.307032 15.3398 -3.7327 0.283449 15.2613 -3.67687 0.284823 15.2997 -3.83586 0.307032 15.2613 -3.67687 0.284823 15.167 -3.75767 0.310431 14.996 -4.27877 0.163762 15.0439 -4.19909 0.24368 14.9904 -4.16883 0.237534 14.996 -4.27877 0.163762 14.9904 -4.16883 0.237534 14.9676 -4.26131 0.158818 15.0439 -4.19909 0.24368 15.1413 -4.10542 0.300125 15.0022 -4.03924 0.289856 15.0439 -4.19909 0.24368 15.0022 -4.03924 0.289856 14.9904 -4.16883 0.237534 15.1413 -4.10542 0.300125 15.2361 -3.96392 0.32 15.0734 -3.89403 0.318934 15.1413 -4.10542 0.300125 15.0734 -3.89403 0.318934 15.0022 -4.03924 0.289856 15.3398 -3.7327 0.283449 15.3724 -3.62116 0.249474 15.2613 -3.67687 0.284823 15.2361 -3.96392 0.32 15.2997 -3.83586 0.307032 15.167 -3.75767 0.310431 15.2361 -3.96392 0.32 15.167 -3.75767 0.310431 15.0734 -3.89403 0.318934 14.9806 -4.35046 0.0128304 14.996 -4.27877 0.163762 14.9676 -4.26131 0.158818 14.9806 -4.35046 0.0128304 14.9676 -4.26131 0.158818 14.9571 -4.33269 0.00575105 15.0743 -4.72743 0.26811 14.9365 -4.80332 0.214363 15.0183 -4.94511 0.244958 15.0743 -4.72743 0.26811 15.0183 -4.94511 0.244958 15.1262 -4.88326 0.28239 14.9262 -4.44634 0.0522819 14.9112 -4.45573 0.0447148 14.9088 -4.49742 0.0731811 14.9262 -4.44634 0.0522819 14.9088 -4.49742 0.0731811 14.931 -4.48403 0.0846672 14.931 -4.48403 0.0846672 14.9088 -4.49742 0.0731811 14.8985 -4.6677 0.157785 14.931 -4.48403 0.0846672 14.8985 -4.6677 0.157785 15.0074 -4.60329 0.206075 15.0074 -4.60329 0.206075 14.8985 -4.6677 0.157785 14.9365 -4.80332 0.214363 15.0074 -4.60329 0.206075 14.9365 -4.80332 0.214363 15.0743 -4.72743 0.26811 15.1262 -4.88326 0.28239 15.0183 -4.94511 0.244958 15.1434 -5.02705 0.252843 14.9255 -4.40074 0.0153053 14.9394 -4.39495 0.0247138 14.984 -4.33188 0.0184788 14.9255 -4.40074 0.0153053 14.984 -4.33188 0.0184788 14.9485 -4.3535 0 14.9112 -4.45573 0.0447148 14.9262 -4.44634 0.0522819 14.9394 -4.39495 0.0247138 14.9112 -4.45573 0.0447148 14.9394 -4.39495 0.0247138 14.9255 -4.40074 0.0153053 14.6313 -4.10197 0.305592 14.7104 -3.9896 0.307009 14.5687 -3.89191 0.31951 14.6313 -4.10197 0.305592 14.5687 -3.89191 0.31951 14.5083 -3.99983 0.319691 14.9543 -4.35206 0.00929072 14.9732 -4.32828 0.00929072 14.9178 -4.22178 0.165381 14.9543 -4.35206 0.00929072 14.9178 -4.22178 0.165381 14.8869 -4.26499 0.162981 14.8869 -4.26499 0.162981 14.9178 -4.22178 0.165381 14.8357 -4.10514 0.255022 14.8869 -4.26499 0.162981 14.8357 -4.10514 0.255022 14.7597 -4.19834 0.255756 14.7597 -4.19834 0.255756 14.8357 -4.10514 0.255022 14.7104 -3.9896 0.307009 14.7597 -4.19834 0.255756 14.7104 -3.9896 0.307009 14.6313 -4.10197 0.305592 14.5083 -3.99983 0.319691 14.5687 -3.89191 0.31951 14.423 -3.86824 0.309546 28.7402 -1.56929 0.15501 28.6925 -1.51626 0.130508 28.6353 -1.54546 0.132019 28.7402 -1.56929 0.15501 28.6353 -1.54546 0.132019 28.6531 -1.62343 0.159329 28.9127 -1.89347 0.105659 28.8778 -1.83486 0.150696 28.8436 -1.85768 0.147552 28.9127 -1.89347 0.105659 28.8436 -1.85768 0.147552 28.8938 -1.90527 0.102786 28.8778 -1.83486 0.150696 28.8507 -1.74477 0.176626 28.7691 -1.80736 0.173037 28.8778 -1.83486 0.150696 28.7691 -1.80736 0.173037 28.8436 -1.85768 0.147552 28.8507 -1.74477 0.176626 28.7957 -1.64454 0.175392 28.7044 -1.71918 0.178924 28.8507 -1.74477 0.176626 28.7044 -1.71918 0.178924 28.7691 -1.80736 0.173037 28.6925 -1.51626 0.130508 28.6378 -1.46596 0.0989992 28.6353 -1.54546 0.132019 28.7957 -1.64454 0.175392 28.7402 -1.56929 0.15501 28.6531 -1.62343 0.159329 28.7957 -1.64454 0.175392 28.6531 -1.62343 0.159329 28.7044 -1.71918 0.178924 28.9552 -1.93604 0.0113881 28.9127 -1.89347 0.105659 28.8938 -1.90527 0.102786 28.9552 -1.93604 0.0113881 28.8938 -1.90527 0.102786 28.9377 -1.94507 0.0068215 28.9844 -1.67142 0.174429 29.0706 -1.68739 0.180923 29.0898 -1.57659 0.174284 28.9844 -1.67142 0.174429 29.0898 -1.57659 0.174284 29.0111 -1.57031 0.170258 28.9322 -1.94387 0.00897252 28.951 -1.94857 0.0101352 28.9942 -1.88045 0.107019 28.9322 -1.94387 0.00897252 28.9942 -1.88045 0.107019 28.961 -1.87401 0.103517 28.961 -1.87401 0.103517 28.9942 -1.88045 0.107019 29.0379 -1.79593 0.158664 28.961 -1.87401 0.103517 29.0379 -1.79593 0.158664 28.9636 -1.77639 0.154 28.9636 -1.77639 0.154 29.0379 -1.79593 0.158664 29.0706 -1.68739 0.180923 28.9636 -1.77639 0.154 29.0706 -1.68739 0.180923 28.9844 -1.67142 0.174429 29.0111 -1.57031 0.170258 29.0898 -1.57659 0.174284 29.0658 -1.48568 0.152835 29.3217 -2.01917 0.199342 29.3923 -2.0174 0.184288 29.4059 -1.95739 0.185165 29.3217 -2.01917 0.199342 29.4059 -1.95739 0.185165 29.3351 -1.92176 0.20151 28.9861 -1.9493 0.107891 29.0448 -1.95793 0.158903 29.0495 -1.91895 0.15498 28.9861 -1.9493 0.107891 29.0495 -1.91895 0.15498 28.9894 -1.92829 0.104735 29.0448 -1.95793 0.158903 29.124 -1.99221 0.194932 29.1287 -1.89401 0.188377 29.0448 -1.95793 0.158903 29.1287 -1.89401 0.188377 29.0495 -1.91895 0.15498 29.124 -1.99221 0.194932 29.2306 -2.01322 0.207619 29.2317 -1.90019 0.206938 29.124 -1.99221 0.194932 29.2317 -1.90019 0.206938 29.1287 -1.89401 0.188377 29.3923 -2.0174 0.184288 29.466 -2.0091 0.162602 29.4059 -1.95739 0.185165 29.2306 -2.01322 0.207619 29.3217 -2.01917 0.199342 29.3351 -1.92176 0.20151 29.2306 -2.01322 0.207619 29.3351 -1.92176 0.20151 29.2317 -1.90019 0.206938 28.9401 -1.95789 0.0115501 28.9861 -1.9493 0.107891 28.9894 -1.92829 0.104735 28.9401 -1.95789 0.0115501 28.9894 -1.92829 0.104735 28.9448 -1.93964 0.00703136 28.5436 -2.05503 0.212813 28.477 -2.09084 0.196692 28.493 -2.15474 0.197632 28.5436 -2.05503 0.212813 28.493 -2.15474 0.197632 28.5779 -2.15459 0.215136 28.8981 -1.95967 0.114881 28.8378 -1.97979 0.169509 28.8522 -2.01929 0.165307 28.8981 -1.95967 0.114881 28.8522 -2.01929 0.165307 28.9051 -1.98134 0.1115 28.8378 -1.97979 0.169509 28.7456 -1.98526 0.208091 28.7885 -2.0814 0.201072 28.8378 -1.97979 0.169509 28.7885 -2.0814 0.201072 28.8522 -2.01929 0.165307 28.7456 -1.98526 0.208091 28.6336 -2.01671 0.221677 28.6871 -2.12527 0.220948 28.7456 -1.98526 0.208091 28.6871 -2.12527 0.220948 28.7885 -2.0814 0.201072 28.477 -2.09084 0.196692 28.4106 -2.13438 0.173469 28.493 -2.15474 0.197632 28.6336 -2.01671 0.221677 28.5436 -2.05503 0.212813 28.5779 -2.15459 0.215136 28.6336 -2.01671 0.221677 28.5779 -2.15459 0.215136 28.6871 -2.12527 0.220948 28.9379 -1.92923 0.0117101 28.8981 -1.95967 0.114881 28.9051 -1.98134 0.1115 28.9379 -1.92923 0.0117101 28.9051 -1.98134 0.1115 28.9423 -1.94892 0.00687133 28.946 -2.39857 0.232822 28.9648 -2.4795 0.215116 29.0371 -2.48082 0.216149 28.946 -2.39857 0.232822 29.0371 -2.48082 0.216149 29.0613 -2.39079 0.235373 28.9465 -1.99538 0.125262 28.9506 -2.06508 0.18526 28.9966 -2.06114 0.180646 28.9465 -1.99538 0.125262 28.9966 -2.06114 0.180646 28.9715 -1.99417 0.12155 28.9506 -2.06508 0.18526 28.9299 -2.16438 0.227636 29.0442 -2.14647 0.219927 28.9506 -2.06508 0.18526 29.0442 -2.14647 0.219927 28.9966 -2.06114 0.180646 28.9299 -2.16438 0.227636 28.9311 -2.29224 0.242557 29.0616 -2.26663 0.241757 28.9299 -2.16438 0.227636 29.0616 -2.26663 0.241757 29.0442 -2.14647 0.219927 28.9648 -2.4795 0.215116 28.9919 -2.56241 0.18961 29.0371 -2.48082 0.216149 28.9311 -2.29224 0.242557 28.946 -2.39857 0.232822 29.0613 -2.39079 0.235373 28.9311 -2.29224 0.242557 29.0613 -2.39079 0.235373 29.0616 -2.26663 0.241757 28.9257 -1.94443 0.0119483 28.9465 -1.99538 0.125262 28.9715 -1.99417 0.12155 28.9257 -1.94443 0.0119483 28.9715 -1.99417 0.12155 28.9478 -1.94546 0.00663313 29.2012 -2.03001 0.178652 29.1769 -2.11442 0.175856 29.2856 -2.14371 0.17118 29.2012 -2.03001 0.178652 29.2856 -2.14371 0.17118 29.2994 -2.06597 0.175338 28.9425 -1.93557 0.00989416 28.936 -1.95386 0.00898665 28.9954 -2.01272 0.103337 28.9425 -1.93557 0.00989416 28.9954 -2.01272 0.103337 29.0051 -1.98008 0.103434 29.0051 -1.98008 0.103434 28.9954 -2.01272 0.103337 29.073 -2.06929 0.153228 29.0051 -1.98008 0.103434 29.073 -2.06929 0.153228 29.0997 -1.99719 0.156768 29.0997 -1.99719 0.156768 29.073 -2.06929 0.153228 29.1769 -2.11442 0.175856 29.0997 -1.99719 0.156768 29.1769 -2.11442 0.175856 29.2012 -2.03001 0.178652 29.2994 -2.06597 0.175338 29.2856 -2.14371 0.17118 29.3792 -2.12674 0.155451 28.6773 -1.94403 0.193921 28.6743 -1.85624 0.191807 28.5618 -1.86182 0.193485 28.6773 -1.94403 0.193921 28.5618 -1.86182 0.193485 28.5728 -1.94006 0.196568 28.9426 -1.95322 0.00976142 28.9431 -1.93381 0.00893769 28.8739 -1.89666 0.10759 28.9426 -1.95322 0.00976142 28.8739 -1.89666 0.10759 28.8747 -1.93068 0.107441 28.8747 -1.93068 0.107441 28.8739 -1.89666 0.10759 28.7856 -1.86704 0.162755 28.8747 -1.93068 0.107441 28.7856 -1.86704 0.162755 28.7827 -1.94386 0.166018 28.7827 -1.94386 0.166018 28.7856 -1.86704 0.162755 28.6743 -1.85624 0.191807 28.7827 -1.94386 0.166018 28.6743 -1.85624 0.191807 28.6773 -1.94403 0.193921 28.5728 -1.94006 0.196568 28.5618 -1.86182 0.193485 28.4772 -1.9067 0.182279 29.4801 -1.66474 0.307032 29.5647 -1.59344 0.283449 29.5226 -1.50677 0.284823 29.4801 -1.66474 0.307032 29.5226 -1.50677 0.284823 29.4011 -1.53249 0.310431 29.0012 -1.90781 0.163762 29.0815 -1.86087 0.24368 29.049 -1.80865 0.237534 29.0012 -1.90781 0.163762 29.049 -1.80865 0.237534 28.9846 -1.87889 0.158818 29.0815 -1.86087 0.24368 29.2118 -1.82535 0.300125 29.1215 -1.70059 0.289856 29.0815 -1.86087 0.24368 29.1215 -1.70059 0.289856 29.049 -1.80865 0.237534 29.2118 -1.82535 0.300125 29.3628 -1.74662 0.32 29.2536 -1.60728 0.318934 29.2118 -1.82535 0.300125 29.2536 -1.60728 0.318934 29.1215 -1.70059 0.289856 29.5647 -1.59344 0.283449 29.6468 -1.51115 0.249474 29.5226 -1.50677 0.284823 29.3628 -1.74662 0.32 29.4801 -1.66474 0.307032 29.4011 -1.53249 0.310431 29.3628 -1.74662 0.32 29.4011 -1.53249 0.310431 29.2536 -1.60728 0.318934 28.9533 -1.96336 0.0128304 29.0012 -1.90781 0.163762 28.9846 -1.87889 0.158818 28.9533 -1.96336 0.0128304 28.9846 -1.87889 0.158818 28.9412 -1.93647 0.00575105 28.8548 -2.33911 0.26811 28.6975 -2.33963 0.214363 28.7013 -2.50326 0.244958 28.8548 -2.33911 0.26811 28.7013 -2.50326 0.244958 28.8257 -2.50074 0.28239 28.8596 -2.0214 0.0522819 28.842 -2.02248 0.0447148 28.8198 -2.05788 0.0731811 28.8596 -2.0214 0.0522819 28.8198 -2.05788 0.0731811 28.8457 -2.05679 0.0846672 28.8457 -2.05679 0.0846672 28.8198 -2.05788 0.0731811 28.7292 -2.20241 0.157785 28.8457 -2.05679 0.0846672 28.7292 -2.20241 0.157785 28.8556 -2.19809 0.206075 28.8556 -2.19809 0.206075 28.7292 -2.20241 0.157785 28.6975 -2.33963 0.214363 28.8556 -2.19809 0.206075 28.6975 -2.33963 0.214363 28.8548 -2.33911 0.26811 28.8257 -2.50074 0.28239 28.7013 -2.50326 0.244958 28.7718 -2.63518 0.252843 28.8809 -1.98106 0.0153053 28.8958 -1.98263 0.0247138 28.9652 -1.94865 0.0184788 28.8809 -1.98106 0.0153053 28.9652 -1.94865 0.0184788 28.9237 -1.95065 0 28.842 -2.02248 0.0447148 28.8596 -2.0214 0.0522819 28.8958 -1.98263 0.0247138 28.842 -2.02248 0.0447148 28.8958 -1.98263 0.0247138 28.8809 -1.98106 0.0153053 28.7659 -1.5778 0.305592 28.8892 -1.51712 0.307009 28.8117 -1.36345 0.31951 28.7659 -1.5778 0.305592 28.8117 -1.36345 0.31951 28.7069 -1.4292 0.319691 28.9295 -1.95215 0.00929072 28.9574 -1.94033 0.00929072 28.9599 -1.82032 0.165381 28.9295 -1.95215 0.00929072 28.9599 -1.82032 0.165381 28.912 -1.8434 0.162981 28.912 -1.8434 0.162981 28.9599 -1.82032 0.165381 28.9438 -1.67861 0.255022 28.912 -1.8434 0.162981 28.9438 -1.67861 0.255022 28.8324 -1.72396 0.255756 28.8324 -1.72396 0.255756 28.9438 -1.67861 0.255022 28.8892 -1.51712 0.307009 28.8324 -1.72396 0.255756 28.8892 -1.51712 0.307009 28.7659 -1.5778 0.305592 28.7069 -1.4292 0.319691 28.8117 -1.36345 0.31951 28.6951 -1.27282 0.309546 22.8785 0.989056 0.15501 22.8609 1.05819 0.130508 22.7967 1.05891 0.132019 22.8785 0.989056 0.15501 22.7967 1.05891 0.132019 22.7762 0.98161 0.159329 22.8806 0.621876 0.105659 22.877 0.689979 0.150696 22.8361 0.685642 0.147552 22.8806 0.621876 0.105659 22.8361 0.685642 0.147552 22.8584 0.620201 0.102786 22.877 0.689979 0.150696 22.8948 0.782362 0.176626 22.7935 0.764841 0.173037 22.877 0.689979 0.150696 22.7935 0.764841 0.173037 22.8361 0.685642 0.147552 22.8948 0.782362 0.176626 22.8927 0.896631 0.175392 22.7772 0.87298 0.178924 22.8948 0.782362 0.176626 22.7772 0.87298 0.178924 22.7935 0.764841 0.173037 22.8609 1.05819 0.130508 22.8359 1.12812 0.0989992 22.7967 1.05891 0.132019 22.8927 0.896631 0.175392 22.8785 0.989056 0.15501 22.7762 0.98161 0.159329 22.8927 0.896631 0.175392 22.7762 0.98161 0.159329 22.7772 0.87298 0.178924 22.8985 0.564412 0.0113881 22.8806 0.621876 0.105659 22.8584 0.620201 0.102786 22.8985 0.564412 0.0113881 22.8584 0.620201 0.102786 22.8788 0.564547 0.0068215 23.0473 0.785182 0.174429 23.1162 0.731007 0.180923 23.1847 0.820168 0.174284 23.0473 0.785182 0.174429 23.1847 0.820168 0.174284 23.118 0.862298 0.170258 22.8745 0.568179 0.00897252 22.889 0.555273 0.0101352 22.9589 0.595528 0.107019 22.8745 0.568179 0.00897252 22.9589 0.595528 0.107019 22.9324 0.616673 0.103517 22.9324 0.616673 0.103517 22.9589 0.595528 0.107019 23.0368 0.650066 0.158664 22.9324 0.616673 0.103517 23.0368 0.650066 0.158664 22.9802 0.701876 0.154 22.9802 0.701876 0.154 23.0368 0.650066 0.158664 23.1162 0.731007 0.180923 22.9802 0.701876 0.154 23.1162 0.731007 0.180923 23.0473 0.785182 0.174429 23.118 0.862298 0.170258 23.1847 0.820168 0.174284 23.2057 0.911824 0.152835 23.1844 0.320531 0.199342 23.2478 0.289283 0.184288 23.2877 0.336127 0.185165 23.1844 0.320531 0.199342 23.2877 0.336127 0.185165 23.2415 0.400574 0.20151 22.9197 0.538323 0.107891 22.9677 0.503399 0.158903 22.9899 0.53576 0.15498 22.9197 0.538323 0.107891 22.9899 0.53576 0.15498 22.9324 0.555401 0.104735 22.9677 0.503399 0.158903 23.0219 0.436274 0.194932 23.0717 0.521031 0.188377 22.9677 0.503399 0.158903 23.0717 0.521031 0.188377 22.9899 0.53576 0.15498 23.0219 0.436274 0.194932 23.1065 0.368118 0.207619 23.16 0.467681 0.206938 23.0219 0.436274 0.194932 23.16 0.467681 0.206938 23.0717 0.521031 0.188377 23.2478 0.289283 0.184288 23.3169 0.26239 0.162602 23.2877 0.336127 0.185165 23.1065 0.368118 0.207619 23.1844 0.320531 0.199342 23.2415 0.400574 0.20151 23.1065 0.368118 0.207619 23.2415 0.400574 0.20151 23.16 0.467681 0.206938 22.875 0.552088 0.0115501 22.9197 0.538323 0.107891 22.9324 0.555401 0.104735 22.875 0.552088 0.0115501 22.9324 0.555401 0.104735 22.8876 0.566085 0.00703136 22.4788 0.650267 0.212813 22.4031 0.649518 0.196692 22.3876 0.585482 0.197632 22.4788 0.650267 0.212813 22.3876 0.585482 0.197632 22.4629 0.546179 0.215136 22.837 0.570017 0.114881 22.7742 0.580205 0.169509 22.7687 0.538542 0.165307 22.837 0.570017 0.114881 22.7687 0.538542 0.165307 22.8331 0.54757 0.1115 22.7742 0.580205 0.169509 22.6901 0.6182 0.208091 22.6834 0.513125 0.201072 22.7742 0.580205 0.169509 22.6834 0.513125 0.201072 22.7687 0.538542 0.165307 22.6901 0.6182 0.208091 22.5762 0.642419 0.221677 22.5732 0.521417 0.220948 22.6901 0.6182 0.208091 22.5732 0.521417 0.220948 22.6834 0.513125 0.201072 22.4031 0.649518 0.196692 22.3241 0.641829 0.173469 22.3876 0.585482 0.197632 22.5762 0.642419 0.221677 22.4788 0.650267 0.212813 22.4629 0.546179 0.215136 22.5762 0.642419 0.221677 22.4629 0.546179 0.215136 22.5732 0.521417 0.220948 22.8864 0.578472 0.0117101 22.837 0.570017 0.114881 22.8331 0.54757 0.1115 22.8864 0.578472 0.0117101 22.8331 0.54757 0.1115 22.8811 0.559002 0.00687133 22.6754 0.159138 0.232822 22.6545 0.0787166 0.215116 22.718 0.0439346 0.216149 22.6754 0.159138 0.232822 22.718 0.0439346 0.216149 22.7812 0.112413 0.235373 22.8633 0.515895 0.125262 22.8345 0.452297 0.18526 22.877 0.434408 0.180646 22.8633 0.515895 0.125262 22.877 0.434408 0.180646 22.886 0.505357 0.12155 22.8345 0.452297 0.18526 22.77 0.373958 0.227636 22.8795 0.336743 0.219927 22.8345 0.452297 0.18526 22.8795 0.336743 0.219927 22.877 0.434408 0.180646 22.77 0.373958 0.227636 22.7117 0.26018 0.242557 22.8391 0.222256 0.241757 22.77 0.373958 0.227636 22.8391 0.222256 0.241757 22.8795 0.336743 0.219927 22.6545 0.0787166 0.215116 22.64 -0.00729312 0.18961 22.718 0.0439346 0.216149 22.7117 0.26018 0.242557 22.6754 0.159138 0.232822 22.7812 0.112413 0.235373 22.7117 0.26018 0.242557 22.7812 0.112413 0.235373 22.8391 0.222256 0.241757 22.8685 0.570694 0.0119483 22.8633 0.515895 0.125262 22.886 0.505357 0.12155 22.8685 0.570694 0.0119483 22.886 0.505357 0.12155 22.8876 0.559502 0.00663313 23.0727 0.366914 0.178652 23.012 0.303438 0.175856 23.0946 0.227006 0.17118 23.0727 0.366914 0.178652 23.0946 0.227006 0.17118 23.143 0.289428 0.175338 22.8875 0.570744 0.00989416 22.8732 0.557566 0.00898665 22.8985 0.477852 0.103337 22.8875 0.570744 0.00989416 22.8985 0.477852 0.103337 22.9222 0.502252 0.103434 22.9222 0.502252 0.103434 22.8985 0.477852 0.103337 22.941 0.39167 0.153228 22.9222 0.502252 0.103434 22.941 0.39167 0.153228 22.998 0.443156 0.156768 22.998 0.443156 0.156768 22.941 0.39167 0.153228 23.012 0.303438 0.175856 22.998 0.443156 0.156768 23.012 0.303438 0.175856 23.0727 0.366914 0.178652 23.143 0.289428 0.175338 23.0946 0.227006 0.17118 23.1854 0.198535 0.155451 22.6488 0.68643 0.193921 22.6869 0.765588 0.191807 22.5846 0.812918 0.193485 22.6488 0.68643 0.193921 22.5846 0.812918 0.193485 22.558 0.738529 0.196568 22.8793 0.555084 0.00976142 22.8888 0.572035 0.00893769 22.8448 0.637062 0.10759 22.8793 0.555084 0.00976142 22.8448 0.637062 0.10759 22.8298 0.606541 0.107441 22.8298 0.606541 0.107441 22.8448 0.637062 0.10759 22.7804 0.704323 0.162755 22.8298 0.606541 0.107441 22.7804 0.704323 0.162755 22.7421 0.637662 0.166018 22.7421 0.637662 0.166018 22.7804 0.704323 0.162755 22.6869 0.765588 0.191807 22.7421 0.637662 0.166018 22.6869 0.765588 0.191807 22.6488 0.68643 0.193921 22.558 0.738529 0.196568 22.5846 0.812918 0.193485 22.4888 0.812485 0.182279 23.4894 0.560801 0.307032 23.5974 0.584608 0.283449 23.6004 0.680944 0.284823 23.4894 0.560801 0.307032 23.6004 0.680944 0.284823 23.4808 0.714609 0.310431 22.9524 0.568047 0.163762 23.0453 0.572316 0.24368 23.0407 0.633648 0.237534 22.9524 0.568047 0.163762 23.0407 0.633648 0.237534 22.9511 0.601347 0.158818 23.0453 0.572316 0.24368 23.1772 0.543213 0.300125 23.1552 0.695657 0.289856 23.0453 0.572316 0.24368 23.1552 0.695657 0.289856 23.0407 0.633648 0.237534 23.1772 0.543213 0.300125 23.3475 0.542758 0.32 23.3155 0.716912 0.318934 23.1772 0.543213 0.300125 23.3155 0.716912 0.318934 23.1552 0.695657 0.289856 23.5974 0.584608 0.283449 23.7083 0.619372 0.249474 23.6004 0.680944 0.284823 23.3475 0.542758 0.32 23.4894 0.560801 0.307032 23.4808 0.714609 0.310431 23.3475 0.542758 0.32 23.4808 0.714609 0.310431 23.3155 0.716912 0.318934 22.8842 0.541095 0.0128304 22.9524 0.568047 0.163762 22.9511 0.601347 0.158818 22.8842 0.541095 0.0128304 22.9511 0.601347 0.158818 22.8859 0.570559 0.00575105 22.6224 0.254119 0.26811 22.4828 0.326756 0.214363 22.4101 0.180109 0.244958 22.6224 0.254119 0.26811 22.4101 0.180109 0.244958 22.5215 0.124547 0.28239 22.7742 0.533256 0.0522819 22.7581 0.54048 0.0447148 22.722 0.519426 0.0731811 22.7742 0.533256 0.0522819 22.722 0.519426 0.0731811 22.7455 0.50835 0.0846672 22.7455 0.50835 0.0846672 22.722 0.519426 0.0731811 22.5746 0.433548 0.157785 22.7455 0.50835 0.0846672 22.5746 0.433548 0.157785 22.6886 0.37862 0.206075 22.6886 0.37862 0.206075 22.5746 0.433548 0.157785 22.4828 0.326756 0.214363 22.6886 0.37862 0.206075 22.4828 0.326756 0.214363 22.6224 0.254119 0.26811 22.5215 0.124547 0.28239 22.4101 0.180109 0.244958 22.4113 0.0305086 0.252843 22.8118 0.559087 0.0153053 22.8243 0.550748 0.0247138 22.9015 0.548624 0.0184788 22.8118 0.559087 0.0153053 22.9015 0.548624 0.0184788 22.8639 0.566111 0 22.7581 0.54048 0.0447148 22.7742 0.533256 0.0522819 22.8243 0.550748 0.0247138 22.7581 0.54048 0.0447148 22.8243 0.550748 0.0247138 22.8118 0.559087 0.0153053 22.8973 0.969609 0.305592 23.0347 0.966061 0.307009 23.0374 1.13814 0.31951 22.8973 0.969609 0.305592 23.0374 1.13814 0.31951 22.9141 1.12859 0.319691 22.8683 0.562107 0.00929072 22.8985 0.559585 0.00929072 22.9564 0.6647 0.165381 22.8683 0.562107 0.00929072 22.9564 0.6647 0.165381 22.9033 0.66651 0.162981 22.9033 0.66651 0.162981 22.9564 0.6647 0.165381 23.008 0.797683 0.255022 22.9033 0.66651 0.162981 23.008 0.797683 0.255022 22.8883 0.809262 0.255756 22.8883 0.809262 0.255756 23.008 0.797683 0.255022 23.0347 0.966061 0.307009 22.8883 0.809262 0.255756 23.0347 0.966061 0.307009 22.8973 0.969609 0.305592 22.9141 1.12859 0.319691 23.0374 1.13814 0.31951 22.9764 1.27254 0.309546 17.0805 3.3973 0.15501 17.0982 3.46642 0.130508 17.0422 3.49785 0.132019 17.0805 3.3973 0.15501 17.0422 3.49785 0.132019 16.9871 3.43983 0.159329 16.9063 3.07407 0.105659 16.9357 3.13559 0.150696 16.8978 3.15137 0.147552 16.9063 3.07407 0.105659 16.8978 3.15137 0.147552 16.886 3.08325 0.102786 16.9357 3.13559 0.150696 16.9957 3.20811 0.176626 16.8984 3.24132 0.173037 16.9357 3.13559 0.150696 16.8984 3.24132 0.173037 16.8978 3.15137 0.147552 16.9957 3.20811 0.176626 17.0486 3.30938 0.175392 16.9359 3.34404 0.178924 16.9957 3.20811 0.176626 16.9359 3.34404 0.178924 16.8984 3.24132 0.173037 17.0982 3.46642 0.130508 17.1097 3.53979 0.0989992 17.0422 3.49785 0.132019 17.0486 3.30938 0.175392 17.0805 3.3973 0.15501 16.9871 3.43983 0.159329 17.0486 3.30938 0.175392 16.9871 3.43983 0.159329 16.9359 3.34404 0.178924 16.8944 3.01506 0.0113881 16.9063 3.07407 0.105659 16.886 3.08325 0.102786 16.8944 3.01506 0.0113881 16.886 3.08325 0.102786 16.8772 3.02463 0.0068215 17.1309 3.13747 0.174429 17.1653 3.05691 0.180923 17.2682 3.10229 0.174284 17.1309 3.13747 0.174429 17.2682 3.10229 0.174284 17.2298 3.17128 0.170258 16.8752 3.02989 0.00897252 16.8817 3.01162 0.0101352 16.9623 3.01344 0.107019 16.8752 3.02989 0.00897252 16.9623 3.01344 0.107019 16.9493 3.04467 0.103517 16.9493 3.04467 0.103517 16.9623 3.01344 0.107019 17.0569 3.02392 0.158664 16.9493 3.04467 0.103517 17.0569 3.02392 0.158664 17.032 3.09656 0.154 17.032 3.09656 0.154 17.0569 3.02392 0.158664 17.1653 3.05691 0.180923 17.032 3.09656 0.154 17.1653 3.05691 0.180923 17.1309 3.13747 0.174429 17.2298 3.17128 0.170258 17.2682 3.10229 0.174284 17.3306 3.17267 0.152835 17.0284 2.66397 0.199342 17.0691 2.60617 0.184288 17.1265 2.62816 0.185165 17.0284 2.66397 0.199342 17.1265 2.62816 0.185165 17.1169 2.70683 0.20151 16.9005 2.98201 0.107891 16.9259 2.92835 0.158903 16.9609 2.9461 0.15498 16.9005 2.98201 0.107891 16.9609 2.9461 0.15498 16.9198 2.99092 0.104735 16.9259 2.92835 0.158903 16.9412 2.84349 0.194932 17.0256 2.89398 0.188377 16.9259 2.92835 0.158903 17.0256 2.89398 0.188377 16.9609 2.9461 0.15498 16.9412 2.84349 0.194932 16.9829 2.74307 0.207619 17.0776 2.80479 0.206938 16.9412 2.84349 0.194932 17.0776 2.80479 0.206938 17.0256 2.89398 0.188377 17.0691 2.60617 0.184288 17.1168 2.54943 0.162602 17.1265 2.62816 0.185165 16.9829 2.74307 0.207619 17.0284 2.66397 0.199342 17.1169 2.70683 0.20151 16.9829 2.74307 0.207619 17.1169 2.70683 0.20151 17.0776 2.80479 0.206938 16.8679 3.01554 0.0115501 16.9005 2.98201 0.107891 16.9198 2.99092 0.104735 16.8679 3.01554 0.0115501 16.9198 2.99092 0.104735 16.8856 3.02177 0.00703136 16.5672 3.29165 0.212813 16.5005 3.32726 0.196692 16.4562 3.27848 0.197632 16.5672 3.29165 0.212813 16.4562 3.27848 0.197632 16.5034 3.20793 0.215136 16.8431 3.04948 0.114881 16.793 3.0885 0.169509 16.7681 3.05463 0.165307 16.8431 3.04948 0.114881 16.7681 3.05463 0.165307 16.829 3.03164 0.1115 16.793 3.0885 0.169509 16.7373 3.1622 0.208091 16.6811 3.07319 0.201072 16.793 3.0885 0.169509 16.6811 3.07319 0.201072 16.7681 3.05463 0.165307 16.7373 3.1622 0.208091 16.649 3.23805 0.221677 16.5883 3.13331 0.220948 16.7373 3.1622 0.208091 16.5883 3.13331 0.220948 16.6811 3.07319 0.201072 16.5005 3.32726 0.196692 16.4274 3.35841 0.173469 16.4562 3.27848 0.197632 16.649 3.23805 0.221677 16.5672 3.29165 0.212813 16.5034 3.20793 0.215136 16.649 3.23805 0.221677 16.5034 3.20793 0.215136 16.5883 3.13331 0.220948 16.8905 3.03322 0.0117101 16.8431 3.04948 0.114881 16.829 3.03164 0.1115 16.8905 3.03322 0.0117101 16.829 3.03164 0.1115 16.8766 3.01867 0.00687133 16.5044 2.76636 0.232822 16.4475 2.7058 0.215116 16.4865 2.64486 0.216149 16.5044 2.76636 0.232822 16.4865 2.64486 0.216149 16.5748 2.67463 0.235373 16.8402 2.98938 0.125262 16.7845 2.94738 0.18526 16.8133 2.91127 0.180646 16.8402 2.98938 0.125262 16.8133 2.91127 0.180646 16.8551 2.96926 0.12155 16.7845 2.94738 0.18526 16.6904 2.90952 0.227636 16.7686 2.82437 0.219927 16.7845 2.94738 0.18526 16.7686 2.82437 0.219927 16.8133 2.91127 0.180646 16.6904 2.90952 0.227636 16.5846 2.83764 0.242557 16.6783 2.74327 0.241757 16.6904 2.90952 0.227636 16.6783 2.74327 0.241757 16.7686 2.82437 0.219927 16.4475 2.7058 0.215116 16.3935 2.63729 0.18961 16.4865 2.64486 0.216149 16.5846 2.83764 0.242557 16.5044 2.76636 0.232822 16.5748 2.67463 0.235373 16.5846 2.83764 0.242557 16.5748 2.67463 0.235373 16.6783 2.74327 0.241757 16.8711 3.03498 0.0119483 16.8402 2.98938 0.125262 16.8551 2.96926 0.12155 16.8711 3.03498 0.0119483 16.8551 2.96926 0.12155 16.8825 3.01599 0.00663313 16.9526 2.75824 0.178652 16.8689 2.73164 0.175856 16.9048 2.62494 0.17118 16.9526 2.75824 0.178652 16.9048 2.62494 0.17118 16.9771 2.65655 0.175338 16.8878 3.02592 0.00989416 16.869 3.02119 0.00898665 16.8529 2.93913 0.103337 16.8878 3.02592 0.00989416 16.8529 2.93913 0.103337 16.8854 2.94916 0.103434 16.8854 2.94916 0.103434 16.8529 2.93913 0.103337 16.8489 2.84312 0.153228 16.8854 2.94916 0.103434 16.8489 2.84312 0.153228 16.9236 2.86095 0.156768 16.9236 2.86095 0.156768 16.8489 2.84312 0.153228 16.8689 2.73164 0.175856 16.9236 2.86095 0.156768 16.8689 2.73164 0.175856 16.9526 2.75824 0.178652 16.9771 2.65655 0.175338 16.9048 2.62494 0.17118 16.9708 2.55643 0.155451 16.7337 3.24189 0.193921 16.8051 3.29309 0.191807 16.7381 3.38363 0.193485 16.7337 3.24189 0.193921 16.7381 3.38363 0.193485 16.6791 3.33111 0.196568 16.8731 3.01608 0.00976142 16.8896 3.02642 0.00893769 16.8821 3.10456 0.10759 16.8731 3.01608 0.00976142 16.8821 3.10456 0.10759 16.8543 3.085 0.107441 16.8543 3.085 0.107441 16.8821 3.10456 0.10759 16.8578 3.19449 0.162755 16.8543 3.085 0.107441 16.8578 3.19449 0.162755 16.7923 3.15435 0.166018 16.7923 3.15435 0.166018 16.8578 3.19449 0.162755 16.8051 3.29309 0.191807 16.7923 3.15435 0.166018 16.8051 3.29309 0.191807 16.7337 3.24189 0.193921 16.6791 3.33111 0.196568 16.7381 3.38363 0.193485 16.6538 3.42918 0.182279 17.4112 2.72864 0.307032 17.5175 2.69771 0.283449 17.5662 2.78085 0.284823 17.4112 2.72864 0.307032 17.5662 2.78085 0.284823 17.4775 2.86769 0.310431 16.9434 2.99244 0.163762 17.027 2.95165 0.24368 17.0524 3.00764 0.237534 16.9434 2.99244 0.163762 17.0524 3.00764 0.237534 16.9583 3.02225 0.158818 17.027 2.95165 0.24368 17.1288 2.86286 0.300125 17.1826 3.00721 0.289856 17.027 2.95165 0.24368 17.1826 3.00721 0.289856 17.0524 3.00764 0.237534 17.1288 2.86286 0.300125 17.2781 2.78081 0.32 17.3335 2.949 0.318934 17.1288 2.86286 0.300125 17.3335 2.949 0.318934 17.1826 3.00721 0.289856 17.5175 2.69771 0.283449 17.6314 2.67507 0.249474 17.5662 2.78085 0.284823 17.2781 2.78081 0.32 17.4112 2.72864 0.307032 17.4775 2.86769 0.310431 17.2781 2.78081 0.32 17.4775 2.86769 0.310431 17.3335 2.949 0.318934 16.8707 3.00148 0.0128304 16.9434 2.99244 0.163762 16.9583 3.02225 0.158818 16.8707 3.00148 0.0128304 16.9583 3.02225 0.158818 16.8863 3.02652 0.00575105 16.5033 2.87515 0.26811 16.4157 3.0058 0.214363 16.2816 2.91196 0.244958 16.5033 2.87515 0.26811 16.2816 2.91196 0.244958 16.3526 2.80982 0.28239 16.7704 3.04733 0.0522819 16.7597 3.06139 0.0447148 16.718 3.06021 0.0731811 16.7704 3.04733 0.0522819 16.718 3.06021 0.0731811 16.7333 3.03924 0.0846672 16.7333 3.03924 0.0846672 16.718 3.06021 0.0731811 16.5475 3.05551 0.157785 16.7333 3.03924 0.0846672 16.5475 3.05551 0.157785 16.6212 2.95265 0.206075 16.6212 2.95265 0.206075 16.5475 3.05551 0.157785 16.4157 3.0058 0.214363 16.6212 2.95265 0.206075 16.4157 3.0058 0.214363 16.5033 2.87515 0.26811 16.3526 2.80982 0.28239 16.2816 2.91196 0.244958 16.2109 2.7801 0.252843 16.8158 3.05198 0.0153053 16.8227 3.03867 0.0247138 16.8895 2.99979 0.0184788 16.8158 3.05198 0.0153053 16.8895 2.99979 0.0184788 16.8648 3.03318 0 16.7597 3.06139 0.0447148 16.7704 3.04733 0.0522819 16.8227 3.03867 0.0247138 16.7597 3.06139 0.0447148 16.8227 3.03867 0.0247138 16.8158 3.05198 0.0153053 17.0876 3.37124 0.305592 17.2065 3.30227 0.307009 17.2914 3.45195 0.31951 17.0876 3.37124 0.305592 17.2914 3.45195 0.31951 17.1786 3.5027 0.319691 16.8668 3.02755 0.00929072 16.8921 3.01084 0.00929072 16.9934 3.07531 0.165381 16.8668 3.02755 0.00929072 16.9934 3.07531 0.165381 16.9476 3.10236 0.162981 16.9476 3.10236 0.162981 16.9934 3.07531 0.165381 17.1024 3.16729 0.255022 16.9476 3.10236 0.162981 17.1024 3.16729 0.255022 17.0029 3.23483 0.255756 17.0029 3.23483 0.255756 17.1024 3.16729 0.255022 17.2065 3.30227 0.307009 17.0029 3.23483 0.255756 17.2065 3.30227 0.307009 17.0876 3.37124 0.305592 17.1786 3.5027 0.319691 17.2914 3.45195 0.31951 17.3022 3.59919 0.309546 31.2051 5.73401 0.15501 31.2537 5.78619 0.130508 31.2196 5.84063 0.132019 31.2051 5.73401 0.15501 31.2196 5.84063 0.132019 31.1435 5.81611 0.159329 30.8972 5.53387 0.105659 30.9526 5.57375 0.150696 30.9269 5.60577 0.147552 30.8972 5.53387 0.105659 30.9269 5.60577 0.147552 30.8838 5.55166 0.102786 30.9526 5.57375 0.150696 31.0399 5.60864 0.176626 30.9705 5.68444 0.173037 30.9526 5.57375 0.150696 30.9705 5.68444 0.173037 30.9269 5.60577 0.147552 31.0399 5.60864 0.176626 31.135 5.67212 0.175392 31.0526 5.7566 0.178924 31.0399 5.60864 0.176626 31.0526 5.7566 0.178924 30.9705 5.68444 0.173037 31.2537 5.78619 0.130508 31.2991 5.84504 0.0989992 31.2196 5.84063 0.132019 31.135 5.67212 0.175392 31.2051 5.73401 0.15501 31.1435 5.81611 0.159329 31.135 5.67212 0.175392 31.1435 5.81611 0.159329 31.0526 5.7566 0.178924 30.8586 5.48776 0.0113881 30.8972 5.53387 0.105659 30.8838 5.55166 0.102786 30.8586 5.48776 0.0113881 30.8838 5.55166 0.102786 30.848 5.50442 0.0068215 31.1247 5.48185 0.174429 31.1163 5.39461 0.180923 31.2284 5.38511 0.174284 31.1247 5.48185 0.174429 31.2284 5.38511 0.174284 31.2278 5.46407 0.170258 30.8487 5.51002 0.00897252 30.8457 5.49087 0.0101352 30.9173 5.45379 0.107019 30.8487 5.51002 0.00897252 30.9173 5.45379 0.107019 30.9209 5.48747 0.103517 30.9209 5.48747 0.103517 30.9173 5.45379 0.107019 31.0054 5.41765 0.158664 30.9209 5.48747 0.103517 31.0054 5.41765 0.158664 31.0183 5.49335 0.154 31.0183 5.49335 0.154 31.0054 5.41765 0.158664 31.1163 5.39461 0.180923 31.0183 5.49335 0.154 31.1163 5.39461 0.180923 31.1247 5.48185 0.174429 31.2278 5.46407 0.170258 31.2284 5.38511 0.174284 31.3169 5.41698 0.152835 30.8078 5.11541 0.199342 30.8158 5.04521 0.184288 30.8767 5.03696 0.185165 30.8078 5.11541 0.199342 30.8767 5.03696 0.185165 30.906 5.1106 0.20151 30.8481 5.45584 0.107891 30.8446 5.39658 0.158903 30.8838 5.39537 0.15498 30.8481 5.45584 0.107891 30.8838 5.39537 0.15498 30.8693 5.4544 0.104735 30.8446 5.39658 0.158903 30.8174 5.31476 0.194932 30.9156 5.31862 0.188377 30.8446 5.39658 0.158903 30.9156 5.31862 0.188377 30.8838 5.39537 0.15498 30.8174 5.31476 0.194932 30.8058 5.20666 0.207619 30.9185 5.21544 0.206938 30.8174 5.31476 0.194932 30.9185 5.21544 0.206938 30.9156 5.31862 0.188377 30.8158 5.04521 0.184288 30.8305 4.97252 0.162602 30.8767 5.03696 0.185165 30.8058 5.20666 0.207619 30.8078 5.11541 0.199342 30.906 5.1106 0.20151 30.8058 5.20666 0.207619 30.906 5.1106 0.20151 30.9185 5.21544 0.206938 30.8355 5.50092 0.0115501 30.8481 5.45584 0.107891 30.8693 5.4544 0.104735 30.8355 5.50092 0.0115501 30.8693 5.4544 0.104735 30.8541 5.49787 0.00703136 30.704 5.88736 0.212813 30.6625 5.95061 0.196692 30.6003 5.92904 0.197632 30.704 5.88736 0.212813 30.6003 5.92904 0.197632 30.6078 5.8445 0.215136 30.83 5.54257 0.114881 30.8047 5.60087 0.169509 30.7666 5.58307 0.165307 30.83 5.54257 0.114881 30.7666 5.58307 0.165307 30.809 5.53369 0.1115 30.8047 5.60087 0.169509 30.7912 5.69223 0.208091 30.6992 5.64107 0.201072 30.8047 5.60087 0.169509 30.6992 5.64107 0.201072 30.7666 5.58307 0.165307 30.7912 5.69223 0.208091 30.75 5.80113 0.221677 30.6466 5.7383 0.220948 30.7912 5.69223 0.208091 30.6466 5.7383 0.220948 30.6992 5.64107 0.201072 30.6625 5.95061 0.196692 30.6133 6.01297 0.173469 30.6003 5.92904 0.197632 30.75 5.80113 0.221677 30.704 5.88736 0.212813 30.6078 5.8445 0.215136 30.75 5.80113 0.221677 30.6078 5.8445 0.215136 30.6466 5.7383 0.220948 30.8638 5.50557 0.0117101 30.83 5.54257 0.114881 30.809 5.53369 0.1115 30.8638 5.50557 0.0117101 30.809 5.53369 0.1115 30.8446 5.4995 0.00687133 30.397 5.45652 0.232822 30.318 5.43066 0.215116 30.323 5.35848 0.216149 30.397 5.45652 0.232822 30.323 5.35848 0.216149 30.4148 5.34225 0.235373 30.7987 5.49121 0.125262 30.7296 5.48108 0.18526 30.7376 5.4356 0.180646 30.7987 5.49121 0.125262 30.7376 5.4356 0.180646 30.8021 5.46642 0.12155 30.7296 5.48108 0.18526 30.6289 5.49297 0.227636 30.6567 5.38073 0.219927 30.7296 5.48108 0.18526 30.6567 5.38073 0.219927 30.7376 5.4356 0.180646 30.6289 5.49297 0.227636 30.5016 5.48059 0.242557 30.5385 5.35288 0.241757 30.6289 5.49297 0.227636 30.5385 5.35288 0.241757 30.6567 5.38073 0.219927 30.318 5.43066 0.215116 30.2378 5.39641 0.18961 30.323 5.35848 0.216149 30.5016 5.48059 0.242557 30.397 5.45652 0.232822 30.4148 5.34225 0.235373 30.5016 5.48059 0.242557 30.4148 5.34225 0.235373 30.5385 5.35288 0.241757 30.8476 5.51644 0.0119483 30.7987 5.49121 0.125262 30.8021 5.46642 0.12155 30.8476 5.51644 0.0119483 30.8021 5.46642 0.12155 30.8485 5.4943 0.00663313 30.7865 5.23449 0.178652 30.7003 5.25128 0.175856 30.6806 5.14045 0.17118 30.7865 5.23449 0.178652 30.6806 5.14045 0.17118 30.7592 5.13349 0.175338 30.8579 5.50048 0.00989416 30.8391 5.50535 0.00898665 30.7857 5.44104 0.103337 30.8579 5.50048 0.00989416 30.7857 5.44104 0.103337 30.819 5.43425 0.103434 30.819 5.43425 0.103434 30.7857 5.44104 0.103337 30.7361 5.35872 0.153228 30.819 5.43425 0.103434 30.7361 5.35872 0.153228 30.8103 5.33852 0.156768 30.8103 5.33852 0.156768 30.7361 5.35872 0.153228 30.7003 5.25128 0.175856 30.8103 5.33852 0.156768 30.7003 5.25128 0.175856 30.7865 5.23449 0.178652 30.7592 5.13349 0.175338 30.6806 5.14045 0.17118 30.7057 5.04867 0.155451 30.8263 5.76386 0.193921 30.9135 5.77457 0.191807 30.8981 5.88616 0.193485 30.8263 5.76386 0.193921 30.8981 5.88616 0.193485 30.8211 5.86836 0.196568 30.8403 5.49887 0.00976142 30.8597 5.50007 0.00893769 30.8907 5.5722 0.10759 30.8403 5.49887 0.00976142 30.8907 5.5722 0.10759 30.8569 5.56839 0.107441 30.8569 5.56839 0.107441 30.8907 5.5722 0.10759 30.9124 5.66278 0.162755 30.8569 5.56839 0.107441 30.9124 5.66278 0.162755 30.8357 5.65898 0.166018 30.8357 5.65898 0.166018 30.9124 5.66278 0.162755 30.9135 5.77457 0.191807 30.8357 5.65898 0.166018 30.9135 5.77457 0.191807 30.8263 5.76386 0.193921 30.8211 5.86836 0.196568 30.8981 5.88616 0.193485 30.846 5.96653 0.182279 31.1747 4.98865 0.307032 31.2532 4.91056 0.283449 31.3358 4.96015 0.284823 31.1747 4.98865 0.307032 31.3358 4.96015 0.284823 31.2996 5.07891 0.310431 30.8907 5.44443 0.163762 30.9445 5.36857 0.24368 30.9937 5.40549 0.237534 30.8907 5.44443 0.163762 30.9937 5.40549 0.237534 30.9181 5.46344 0.158818 30.9445 5.36857 0.24368 30.9913 5.24183 0.300125 31.1077 5.34273 0.289856 30.9445 5.36857 0.24368 31.1077 5.34273 0.289856 30.9937 5.40549 0.237534 30.9913 5.24183 0.300125 31.0829 5.09827 0.32 31.2122 5.21931 0.318934 30.9913 5.24183 0.300125 31.2122 5.21931 0.318934 31.1077 5.34273 0.289856 31.2532 4.91056 0.283449 31.3423 4.83605 0.249474 31.3358 4.96015 0.284823 31.0829 5.09827 0.32 31.1747 4.98865 0.307032 31.2996 5.07891 0.310431 31.0829 5.09827 0.32 31.2996 5.07891 0.310431 31.2122 5.21931 0.318934 30.8312 5.48725 0.0128304 30.8907 5.44443 0.163762 30.9181 5.46344 0.158818 30.8312 5.48725 0.0128304 30.9181 5.46344 0.158818 30.8569 5.50172 0.00575105 30.4483 5.55248 0.26811 30.434 5.70916 0.214363 30.2713 5.6911 0.244958 30.4483 5.55248 0.26811 30.2713 5.6911 0.244958 30.2847 5.5674 0.28239 30.7652 5.57556 0.0522819 30.7625 5.593 0.0447148 30.7253 5.61198 0.0731811 30.7652 5.57556 0.0522819 30.7253 5.61198 0.0731811 30.7287 5.58625 0.0846672 30.7287 5.58625 0.0846672 30.7253 5.61198 0.0731811 30.5734 5.68961 0.157785 30.7287 5.58625 0.0846672 30.5734 5.68961 0.157785 30.5888 5.56402 0.206075 30.5888 5.56402 0.206075 30.5734 5.68961 0.157785 30.434 5.70916 0.214363 30.5888 5.56402 0.206075 30.434 5.70916 0.214363 30.4483 5.55248 0.26811 30.2847 5.5674 0.28239 30.2713 5.6911 0.244958 30.1461 5.60926 0.252843 30.8072 5.55789 0.0153053 30.8069 5.54285 0.0247138 30.8469 5.47675 0.0184788 30.8072 5.55789 0.0153053 30.8469 5.47675 0.0184788 30.8413 5.51786 0 30.7625 5.593 0.0447148 30.7652 5.57556 0.0522819 30.8069 5.54285 0.0247138 30.7625 5.593 0.0447148 30.8069 5.54285 0.0247138 30.8072 5.55789 0.0153053 31.1989 5.70772 0.305592 31.2701 5.59021 0.307009 31.4164 5.68085 0.31951 31.1989 5.70772 0.305592 31.4164 5.68085 0.31951 31.3417 5.77946 0.319691 30.8403 5.51199 0.00929072 30.8545 5.48518 0.00929072 30.9742 5.49321 0.165381 30.8403 5.51199 0.00929072 30.9742 5.49321 0.165381 30.9471 5.53888 0.162981 30.9471 5.53888 0.162981 30.9742 5.49321 0.165381 31.114 5.52167 0.255022 30.9471 5.53888 0.162981 31.114 5.52167 0.255022 31.0591 5.62864 0.255756 31.0591 5.62864 0.255756 31.114 5.52167 0.255022 31.2701 5.59021 0.307009 31.0591 5.62864 0.255756 31.2701 5.59021 0.307009 31.1989 5.70772 0.305592 31.3417 5.77946 0.319691 31.4164 5.68085 0.31951 31.4965 5.80487 0.309546 25.3965 -2.85037 0.15501 25.4642 -2.8279 0.130508 25.4604 -2.76378 0.132019 25.3965 -2.85037 0.15501 25.4604 -2.76378 0.132019 25.3818 -2.74881 0.159329 25.0303 -2.87841 0.105659 25.098 -2.86995 0.150696 25.0908 -2.82952 0.147552 25.0303 -2.87841 0.105659 25.0908 -2.82952 0.147552 25.0271 -2.85638 0.102786 25.098 -2.86995 0.150696 25.1914 -2.88122 0.176626 25.1668 -2.78138 0.173037 25.098 -2.86995 0.150696 25.1668 -2.78138 0.173037 25.0908 -2.82952 0.147552 25.1914 -2.88122 0.176626 25.3053 -2.87107 0.175392 25.2735 -2.75745 0.178924 25.1914 -2.88122 0.176626 25.2735 -2.75745 0.178924 25.1668 -2.78138 0.173037 25.4642 -2.8279 0.130508 25.5322 -2.79798 0.0989992 25.4604 -2.76378 0.132019 25.3053 -2.87107 0.175392 25.3965 -2.85037 0.15501 25.3818 -2.74881 0.159329 25.3053 -2.87107 0.175392 25.3818 -2.74881 0.159329 25.2735 -2.75745 0.178924 24.9743 -2.90034 0.0113881 25.0303 -2.87841 0.105659 25.0271 -2.85638 0.102786 24.9743 -2.90034 0.0113881 25.0271 -2.85638 0.102786 24.973 -2.88067 0.0068215 25.205 -3.03313 0.174429 25.1559 -3.10568 0.180923 25.2497 -3.16774 0.174284 25.205 -3.03313 0.174429 25.2497 -3.16774 0.174284 25.287 -3.09814 0.170258 24.9764 -2.8761 0.00897252 24.9645 -2.89145 0.0101352 25.0096 -2.95833 0.107019 24.9764 -2.8761 0.00897252 25.0096 -2.95833 0.107019 25.0288 -2.93046 0.103517 25.0288 -2.93046 0.103517 25.0096 -2.95833 0.107019 25.0695 -3.03225 0.158664 25.0288 -2.93046 0.103517 25.0695 -3.03225 0.158664 25.1172 -2.97204 0.154 25.1172 -2.97204 0.154 25.0695 -3.03225 0.158664 25.1559 -3.10568 0.180923 25.1172 -2.97204 0.154 25.1559 -3.10568 0.180923 25.205 -3.03313 0.174429 25.287 -3.09814 0.170258 25.2497 -3.16774 0.174284 25.3426 -3.18218 0.152835 24.7513 -3.20278 0.199342 24.7246 -3.26819 0.184288 24.7741 -3.30466 0.185165 24.7513 -3.20278 0.199342 24.7741 -3.30466 0.185165 24.8351 -3.25408 0.20151 24.9498 -2.92331 0.107891 24.9183 -2.97366 0.158903 24.9522 -2.99354 0.15498 24.9498 -2.92331 0.107891 24.9522 -2.99354 0.15498 24.9677 -2.93475 0.104735 24.9183 -2.97366 0.158903 24.8552 -3.03242 0.194932 24.9433 -3.07612 0.188377 24.9183 -2.97366 0.158903 24.9433 -3.07612 0.188377 24.9522 -2.99354 0.15498 24.8552 -3.03242 0.194932 24.7932 -3.12172 0.207619 24.8963 -3.16804 0.206938 24.8552 -3.03242 0.194932 24.8963 -3.16804 0.206938 24.9433 -3.07612 0.188377 24.7246 -3.26819 0.184288 24.7026 -3.33904 0.162602 24.7741 -3.30466 0.185165 24.7932 -3.12172 0.207619 24.7513 -3.20278 0.199342 24.8351 -3.25408 0.20151 24.7932 -3.12172 0.207619 24.8351 -3.25408 0.20151 24.8963 -3.16804 0.206938 24.9603 -2.87772 0.0115501 24.9498 -2.92331 0.107891 24.9677 -2.93475 0.104735 24.9603 -2.87772 0.0115501 24.9677 -2.93475 0.104735 24.9752 -2.88931 0.00703136 25.0302 -2.47557 0.212813 25.0241 -2.40015 0.196692 24.9592 -2.38924 0.197632 25.0302 -2.47557 0.212813 24.9592 -2.38924 0.197632 24.9253 -2.46706 0.215136 24.9755 -2.83856 0.114881 24.9813 -2.77525 0.169509 24.9393 -2.77262 0.165307 24.9755 -2.83856 0.114881 24.9393 -2.77262 0.165307 24.9529 -2.83629 0.1115 24.9813 -2.77525 0.169509 25.0132 -2.68861 0.208091 24.9079 -2.68938 0.201072 24.9813 -2.77525 0.169509 24.9079 -2.68938 0.201072 24.9393 -2.77262 0.165307 25.0132 -2.68861 0.208091 25.0293 -2.57331 0.221677 24.9084 -2.57884 0.220948 25.0132 -2.68861 0.208091 24.9084 -2.57884 0.220948 24.9079 -2.68938 0.201072 25.0241 -2.40015 0.196692 25.0109 -2.32185 0.173469 24.9592 -2.38924 0.197632 25.0293 -2.57331 0.221677 25.0302 -2.47557 0.212813 24.9253 -2.46706 0.215136 25.0293 -2.57331 0.221677 24.9253 -2.46706 0.215136 24.9084 -2.57884 0.220948 24.9875 -2.88724 0.0117101 24.9755 -2.83856 0.114881 24.9529 -2.83629 0.1115 24.9875 -2.88724 0.0117101 24.9529 -2.83629 0.1115 24.9677 -2.88334 0.00687133 24.5543 -2.70647 0.232822 24.4726 -2.69131 0.215116 24.4424 -2.75706 0.216149 24.5543 -2.70647 0.232822 24.4424 -2.75706 0.216149 24.5151 -2.8153 0.235373 24.9234 -2.86861 0.125262 24.8579 -2.84438 0.18526 24.8431 -2.8881 0.180646 24.9234 -2.86861 0.125262 24.8431 -2.8881 0.180646 24.9145 -2.89199 0.12155 24.8579 -2.84438 0.18526 24.7752 -2.78565 0.227636 24.7459 -2.8975 0.219927 24.8579 -2.84438 0.18526 24.7459 -2.8975 0.219927 24.8431 -2.8881 0.180646 24.7752 -2.78565 0.227636 24.6576 -2.73551 0.242557 24.6288 -2.86528 0.241757 24.7752 -2.78565 0.227636 24.6288 -2.86528 0.241757 24.7459 -2.8975 0.219927 24.4726 -2.69131 0.215116 24.3857 -2.6829 0.18961 24.4424 -2.75706 0.216149 24.6576 -2.73551 0.242557 24.5543 -2.70647 0.232822 24.5151 -2.8153 0.235373 24.6576 -2.73551 0.242557 24.5151 -2.8153 0.235373 24.6288 -2.86528 0.241757 24.9784 -2.86993 0.0119483 24.9234 -2.86861 0.125262 24.9145 -2.89199 0.12155 24.9784 -2.86993 0.0119483 24.9145 -2.89199 0.12155 24.9686 -2.88979 0.00663313 24.7896 -3.08804 0.178652 24.722 -3.03198 0.175856 24.6516 -3.11982 0.17118 24.7896 -3.08804 0.178652 24.6516 -3.11982 0.17118 24.7173 -3.16363 0.175338 24.9798 -2.88886 0.00989416 24.9657 -2.87558 0.00898665 24.8879 -2.90641 0.103337 24.9798 -2.88886 0.00989416 24.8879 -2.90641 0.103337 24.914 -2.92835 0.103434 24.914 -2.92835 0.103434 24.8879 -2.90641 0.103337 24.805 -2.95488 0.153228 24.914 -2.92835 0.103434 24.805 -2.95488 0.153228 24.8604 -3.00817 0.156768 24.8604 -3.00817 0.156768 24.805 -2.95488 0.153228 24.722 -3.03198 0.175856 24.8604 -3.00817 0.156768 24.722 -3.03198 0.175856 24.7896 -3.08804 0.178652 24.7173 -3.16363 0.175338 24.6516 -3.11982 0.17118 24.6296 -3.21239 0.155451 25.0783 -2.64256 0.193921 25.16 -2.67497 0.191807 25.2 -2.56965 0.193485 25.0783 -2.64256 0.193921 25.2 -2.56965 0.193485 25.1239 -2.54837 0.196568 24.9636 -2.88185 0.00976142 24.9812 -2.89009 0.00893769 25.043 -2.84163 0.10759 24.9636 -2.88185 0.00976142 25.043 -2.84163 0.10759 25.0115 -2.82876 0.107441 25.0115 -2.82876 0.107441 25.043 -2.84163 0.10759 25.1055 -2.77258 0.162755 25.0115 -2.82876 0.107441 25.1055 -2.77258 0.162755 25.0363 -2.73911 0.166018 25.0363 -2.73911 0.166018 25.1055 -2.77258 0.162755 25.16 -2.67497 0.191807 25.0363 -2.73911 0.166018 25.16 -2.67497 0.191807 25.0783 -2.64256 0.193921 25.1239 -2.54837 0.196568 25.2 -2.56965 0.193485 25.1928 -2.47414 0.182279 25.0125 -3.48994 0.307032 25.0439 -3.59607 0.283449 25.1402 -3.59217 0.284823 25.0125 -3.48994 0.307032 25.1402 -3.59217 0.284823 25.1653 -3.47057 0.310431 24.9817 -2.95378 0.163762 24.9926 -3.04614 0.24368 25.0534 -3.03731 0.237534 24.9817 -2.95378 0.163762 25.0534 -3.03731 0.237534 25.0149 -2.95021 0.158818 24.9926 -3.04614 0.24368 24.9729 -3.1798 0.300125 25.1234 -3.14704 0.289856 24.9926 -3.04614 0.24368 25.1234 -3.14704 0.289856 25.0534 -3.03731 0.237534 24.9729 -3.1798 0.300125 24.9845 -3.34972 0.32 25.1559 -3.30545 0.318934 24.9729 -3.1798 0.300125 25.1559 -3.30545 0.318934 25.1234 -3.14704 0.289856 25.0439 -3.59607 0.283449 25.0864 -3.7042 0.249474 25.1402 -3.59217 0.284823 24.9845 -3.34972 0.32 25.0125 -3.48994 0.307032 25.1653 -3.47057 0.310431 24.9845 -3.34972 0.32 25.1653 -3.47057 0.310431 25.1559 -3.30545 0.318934 24.95 -2.88766 0.0128304 24.9817 -2.95378 0.163762 25.0149 -2.95021 0.158818 24.95 -2.88766 0.0128304 25.0149 -2.95021 0.158818 24.9795 -2.8873 0.00575105 24.6452 -2.64683 0.26811 24.7078 -2.50248 0.214363 24.5564 -2.44034 0.244958 24.6452 -2.64683 0.26811 24.5564 -2.44034 0.244958 24.5089 -2.55533 0.28239 24.9344 -2.77851 0.0522819 24.9405 -2.76195 0.0447148 24.9169 -2.72746 0.0731811 24.9344 -2.77851 0.0522819 24.9169 -2.72746 0.0731811 24.9075 -2.75164 0.0846672 24.9075 -2.75164 0.0846672 24.9169 -2.72746 0.0731811 24.8208 -2.5865 0.157785 24.9075 -2.75164 0.0846672 24.8208 -2.5865 0.157785 24.7741 -2.70409 0.206075 24.7741 -2.70409 0.206075 24.8208 -2.5865 0.157785 24.7078 -2.50248 0.214363 24.7741 -2.70409 0.206075 24.7078 -2.50248 0.214363 24.6452 -2.64683 0.26811 24.5089 -2.55533 0.28239 24.5564 -2.44034 0.244958 24.4073 -2.45212 0.252843 24.9628 -2.81417 0.0153053 24.9554 -2.82724 0.0247138 24.9588 -2.90439 0.0184788 24.9628 -2.81417 0.0153053 24.9588 -2.90439 0.0184788 24.9735 -2.86563 0 24.9405 -2.76195 0.0447148 24.9344 -2.77851 0.0522819 24.9554 -2.82724 0.0247138 24.9405 -2.76195 0.0447148 24.9554 -2.82724 0.0247138 24.9628 -2.81417 0.0153053 25.3784 -2.87045 0.305592 25.3846 -3.00774 0.307009 25.5564 -2.99833 0.31951 25.3784 -2.87045 0.305592 25.5564 -2.99833 0.31951 25.5382 -2.87599 0.319691 24.9699 -2.8703 0.00929072 24.9695 -2.90065 0.00929072 25.0784 -2.95102 0.165381 24.9699 -2.8703 0.00929072 25.0784 -2.95102 0.165381 25.0765 -2.89791 0.162981 25.0765 -2.89791 0.162981 25.0784 -2.95102 0.165381 25.2147 -2.99305 0.255022 25.0765 -2.89791 0.162981 25.2147 -2.99305 0.255022 25.2178 -2.87284 0.255756 25.2178 -2.87284 0.255756 25.2147 -2.99305 0.255022 25.3846 -3.00774 0.307009 25.2178 -2.87284 0.255756 25.3846 -3.00774 0.307009 25.3784 -2.87045 0.305592 25.5382 -2.87599 0.319691 25.5564 -2.99833 0.31951 25.6862 -2.92788 0.309546 19.4259 -0.604303 0.15501 19.4961 -0.617049 0.130508 19.5235 -0.558949 0.132019 19.4259 -0.604303 0.15501 19.5235 -0.558949 0.132019 19.4617 -0.508145 0.159329 19.0912 -0.453391 0.105659 19.1546 -0.47841 0.150696 19.1677 -0.439463 0.147552 19.0912 -0.453391 0.105659 19.1677 -0.439463 0.147552 19.0989 -0.432501 0.102786 19.1546 -0.47841 0.150696 19.2312 -0.533081 0.176626 19.2574 -0.433651 0.173037 19.1546 -0.47841 0.150696 19.2574 -0.433651 0.173037 19.1677 -0.439463 0.147552 19.2312 -0.533081 0.176626 19.336 -0.578755 0.175392 19.3626 -0.463812 0.178924 19.2312 -0.533081 0.176626 19.3626 -0.463812 0.178924 19.2574 -0.433651 0.173037 19.4961 -0.617049 0.130508 19.5701 -0.623388 0.0989992 19.5235 -0.558949 0.132019 19.336 -0.578755 0.175392 19.4259 -0.604303 0.15501 19.4617 -0.508145 0.159329 19.336 -0.578755 0.175392 19.4617 -0.508145 0.159329 19.3626 -0.463812 0.178924 19.0315 -0.44576 0.0113881 19.0912 -0.453391 0.105659 19.0989 -0.432501 0.102786 19.0315 -0.44576 0.0113881 19.0989 -0.432501 0.102786 19.0398 -0.427896 0.0068215 19.1703 -0.67292 0.174429 19.0924 -0.713011 0.180923 19.1449 -0.812443 0.174284 19.1703 -0.67292 0.174429 19.1449 -0.812443 0.174284 19.211 -0.769246 0.170258 19.0449 -0.42547 0.00897252 19.0271 -0.433264 0.0101352 19.0346 -0.51358 0.107019 19.0449 -0.42547 0.00897252 19.0346 -0.51358 0.107019 19.0649 -0.498333 0.103517 19.0649 -0.498333 0.103517 19.0346 -0.51358 0.107019 19.0518 -0.607177 0.158664 19.0649 -0.498333 0.103517 19.0518 -0.607177 0.158664 19.1225 -0.577186 0.154 19.1225 -0.577186 0.154 19.0518 -0.607177 0.158664 19.0924 -0.713011 0.180923 19.1225 -0.577186 0.154 19.0924 -0.713011 0.180923 19.1703 -0.67292 0.174429 19.211 -0.769246 0.170258 19.1449 -0.812443 0.174284 19.2195 -0.869656 0.152835 18.6907 -0.60424 0.199342 18.6359 -0.648851 0.184288 18.6619 -0.704608 0.185165 18.6907 -0.60424 0.199342 18.6619 -0.704608 0.185165 18.7397 -0.689477 0.20151 18.9989 -0.454163 0.107891 18.9472 -0.483274 0.158903 18.9674 -0.516943 0.15498 18.9989 -0.454163 0.107891 18.9674 -0.516943 0.15498 19.0092 -0.472799 0.104735 18.9472 -0.483274 0.158903 18.8636 -0.50457 0.194932 18.92 -0.585146 0.188377 18.9472 -0.483274 0.158903 18.92 -0.585146 0.188377 18.9674 -0.516943 0.15498 18.8636 -0.50457 0.194932 18.7664 -0.553219 0.207619 18.8347 -0.643301 0.206938 18.8636 -0.50457 0.194932 18.8347 -0.643301 0.206938 18.92 -0.585146 0.188377 18.6359 -0.648851 0.184288 18.5827 -0.700506 0.162602 18.6619 -0.704608 0.185165 18.7664 -0.553219 0.207619 18.6907 -0.60424 0.199342 18.7397 -0.689477 0.20151 18.7664 -0.553219 0.207619 18.7397 -0.689477 0.20151 18.8347 -0.643301 0.206938 19.0301 -0.419217 0.0115501 18.9989 -0.454163 0.107891 19.0092 -0.472799 0.104735 19.0301 -0.419217 0.0115501 19.0092 -0.472799 0.104735 19.0375 -0.436508 0.00703136 19.2842 -0.0998071 0.212813 19.315 -0.0307042 0.196692 19.2632 0.0100212 0.197632 19.2842 -0.0998071 0.212813 19.2632 0.0100212 0.197632 19.1962 -0.0420269 0.215136 19.0622 -0.392137 0.114881 19.0975 -0.339324 0.169509 19.062 -0.316895 0.165307 19.0622 -0.392137 0.114881 19.062 -0.316895 0.165307 19.0434 -0.379281 0.1115 19.0975 -0.339324 0.169509 19.1671 -0.278598 0.208091 19.0744 -0.228807 0.201072 19.0975 -0.339324 0.169509 19.0744 -0.228807 0.201072 19.062 -0.316895 0.165307 19.1671 -0.278598 0.208091 19.2365 -0.185133 0.221677 19.1278 -0.132024 0.220948 19.1671 -0.278598 0.208091 19.1278 -0.132024 0.220948 19.0744 -0.228807 0.201072 19.315 -0.0307042 0.196692 19.3409 0.0443728 0.173469 19.2632 0.0100212 0.197632 19.2365 -0.185133 0.221677 19.2842 -0.0998071 0.212813 19.1962 -0.0420269 0.215136 19.2365 -0.185133 0.221677 19.1962 -0.0420269 0.215136 19.1278 -0.132024 0.220948 19.0493 -0.440576 0.0117101 19.0622 -0.392137 0.114881 19.0434 -0.379281 0.1115 19.0493 -0.440576 0.0117101 19.0434 -0.379281 0.1115 19.0338 -0.427664 0.00687133 18.7558 -0.0742466 0.232822 18.6914 -0.0217674 0.215116 18.6333 -0.0649871 0.216149 18.7558 -0.0742466 0.232822 18.6333 -0.0649871 0.216149 18.6693 -0.150997 0.235373 19.002 -0.393514 0.125262 18.9562 -0.34086 0.18526 18.9222 -0.372118 0.180646 19.002 -0.393514 0.125262 18.9222 -0.372118 0.180646 18.983 -0.40976 0.12155 18.9562 -0.34086 0.18526 18.9118 -0.249675 0.227636 18.8324 -0.333743 0.219927 18.9562 -0.34086 0.18526 18.8324 -0.333743 0.219927 18.9222 -0.372118 0.180646 18.9118 -0.249675 0.227636 18.8326 -0.149276 0.242557 18.7451 -0.249353 0.241757 18.9118 -0.249675 0.227636 18.7451 -0.249353 0.241757 18.8324 -0.333743 0.219927 18.6914 -0.0217674 0.215116 18.6192 0.0272325 0.18961 18.6333 -0.0649871 0.216149 18.8326 -0.149276 0.242557 18.7558 -0.0742466 0.232822 18.6693 -0.150997 0.235373 18.8326 -0.149276 0.242557 18.6693 -0.150997 0.235373 18.7451 -0.249353 0.241757 19.0497 -0.421054 0.0119483 19.002 -0.393514 0.125262 18.983 -0.40976 0.12155 19.0497 -0.421054 0.0119483 18.983 -0.40976 0.12155 19.0315 -0.433786 0.00663313 18.7794 -0.521941 0.178652 18.7469 -0.440328 0.175856 18.6431 -0.483662 0.17118 18.7794 -0.521941 0.178652 18.6431 -0.483662 0.17118 18.6797 -0.553603 0.175338 19.0418 -0.438342 0.00989416 19.0358 -0.419901 0.00898665 18.9528 -0.409685 0.103337 19.0418 -0.438342 0.00989416 18.9528 -0.409685 0.103337 18.9651 -0.441419 0.103434 18.9651 -0.441419 0.103434 18.9528 -0.409685 0.103337 18.8567 -0.412454 0.153228 18.9651 -0.441419 0.103434 18.8567 -0.412454 0.153228 18.8798 -0.485772 0.156768 18.8798 -0.485772 0.156768 18.8567 -0.412454 0.153228 18.7469 -0.440328 0.175856 18.8798 -0.485772 0.156768 18.7469 -0.440328 0.175856 18.7794 -0.521941 0.178652 18.6797 -0.553603 0.175338 18.6431 -0.483662 0.17118 18.5794 -0.554368 0.155451 19.2464 -0.269419 0.193921 19.3025 -0.337005 0.191807 19.3881 -0.26375 0.193485 19.2464 -0.269419 0.193921 19.3881 -0.26375 0.193485 19.3315 -0.208592 0.196568 19.031 -0.424424 0.00976142 19.0425 -0.44008 0.00893769 19.1199 -0.42716 0.10759 19.031 -0.424424 0.00976142 19.1199 -0.42716 0.10759 19.0984 -0.400756 0.107441 19.0984 -0.400756 0.107441 19.1199 -0.42716 0.10759 19.2079 -0.396543 0.162755 19.0984 -0.400756 0.107441 19.2079 -0.396543 0.162755 19.1632 -0.333988 0.166018 19.1632 -0.333988 0.166018 19.2079 -0.396543 0.162755 19.3025 -0.337005 0.191807 19.1632 -0.333988 0.166018 19.3025 -0.337005 0.191807 19.2464 -0.269419 0.193921 19.3315 -0.208592 0.196568 19.3881 -0.26375 0.193485 19.4275 -0.176472 0.182279 18.7823 -0.981488 0.307032 18.759 -1.08968 0.283449 18.8454 -1.13243 0.284823 18.7823 -0.981488 0.307032 18.8454 -1.13243 0.284823 18.9257 -1.03776 0.310431 19.0124 -0.496217 0.163762 18.9776 -0.582463 0.24368 19.0352 -0.603892 0.237534 19.0124 -0.496217 0.163762 19.0352 -0.603892 0.237534 19.0432 -0.508974 0.158818 18.9776 -0.582463 0.24368 18.8962 -0.690317 0.300125 19.044 -0.733727 0.289856 18.9776 -0.582463 0.24368 19.044 -0.733727 0.289856 19.0352 -0.603892 0.237534 18.8962 -0.690317 0.300125 18.8249 -0.844993 0.32 18.9966 -0.888346 0.318934 18.8962 -0.690317 0.300125 18.9966 -0.888346 0.318934 19.044 -0.733727 0.289856 18.759 -1.08968 0.283449 18.7445 -1.20496 0.249474 18.8454 -1.13243 0.284823 18.8249 -0.844993 0.32 18.7823 -0.981488 0.307032 18.9257 -1.03776 0.310431 18.8249 -0.844993 0.32 18.9257 -1.03776 0.310431 18.9966 -0.888346 0.318934 19.0162 -0.422998 0.0128304 19.0124 -0.496217 0.163762 19.0432 -0.508974 0.158818 19.0162 -0.422998 0.0128304 19.0432 -0.508974 0.158818 19.0423 -0.436825 0.00575105 18.8642 -0.0655302 0.26811 18.9884 0.0311475 0.214363 18.8853 0.158274 0.244958 18.8642 -0.0655302 0.26811 18.8853 0.158274 0.244958 18.7884 0.0801617 0.28239 19.0549 -0.319728 0.0522819 19.0681 -0.308101 0.0447148 19.064 -0.266539 0.0731811 19.0549 -0.319728 0.0522819 19.064 -0.266539 0.0731811 19.0442 -0.283266 0.0846672 19.0442 -0.283266 0.0846672 19.064 -0.266539 0.0731811 19.0473 -0.0967735 0.157785 19.0442 -0.283266 0.0846672 19.0473 -0.0967735 0.157785 18.9499 -0.177564 0.206075 18.9499 -0.177564 0.206075 19.0473 -0.0967735 0.157785 18.9884 0.0311475 0.214363 18.9499 -0.177564 0.206075 18.9884 0.0311475 0.214363 18.8642 -0.0655302 0.26811 18.7884 0.0801617 0.28239 18.8853 0.158274 0.244958 18.7487 0.219442 0.252843 19.0627 -0.364652 0.0153053 19.0499 -0.37256 0.0247138 19.0159 -0.441866 0.0184788 19.0627 -0.364652 0.0153053 19.0159 -0.441866 0.0184788 19.0474 -0.414934 0 19.0681 -0.308101 0.0447148 19.0549 -0.319728 0.0522819 19.0499 -0.37256 0.0247138 19.0681 -0.308101 0.0447148 19.0499 -0.37256 0.0247138 19.0627 -0.364652 0.0153053 19.4004 -0.613263 0.305592 19.34 -0.736704 0.307009 19.4953 -0.81083 0.31951 19.4004 -0.613263 0.305592 19.4953 -0.81083 0.31951 19.538 -0.694726 0.319691 19.042 -0.417269 0.00929072 19.0271 -0.443723 0.00929072 19.0986 -0.540157 0.165381 19.042 -0.417269 0.00929072 19.0986 -0.540157 0.165381 19.1223 -0.492611 0.162981 19.1223 -0.492611 0.162981 19.0986 -0.540157 0.165381 19.198 -0.642386 0.255022 19.1223 -0.492611 0.162981 19.198 -0.642386 0.255022 19.2584 -0.538373 0.255756 19.2584 -0.538373 0.255756 19.198 -0.642386 0.255022 19.34 -0.736704 0.307009 19.2584 -0.538373 0.255756 19.34 -0.736704 0.307009 19.4004 -0.613263 0.305592 19.538 -0.694726 0.319691 19.4953 -0.81083 0.31951 19.643 -0.811214 0.309546 13.3188 1.61241 0.15501 13.3743 1.56758 0.130508 13.4262 1.60543 0.132019 13.3188 1.61241 0.15501 13.4262 1.60543 0.132019 13.3964 1.67963 0.159329 13.0974 1.90534 0.105659 13.1411 1.85296 0.150696 13.1712 1.88088 0.147552 13.0974 1.90534 0.105659 13.1712 1.88088 0.147552 13.1142 1.91997 0.102786 13.1411 1.85296 0.150696 13.1821 1.76827 0.176626 13.2528 1.84295 0.173037 13.1411 1.85296 0.150696 13.2528 1.84295 0.173037 13.1712 1.88088 0.147552 13.1821 1.76827 0.176626 13.2521 1.67796 0.175392 13.3306 1.76608 0.178924 13.1821 1.76827 0.176626 13.3306 1.76608 0.178924 13.2528 1.84295 0.173037 13.3743 1.56758 0.130508 13.4362 1.52653 0.0989992 13.4262 1.60543 0.132019 13.2521 1.67796 0.175392 13.3188 1.61241 0.15501 13.3964 1.67963 0.159329 13.2521 1.67796 0.175392 13.3964 1.67963 0.159329 13.3306 1.76608 0.178924 13.0487 1.94066 0.0113881 13.0974 1.90534 0.105659 13.1142 1.91997 0.102786 13.0487 1.94066 0.0113881 13.1142 1.91997 0.102786 13.0646 1.95234 0.0068215 13.0616 1.67474 0.174429 12.974 1.67692 0.180923 12.9725 1.56447 0.174284 13.0616 1.67474 0.174429 12.9725 1.56447 0.174284 13.0512 1.57069 0.170258 13.0702 1.95202 0.00897252 13.0509 1.9537 0.0101352 13.019 1.87961 0.107019 13.0702 1.95202 0.00897252 13.019 1.87961 0.107019 13.0528 1.8785 0.103517 13.0528 1.8785 0.103517 13.019 1.87961 0.107019 12.9891 1.78925 0.158664 13.0528 1.8785 0.103517 12.9891 1.78925 0.158664 13.0656 1.78168 0.154 13.0656 1.78168 0.154 12.9891 1.78925 0.158664 12.974 1.67692 0.180923 13.0656 1.78168 0.154 12.974 1.67692 0.180923 13.0616 1.67474 0.174429 13.0512 1.57069 0.170258 12.9725 1.56447 0.174284 13.0105 1.47849 0.152835 12.6737 1.96493 0.199342 12.6042 1.95205 0.184288 12.6003 1.89065 0.185165 12.6737 1.96493 0.199342 12.6003 1.89065 0.185165 12.6758 1.86663 0.20151 13.0161 1.94888 0.107891 12.9568 1.94813 0.158903 12.9583 1.90891 0.15498 13.0161 1.94888 0.107891 12.9583 1.90891 0.15498 13.0162 1.92761 0.104735 12.9568 1.94813 0.158903 12.8732 1.96951 0.194932 12.884 1.87179 0.188377 12.9568 1.94813 0.158903 12.884 1.87179 0.188377 12.9583 1.90891 0.15498 12.8732 1.96951 0.194932 12.7646 1.97342 0.207619 12.7813 1.86164 0.206938 12.8732 1.96951 0.194932 12.7813 1.86164 0.206938 12.884 1.87179 0.188377 12.6042 1.95205 0.184288 12.5328 1.93223 0.162602 12.6003 1.89065 0.185165 12.7646 1.97342 0.207619 12.6737 1.96493 0.199342 12.6758 1.86663 0.20151 12.7646 1.97342 0.207619 12.6758 1.86663 0.20151 12.7813 1.86164 0.206938 13.0602 1.96462 0.0115501 13.0161 1.94888 0.107891 13.0162 1.92761 0.104735 13.0602 1.96462 0.0115501 13.0162 1.92761 0.104735 13.0585 1.94586 0.00703136 13.4364 2.12308 0.212813 13.4965 2.16896 0.196692 13.4706 2.22953 0.197632 13.4364 2.12308 0.212813 13.4706 2.22953 0.197632 13.3868 2.21599 0.215136 13.1013 1.97299 0.114881 13.1577 2.00238 0.169509 13.1373 2.03911 0.165307 13.1013 1.97299 0.114881 13.1373 2.03911 0.165307 13.091 1.99329 0.1115 13.1577 2.00238 0.169509 13.2479 2.02232 0.208091 13.1903 2.11049 0.201072 13.1577 2.00238 0.169509 13.1903 2.11049 0.201072 13.1373 2.03911 0.165307 13.2479 2.02232 0.208091 13.3536 2.07106 0.221677 13.2836 2.16982 0.220948 13.2479 2.02232 0.208091 13.2836 2.16982 0.220948 13.1903 2.11049 0.201072 13.4965 2.16896 0.196692 13.5552 2.22243 0.173469 13.4706 2.22953 0.197632 13.3536 2.07106 0.221677 13.4364 2.12308 0.212813 13.3868 2.21599 0.215136 13.3536 2.07106 0.221677 13.3868 2.21599 0.215136 13.2836 2.16982 0.220948 13.0668 1.93665 0.0117101 13.1013 1.97299 0.114881 13.091 1.99329 0.1115 13.0668 1.93665 0.0117101 13.091 1.99329 0.1115 13.0594 1.95542 0.00687133 12.9849 2.39885 0.232822 12.9535 2.4758 0.215116 12.8819 2.46569 0.216149 12.9849 2.39885 0.232822 12.8819 2.46569 0.216149 12.8722 2.37297 0.235373 13.0479 2.00062 0.125262 13.0329 2.06881 0.18526 12.9881 2.05767 0.180646 13.0479 2.00062 0.125262 12.9881 2.05767 0.180646 13.0234 1.99549 0.12155 13.0329 2.06881 0.18526 13.0376 2.17013 0.227636 12.9277 2.13442 0.219927 13.0329 2.06881 0.18526 12.9277 2.13442 0.219927 12.9881 2.05767 0.180646 13.0376 2.17013 0.227636 13.0163 2.2962 0.242557 12.8915 2.25033 0.241757 13.0376 2.17013 0.227636 12.8915 2.25033 0.241757 12.9277 2.13442 0.219927 12.9535 2.4758 0.215116 12.9137 2.5534 0.18961 12.8819 2.46569 0.216149 13.0163 2.2962 0.242557 12.9849 2.39885 0.232822 12.8722 2.37297 0.235373 13.0163 2.2962 0.242557 12.8722 2.37297 0.235373 12.8915 2.25033 0.241757 13.0765 1.9536 0.0119483 13.0479 2.00062 0.125262 13.0234 1.99549 0.12155 13.0765 1.9536 0.0119483 13.0234 1.99549 0.12155 13.0545 1.95112 0.00663313 12.791 1.99465 0.178652 12.8016 2.08183 0.175856 12.6897 2.09361 0.17118 12.791 1.99465 0.178652 12.6897 2.09361 0.17118 12.6883 2.01466 0.175338 13.0613 1.9422 0.00989416 13.0649 1.96128 0.00898665 12.9969 2.01004 0.103337 13.0613 1.9422 0.00989416 12.9969 2.01004 0.103337 12.9925 1.97629 0.103434 12.9925 1.97629 0.103434 12.9969 2.01004 0.103337 12.9113 2.05365 0.153228 12.9925 1.97629 0.103434 12.9113 2.05365 0.153228 12.8964 1.97825 0.156768 12.8964 1.97825 0.156768 12.9113 2.05365 0.153228 12.8016 2.08183 0.175856 12.8964 1.97825 0.156768 12.8016 2.08183 0.175856 12.791 1.99465 0.178652 12.6883 2.01466 0.175338 12.6897 2.09361 0.17118 12.5999 2.06208 0.155451 13.3218 1.99238 0.193921 13.3387 1.90617 0.191807 13.4489 1.92942 0.193485 13.3218 1.99238 0.193921 13.4489 1.92942 0.193485 13.4257 2.00495 0.196568 13.0585 1.95962 0.00976142 13.0611 1.94037 0.00893769 13.1352 1.91459 0.10759 13.0585 1.95962 0.00976142 13.1352 1.91459 0.10759 13.129 1.94806 0.107441 13.129 1.94806 0.107441 13.1352 1.91459 0.10759 13.2271 1.89928 0.162755 13.129 1.94806 0.107441 13.2271 1.89928 0.162755 13.2179 1.9756 0.166018 13.2179 1.9756 0.166018 13.2271 1.89928 0.162755 13.3387 1.90617 0.191807 13.2179 1.9756 0.166018 13.3387 1.90617 0.191807 13.3218 1.99238 0.193921 13.4257 2.00495 0.196568 13.4489 1.92942 0.193485 13.5254 1.9871 0.182279 12.5732 1.58996 0.307032 12.5009 1.5062 0.283449 12.5562 1.42727 0.284823 12.5732 1.58996 0.307032 12.5562 1.42727 0.284823 12.6721 1.47183 0.310431 13.0077 1.90553 0.163762 12.9359 1.84651 0.24368 12.9762 1.80007 0.237534 13.0077 1.90553 0.163762 12.9762 1.80007 0.237534 13.0286 1.87958 0.158818 12.9359 1.84651 0.24368 12.8128 1.79087 0.300125 12.9216 1.68193 0.289856 12.9359 1.84651 0.24368 12.9216 1.68193 0.289856 12.9762 1.80007 0.237534 12.8128 1.79087 0.300125 12.676 1.68931 0.32 12.8059 1.56895 0.318934 12.8128 1.79087 0.300125 12.8059 1.56895 0.318934 12.9216 1.68193 0.289856 12.5009 1.5062 0.283449 12.4328 1.412 0.249474 12.5562 1.42727 0.284823 12.676 1.68931 0.32 12.5732 1.58996 0.307032 12.6721 1.47183 0.310431 12.676 1.68931 0.32 12.6721 1.47183 0.310431 12.8059 1.56895 0.318934 13.0462 1.96793 0.0128304 13.0077 1.90553 0.163762 13.0286 1.87958 0.158818 13.0462 1.96793 0.0128304 13.0286 1.87958 0.158818 13.0625 1.9433 0.00575105 13.0842 2.35451 0.26811 13.2395 2.37985 0.214363 13.21 2.54084 0.244958 13.0842 2.35451 0.26811 13.21 2.54084 0.244958 13.0875 2.51872 0.28239 13.1297 2.04003 0.0522819 13.1469 2.04388 0.0447148 13.1632 2.08233 0.0731811 13.1297 2.04003 0.0522819 13.1632 2.08233 0.0731811 13.1378 2.07716 0.0846672 13.1378 2.07716 0.0846672 13.1632 2.08233 0.0731811 13.2299 2.23935 0.157785 13.1378 2.07716 0.0846672 13.2299 2.23935 0.157785 13.1057 2.21513 0.206075 13.1057 2.21513 0.206075 13.2299 2.23935 0.157785 13.2395 2.37985 0.214363 13.1057 2.21513 0.206075 13.2395 2.37985 0.214363 13.0842 2.35451 0.26811 13.0875 2.51872 0.28239 13.21 2.54084 0.244958 13.1195 2.65997 0.252843 13.115 1.99685 0.0153053 13.1 1.99604 0.0247138 13.0369 1.95154 0.0184788 13.115 1.99685 0.0153053 13.0369 1.95154 0.0184788 13.0775 1.96005 0 13.1469 2.04388 0.0447148 13.1297 2.04003 0.0522819 13.1 1.99604 0.0247138 13.1469 2.04388 0.0447148 13.1 1.99604 0.0247138 13.115 1.99685 0.0153053 13.2922 1.61677 0.305592 13.18 1.5374 0.307009 13.2808 1.39788 0.31951 13.2922 1.61677 0.305592 13.2808 1.39788 0.31951 13.3738 1.47933 0.319691 13.0716 1.96062 0.00929072 13.0458 1.94454 0.00929072 13.0623 1.82565 0.165381 13.0716 1.96062 0.00929072 13.0623 1.82565 0.165381 13.106 1.85599 0.162981 13.106 1.85599 0.162981 13.0623 1.82565 0.165381 13.1006 1.68825 0.255022 13.106 1.85599 0.162981 13.1006 1.68825 0.255022 13.2034 1.7506 0.255756 13.2034 1.7506 0.255756 13.1006 1.68825 0.255022 13.18 1.5374 0.307009 13.2034 1.7506 0.255756 13.18 1.5374 0.307009 13.2922 1.61677 0.305592 13.3738 1.47933 0.319691 13.2808 1.39788 0.31951 13.4101 1.32676 0.309546 27.1935 3.8637 0.15501 27.2207 3.79775 0.130508 27.2844 3.8061 0.132019 27.1935 3.8637 0.15501 27.2844 3.8061 0.132019 27.2938 3.88552 0.159329 27.1396 4.22692 0.105659 27.1529 4.16001 0.150696 27.1927 4.17007 0.147552 27.1396 4.22692 0.105659 27.1927 4.17007 0.147552 27.1614 4.23171 0.102786 27.1529 4.16001 0.150696 27.1482 4.06603 0.176626 27.2461 4.09768 0.173037 27.1529 4.16001 0.150696 27.2461 4.09768 0.173037 27.1927 4.17007 0.147552 27.1482 4.06603 0.176626 27.1664 3.9532 0.175392 27.2775 3.99292 0.178924 27.1482 4.06603 0.176626 27.2775 3.99292 0.178924 27.2461 4.09768 0.173037 27.2207 3.79775 0.130508 27.2554 3.73205 0.0989992 27.2844 3.8061 0.132019 27.1664 3.9532 0.175392 27.1935 3.8637 0.15501 27.2938 3.88552 0.159329 27.1664 3.9532 0.175392 27.2938 3.88552 0.159329 27.2775 3.99292 0.178924 27.1138 4.28128 0.0113881 27.1396 4.22692 0.105659 27.1614 4.23171 0.102786 27.1138 4.28128 0.0113881 27.1614 4.23171 0.102786 27.1333 4.28392 0.0068215 26.9977 4.04172 0.174429 26.9218 4.08563 0.180923 26.8665 3.98769 0.174284 26.9977 4.04172 0.174429 26.8665 3.98769 0.174284 26.9386 3.95541 0.170258 27.1381 4.28094 0.00897252 27.122 4.29167 0.0101352 27.0584 4.24196 0.107019 27.1381 4.28094 0.00897252 27.0584 4.24196 0.107019 27.0876 4.22475 0.103517 27.0876 4.22475 0.103517 27.0584 4.24196 0.107019 26.9889 4.17696 0.158664 27.0876 4.22475 0.103517 26.9889 4.17696 0.158664 27.0524 4.13367 0.154 27.0524 4.13367 0.154 26.9889 4.17696 0.158664 26.9218 4.08563 0.180923 27.0524 4.13367 0.154 26.9218 4.08563 0.180923 26.9977 4.04172 0.174429 26.9386 3.95541 0.170258 26.8665 3.98769 0.174284 26.8587 3.89399 0.152835 26.7963 4.48237 0.199342 26.7292 4.50436 0.184288 26.6963 4.45236 0.185165 26.7963 4.48237 0.199342 26.6963 4.45236 0.185165 26.7511 4.39507 0.20151 27.0891 4.30412 0.107891 27.0367 4.33192 0.158903 27.0193 4.29674 0.15498 27.0891 4.30412 0.107891 27.0193 4.29674 0.15498 27.079 4.28542 0.104735 27.0367 4.33192 0.158903 26.9736 4.39073 0.194932 26.9363 4.29979 0.188377 27.0367 4.33192 0.158903 26.9363 4.29979 0.188377 27.0193 4.29674 0.15498 26.9736 4.39073 0.194932 26.8802 4.44625 0.207619 26.8412 4.34013 0.206938 26.9736 4.39073 0.194932 26.8412 4.34013 0.206938 26.9363 4.29979 0.188377 26.7292 4.50436 0.184288 26.657 4.52123 0.162602 26.6963 4.45236 0.185165 26.8802 4.44625 0.207619 26.7963 4.48237 0.199342 26.7511 4.39507 0.20151 26.8802 4.44625 0.207619 26.7511 4.39507 0.20151 26.8412 4.34013 0.206938 27.1354 4.2968 0.0115501 27.0891 4.30412 0.107891 27.079 4.28542 0.104735 27.1354 4.2968 0.0115501 27.079 4.28542 0.104735 27.1249 4.28116 0.00703136 27.5415 4.25552 0.212813 27.6162 4.26693 0.196692 27.6225 4.33251 0.197632 27.5415 4.25552 0.212813 27.6225 4.33251 0.197632 27.5425 4.36081 0.215136 27.1755 4.28441 0.114881 27.2391 4.28318 0.169509 27.2387 4.32522 0.165307 27.1755 4.28441 0.114881 27.2387 4.32522 0.165307 27.1762 4.30718 0.1115 27.2391 4.28318 0.169509 27.3277 4.25744 0.208091 27.3195 4.36241 0.201072 27.2391 4.28318 0.169509 27.3195 4.36241 0.201072 27.2387 4.32522 0.165307 27.3277 4.25744 0.208091 27.4439 4.24954 0.221677 27.4298 4.36976 0.220948 27.3277 4.25744 0.208091 27.4298 4.36976 0.220948 27.3195 4.36241 0.201072 27.6162 4.26693 0.196692 27.6934 4.2857 0.173469 27.6225 4.33251 0.197632 27.4439 4.24954 0.221677 27.5415 4.25552 0.212813 27.5425 4.36081 0.215136 27.4439 4.24954 0.221677 27.5425 4.36081 0.215136 27.4298 4.36976 0.220948 27.1278 4.26907 0.0117101 27.1755 4.28441 0.114881 27.1762 4.30718 0.1115 27.1278 4.26907 0.0117101 27.1762 4.30718 0.1115 27.1303 4.28909 0.00687133 27.2775 4.71398 0.232822 27.2868 4.79655 0.215116 27.2191 4.82203 0.216149 27.2775 4.71398 0.232822 27.2191 4.82203 0.216149 27.1661 4.74531 0.235373 27.1418 4.33428 0.125262 27.1614 4.40131 0.18526 27.1167 4.41301 0.180646 27.1418 4.33428 0.125262 27.1167 4.41301 0.180646 27.1179 4.34151 0.12155 27.1614 4.40131 0.18526 27.2141 4.48796 0.227636 27.1005 4.50935 0.219927 27.1614 4.40131 0.18526 27.1005 4.50935 0.219927 27.1167 4.41301 0.180646 27.2141 4.48796 0.227636 27.2558 4.60883 0.242557 27.1243 4.62839 0.241757 27.2141 4.48796 0.227636 27.1243 4.62839 0.241757 27.1005 4.50935 0.219927 27.2868 4.79655 0.215116 27.2891 4.88374 0.18961 27.2191 4.82203 0.216149 27.2558 4.60883 0.242557 27.2775 4.71398 0.232822 27.1661 4.74531 0.235373 27.2558 4.60883 0.242557 27.1661 4.74531 0.235373 27.1243 4.62839 0.241757 27.1444 4.2793 0.0119483 27.1418 4.33428 0.125262 27.1179 4.34151 0.12155 27.1444 4.2793 0.0119483 27.1179 4.34151 0.12155 27.1239 4.28768 0.00663313 26.9135 4.45222 0.178652 26.9646 4.52363 0.175856 26.872 4.58763 0.17118 26.9135 4.45222 0.178652 26.872 4.58763 0.17118 26.833 4.51901 0.175338 27.1256 4.27657 0.00989416 27.1379 4.29163 0.00898665 27.1016 4.36698 0.103337 27.1256 4.27657 0.00989416 27.1016 4.36698 0.103337 27.0816 4.33947 0.103434 27.0816 4.33947 0.103434 27.1016 4.36698 0.103337 27.0474 4.4463 0.153228 27.0816 4.33947 0.103434 27.0474 4.4463 0.153228 26.9982 4.38728 0.156768 26.9982 4.38728 0.156768 27.0474 4.4463 0.153228 26.9646 4.52363 0.175856 26.9982 4.38728 0.156768 26.9646 4.52363 0.175856 26.9135 4.45222 0.178652 26.833 4.51901 0.175338 26.872 4.58763 0.17118 26.7781 4.60301 0.155451 27.3783 4.19573 0.193921 27.3517 4.11199 0.191807 27.4596 4.07955 0.193485 27.3783 4.19573 0.193921 27.4596 4.07955 0.193485 27.4755 4.15696 0.196568 27.1315 4.29322 0.00976142 27.1245 4.2751 0.00893769 27.1772 4.21693 0.10759 27.1315 4.29322 0.00976142 27.1772 4.21693 0.10759 27.1878 4.24927 0.107441 27.1878 4.24927 0.107441 27.1772 4.21693 0.10759 27.2505 4.15944 0.162755 27.1878 4.24927 0.107441 27.2505 4.15944 0.162755 27.279 4.23084 0.166018 27.279 4.23084 0.166018 27.2505 4.15944 0.162755 27.3517 4.11199 0.191807 27.279 4.23084 0.166018 27.3517 4.11199 0.191807 27.3783 4.19573 0.193921 27.4755 4.15696 0.196568 27.4596 4.07955 0.193485 27.5544 4.0935 0.182279 26.5284 4.20148 0.307032 26.4247 4.16265 0.283449 26.4354 4.06687 0.284823 26.5284 4.20148 0.307032 26.4354 4.06687 0.284823 26.5585 4.05041 0.310431 27.061 4.27008 0.163762 26.9697 4.25275 0.24368 26.9828 4.19266 0.237534 27.061 4.27008 0.163762 26.9828 4.19266 0.237534 27.0669 4.23729 0.158818 26.9697 4.25275 0.24368 26.8349 4.26294 0.300125 26.8783 4.11513 0.289856 26.9697 4.25275 0.24368 26.8783 4.11513 0.289856 26.9828 4.19266 0.237534 26.8349 4.26294 0.300125 26.6663 4.23936 0.32 26.7225 4.07146 0.318934 26.8349 4.26294 0.300125 26.7225 4.07146 0.318934 26.8783 4.11513 0.289856 26.4247 4.16265 0.283449 26.3199 4.11259 0.249474 26.4354 4.06687 0.284823 26.6663 4.23936 0.32 26.5284 4.20148 0.307032 26.5585 4.05041 0.310431 26.6663 4.23936 0.32 26.5585 4.05041 0.310431 26.7225 4.07146 0.318934 27.1247 4.30639 0.0128304 27.061 4.27008 0.163762 27.0669 4.23729 0.158818 27.1247 4.30639 0.0128304 27.0669 4.23729 0.158818 27.1272 4.27697 0.00575105 27.3434 4.62743 0.26811 27.4918 4.57522 0.214363 27.5431 4.73066 0.244958 27.3434 4.62743 0.26811 27.5431 4.73066 0.244958 27.425 4.76995 0.28239 27.2325 4.32967 0.0522819 27.2494 4.32479 0.0447148 27.2822 4.35072 0.0731811 27.2325 4.32967 0.0522819 27.2822 4.35072 0.0731811 27.2574 4.35838 0.0846672 27.2574 4.35838 0.0846672 27.2822 4.35072 0.0731811 27.416 4.45654 0.157785 27.2574 4.35838 0.0846672 27.416 4.45654 0.157785 27.2954 4.49483 0.206075 27.2954 4.49483 0.206075 27.416 4.45654 0.157785 27.4918 4.57522 0.214363 27.2954 4.49483 0.206075 27.4918 4.57522 0.214363 27.3434 4.62743 0.26811 27.425 4.76995 0.28239 27.5431 4.73066 0.244958 27.5208 4.87859 0.252843 27.1989 4.29879 0.0153053 27.1854 4.30528 0.0247138 27.1086 4.29649 0.0184788 27.1989 4.29879 0.0153053 27.1086 4.29649 0.0184788 27.1484 4.28449 0 27.2494 4.32479 0.0447148 27.2325 4.32967 0.0522819 27.1854 4.30528 0.0247138 27.2494 4.32479 0.0447148 27.1854 4.30528 0.0247138 27.1989 4.29879 0.0153053 27.1722 3.88031 0.305592 27.0357 3.86443 0.307009 27.0572 3.69369 0.31951 27.1722 3.88031 0.305592 27.0572 3.69369 0.31951 27.178 3.72054 0.319691 27.1434 4.28783 0.00929072 27.1131 4.28606 0.00929072 27.0706 4.17382 0.165381 27.1434 4.28783 0.00929072 27.0706 4.17382 0.165381 27.1234 4.17952 0.162981 27.1234 4.17952 0.162981 27.0706 4.17382 0.165381 27.0383 4.03489 0.255022 27.1234 4.17952 0.162981 27.0383 4.03489 0.255022 27.1584 4.04032 0.255756 27.1584 4.04032 0.255756 27.0383 4.03489 0.255022 27.0357 3.86443 0.307009 27.1584 4.04032 0.255756 27.0357 3.86443 0.307009 27.1722 3.88031 0.305592 27.178 3.72054 0.319691 27.0572 3.69369 0.31951 27.1367 3.56925 0.309546 21.013 -4.60714 0.15501 21.0052 -4.67806 0.130508 21.0651 -4.70126 0.132019 21.013 -4.60714 0.15501 21.0651 -4.70126 0.132019 21.1114 -4.63606 0.159329 21.1398 -4.26256 0.105659 21.1194 -4.32762 0.150696 21.1591 -4.33788 0.147552 21.1398 -4.26256 0.105659 21.1591 -4.33788 0.147552 21.1612 -4.26878 0.102786 21.1194 -4.32762 0.150696 21.0702 -4.40787 0.176626 21.1713 -4.42701 0.173037 21.1194 -4.32762 0.150696 21.1713 -4.42701 0.173037 21.1591 -4.33788 0.147552 21.0702 -4.40787 0.176626 21.0321 -4.5156 0.175392 21.1486 -4.534 0.178924 21.0702 -4.40787 0.176626 21.1486 -4.534 0.178924 21.1713 -4.42701 0.173037 21.0052 -4.67806 0.130508 21.0041 -4.75233 0.0989992 21.0651 -4.70126 0.132019 21.0321 -4.5156 0.175392 21.013 -4.60714 0.15501 21.1114 -4.63606 0.159329 21.0321 -4.5156 0.175392 21.1114 -4.63606 0.159329 21.1486 -4.534 0.178924 21.1432 -4.20246 0.0113881 21.1398 -4.26256 0.105659 21.1612 -4.26878 0.102786 21.1432 -4.20246 0.0113881 21.1612 -4.26878 0.102786 21.1616 -4.20951 0.0068215 20.9264 -4.35702 0.174429 20.8809 -4.28212 0.180923 20.7855 -4.34157 0.174284 20.9264 -4.35702 0.174429 20.7855 -4.34157 0.174284 20.8332 -4.40445 0.170258 21.1644 -4.21442 0.00897252 21.1554 -4.19726 0.0101352 21.0758 -4.21044 0.107019 21.1644 -4.21442 0.00897252 21.0758 -4.21044 0.107019 21.0931 -4.23951 0.103517 21.0931 -4.23951 0.103517 21.0758 -4.21044 0.107019 20.9836 -4.23416 0.158664 21.0931 -4.23951 0.103517 20.9836 -4.23416 0.158664 21.0186 -4.30256 0.154 21.0186 -4.30256 0.154 20.9836 -4.23416 0.158664 20.8809 -4.28212 0.180923 21.0186 -4.30256 0.154 20.8809 -4.28212 0.180923 20.9264 -4.35702 0.174429 20.8332 -4.40445 0.170258 20.7855 -4.34157 0.174284 20.7337 -4.42005 0.152835 20.961 -3.87379 0.199342 20.9127 -3.8223 0.184288 20.8589 -3.85218 0.185165 20.961 -3.87379 0.199342 20.8589 -3.85218 0.185165 20.8795 -3.92872 0.20151 21.1325 -4.1706 0.107891 21.0998 -4.12106 0.158903 21.0677 -4.14357 0.15498 21.1325 -4.1706 0.107891 21.0677 -4.14357 0.15498 21.1147 -4.18215 0.104735 21.0998 -4.12106 0.158903 21.0727 -4.03921 0.194932 20.9963 -4.1011 0.188377 21.0998 -4.12106 0.158903 20.9963 -4.1011 0.188377 21.0677 -4.14357 0.15498 21.0727 -4.03921 0.194932 21.0173 -3.94568 0.207619 20.9323 -4.02015 0.206938 21.0727 -4.03921 0.194932 20.9323 -4.02015 0.206938 20.9963 -4.1011 0.188377 20.9127 -3.8223 0.184288 20.8574 -3.77287 0.162602 20.8589 -3.85218 0.185165 21.0173 -3.94568 0.207619 20.961 -3.87379 0.199342 20.8795 -3.92872 0.20151 21.0173 -3.94568 0.207619 20.8795 -3.92872 0.20151 20.9323 -4.02015 0.206938 21.1696 -4.19919 0.0115501 21.1325 -4.1706 0.107891 21.1147 -4.18215 0.104735 21.1696 -4.19919 0.0115501 21.1147 -4.18215 0.104735 21.1529 -4.20787 0.00703136 21.5062 -4.43011 0.212813 21.5773 -4.45594 0.196692 21.6143 -4.40141 0.197632 21.5062 -4.43011 0.212813 21.6143 -4.40141 0.197632 21.5576 -4.33821 0.215136 21.1989 -4.2293 0.114881 21.2541 -4.26085 0.169509 21.2739 -4.2238 0.165307 21.1989 -4.2293 0.114881 21.2739 -4.2238 0.165307 21.2104 -4.20964 0.1115 21.2541 -4.26085 0.169509 21.3196 -4.32596 0.208091 21.3627 -4.2299 0.201072 21.2541 -4.26085 0.169509 21.3627 -4.2299 0.201072 21.2739 -4.2238 0.165307 21.3196 -4.32596 0.208091 21.4177 -4.38858 0.221677 21.463 -4.27633 0.220948 21.3196 -4.32596 0.208091 21.463 -4.27633 0.220948 21.3627 -4.2299 0.201072 21.5773 -4.45594 0.196692 21.654 -4.47647 0.173469 21.6143 -4.40141 0.197632 21.4177 -4.38858 0.221677 21.5062 -4.43011 0.212813 21.5576 -4.33821 0.215136 21.4177 -4.38858 0.221677 21.5576 -4.33821 0.215136 21.463 -4.27633 0.220948 21.1496 -4.21989 0.0117101 21.1989 -4.2293 0.114881 21.2104 -4.20964 0.1115 21.1496 -4.21989 0.0117101 21.2104 -4.20964 0.1115 21.1614 -4.20351 0.00687133 21.4943 -3.9012 0.232822 21.5421 -3.83322 0.215116 21.4949 -3.7784 0.216149 21.4943 -3.9012 0.232822 21.4949 -3.7784 0.216149 21.4116 -3.82034 0.235373 21.1932 -4.1694 0.125262 21.2425 -4.11994 0.18526 21.2089 -4.08826 0.180646 21.1932 -4.1694 0.125262 21.2089 -4.08826 0.180646 21.1757 -4.15157 0.12155 21.2425 -4.11994 0.18526 21.3303 -4.06918 0.227636 21.2409 -3.99593 0.219927 21.2425 -4.11994 0.18526 21.2409 -3.99593 0.219927 21.2089 -4.08826 0.180646 21.3303 -4.06918 0.227636 21.4249 -3.9831 0.242557 21.3189 -3.90289 0.241757 21.3303 -4.06918 0.227636 21.3189 -3.90289 0.241757 21.2409 -3.99593 0.219927 21.5421 -3.83322 0.215116 21.5859 -3.75778 0.18961 21.4949 -3.7784 0.216149 21.4249 -3.9831 0.242557 21.4943 -3.9012 0.232822 21.4116 -3.82034 0.235373 21.4249 -3.9831 0.242557 21.4116 -3.82034 0.235373 21.3189 -3.90289 0.241757 21.1691 -4.21889 0.0119483 21.1932 -4.1694 0.125262 21.1757 -4.15157 0.12155 21.1691 -4.21889 0.0119483 21.1757 -4.15157 0.12155 21.1552 -4.2017 0.00663313 21.0494 -3.95642 0.178652 21.1285 -3.91827 0.175856 21.0779 -3.81771 0.17118 21.0494 -3.95642 0.178652 21.0779 -3.81771 0.17118 21.0108 -3.85921 0.175338 21.1513 -4.21227 0.00989416 21.1693 -4.20493 0.00898665 21.1736 -4.12143 0.103337 21.1513 -4.21227 0.00989416 21.1736 -4.12143 0.103337 21.1429 -4.13595 0.103434 21.1429 -4.13595 0.103434 21.1736 -4.12143 0.103337 21.1641 -4.02582 0.153228 21.1429 -4.13595 0.103434 21.1641 -4.02582 0.153228 21.0926 -4.05401 0.156768 21.0926 -4.05401 0.156768 21.1641 -4.02582 0.153228 21.1285 -3.91827 0.175856 21.0926 -4.05401 0.156768 21.1285 -3.91827 0.175856 21.0494 -3.95642 0.178652 21.0108 -3.85921 0.175338 21.0779 -3.81771 0.17118 21.0029 -3.7592 0.155451 21.3343 -4.40435 0.193921 21.2709 -4.46511 0.191807 21.35 -4.54529 0.193485 21.3343 -4.40435 0.193921 21.35 -4.54529 0.193485 21.401 -4.48496 0.196568 21.1645 -4.20046 0.00976142 21.1497 -4.21302 0.00893769 21.168 -4.28934 0.10759 21.1645 -4.20046 0.00976142 21.168 -4.28934 0.10759 21.1928 -4.26604 0.107441 21.1928 -4.26604 0.107441 21.168 -4.28934 0.10759 21.2048 -4.37493 0.162755 21.1928 -4.26604 0.107441 21.2048 -4.37493 0.162755 21.264 -4.32594 0.166018 21.264 -4.32594 0.166018 21.2048 -4.37493 0.162755 21.2709 -4.46511 0.191807 21.264 -4.32594 0.166018 21.2709 -4.46511 0.191807 21.3343 -4.40435 0.193921 21.401 -4.48496 0.196568 21.35 -4.54529 0.193485 21.4398 -4.57848 0.182279 20.5912 -3.99183 0.307032 20.4816 -3.97621 0.283449 20.4451 -4.0654 0.284823 20.5912 -3.99183 0.307032 20.4451 -4.0654 0.284823 20.5452 -4.13885 0.310431 21.0915 -4.18699 0.163762 21.003 -4.1584 0.24368 20.9857 -4.21741 0.237534 21.0915 -4.18699 0.163762 20.9857 -4.21741 0.237534 21.081 -4.2186 0.158818 21.003 -4.1584 0.24368 20.8897 -4.08487 0.300125 20.8569 -4.23535 0.289856 21.003 -4.1584 0.24368 20.8569 -4.23535 0.289856 20.9857 -4.21741 0.237534 20.8897 -4.08487 0.300125 20.7304 -4.0247 0.32 20.6993 -4.19902 0.318934 20.8897 -4.08487 0.300125 20.6993 -4.19902 0.318934 20.8569 -4.23535 0.289856 20.4816 -3.97621 0.283449 20.3656 -3.96988 0.249474 20.4451 -4.0654 0.284823 20.7304 -4.0247 0.32 20.5912 -3.99183 0.307032 20.5452 -4.13885 0.310431 20.7304 -4.0247 0.32 20.5452 -4.13885 0.310431 20.6993 -4.19902 0.318934 21.1648 -4.18567 0.0128304 21.0915 -4.18699 0.163762 21.081 -4.2186 0.158818 21.1648 -4.18567 0.0128304 21.081 -4.2186 0.158818 21.1529 -4.21266 0.00575105 21.5107 -4.00876 0.26811 21.6159 -4.12574 0.214363 21.7354 -4.01391 0.244958 21.5107 -4.00876 0.26811 21.7354 -4.01391 0.244958 21.6506 -3.92282 0.28239 21.2706 -4.21691 0.0522819 21.2831 -4.22932 0.0447148 21.3243 -4.22225 0.0731811 21.2706 -4.21691 0.0522819 21.3243 -4.22225 0.0731811 21.3062 -4.20365 0.0846672 21.3062 -4.20365 0.0846672 21.3243 -4.22225 0.0731811 21.4924 -4.19354 0.157785 21.3062 -4.20365 0.0846672 21.4924 -4.19354 0.157785 21.405 -4.10211 0.206075 21.405 -4.10211 0.206075 21.4924 -4.19354 0.157785 21.6159 -4.12574 0.214363 21.405 -4.10211 0.206075 21.6159 -4.12574 0.214363 21.5107 -4.00876 0.26811 21.6506 -3.92282 0.28239 21.7354 -4.01391 0.244958 21.7868 -3.87339 0.252843 21.2263 -4.22791 0.0153053 21.2175 -4.21571 0.0247138 21.146 -4.18665 0.0184788 21.2263 -4.22791 0.0153053 21.146 -4.18665 0.0184788 21.1751 -4.21622 0 21.2831 -4.22932 0.0447148 21.2706 -4.21691 0.0522819 21.2175 -4.21571 0.0247138 21.2831 -4.22932 0.0447148 21.2175 -4.21571 0.0247138 21.2263 -4.22791 0.0153053 21.0022 -4.58235 0.305592 20.8748 -4.53083 0.307009 20.8119 -4.691 0.31951 21.0022 -4.58235 0.305592 20.8119 -4.691 0.31951 20.9307 -4.72532 0.319691 21.1724 -4.21093 0.00929072 21.1449 -4.19796 0.00929072 21.0538 -4.27607 0.165381 21.1724 -4.21093 0.00929072 21.0538 -4.27607 0.165381 21.1029 -4.29639 0.162981 21.1029 -4.29639 0.162981 21.0538 -4.27607 0.165381 20.9589 -4.38251 0.255022 21.1029 -4.29639 0.162981 20.9589 -4.38251 0.255022 21.0669 -4.43534 0.255756 21.0669 -4.43534 0.255756 20.9589 -4.38251 0.255022 20.8748 -4.53083 0.307009 21.0669 -4.43534 0.255756 20.8748 -4.53083 0.307009 21.0022 -4.58235 0.305592 20.9307 -4.72532 0.319691 20.8119 -4.691 0.31951 20.8219 -4.8383 0.309546 14.8233 -2.11707 0.15501 14.7825 -2.17559 0.130508 14.824 -2.22467 0.132019 14.8233 -2.11707 0.15501 14.824 -2.22467 0.132019 14.8959 -2.18965 0.159329 15.0999 -1.87549 0.105659 15.0507 -1.92277 0.150696 15.0807 -1.95085 0.147552 15.0999 -1.87549 0.105659 15.0807 -1.95085 0.147552 15.1157 -1.8912 0.102786 15.0507 -1.92277 0.150696 14.9691 -1.96965 0.176626 15.0486 -2.03489 0.173037 15.0507 -1.92277 0.150696 15.0486 -2.03489 0.173037 15.0807 -1.95085 0.147552 14.9691 -1.96965 0.176626 14.884 -2.04591 0.175392 14.9775 -2.11792 0.178924 14.9691 -1.96965 0.176626 14.9775 -2.11792 0.178924 15.0486 -2.03489 0.173037 14.7825 -2.17559 0.130508 14.746 -2.24025 0.0989992 14.824 -2.22467 0.132019 14.884 -2.04591 0.175392 14.8233 -2.11707 0.15501 14.8959 -2.18965 0.159329 14.884 -2.04591 0.175392 14.8959 -2.18965 0.159329 14.9775 -2.11792 0.178924 15.1317 -1.82438 0.0113881 15.0999 -1.87549 0.105659 15.1157 -1.8912 0.102786 15.1317 -1.82438 0.0113881 15.1157 -1.8912 0.102786 15.1444 -1.83938 0.0068215 14.8673 -1.85608 0.174429 14.8633 -1.76854 0.180923 14.751 -1.77495 0.174284 14.8673 -1.85608 0.174429 14.751 -1.77495 0.174284 14.7628 -1.85303 0.170258 15.1445 -1.84503 0.00897252 15.1448 -1.82564 0.0101352 15.0687 -1.79905 0.107019 15.1445 -1.84503 0.00897252 15.0687 -1.79905 0.107019 15.0699 -1.83288 0.103517 15.0699 -1.83288 0.103517 15.0687 -1.79905 0.107019 14.9764 -1.77569 0.158664 15.0699 -1.83288 0.103517 14.9764 -1.77569 0.158664 14.9743 -1.85246 0.154 14.9743 -1.85246 0.154 14.9764 -1.77569 0.158664 14.8633 -1.76854 0.180923 14.9743 -1.85246 0.154 14.8633 -1.76854 0.180923 14.8673 -1.85608 0.174429 14.7628 -1.85303 0.170258 14.751 -1.77495 0.174284 14.6679 -1.81898 0.152835 15.1293 -1.4486 0.199342 15.1116 -1.38022 0.184288 15.0501 -1.38066 0.185165 15.1293 -1.4486 0.199342 15.0501 -1.38066 0.185165 15.0314 -1.4577 0.20151 15.1376 -1.7913 0.107891 15.1326 -1.73214 0.158903 15.0936 -1.73648 0.15498 15.1376 -1.7913 0.107891 15.0936 -1.73648 0.15498 15.1163 -1.79286 0.104735 15.1326 -1.73214 0.158903 15.148 -1.64729 0.194932 15.0513 -1.66499 0.188377 15.1326 -1.73214 0.158903 15.0513 -1.66499 0.188377 15.0936 -1.73648 0.15498 15.148 -1.64729 0.194932 15.1442 -1.53865 0.207619 15.0339 -1.56324 0.206938 15.148 -1.64729 0.194932 15.0339 -1.56324 0.206938 15.0513 -1.66499 0.188377 15.1116 -1.38022 0.184288 15.0868 -1.31033 0.162602 15.0501 -1.38066 0.185165 15.1442 -1.53865 0.207619 15.1293 -1.4486 0.199342 15.0314 -1.4577 0.20151 15.1442 -1.53865 0.207619 15.0314 -1.4577 0.20151 15.0339 -1.56324 0.206938 15.1564 -1.83415 0.0115501 15.1376 -1.7913 0.107891 15.1163 -1.79286 0.104735 15.1564 -1.83415 0.0115501 15.1163 -1.79286 0.104735 15.1375 -1.83375 0.00703136 15.3411 -2.19817 0.212813 15.3911 -2.25493 0.196692 15.4496 -2.22479 0.197632 15.3411 -2.19817 0.212813 15.4496 -2.22479 0.197632 15.4302 -2.14217 0.215136 15.1676 -1.87461 0.114881 15.2009 -1.92876 0.169509 15.2361 -1.90576 0.165307 15.1676 -1.87461 0.114881 15.2361 -1.90576 0.165307 15.1872 -1.86287 0.1115 15.2009 -1.92876 0.169509 15.2272 -2.01729 0.208091 15.3111 -1.95366 0.201072 15.2009 -1.92876 0.169509 15.3111 -1.95366 0.201072 15.2361 -1.90576 0.165307 15.2272 -2.01729 0.208091 15.2833 -2.1193 0.221677 15.3769 -2.0425 0.220948 15.2272 -2.01729 0.208091 15.3769 -2.0425 0.220948 15.3111 -1.95366 0.201072 15.3911 -2.25493 0.196692 15.4486 -2.30973 0.173469 15.4496 -2.22479 0.197632 15.2833 -2.1193 0.221677 15.3411 -2.19817 0.212813 15.4302 -2.14217 0.215136 15.2833 -2.1193 0.221677 15.4302 -2.14217 0.215136 15.3769 -2.0425 0.220948 15.1289 -1.84275 0.0117101 15.1676 -1.87461 0.114881 15.1872 -1.86287 0.1115 15.1289 -1.84275 0.0117101 15.1872 -1.86287 0.1115 15.1471 -1.83403 0.00687133 15.5842 -1.72831 0.232822 15.6587 -1.69157 0.215116 15.6436 -1.62082 0.216149 15.5842 -1.72831 0.232822 15.6436 -1.62082 0.216149 15.5504 -1.61771 0.235373 15.1914 -1.81934 0.125262 15.2584 -1.79957 0.18526 15.2441 -1.75567 0.180646 15.1914 -1.81934 0.125262 15.2441 -1.75567 0.180646 15.1846 -1.79529 0.12155 15.2584 -1.79957 0.18526 15.3598 -1.79712 0.227636 15.3164 -1.68994 0.219927 15.2584 -1.79957 0.18526 15.3164 -1.68994 0.219927 15.2441 -1.75567 0.180646 15.3598 -1.79712 0.227636 15.484 -1.76691 0.242557 15.4294 -1.64569 0.241757 15.3598 -1.79712 0.227636 15.4294 -1.64569 0.241757 15.3164 -1.68994 0.219927 15.6587 -1.69157 0.215116 15.7333 -1.64634 0.18961 15.6436 -1.62082 0.216149 15.484 -1.76691 0.242557 15.5842 -1.72831 0.232822 15.5504 -1.61771 0.235373 15.484 -1.76691 0.242557 15.5504 -1.61771 0.235373 15.4294 -1.64569 0.241757 15.1465 -1.85122 0.0119483 15.1914 -1.81934 0.125262 15.1846 -1.79529 0.12155 15.1465 -1.85122 0.0119483 15.1846 -1.79529 0.12155 15.1425 -1.82943 0.00663313 15.1673 -1.56347 0.178652 15.255 -1.56793 0.175856 15.2588 -1.45543 0.17118 15.1673 -1.56347 0.178652 15.2588 -1.45543 0.17118 15.18 -1.45964 0.175338 15.1341 -1.83688 0.00989416 15.1534 -1.83905 0.00898665 15.1972 -1.76784 0.103337 15.1341 -1.83688 0.00989416 15.1972 -1.76784 0.103337 15.1632 -1.76583 0.103434 15.1632 -1.76583 0.103434 15.1972 -1.76784 0.103337 15.2347 -1.67936 0.153228 15.1632 -1.76583 0.103434 15.2347 -1.67936 0.153228 15.1584 -1.66982 0.156768 15.1584 -1.66982 0.156768 15.2347 -1.67936 0.153228 15.255 -1.56793 0.175856 15.1584 -1.66982 0.156768 15.255 -1.56793 0.175856 15.1673 -1.56347 0.178652 15.18 -1.45964 0.175338 15.2588 -1.45543 0.17118 15.221 -1.36811 0.155451 15.2026 -2.09316 0.193921 15.1178 -2.11607 0.191807 15.1488 -2.22437 0.193485 15.2026 -2.09316 0.193921 15.1488 -2.22437 0.193485 15.2225 -2.19589 0.196568 15.1513 -1.83281 0.00976142 15.1323 -1.83673 0.00893769 15.1118 -1.91251 0.10759 15.1513 -1.83281 0.00976142 15.1118 -1.91251 0.10759 15.1447 -1.90396 0.107441 15.1447 -1.90396 0.107441 15.1118 -1.91251 0.10759 15.103 -2.00525 0.162755 15.1447 -1.90396 0.107441 15.103 -2.00525 0.162755 15.1785 -1.99066 0.166018 15.1785 -1.99066 0.166018 15.103 -2.00525 0.162755 15.1178 -2.11607 0.191807 15.1785 -1.99066 0.166018 15.1178 -2.11607 0.191807 15.2026 -2.09316 0.193921 15.2225 -2.19589 0.196568 15.1488 -2.22437 0.193485 15.2117 -2.29658 0.182279 14.7482 -1.37488 0.307032 14.6595 -1.30864 0.283449 14.5847 -1.3694 0.284823 14.7482 -1.37488 0.307032 14.5847 -1.3694 0.284823 14.6374 -1.48186 0.310431 15.0937 -1.78602 0.163762 15.0298 -1.7185 0.24368 14.9863 -1.762 0.237534 15.0937 -1.78602 0.163762 14.9863 -1.762 0.237534 15.0693 -1.8087 0.158818 15.0298 -1.7185 0.24368 14.9656 -1.59964 0.300125 14.8646 -1.71595 0.289856 15.0298 -1.7185 0.24368 14.8646 -1.71595 0.289856 14.9863 -1.762 0.237534 14.9656 -1.59964 0.300125 14.8546 -1.47044 0.32 14.7437 -1.60852 0.318934 14.9656 -1.59964 0.300125 14.7437 -1.60852 0.318934 14.8646 -1.71595 0.289856 14.6595 -1.30864 0.283449 14.5608 -1.24746 0.249474 14.5847 -1.3694 0.284823 14.8546 -1.47044 0.32 14.7482 -1.37488 0.307032 14.6374 -1.48186 0.310431 14.8546 -1.47044 0.32 14.6374 -1.48186 0.310431 14.7437 -1.60852 0.318934 15.1587 -1.82001 0.0128304 15.0937 -1.78602 0.163762 15.0693 -1.8087 0.158818 15.1587 -1.82001 0.0128304 15.0693 -1.8087 0.158818 15.1353 -1.83796 0.00575105 15.547 -1.83055 0.26811 15.5832 -1.98365 0.214363 15.7417 -1.94281 0.244958 15.547 -1.83055 0.26811 15.7417 -1.94281 0.244958 15.711 -1.82223 0.28239 15.2365 -1.89812 0.0522819 15.2416 -1.91502 0.0447148 15.2811 -1.92856 0.0731811 15.2365 -1.89812 0.0522819 15.2811 -1.92856 0.0731811 15.2741 -1.90356 0.0846672 15.2741 -1.90356 0.0846672 15.2811 -1.92856 0.0731811 15.4424 -1.98397 0.157785 15.2741 -1.90356 0.0846672 15.4424 -1.98397 0.157785 15.4095 -1.8618 0.206075 15.4095 -1.8618 0.206075 15.4424 -1.98397 0.157785 15.5832 -1.98365 0.214363 15.4095 -1.8618 0.206075 15.5832 -1.98365 0.214363 15.547 -1.83055 0.26811 15.711 -1.82223 0.28239 15.7417 -1.94281 0.244958 15.8542 -1.84412 0.252843 15.1924 -1.88656 0.0153053 15.1905 -1.87164 0.0247138 15.1417 -1.81183 0.0184788 15.1924 -1.88656 0.0153053 15.1417 -1.81183 0.0184788 15.153 -1.85173 0 15.2416 -1.91502 0.0447148 15.2365 -1.89812 0.0522819 15.1905 -1.87164 0.0247138 15.2416 -1.91502 0.0447148 15.1905 -1.87164 0.0247138 15.1924 -1.88656 0.0153053 14.8258 -2.09016 0.305592 14.7387 -1.98388 0.307009 14.6067 -2.09426 0.31951 14.8258 -2.09016 0.305592 14.6067 -2.09426 0.31951 14.6945 -2.18135 0.319691 15.1532 -1.84579 0.00929072 15.1353 -1.82125 0.00929072 15.0179 -1.8461 0.165381 15.1532 -1.84579 0.00929072 15.0179 -1.8461 0.165381 15.0513 -1.88748 0.162981 15.0513 -1.88748 0.162981 15.0179 -1.8461 0.165381 14.8836 -1.894 0.255022 15.0513 -1.88748 0.162981 14.8836 -1.894 0.255022 14.953 -1.99215 0.255756 14.953 -1.99215 0.255756 14.8836 -1.894 0.255022 14.7387 -1.98388 0.307009 14.953 -1.99215 0.255756 14.7387 -1.98388 0.307009 14.8258 -2.09016 0.305592 14.6945 -2.18135 0.319691 14.6067 -2.09426 0.31951 14.5449 -2.22834 0.309546 28.6762 0.364399 0.15501 28.6124 0.332601 0.130508 28.6252 0.269664 0.132019 28.6762 0.364399 0.15501 28.6252 0.269664 0.132019 28.7051 0.265926 0.159329 29.0347 0.443829 0.105659 28.9689 0.425902 0.150696 28.9818 0.386888 0.147552 29.0347 0.443829 0.105659 28.9818 0.386888 0.147552 29.0411 0.422475 0.102786 28.9689 0.425902 0.150696 28.8749 0.423872 0.176626 28.9134 0.328512 0.173037 28.9689 0.425902 0.150696 28.9134 0.328512 0.173037 28.9818 0.386888 0.147552 28.8749 0.423872 0.176626 28.7636 0.397766 0.175392 28.8111 0.289763 0.178924 28.8749 0.423872 0.176626 28.8111 0.289763 0.178924 28.9134 0.328512 0.173037 28.6124 0.332601 0.130508 28.5493 0.293386 0.0989992 28.6252 0.269664 0.132019 28.7636 0.397766 0.175392 28.6762 0.364399 0.15501 28.7051 0.265926 0.159329 28.7636 0.397766 0.175392 28.7051 0.265926 0.159329 28.8111 0.289763 0.178924 29.0871 0.473447 0.0113881 29.0347 0.443829 0.105659 29.0411 0.422475 0.102786 29.0871 0.473447 0.0113881 29.0411 0.422475 0.102786 29.0912 0.454153 0.0068215 28.84 0.572348 0.174429 28.8784 0.651104 0.180923 28.7768 0.699315 0.174284 28.84 0.572348 0.174429 28.7768 0.699315 0.174284 28.7497 0.625147 0.170258 29.0885 0.449155 0.00897252 29.0981 0.466028 0.0101352 29.044 0.525876 0.107019 29.0885 0.449155 0.00897252 29.044 0.525876 0.107019 29.0289 0.495568 0.103517 29.0289 0.495568 0.103517 29.044 0.525876 0.107019 28.9742 0.590602 0.158664 29.0289 0.495568 0.103517 28.9742 0.590602 0.158664 28.9356 0.524261 0.154 28.9356 0.524261 0.154 28.9742 0.590602 0.158664 28.8784 0.651104 0.180923 28.9356 0.524261 0.154 28.8784 0.651104 0.180923 28.84 0.572348 0.174429 28.7497 0.625147 0.170258 28.7768 0.699315 0.174284 28.6828 0.700496 0.152835 29.2653 0.804334 0.199342 29.2825 0.87286 0.184288 29.2283 0.901968 0.185165 29.2653 0.804334 0.199342 29.2283 0.901968 0.185165 29.175 0.843286 0.20151 29.1082 0.499652 0.107891 29.1322 0.553933 0.158903 29.0959 0.56883 0.15498 29.1082 0.499652 0.107891 29.0959 0.56883 0.15498 29.0888 0.508446 0.104735 29.1322 0.553933 0.158903 29.1864 0.621006 0.194932 29.093 0.651845 0.188377 29.1322 0.553933 0.158903 29.093 0.651845 0.188377 29.0959 0.56883 0.15498 29.1864 0.621006 0.194932 29.2352 0.718164 0.207619 29.1266 0.749476 0.206938 29.1864 0.621006 0.194932 29.1266 0.749476 0.206938 29.093 0.651845 0.188377 29.2825 0.87286 0.184288 29.2942 0.94609 0.162602 29.2283 0.901968 0.185165 29.2352 0.718164 0.207619 29.2653 0.804334 0.199342 29.175 0.843286 0.20151 29.2352 0.718164 0.207619 29.175 0.843286 0.20151 29.1266 0.749476 0.206938 29.1041 0.453024 0.0115501 29.1082 0.499652 0.107891 29.0888 0.508446 0.104735 29.1041 0.453024 0.0115501 29.0888 0.508446 0.104735 29.0878 0.4624 0.00703136 29.0917 0.0450269 0.212813 29.1084 -0.0287686 0.196692 29.1742 -0.0304034 0.197632 29.0917 0.0450269 0.212813 29.1742 -0.0304034 0.197632 29.1968 0.0514184 0.215136 29.0946 0.412111 0.114881 29.0979 0.34863 0.169509 29.1398 0.351938 0.165307 29.0946 0.412111 0.114881 29.1398 0.351938 0.165307 29.1174 0.413064 0.1115 29.0979 0.34863 0.169509 29.0785 0.25834 0.208091 29.1826 0.273969 0.201072 29.0979 0.34863 0.169509 29.1826 0.273969 0.201072 29.1398 0.351938 0.165307 29.0785 0.25834 0.208091 29.0788 0.141921 0.221677 29.1977 0.164467 0.220948 29.0785 0.25834 0.208091 29.1977 0.164467 0.220948 29.1826 0.273969 0.201072 29.1084 -0.0287686 0.196692 29.1325 -0.104419 0.173469 29.1742 -0.0304034 0.197632 29.0788 0.141921 0.221677 29.0917 0.0450269 0.212813 29.1968 0.0514184 0.215136 29.0788 0.141921 0.221677 29.1968 0.0514184 0.215136 29.1977 0.164467 0.220948 29.0759 0.45862 0.0117101 29.0946 0.412111 0.114881 29.1174 0.413064 0.1115 29.0759 0.45862 0.0117101 29.1174 0.413064 0.1115 29.0961 0.457553 0.00687133 29.5303 0.340795 0.232822 29.6134 0.337308 0.215116 29.634 0.406664 0.216149 29.5303 0.340795 0.232822 29.634 0.406664 0.216149 29.5537 0.454057 0.235373 29.142 0.449213 0.125262 29.2102 0.434466 0.18526 29.2187 0.479844 0.180646 29.142 0.449213 0.125262 29.2187 0.479844 0.180646 29.1475 0.473614 0.12155 29.2102 0.434466 0.18526 29.3004 0.387999 0.227636 29.3137 0.502869 0.219927 29.2102 0.434466 0.18526 29.3137 0.502869 0.219927 29.2187 0.479844 0.180646 29.3004 0.387999 0.227636 29.4239 0.354951 0.242557 29.4341 0.487498 0.241757 29.3004 0.387999 0.227636 29.4341 0.487498 0.241757 29.3137 0.502869 0.219927 29.6134 0.337308 0.215116 29.7005 0.341241 0.18961 29.634 0.406664 0.216149 29.4239 0.354951 0.242557 29.5303 0.340795 0.232822 29.5537 0.454057 0.235373 29.4239 0.354951 0.242557 29.5537 0.454057 0.235373 29.4341 0.487498 0.241757 29.0873 0.442752 0.0119483 29.142 0.449213 0.125262 29.1475 0.473614 0.12155 29.0873 0.442752 0.0119483 29.1475 0.473614 0.12155 29.0942 0.463806 0.00663313 29.2435 0.685332 0.178652 29.3183 0.639372 0.175856 29.3756 0.736263 0.17118 29.2435 0.685332 0.178652 29.3756 0.736263 0.17118 29.3044 0.770368 0.175338 29.0833 0.461305 0.00989416 29.0992 0.450153 0.00898665 29.1718 0.491636 0.103337 29.0833 0.461305 0.00989416 29.1718 0.491636 0.103337 29.1429 0.509693 0.103434 29.1429 0.509693 0.103434 29.1718 0.491636 0.103337 29.2471 0.551335 0.153228 29.1429 0.509693 0.103434 29.2471 0.551335 0.153228 29.1847 0.596269 0.156768 29.1847 0.596269 0.156768 29.2471 0.551335 0.153228 29.3183 0.639372 0.175856 29.1847 0.596269 0.156768 29.3183 0.639372 0.175856 29.2435 0.685332 0.178652 29.3044 0.770368 0.175338 29.3756 0.736263 0.17118 29.3843 0.831013 0.155451 29.0205 0.203565 0.193921 28.9351 0.224123 0.191807 28.9104 0.11422 0.193485 29.0205 0.203565 0.193921 28.9104 0.11422 0.193485 28.9887 0.103884 0.196568 29.1003 0.456649 0.00976142 29.0817 0.462323 0.00893769 29.0274 0.405635 0.10759 29.1003 0.456649 0.00976142 29.0274 0.405635 0.10759 29.0604 0.397337 0.107441 29.0604 0.397337 0.107441 29.0274 0.405635 0.10759 28.9753 0.328452 0.162755 29.0604 0.397337 0.107441 28.9753 0.328452 0.162755 29.0485 0.305077 0.166018 29.0485 0.305077 0.166018 28.9753 0.328452 0.162755 28.9351 0.224123 0.191807 29.0485 0.305077 0.166018 28.9351 0.224123 0.191807 29.0205 0.203565 0.193921 28.9887 0.103884 0.196568 28.9104 0.11422 0.193485 28.931 0.0206774 0.182279 28.9661 1.05175 0.307032 28.9201 1.1524 0.283449 28.8253 1.13494 0.284823 28.9661 1.05175 0.307032 28.8253 1.13494 0.284823 28.8176 1.01102 0.310431 29.0722 0.525298 0.163762 29.0485 0.615206 0.24368 28.9895 0.597876 0.237534 29.0722 0.525298 0.163762 28.9895 0.597876 0.237534 29.0399 0.517095 0.158818 29.0485 0.615206 0.24368 29.0491 0.750308 0.300125 28.9047 0.696641 0.289856 29.0485 0.615206 0.24368 28.9047 0.696641 0.289856 28.9895 0.597876 0.237534 29.0491 0.750308 0.300125 29.0137 0.916891 0.32 28.8502 0.848873 0.318934 29.0491 0.750308 0.300125 28.8502 0.848873 0.318934 28.9047 0.696641 0.289856 28.9201 1.1524 0.283449 28.8627 1.25344 0.249474 28.8253 1.13494 0.284823 29.0137 0.916891 0.32 28.9661 1.05175 0.307032 28.8176 1.01102 0.310431 29.0137 0.916891 0.32 28.8176 1.01102 0.310431 28.8502 0.848873 0.318934 29.113 0.464323 0.0128304 29.0722 0.525298 0.163762 29.0399 0.517095 0.158818 29.113 0.464323 0.0128304 29.0399 0.517095 0.158818 29.0838 0.459795 0.00575105 29.4487 0.268911 0.26811 29.4071 0.117171 0.214363 29.5658 0.0770242 0.244958 29.4487 0.268911 0.26811 29.5658 0.0770242 0.244958 29.5966 0.197566 0.28239 29.1438 0.358464 0.0522819 29.1401 0.34121 0.0447148 29.1683 0.310386 0.0731811 29.1438 0.358464 0.0522819 29.1683 0.310386 0.0731811 29.1742 0.335657 0.0846672 29.1742 0.335657 0.0846672 29.1683 0.310386 0.0731811 29.2833 0.184403 0.157785 29.1742 0.335657 0.0846672 29.2833 0.184403 0.157785 29.313 0.307409 0.206075 29.313 0.307409 0.206075 29.2833 0.184403 0.157785 29.4071 0.117171 0.214363 29.313 0.307409 0.206075 29.4071 0.117171 0.214363 29.4487 0.268911 0.26811 29.5966 0.197566 0.28239 29.5658 0.0770242 0.244958 29.7117 0.109728 0.252843 29.1106 0.389757 0.0153053 29.1161 0.403747 0.0247138 29.1019 0.479652 0.0184788 29.1106 0.389757 0.0153053 29.1019 0.479652 0.0184788 29.0928 0.43919 0 29.1401 0.34121 0.0447148 29.1438 0.358464 0.0522819 29.1161 0.403747 0.0247138 29.1401 0.34121 0.0447148 29.1161 0.403747 0.0247138 29.1106 0.389757 0.0153053 28.6913 0.386831 0.305592 28.6658 0.52187 0.307009 28.497 0.488303 0.31951 28.6913 0.386831 0.305592 28.497 0.488303 0.31951 28.5323 0.369769 0.319691 29.0958 0.444336 0.00929072 29.0919 0.474434 0.00929072 28.9769 0.50892 0.165381 29.0958 0.444336 0.00929072 28.9769 0.50892 0.165381 28.9863 0.456616 0.162981 28.9863 0.456616 0.162981 28.9769 0.50892 0.165381 28.836 0.531296 0.255022 28.9863 0.456616 0.162981 28.836 0.531296 0.255022 28.8499 0.411856 0.255756 28.8499 0.411856 0.255756 28.836 0.531296 0.255022 28.6658 0.52187 0.307009 28.8499 0.411856 0.255756 28.6658 0.52187 0.307009 28.6913 0.386831 0.305592 28.5323 0.369769 0.319691 28.497 0.488303 0.31951 28.3785 0.400256 0.309546 22.5938 2.96331 0.15501 22.5225 2.96602 0.130508 22.5036 2.90464 0.132019 22.5938 2.96331 0.15501 22.5036 2.90464 0.132019 22.5719 2.86306 0.159329 22.9465 2.86115 0.105659 22.8801 2.87696 0.150696 22.8727 2.83656 0.147552 22.9465 2.86115 0.105659 22.8727 2.83656 0.147552 22.9418 2.83938 0.102786 22.8801 2.87696 0.150696 22.7966 2.92028 0.176626 22.7846 2.81814 0.173037 22.8801 2.87696 0.150696 22.7846 2.81814 0.173037 22.8727 2.83656 0.147552 22.7966 2.92028 0.176626 22.6864 2.95071 0.175392 22.6763 2.83317 0.178924 22.7966 2.92028 0.176626 22.6763 2.83317 0.178924 22.7846 2.81814 0.173037 22.5225 2.96602 0.130508 22.4483 2.96186 0.0989992 22.5036 2.90464 0.132019 22.6864 2.95071 0.175392 22.5938 2.96331 0.15501 22.5719 2.86306 0.159329 22.6864 2.95071 0.175392 22.5719 2.86306 0.159329 22.6763 2.83317 0.178924 23.0066 2.86202 0.0113881 22.9465 2.86115 0.105659 22.9418 2.83938 0.102786 23.0066 2.86202 0.0113881 22.9418 2.83938 0.102786 23.0009 2.84316 0.0068215 22.8371 3.06731 0.174429 22.9086 3.118 0.180923 22.8426 3.20902 0.174284 22.8371 3.06731 0.174429 22.8426 3.20902 0.174284 22.7832 3.15693 0.170258 22.9962 2.84004 0.00897252 23.0127 2.85026 0.0101352 22.9939 2.92871 0.107019 22.9962 2.84004 0.00897252 22.9939 2.92871 0.107019 22.9661 2.90935 0.103517 22.9661 2.90935 0.103517 22.9939 2.92871 0.107019 22.9637 3.01895 0.158664 22.9661 2.90935 0.103517 22.9637 3.01895 0.158664 22.898 2.97928 0.154 22.898 2.97928 0.154 22.9637 3.01895 0.158664 22.9086 3.118 0.180923 22.898 2.97928 0.154 22.9086 3.118 0.180923 22.8371 3.06731 0.174429 22.7832 3.15693 0.170258 22.8426 3.20902 0.174284 22.7606 3.25513 0.152835 23.3216 3.067 0.199342 23.3695 3.11889 0.184288 23.3359 3.17042 0.185165 23.3216 3.067 0.199342 23.3359 3.17042 0.185165 23.261 3.14446 0.20151 23.0377 2.87493 0.107891 23.0848 2.91105 0.158903 23.06 2.94153 0.15498 23.0377 2.87493 0.107891 23.06 2.94153 0.15498 23.0249 2.89193 0.104735 23.0848 2.91105 0.158903 23.1645 2.94393 0.194932 23.0974 3.01575 0.188377 23.0848 2.91105 0.158903 23.0974 3.01575 0.188377 23.06 2.94153 0.15498 23.1645 2.94393 0.194932 23.2539 3.00581 0.207619 23.1736 3.08535 0.206938 23.1645 2.94393 0.194932 23.1736 3.08535 0.206938 23.0974 3.01575 0.188377 23.3695 3.11889 0.184288 23.4149 3.17754 0.162602 23.3359 3.17042 0.185165 23.2539 3.00581 0.207619 23.3216 3.067 0.199342 23.261 3.14446 0.20151 23.2539 3.00581 0.207619 23.261 3.14446 0.20151 23.1736 3.08535 0.206938 23.0118 2.83594 0.0115501 23.0377 2.87493 0.107891 23.0249 2.89193 0.104735 23.0118 2.83594 0.0115501 23.0249 2.89193 0.104735 23.0019 2.852 0.00703136 22.8052 2.48386 0.212813 22.7845 2.4111 0.196692 22.8415 2.37809 0.197632 22.8052 2.48386 0.212813 22.8415 2.37809 0.197632 22.9005 2.43908 0.215136 22.9838 2.8046 0.114881 22.9562 2.74732 0.169509 22.9946 2.73014 0.165307 22.9838 2.8046 0.114881 22.9946 2.73014 0.165307 23.0042 2.79453 0.1115 22.9562 2.74732 0.169509 22.8959 2.67739 0.208091 22.9948 2.64118 0.201072 22.9562 2.74732 0.169509 22.9948 2.64118 0.201072 22.9946 2.73014 0.165307 22.8959 2.67739 0.208091 22.8404 2.57506 0.221677 22.9556 2.53783 0.220948 22.8959 2.67739 0.208091 22.9556 2.53783 0.220948 22.9948 2.64118 0.201072 22.7845 2.4111 0.196692 22.7695 2.33312 0.173469 22.8415 2.37809 0.197632 22.8404 2.57506 0.221677 22.8052 2.48386 0.212813 22.9005 2.43908 0.215136 22.8404 2.57506 0.221677 22.9005 2.43908 0.215136 22.9556 2.53783 0.220948 22.9897 2.85437 0.0117101 22.9838 2.8046 0.114881 23.0042 2.79453 0.1115 22.9897 2.85437 0.0117101 23.0042 2.79453 0.1115 23.0069 2.84378 0.00687133 23.332 2.53313 0.232822 23.4032 2.49026 0.215116 23.4545 2.54124 0.216149 23.332 2.53313 0.232822 23.4545 2.54124 0.216149 23.4068 2.62132 0.235373 23.0432 2.81445 0.125262 23.096 2.76879 0.18526 23.1252 2.80453 0.180646 23.0432 2.81445 0.125262 23.1252 2.80453 0.180646 23.0597 2.83322 0.12155 23.096 2.76879 0.18526 23.1528 2.68479 0.227636 23.2196 2.77922 0.219927 23.096 2.76879 0.18526 23.2196 2.77922 0.219927 23.1252 2.80453 0.180646 23.1528 2.68479 0.227636 23.2454 2.59657 0.242557 23.3179 2.70799 0.241757 23.1528 2.68479 0.227636 23.3179 2.70799 0.241757 23.2196 2.77922 0.219927 23.4032 2.49026 0.215116 23.4815 2.45194 0.18961 23.4545 2.54124 0.216149 23.2454 2.59657 0.242557 23.332 2.53313 0.232822 23.4068 2.62132 0.235373 23.2454 2.59657 0.242557 23.4068 2.62132 0.235373 23.3179 2.70799 0.241757 22.9921 2.83499 0.0119483 23.0432 2.81445 0.125262 23.0597 2.83322 0.12155 22.9921 2.83499 0.0119483 23.0597 2.83322 0.12155 23.0082 2.85015 0.00663313 23.2454 2.97301 0.178652 23.2891 2.89679 0.175856 23.3858 2.95435 0.17118 23.2454 2.97301 0.178652 23.3858 2.95435 0.17118 23.3397 3.01842 0.175338 22.9974 2.85321 0.00989416 23.006 2.83581 0.00898665 23.0896 2.83741 0.103337 22.9974 2.85321 0.00989416 23.0896 2.83741 0.103337 23.073 2.86709 0.103434 23.073 2.86709 0.103434 23.0896 2.83741 0.103337 23.1843 2.8537 0.153228 23.073 2.86709 0.103434 23.1843 2.8537 0.153228 23.1511 2.92303 0.156768 23.1511 2.92303 0.156768 23.1843 2.8537 0.153228 23.2891 2.89679 0.175856 23.1511 2.92303 0.156768 23.2891 2.89679 0.175856 23.2454 2.97301 0.178652 23.3397 3.01842 0.175338 23.3858 2.95435 0.17118 23.4389 3.03334 0.155451 22.8188 2.65712 0.193921 22.7537 2.71611 0.191807 22.6793 2.63151 0.193485 22.8188 2.65712 0.193921 22.6793 2.63151 0.193485 22.7431 2.58489 0.196568 23.0101 2.84097 0.00976142 22.9966 2.85485 0.00893769 22.9217 2.83113 0.10759 23.0101 2.84097 0.00976142 22.9217 2.83113 0.10759 22.9467 2.80802 0.107441 22.9467 2.80802 0.107441 22.9217 2.83113 0.10759 22.839 2.7884 0.162755 22.9467 2.80802 0.107441 22.839 2.7884 0.162755 22.892 2.73278 0.166018 22.892 2.73278 0.166018 22.839 2.7884 0.162755 22.7537 2.71611 0.191807 22.892 2.73278 0.166018 22.7537 2.71611 0.191807 22.8188 2.65712 0.193921 22.7431 2.58489 0.196568 22.6793 2.63151 0.193485 22.6525 2.53953 0.182279 23.1777 3.42755 0.307032 23.1855 3.53795 0.283449 23.094 3.56808 0.284823 23.1777 3.42755 0.307032 23.094 3.56808 0.284823 23.0278 3.46302 0.310431 23.0184 2.91467 0.163762 23.0407 3.00496 0.24368 22.9806 3.01804 0.237534 23.0184 2.91467 0.163762 22.9806 3.01804 0.237534 22.9861 2.92295 0.158818 23.0407 3.00496 0.24368 23.106 3.12321 0.300125 22.9536 3.14533 0.289856 23.0407 3.00496 0.24368 22.9536 3.14533 0.289856 22.9806 3.01804 0.237534 23.106 3.12321 0.300125 23.1548 3.2864 0.32 22.9787 3.30509 0.318934 23.106 3.12321 0.300125 22.9787 3.30509 0.318934 22.9536 3.14533 0.289856 23.1855 3.53795 0.283449 23.1836 3.65412 0.249474 23.094 3.56808 0.284823 23.1548 3.2864 0.32 23.1777 3.42755 0.307032 23.0278 3.46302 0.310431 23.1548 3.2864 0.32 23.0278 3.46302 0.310431 22.9787 3.30509 0.318934 23.0249 2.84163 0.0128304 23.0184 2.91467 0.163762 22.9861 2.92295 0.158818 23.0249 2.84163 0.0128304 22.9861 2.92295 0.158818 22.9972 2.85164 0.00575105 23.2259 2.50919 0.26811 23.1166 2.39597 0.214363 23.2366 2.28466 0.244958 23.2259 2.50919 0.26811 23.2366 2.28466 0.244958 23.3215 2.37566 0.28239 23.0012 2.73394 0.0522819 22.9898 2.72056 0.0447148 22.9997 2.68 0.0731811 23.0012 2.73394 0.0522819 22.9997 2.68 0.0731811 23.017 2.69936 0.0846672 23.017 2.69936 0.0846672 22.9997 2.68 0.0731811 23.0402 2.5143 0.157785 23.017 2.69936 0.0846672 23.0402 2.5143 0.157785 23.1253 2.60802 0.206075 23.1253 2.60802 0.206075 23.0402 2.5143 0.157785 23.1166 2.39597 0.214363 23.1253 2.60802 0.206075 23.1166 2.39597 0.214363 23.2259 2.50919 0.26811 23.3215 2.37566 0.28239 23.2366 2.28466 0.244958 23.3804 2.24337 0.252843 22.9871 2.77731 0.0153053 22.9987 2.78694 0.0247138 23.0226 2.86036 0.0184788 22.9871 2.77731 0.0153053 23.0226 2.86036 0.0184788 22.9952 2.82925 0 22.9898 2.72056 0.0447148 23.0012 2.73394 0.0522819 22.9987 2.78694 0.0247138 22.9898 2.72056 0.0447148 22.9987 2.78694 0.0247138 22.9871 2.77731 0.0153053 22.6177 2.97578 0.305592 22.6601 3.10651 0.307009 22.4959 3.15797 0.31951 22.6177 2.97578 0.305592 22.4959 3.15797 0.31951 22.4701 3.03701 0.319691 23.0003 2.83233 0.00929072 23.0113 2.86062 0.00929072 22.9269 2.946 0.165381 23.0003 2.83233 0.00929072 22.9269 2.946 0.165381 22.9101 2.89558 0.162981 22.9101 2.89558 0.162981 22.9269 2.946 0.165381 22.814 3.03317 0.255022 22.9101 2.89558 0.162981 22.814 3.03317 0.255022 22.769 2.92169 0.255756 22.769 2.92169 0.255756 22.814 3.03317 0.255022 22.6601 3.10651 0.307009 22.769 2.92169 0.255756 22.6601 3.10651 0.307009 22.6177 2.97578 0.305592 22.4701 3.03701 0.319691 22.4959 3.15797 0.31951 22.3497 3.13752 0.309546 16.6339 5.5817 0.15501 16.5726 5.61826 0.130508 16.5266 5.57346 0.132019 16.6339 5.5817 0.15501 16.5266 5.57346 0.132019 16.5666 5.50422 0.159329 16.8944 5.32296 0.105659 16.8438 5.36864 0.150696 16.8179 5.33675 0.147552 16.8944 5.32296 0.105659 16.8179 5.33675 0.147552 16.8799 5.3061 0.102786 16.8438 5.36864 0.150696 16.7913 5.4467 0.176626 16.7318 5.36279 0.173037 16.8438 5.36864 0.150696 16.7318 5.36279 0.173037 16.8179 5.33675 0.147552 16.7913 5.4467 0.176626 16.7092 5.52622 0.175392 16.6439 5.42791 0.178924 16.7913 5.4467 0.176626 16.6439 5.42791 0.178924 16.7318 5.36279 0.173037 16.5726 5.61826 0.130508 16.5055 5.65016 0.0989992 16.5266 5.57346 0.132019 16.7092 5.52622 0.175392 16.6339 5.5817 0.15501 16.5666 5.50422 0.159329 16.7092 5.52622 0.175392 16.5666 5.50422 0.159329 16.6439 5.42791 0.178924 16.9477 5.29487 0.0113881 16.8944 5.32296 0.105659 16.8799 5.3061 0.102786 16.9477 5.29487 0.0113881 16.8799 5.3061 0.102786 16.9336 5.28106 0.0068215 16.8973 5.55629 0.174429 16.9844 5.5665 0.180923 16.97 5.67805 0.174284 16.8973 5.55629 0.174429 16.97 5.67805 0.174284 16.893 5.66078 0.170258 16.928 5.28058 0.00897252 16.9473 5.28165 0.0101352 16.9685 5.35949 0.107019 16.928 5.28058 0.00897252 16.9685 5.35949 0.107019 16.9348 5.35582 0.103517 16.9348 5.35582 0.103517 16.9685 5.35949 0.107019 16.9853 5.45316 0.158664 16.9348 5.35582 0.103517 16.9853 5.45316 0.158664 16.9085 5.44987 0.154 16.9085 5.44987 0.154 16.9853 5.45316 0.158664 16.9844 5.5665 0.180923 16.9085 5.44987 0.154 16.9844 5.5665 0.180923 16.8973 5.55629 0.174429 16.893 5.66078 0.170258 16.97 5.67805 0.174284 16.9202 5.7578 0.152835 17.3223 5.32375 0.199342 17.3893 5.34631 0.184288 17.3845 5.40765 0.185165 17.3223 5.32375 0.199342 17.3845 5.40765 0.185165 17.3063 5.42077 0.20151 16.9811 5.29132 0.107891 17.0397 5.30044 0.158903 17.0326 5.33905 0.15498 16.9811 5.29132 0.107891 17.0326 5.33905 0.15498 16.978 5.31237 0.104735 17.0397 5.30044 0.158903 17.1255 5.29107 0.194932 17.101 5.38628 0.188377 17.0397 5.30044 0.158903 17.101 5.38628 0.188377 17.0326 5.33905 0.15498 17.1255 5.29107 0.194932 17.2336 5.30252 0.207619 17.2012 5.41083 0.206938 17.1255 5.29107 0.194932 17.2012 5.41083 0.206938 17.101 5.38628 0.188377 17.3893 5.34631 0.184288 17.4572 5.37602 0.162602 17.3845 5.40765 0.185165 17.2336 5.30252 0.207619 17.3223 5.32375 0.199342 17.3063 5.42077 0.20151 17.2336 5.30252 0.207619 17.3063 5.42077 0.20151 17.2012 5.41083 0.206938 16.9397 5.26952 0.0115501 16.9811 5.29132 0.107891 16.978 5.31237 0.104735 16.9397 5.26952 0.0115501 16.978 5.31237 0.104735 16.9387 5.28833 0.00703136 16.5896 5.05956 0.212813 16.5365 5.00565 0.196692 16.5707 4.94935 0.197632 16.5896 5.05956 0.212813 16.5707 4.94935 0.197632 16.6518 4.97457 0.215136 16.9001 5.25542 0.114881 16.8484 5.21837 0.169509 16.8739 5.1849 0.165307 16.9001 5.25542 0.114881 16.8739 5.1849 0.165307 16.9132 5.23679 0.1115 16.8484 5.21837 0.169509 16.762 5.18591 0.208091 16.8314 5.10674 0.201072 16.8484 5.21837 0.169509 16.8314 5.10674 0.201072 16.8739 5.1849 0.165307 16.762 5.18591 0.208091 16.6642 5.12274 0.221677 16.7474 5.03485 0.220948 16.762 5.18591 0.208091 16.7474 5.03485 0.220948 16.8314 5.10674 0.201072 16.5365 5.00565 0.196692 16.4859 4.94443 0.173469 16.5707 4.94935 0.197632 16.6642 5.12274 0.221677 16.5896 5.05956 0.212813 16.6518 4.97457 0.215136 16.6642 5.12274 0.221677 16.6518 4.97457 0.215136 16.7474 5.03485 0.220948 16.9291 5.29627 0.0117101 16.9001 5.25542 0.114881 16.9132 5.23679 0.1115 16.9291 5.29627 0.0117101 16.9132 5.23679 0.1115 16.9391 5.27874 0.00687133 17.0755 4.85026 0.232822 17.1174 4.77852 0.215116 17.1869 4.79863 0.216149 17.0755 4.85026 0.232822 17.1869 4.79863 0.216149 17.1834 4.89179 0.235373 16.9569 5.23561 0.125262 16.9814 5.17022 0.18526 17.0242 5.18758 0.180646 16.9569 5.23561 0.125262 17.0242 5.18758 0.180646 16.9804 5.24415 0.12155 16.9814 5.17022 0.18526 16.991 5.06925 0.227636 17.0948 5.12012 0.219927 16.9814 5.17022 0.18526 17.0948 5.12012 0.219927 17.0242 5.18758 0.180646 16.991 5.06925 0.227636 17.0299 4.94746 0.242557 17.147 5.01048 0.241757 16.991 5.06925 0.227636 17.147 5.01048 0.241757 17.0948 5.12012 0.219927 17.1174 4.77852 0.215116 17.1678 4.70732 0.18961 17.1869 4.79863 0.216149 17.0299 4.94746 0.242557 17.0755 4.85026 0.232822 17.1834 4.89179 0.235373 17.0299 4.94746 0.242557 17.1834 4.89179 0.235373 17.147 5.01048 0.241757 16.9219 5.27812 0.0119483 16.9569 5.23561 0.125262 16.9804 5.24415 0.12155 16.9219 5.27812 0.0119483 16.9804 5.24415 0.12155 16.9434 5.28368 0.00663313 17.2104 5.27779 0.178652 17.2122 5.18998 0.175856 17.3247 5.19411 0.17118 17.2104 5.27779 0.178652 17.3247 5.19411 0.17118 17.3149 5.27246 0.175338 16.9354 5.29155 0.00989416 16.9346 5.27216 0.00898665 17.0087 5.23348 0.103337 16.9354 5.29155 0.00989416 17.0087 5.23348 0.103337 17.0083 5.26752 0.103434 17.0083 5.26752 0.103434 17.0087 5.23348 0.103337 17.0996 5.20239 0.153228 17.0083 5.26752 0.103434 17.0996 5.20239 0.153228 17.1037 5.27914 0.156768 17.1037 5.27914 0.156768 17.0996 5.20239 0.153228 17.2122 5.18998 0.175856 17.1037 5.27914 0.156768 17.2122 5.18998 0.175856 17.2104 5.27779 0.178652 17.3149 5.27246 0.175338 17.3247 5.19411 0.17118 17.4091 5.23799 0.155451 16.6846 5.20511 0.193921 16.6557 5.28809 0.191807 16.5499 5.24951 0.193485 16.6846 5.20511 0.193921 16.5499 5.24951 0.193485 16.5835 5.17801 0.196568 16.9406 5.27471 0.00976142 16.9354 5.2934 0.00893769 16.8583 5.30846 0.10759 16.9406 5.27471 0.00976142 16.8583 5.30846 0.10759 16.8692 5.2762 0.107441 16.8692 5.2762 0.107441 16.8583 5.30846 0.10759 16.7652 5.31065 0.162755 16.8692 5.2762 0.107441 16.7652 5.31065 0.162755 16.7851 5.2364 0.166018 16.7851 5.2364 0.166018 16.7652 5.31065 0.162755 16.6557 5.28809 0.191807 16.7851 5.2364 0.166018 16.6557 5.28809 0.191807 16.6846 5.20511 0.193921 16.5835 5.17801 0.196568 16.5499 5.24951 0.193485 16.4823 5.18162 0.182279 17.3689 5.70916 0.307032 17.4287 5.80229 0.283449 17.3628 5.87262 0.284823 17.3689 5.70916 0.307032 17.3628 5.87262 0.284823 17.2544 5.81215 0.310431 16.9832 5.33542 0.163762 17.0461 5.40399 0.24368 16.9996 5.44427 0.237534 16.9832 5.33542 0.163762 16.9996 5.44427 0.237534 16.9589 5.35816 0.158818 17.0461 5.40399 0.24368 17.1601 5.47645 0.300125 17.0369 5.56894 0.289856 17.0461 5.40399 0.24368 17.0369 5.56894 0.289856 16.9996 5.44427 0.237534 17.1601 5.47645 0.300125 17.2811 5.59629 0.32 17.1355 5.69711 0.318934 17.1601 5.47645 0.300125 17.1355 5.69711 0.318934 17.0369 5.56894 0.289856 17.4287 5.80229 0.283449 17.4827 5.90515 0.249474 17.3628 5.87262 0.284823 17.2811 5.59629 0.32 17.3689 5.70916 0.307032 17.2544 5.81215 0.310431 17.2811 5.59629 0.32 17.2544 5.81215 0.310431 17.1355 5.69711 0.318934 16.9539 5.26821 0.0128304 16.9832 5.33542 0.163762 16.9589 5.35816 0.158818 16.9539 5.26821 0.0128304 16.9589 5.35816 0.158818 16.9344 5.29031 0.00575105 16.9709 4.88014 0.26811 16.8207 4.83314 0.214363 16.8727 4.67793 0.244958 16.9709 4.88014 0.26811 16.8727 4.67793 0.244958 16.9908 4.71711 0.28239 16.8815 5.18506 0.0522819 16.865 5.17882 0.0447148 16.8543 5.13845 0.0731811 16.8815 5.18506 0.0522819 16.8543 5.13845 0.0731811 16.8788 5.14716 0.0846672 16.8788 5.14716 0.0846672 16.8543 5.13845 0.0731811 16.8104 4.9736 0.157785 16.8788 5.14716 0.0846672 16.8104 4.9736 0.157785 16.93 5.0151 0.206075 16.93 5.0151 0.206075 16.8104 4.9736 0.157785 16.8207 4.83314 0.214363 16.93 5.0151 0.206075 16.8207 4.83314 0.214363 16.9709 4.88014 0.26811 16.9908 4.71711 0.28239 16.8727 4.67793 0.244958 16.9791 4.57276 0.252843 16.8899 5.22988 0.0153053 16.9047 5.2328 0.0247138 16.9609 5.28576 0.0184788 16.8899 5.22988 0.0153053 16.9609 5.28576 0.0184788 16.9219 5.2716 0 16.865 5.17882 0.0447148 16.8815 5.18506 0.0522819 16.9047 5.2328 0.0247138 16.865 5.17882 0.0447148 16.9047 5.2328 0.0247138 16.8899 5.22988 0.0153053 16.6609 5.58115 0.305592 16.7608 5.67556 0.307009 16.6413 5.79946 0.31951 16.6609 5.58115 0.305592 16.6413 5.79946 0.31951 16.5607 5.70569 0.319691 16.9278 5.27187 0.00929072 16.951 5.29143 0.00929072 16.9179 5.4068 0.165381 16.9278 5.27187 0.00929072 16.9179 5.4068 0.165381 16.879 5.37061 0.162981 16.879 5.37061 0.162981 16.9179 5.4068 0.165381 16.8607 5.53742 0.255022 16.879 5.37061 0.162981 16.8607 5.53742 0.255022 16.7677 5.46118 0.255756 16.7677 5.46118 0.255756 16.8607 5.53742 0.255022 16.7608 5.67556 0.307009 16.7677 5.46118 0.255756 16.7608 5.67556 0.307009 16.6609 5.58115 0.305592 16.5607 5.70569 0.319691 16.6413 5.79946 0.31951 16.5032 5.85161 0.309546 30.7292 -2.66747 0.15501 30.693 -2.60601 0.130508 30.6311 -2.62326 0.132019 30.7292 -2.66747 0.15501 30.6311 -2.62326 0.132019 30.633 -2.70321 0.159329 30.8338 -3.01944 0.105659 30.8112 -2.95507 0.150696 30.7732 -2.97065 0.147552 30.8338 -3.01944 0.105659 30.7732 -2.97065 0.147552 30.8129 -3.02726 0.102786 30.8112 -2.95507 0.150696 30.8026 -2.86138 0.176626 30.7102 -2.90652 0.173037 30.8112 -2.95507 0.150696 30.7102 -2.90652 0.173037 30.7732 -2.97065 0.147552 30.8026 -2.86138 0.176626 30.7687 -2.75224 0.175392 30.6643 -2.80725 0.178924 30.8026 -2.86138 0.176626 30.6643 -2.80725 0.178924 30.7102 -2.90652 0.173037 30.693 -2.60601 0.130508 30.6494 -2.54586 0.0989992 30.6311 -2.62326 0.132019 30.7687 -2.75224 0.175392 30.7292 -2.66747 0.15501 30.633 -2.70321 0.159329 30.7687 -2.75224 0.175392 30.633 -2.70321 0.159329 30.6643 -2.80725 0.178924 30.867 -3.06962 0.0113881 30.8338 -3.01944 0.105659 30.8129 -3.02726 0.102786 30.867 -3.06962 0.0113881 30.8129 -3.02726 0.102786 30.8481 -3.07499 0.0068215 30.9482 -2.81607 0.174429 31.0295 -2.84884 0.180923 31.0704 -2.74407 0.174284 30.9482 -2.81607 0.174429 31.0704 -2.74407 0.174284 30.9945 -2.72228 0.170258 30.8429 -3.07271 0.00897252 30.8604 -3.08106 0.0101352 30.9163 -3.02288 0.107019 30.8429 -3.07271 0.00897252 30.9163 -3.02288 0.107019 30.885 -3.00996 0.103517 30.885 -3.00996 0.103517 30.9163 -3.02288 0.107019 30.9759 -2.94872 0.158664 30.885 -3.00996 0.103517 30.9759 -2.94872 0.158664 30.907 -2.91482 0.154 30.907 -2.91482 0.154 30.9759 -2.94872 0.158664 31.0295 -2.84884 0.180923 30.907 -2.91482 0.154 31.0295 -2.84884 0.180923 30.9482 -2.81607 0.174429 30.9945 -2.72228 0.170258 31.0704 -2.74407 0.174284 31.0649 -2.65021 0.152835 31.2097 -3.2239 0.199342 31.2793 -3.2362 0.184288 31.3045 -3.18007 0.185165 31.2097 -3.2239 0.199342 31.3045 -3.18007 0.185165 31.2422 -3.13109 0.20151 30.8947 -3.08875 0.107891 30.9505 -3.10887 0.158903 30.9628 -3.07159 0.15498 30.8947 -3.08875 0.107891 30.9628 -3.07159 0.15498 30.9021 -3.06881 0.104735 30.9505 -3.10887 0.158903 31.0212 -3.15819 0.194932 31.0454 -3.06289 0.188377 30.9505 -3.10887 0.158903 31.0454 -3.06289 0.188377 30.9628 -3.07159 0.15498 31.0212 -3.15819 0.194932 31.1216 -3.19997 0.207619 31.1452 -3.08942 0.206938 31.0212 -3.15819 0.194932 31.1452 -3.08942 0.206938 31.0454 -3.06289 0.188377 31.2793 -3.2362 0.184288 31.3531 -3.24271 0.162602 31.3045 -3.18007 0.185165 31.1216 -3.19997 0.207619 31.2097 -3.2239 0.199342 31.2422 -3.13109 0.20151 31.1216 -3.19997 0.207619 31.2422 -3.13109 0.20151 31.1452 -3.08942 0.206938 30.8479 -3.08803 0.0115501 30.8947 -3.08875 0.107891 30.9021 -3.06881 0.104735 30.8479 -3.08803 0.0115501 30.9021 -3.06881 0.104735 30.8561 -3.07107 0.00703136 30.44 -3.10447 0.212813 30.3676 -3.12632 0.196692 30.3706 -3.19213 0.197632 30.44 -3.10447 0.212813 30.3706 -3.19213 0.197632 30.4538 -3.20885 0.215136 30.8064 -3.08143 0.114881 30.7433 -3.08918 0.169509 30.7496 -3.13074 0.165307 30.8064 -3.08143 0.114881 30.7496 -3.13074 0.165307 30.8089 -3.10406 0.1115 30.7433 -3.08918 0.169509 30.6519 -3.07621 0.208091 30.6748 -3.17897 0.201072 30.7433 -3.08918 0.169509 30.6748 -3.17897 0.201072 30.7496 -3.13074 0.165307 30.6519 -3.07621 0.208091 30.5357 -3.08478 0.221677 30.5666 -3.20181 0.220948 30.6519 -3.07621 0.208091 30.5666 -3.20181 0.220948 30.6748 -3.17897 0.201072 30.3676 -3.12632 0.196692 30.2938 -3.15579 0.173469 30.3706 -3.19213 0.197632 30.5357 -3.08478 0.221677 30.44 -3.10447 0.212813 30.4538 -3.20885 0.215136 30.5357 -3.08478 0.221677 30.4538 -3.20885 0.215136 30.5666 -3.20181 0.220948 30.8514 -3.05951 0.0117101 30.8064 -3.08143 0.114881 30.8089 -3.10406 0.1115 30.8514 -3.05951 0.0117101 30.8089 -3.10406 0.1115 30.8518 -3.07968 0.00687133 30.7661 -3.52108 0.232822 30.7685 -3.60414 0.215116 30.8391 -3.61981 0.216149 30.7661 -3.52108 0.232822 30.8391 -3.61981 0.216149 30.8807 -3.53639 0.235373 30.8467 -3.12605 0.125262 30.8369 -3.19516 0.18526 30.8827 -3.20045 0.180646 30.8467 -3.12605 0.125262 30.8827 -3.20045 0.180646 30.8715 -3.12983 0.12155 30.8369 -3.19516 0.18526 30.7969 -3.28838 0.227636 30.9124 -3.29352 0.219927 30.8369 -3.19516 0.18526 30.9124 -3.29352 0.219927 30.8827 -3.20045 0.180646 30.7969 -3.28838 0.227636 30.7727 -3.41393 0.242557 30.9056 -3.41474 0.241757 30.7969 -3.28838 0.227636 30.9056 -3.41474 0.241757 30.9124 -3.29352 0.219927 30.7685 -3.60414 0.215116 30.7785 -3.69079 0.18961 30.8391 -3.61981 0.216149 30.7727 -3.41393 0.242557 30.7661 -3.52108 0.232822 30.8807 -3.53639 0.235373 30.7727 -3.41393 0.242557 30.8807 -3.53639 0.235373 30.9056 -3.41474 0.241757 30.8364 -3.07198 0.0119483 30.8467 -3.12605 0.125262 30.8715 -3.12983 0.12155 30.8364 -3.07198 0.0119483 30.8715 -3.12983 0.12155 30.8579 -3.07738 0.00663313 31.0894 -3.21058 0.178652 31.0489 -3.28849 0.175856 31.1496 -3.33879 0.17118 31.0894 -3.21058 0.178652 31.1496 -3.33879 0.17118 31.1786 -3.26534 0.175338 30.8546 -3.06662 0.00989416 30.8446 -3.08326 0.00898665 30.8912 -3.15274 0.103337 30.8546 -3.06662 0.00989416 30.8912 -3.15274 0.103337 30.9071 -3.12268 0.103434 30.9071 -3.12268 0.103434 30.8912 -3.15274 0.103337 30.956 -3.22362 0.153228 30.9071 -3.12268 0.103434 30.956 -3.22362 0.153228 30.9964 -3.15824 0.156768 30.9964 -3.15824 0.156768 30.956 -3.22362 0.153228 31.0489 -3.28849 0.175856 30.9964 -3.15824 0.156768 31.0489 -3.28849 0.175856 31.0894 -3.21058 0.178652 31.1786 -3.26534 0.175338 31.1496 -3.33879 0.17118 31.2447 -3.34076 0.155451 30.5931 -3.02225 0.193921 30.6076 -2.9356 0.191807 30.4962 -2.91871 0.193485 30.5931 -3.02225 0.193921 30.4962 -2.91871 0.193485 30.4914 -2.99758 0.196568 30.8512 -3.08393 0.00976142 30.8556 -3.06502 0.00893769 30.7952 -3.01486 0.10759 30.8512 -3.08393 0.00976142 30.7952 -3.01486 0.10759 30.7892 -3.04838 0.107441 30.7892 -3.04838 0.107441 30.7952 -3.01486 0.10759 30.7145 -2.96829 0.162755 30.7892 -3.04838 0.107441 30.7145 -2.96829 0.162755 30.6963 -3.043 0.166018 30.6963 -3.043 0.166018 30.7145 -2.96829 0.162755 30.6076 -2.9356 0.191807 30.6963 -3.043 0.166018 30.6076 -2.9356 0.191807 30.5931 -3.02225 0.193921 30.4914 -2.99758 0.196568 30.4962 -2.91871 0.193485 30.4043 -2.94589 0.182279 31.4353 -2.908 0.307032 31.5325 -2.85494 0.283449 31.5083 -2.76162 0.284823 31.4353 -2.908 0.307032 31.5083 -2.76162 0.284823 31.3842 -2.76269 0.310431 30.9177 -3.05108 0.163762 31.0057 -3.02103 0.24368 30.9842 -2.9634 0.237534 30.9177 -3.05108 0.163762 30.9842 -2.9634 0.237534 30.9072 -3.01945 0.158818 31.0057 -3.02103 0.24368 31.1405 -3.01211 0.300125 31.0768 -2.87189 0.289856 31.0057 -3.02103 0.24368 31.0768 -2.87189 0.289856 30.9842 -2.9634 0.237534 31.1405 -3.01211 0.300125 31.3042 -2.96496 0.32 31.2248 -2.80669 0.318934 31.1405 -3.01211 0.300125 31.2248 -2.80669 0.318934 31.0768 -2.87189 0.289856 31.5325 -2.85494 0.283449 31.6292 -2.79058 0.249474 31.5083 -2.76162 0.284823 31.3042 -2.96496 0.32 31.4353 -2.908 0.307032 31.3842 -2.76269 0.310431 31.3042 -2.96496 0.32 31.3842 -2.76269 0.310431 31.2248 -2.80669 0.318934 30.8598 -3.09602 0.0128304 30.9177 -3.05108 0.163762 30.9072 -3.01945 0.158818 30.8598 -3.09602 0.0128304 30.9072 -3.01945 0.158818 30.8532 -3.06724 0.00575105 30.6886 -3.44471 0.26811 30.5343 -3.41396 0.214363 30.5055 -3.57508 0.244958 30.6886 -3.44471 0.26811 30.5055 -3.57508 0.244958 30.6279 -3.59732 0.28239 30.7563 -3.13427 0.0522819 30.7389 -3.13183 0.0447148 30.7101 -3.16213 0.0731811 30.7563 -3.13427 0.0522819 30.7101 -3.16213 0.0731811 30.7357 -3.16621 0.0846672 30.7357 -3.16621 0.0846672 30.7101 -3.16213 0.0731811 30.5926 -3.28577 0.157785 30.7357 -3.16621 0.0846672 30.5926 -3.28577 0.157785 30.7174 -3.30666 0.206075 30.7174 -3.30666 0.206075 30.5926 -3.28577 0.157785 30.5343 -3.41396 0.214363 30.7174 -3.30666 0.206075 30.5343 -3.41396 0.214363 30.6886 -3.44471 0.26811 30.6279 -3.59732 0.28239 30.5055 -3.57508 0.244958 30.5484 -3.71839 0.252843 30.7852 -3.09897 0.0153053 30.7996 -3.10348 0.0247138 30.8743 -3.08395 0.0184788 30.7852 -3.09897 0.0153053 30.8743 -3.08395 0.0184788 30.8333 -3.07767 0 30.7389 -3.13183 0.0447148 30.7563 -3.13427 0.0522819 30.7996 -3.10348 0.0247138 30.7389 -3.13183 0.0447148 30.7996 -3.10348 0.0247138 30.7852 -3.09897 0.0153053 30.7526 -2.6809 0.305592 30.8855 -2.64592 0.307009 30.8401 -2.47993 0.31951 30.7526 -2.6809 0.305592 30.8401 -2.47993 0.31951 30.7244 -2.52355 0.319691 30.8386 -3.08029 0.00929072 30.8683 -3.07426 0.00929072 30.8946 -2.95714 0.165381 30.8386 -3.08029 0.00929072 30.8946 -2.95714 0.165381 30.8431 -2.97024 0.162981 30.8431 -2.97024 0.162981 30.8946 -2.95714 0.165381 30.907 -2.81504 0.255022 30.8431 -2.97024 0.162981 30.907 -2.81504 0.255022 30.7888 -2.83737 0.255756 30.7888 -2.83737 0.255756 30.907 -2.81504 0.255022 30.8855 -2.64592 0.307009 30.7888 -2.83737 0.255756 30.8855 -2.64592 0.307009 30.7526 -2.6809 0.305592 30.7244 -2.52355 0.319691 30.8401 -2.47993 0.31951 30.7439 -2.36794 0.309546 24.9201 -0.195108 0.15501 24.9166 -0.123854 0.130508 24.8538 -0.110384 0.132019 24.9201 -0.195108 0.15501 24.8538 -0.110384 0.132019 24.8183 -0.182073 0.159329 24.8492 -0.555382 0.105659 24.8592 -0.48791 0.150696 24.8183 -0.484046 0.147552 24.8492 -0.555382 0.105659 24.8183 -0.484046 0.147552 24.8271 -0.552612 0.102786 24.8592 -0.48791 0.150696 24.895 -0.400914 0.176626 24.7922 -0.397954 0.173037 24.8592 -0.48791 0.150696 24.7922 -0.397954 0.173037 24.8183 -0.484046 0.147552 24.895 -0.400914 0.176626 24.9157 -0.288513 0.175392 24.7977 -0.288728 0.178924 24.895 -0.400914 0.176626 24.7977 -0.288728 0.178924 24.7922 -0.397954 0.173037 24.9166 -0.123854 0.130508 24.9059 -0.0503392 0.0989992 24.8538 -0.110384 0.132019 24.9157 -0.288513 0.175392 24.9201 -0.195108 0.15501 24.8183 -0.182073 0.159329 24.9157 -0.288513 0.175392 24.8183 -0.182073 0.159329 24.7977 -0.288728 0.178924 24.8553 -0.615258 0.0113881 24.8492 -0.555382 0.105659 24.8271 -0.552612 0.102786 24.8553 -0.615258 0.0113881 24.8271 -0.552612 0.102786 24.8361 -0.61121 0.0068215 25.045 -0.428447 0.174429 25.1018 -0.495226 0.180923 25.1867 -0.421461 0.174284 25.045 -0.428447 0.174429 25.1867 -0.421461 0.174284 25.1296 -0.366903 0.170258 24.8325 -0.60679 0.00897252 24.8442 -0.622315 0.0101352 24.9207 -0.59675 0.107019 24.8325 -0.60679 0.00897252 24.9207 -0.59675 0.107019 24.8989 -0.570773 0.103517 24.8989 -0.570773 0.103517 24.9207 -0.59675 0.107019 25.0079 -0.558791 0.158664 24.8989 -0.570773 0.103517 25.0079 -0.558791 0.158664 24.9627 -0.49675 0.154 24.9627 -0.49675 0.154 25.0079 -0.558791 0.158664 25.1018 -0.495226 0.180923 24.9627 -0.49675 0.154 25.1018 -0.495226 0.180923 25.045 -0.428447 0.174429 25.1296 -0.366903 0.170258 25.1867 -0.421461 0.174284 25.2254 -0.335799 0.152835 25.0871 -0.911077 0.199342 25.143 -0.954291 0.184288 25.1914 -0.916302 0.185165 25.0871 -0.911077 0.199342 25.1914 -0.916302 0.185165 25.159 -0.843975 0.20151 24.8709 -0.645034 0.107891 24.911 -0.688798 0.158903 24.9392 -0.661496 0.15498 24.8709 -0.645034 0.107891 24.9392 -0.661496 0.15498 24.8867 -0.630816 0.104735 24.911 -0.688798 0.158903 24.9507 -0.765341 0.194932 25.0164 -0.692173 0.188377 24.911 -0.688798 0.158903 25.0164 -0.692173 0.188377 24.9392 -0.661496 0.15498 24.9507 -0.765341 0.194932 25.0202 -0.848965 0.207619 25.0924 -0.762015 0.206938 24.9507 -0.765341 0.194932 25.0924 -0.762015 0.206938 25.0164 -0.692173 0.188377 25.143 -0.954291 0.184288 25.2054 -0.994379 0.162602 25.1914 -0.916302 0.185165 25.0202 -0.848965 0.207619 25.0871 -0.911077 0.199342 25.159 -0.843975 0.20151 25.0202 -0.848965 0.207619 25.159 -0.843975 0.20151 25.0924 -0.762015 0.206938 24.8298 -0.622657 0.0115501 24.8709 -0.645034 0.107891 24.8867 -0.630816 0.104735 24.8298 -0.622657 0.0115501 24.8867 -0.630816 0.104735 24.845 -0.611444 0.00703136 24.461 -0.447722 0.212813 24.3867 -0.433425 0.196692 24.3588 -0.493109 0.197632 24.461 -0.447722 0.212813 24.3588 -0.493109 0.197632 24.4247 -0.546574 0.215136 24.7961 -0.597539 0.114881 24.7367 -0.575089 0.169509 24.7229 -0.614808 0.165307 24.7961 -0.597539 0.114881 24.7229 -0.614808 0.165307 24.7879 -0.618771 0.1115 24.7367 -0.575089 0.169509 24.6617 -0.521129 0.208091 24.6343 -0.622784 0.201072 24.7367 -0.575089 0.169509 24.6343 -0.622784 0.201072 24.7229 -0.614808 0.165307 24.6617 -0.521129 0.208091 24.5549 -0.47477 0.221677 24.5279 -0.592758 0.220948 24.6617 -0.521129 0.208091 24.5279 -0.592758 0.220948 24.6343 -0.622784 0.201072 24.3867 -0.433425 0.196692 24.3077 -0.425257 0.173469 24.3588 -0.493109 0.197632 24.5549 -0.47477 0.221677 24.461 -0.447722 0.212813 24.4247 -0.546574 0.215136 24.5549 -0.47477 0.221677 24.4247 -0.546574 0.215136 24.5279 -0.592758 0.220948 24.8462 -0.599067 0.0117101 24.7961 -0.597539 0.114881 24.7879 -0.618771 0.1115 24.8462 -0.599067 0.0117101 24.7879 -0.618771 0.1115 24.8372 -0.617097 0.00687133 24.5562 -0.968131 0.232822 24.5197 -1.0428 0.215116 24.575 -1.08949 0.216149 24.5562 -0.968131 0.232822 24.575 -1.08949 0.216149 24.6506 -1.03494 0.235373 24.8112 -0.655804 0.125262 24.7703 -0.712412 0.18526 24.8085 -0.7384 0.180646 24.8112 -0.655804 0.125262 24.8085 -0.7384 0.180646 24.8313 -0.670639 0.12155 24.7703 -0.712412 0.18526 24.6916 -0.77639 0.227636 24.7915 -0.834614 0.219927 24.7703 -0.712412 0.18526 24.7915 -0.834614 0.219927 24.8085 -0.7384 0.180646 24.6916 -0.77639 0.227636 24.6118 -0.876309 0.242557 24.7291 -0.93879 0.241757 24.6916 -0.77639 0.227636 24.7291 -0.93879 0.241757 24.7915 -0.834614 0.219927 24.5197 -1.0428 0.215116 24.4884 -1.1242 0.18961 24.575 -1.08949 0.216149 24.6118 -0.876309 0.242557 24.5562 -0.968131 0.232822 24.6506 -1.03494 0.235373 24.6118 -0.876309 0.242557 24.6506 -1.03494 0.235373 24.7291 -0.93879 0.241757 24.8271 -0.603131 0.0119483 24.8112 -0.655804 0.125262 24.8313 -0.670639 0.12155 24.8271 -0.603131 0.0119483 24.8313 -0.670639 0.12155 24.8437 -0.6179 0.00663313 24.9868 -0.843421 0.178652 24.9147 -0.893571 0.175856 24.9805 -0.984897 0.17118 24.9868 -0.843421 0.178652 24.9805 -0.984897 0.17118 25.0403 -0.933324 0.175338 24.8458 -0.606856 0.00989416 24.8292 -0.616939 0.00898665 24.8381 -0.70008 0.103337 24.8458 -0.606856 0.00989416 24.8381 -0.70008 0.103337 24.8662 -0.680882 0.103434 24.8662 -0.680882 0.103434 24.8381 -0.70008 0.103337 24.8626 -0.792985 0.153228 24.8662 -0.680882 0.103434 24.8626 -0.792985 0.153228 24.9288 -0.753864 0.156768 24.9288 -0.753864 0.156768 24.8626 -0.792985 0.153228 24.9147 -0.893571 0.175856 24.9288 -0.753864 0.156768 24.9147 -0.893571 0.175856 24.9868 -0.843421 0.178652 25.0403 -0.933324 0.175338 24.9805 -0.984897 0.17118 25.0638 -1.03084 0.155451 24.6348 -0.446049 0.193921 24.6879 -0.376039 0.191807 24.5971 -0.309344 0.193485 24.6348 -0.446049 0.193921 24.5971 -0.309344 0.193485 24.5562 -0.376962 0.196568 24.8347 -0.620586 0.00976142 24.8473 -0.605852 0.00893769 24.8171 -0.533387 0.10759 24.8347 -0.620586 0.00976142 24.8171 -0.533387 0.10759 24.7963 -0.560305 0.107441 24.7963 -0.560305 0.107441 24.8171 -0.533387 0.10759 24.7673 -0.454661 0.162755 24.7963 -0.560305 0.107441 24.7673 -0.454661 0.162755 24.7166 -0.512387 0.166018 24.7166 -0.512387 0.166018 24.7673 -0.454661 0.162755 24.6879 -0.376039 0.191807 24.7166 -0.512387 0.166018 24.6879 -0.376039 0.191807 24.6348 -0.446049 0.193921 24.5562 -0.376962 0.196568 24.5971 -0.309344 0.193485 24.5031 -0.290739 0.182279 25.4337 -0.736175 0.307032 25.5443 -0.734316 0.283449 25.5663 -0.64048 0.284823 25.4337 -0.736175 0.307032 25.5663 -0.64048 0.284823 25.4559 -0.583742 0.310431 24.9088 -0.622389 0.163762 25.0007 -0.63666 0.24368 25.0085 -0.575656 0.237534 24.9088 -0.622389 0.163762 25.0085 -0.575656 0.237534 24.9142 -0.589512 0.158818 25.0007 -0.63666 0.24368 25.1242 -0.691394 0.300125 25.1329 -0.537613 0.289856 25.0007 -0.63666 0.24368 25.1329 -0.537613 0.289856 25.0085 -0.575656 0.237534 25.1242 -0.691394 0.300125 25.2911 -0.725676 0.32 25.2943 -0.54863 0.318934 25.1242 -0.691394 0.300125 25.2943 -0.54863 0.318934 25.1329 -0.537613 0.289856 25.5443 -0.734316 0.283449 25.6599 -0.72227 0.249474 25.5663 -0.64048 0.284823 25.2911 -0.725676 0.32 25.4337 -0.736175 0.307032 25.4559 -0.583742 0.310431 25.2911 -0.725676 0.32 25.4559 -0.583742 0.310431 25.2943 -0.54863 0.318934 24.8366 -0.635257 0.0128304 24.9088 -0.622389 0.163762 24.9142 -0.589512 0.158818 24.8366 -0.635257 0.0128304 24.9142 -0.589512 0.158818 24.8442 -0.606722 0.00575105 24.5231 -0.864503 0.26811 24.4007 -0.765587 0.214363 24.3003 -0.894869 0.244958 24.5231 -0.864503 0.26811 24.3003 -0.894869 0.244958 24.3984 -0.971441 0.28239 24.7273 -0.621089 0.0522819 24.713 -0.610811 0.0447148 24.6734 -0.624279 0.0731811 24.7273 -0.621089 0.0522819 24.6734 -0.624279 0.0731811 24.6942 -0.639796 0.0846672 24.6942 -0.639796 0.0846672 24.6734 -0.624279 0.0731811 24.5119 -0.679162 0.157785 24.6942 -0.639796 0.0846672 24.5119 -0.679162 0.157785 24.6127 -0.755642 0.206075 24.6127 -0.755642 0.206075 24.5119 -0.679162 0.157785 24.4007 -0.765587 0.214363 24.6127 -0.755642 0.206075 24.4007 -0.765587 0.214363 24.5231 -0.864503 0.26811 24.3984 -0.971441 0.28239 24.3003 -0.894869 0.244958 24.2718 -1.04172 0.252843 24.7693 -0.603239 0.0153053 24.7799 -0.613898 0.0247138 24.8551 -0.631316 0.0184788 24.7693 -0.603239 0.0153053 24.8551 -0.631316 0.0184788 24.8217 -0.606703 0 24.713 -0.610811 0.0447148 24.7273 -0.621089 0.0522819 24.7799 -0.613898 0.0247138 24.713 -0.610811 0.0447148 24.7799 -0.613898 0.0247138 24.7693 -0.603239 0.0153053 24.9346 -0.217893 0.305592 25.0686 -0.248664 0.307009 25.1055 -0.080567 0.31951 24.9346 -0.217893 0.305592 25.1055 -0.080567 0.31951 24.9827 -0.0654223 0.319691 24.8252 -0.611501 0.00929072 24.8544 -0.619982 0.00929072 24.932 -0.528474 0.165381 24.8252 -0.611501 0.00929072 24.932 -0.528474 0.165381 24.8803 -0.516148 0.162981 24.8803 -0.516148 0.162981 24.932 -0.528474 0.165381 25.009 -0.408387 0.255022 24.8803 -0.516148 0.162981 25.009 -0.408387 0.255022 24.894 -0.37326 0.255756 24.894 -0.37326 0.255756 25.009 -0.408387 0.255022 25.0686 -0.248664 0.307009 24.894 -0.37326 0.255756 25.0686 -0.248664 0.307009 24.9346 -0.217893 0.305592 24.9827 -0.0654223 0.319691 25.1055 -0.080567 0.31951 25.0723 0.0632932 0.309546 19.1243 2.20112 0.15501 19.1553 2.26535 0.130508 19.1067 2.30728 0.132019 19.1243 2.20112 0.15501 19.1067 2.30728 0.132019 19.0412 2.26136 0.159329 18.8893 1.91895 0.105659 18.9304 1.97339 0.150696 18.8964 1.99639 0.147552 18.8893 1.91895 0.105659 18.8964 1.99639 0.147552 18.8713 1.93197 0.102786 18.9304 1.97339 0.150696 19.0036 2.03255 0.176626 18.9148 2.08443 0.173037 18.9304 1.97339 0.150696 18.9148 2.08443 0.173037 18.8964 1.99639 0.147552 19.0036 2.03255 0.176626 19.0756 2.12128 0.175392 18.972 2.17765 0.178924 19.0036 2.03255 0.176626 18.972 2.17765 0.178924 18.9148 2.08443 0.173037 19.1553 2.26535 0.130508 19.1812 2.33496 0.0989992 19.1067 2.30728 0.132019 19.0756 2.12128 0.175392 19.1243 2.20112 0.15501 19.0412 2.26136 0.159329 19.0756 2.12128 0.175392 19.0412 2.26136 0.159329 18.972 2.17765 0.178924 18.866 1.86346 0.0113881 18.8893 1.91895 0.105659 18.8713 1.93197 0.102786 18.866 1.86346 0.0113881 18.8713 1.93197 0.102786 18.851 1.87626 0.0068215 19.122 1.93647 0.174429 19.1398 1.85066 0.180923 19.2497 1.87469 0.174284 19.122 1.93647 0.174429 19.2497 1.87469 0.174284 19.2257 1.94994 0.170258 18.85 1.88183 0.00897252 18.8528 1.86263 0.0101352 18.9322 1.84838 0.107019 18.85 1.88183 0.00897252 18.9322 1.84838 0.107019 18.9256 1.88159 0.103517 18.9256 1.88159 0.103517 18.9322 1.84838 0.107019 19.027 1.83987 0.158664 18.9256 1.88159 0.103517 19.027 1.83987 0.158664 19.017 1.91602 0.154 19.017 1.91602 0.154 19.027 1.83987 0.158664 19.1398 1.85066 0.180923 19.017 1.91602 0.154 19.1398 1.85066 0.180923 19.122 1.93647 0.174429 19.2257 1.94994 0.170258 19.2497 1.87469 0.174284 19.3248 1.93128 0.152835 18.9276 1.49275 0.199342 18.9559 1.42803 0.184288 19.0166 1.43817 0.185165 18.9276 1.49275 0.199342 19.0166 1.43817 0.185165 19.0228 1.51718 0.20151 18.8654 1.82986 0.107891 18.8796 1.77223 0.158903 18.9174 1.78267 0.15498 18.8654 1.82986 0.107891 18.9174 1.78267 0.15498 18.8861 1.83476 0.104735 18.8796 1.77223 0.158903 18.8778 1.68601 0.194932 18.9705 1.71874 0.188377 18.8796 1.77223 0.158903 18.9705 1.71874 0.188377 18.9174 1.78267 0.15498 18.8778 1.68601 0.194932 18.8986 1.57932 0.207619 19.0037 1.621 0.206938 18.8778 1.68601 0.194932 19.0037 1.621 0.206938 18.9705 1.71874 0.188377 18.9559 1.42803 0.184288 18.9914 1.36293 0.162602 19.0166 1.43817 0.185165 18.8986 1.57932 0.207619 18.9276 1.49275 0.199342 19.0228 1.51718 0.20151 18.8986 1.57932 0.207619 19.0228 1.51718 0.20151 19.0037 1.621 0.206938 18.8401 1.86921 0.0115501 18.8654 1.82986 0.107891 18.8861 1.83476 0.104735 18.8401 1.86921 0.0115501 18.8861 1.83476 0.104735 18.8587 1.87179 0.00703136 18.6003 2.19954 0.212813 18.5419 2.2477 0.196692 18.4888 2.2087 0.197632 18.6003 2.19954 0.212813 18.4888 2.2087 0.197632 18.521 2.13018 0.215136 18.8225 1.90739 0.114881 18.7811 1.9556 0.169509 18.75 1.92735 0.165307 18.8225 1.90739 0.114881 18.75 1.92735 0.165307 18.8051 1.89271 0.1115 18.7811 1.9556 0.169509 18.7412 2.03889 0.208091 18.6684 1.96282 0.201072 18.7811 1.9556 0.169509 18.6684 1.96282 0.201072 18.75 1.92735 0.165307 18.7412 2.03889 0.208091 18.6697 2.13077 0.221677 18.5895 2.04018 0.220948 18.7412 2.03889 0.208091 18.5895 2.04018 0.220948 18.6684 1.96282 0.201072 18.5419 2.2477 0.196692 18.4765 2.29275 0.173469 18.4888 2.2087 0.197632 18.6697 2.13077 0.221677 18.6003 2.19954 0.212813 18.521 2.13018 0.215136 18.6697 2.13077 0.221677 18.521 2.13018 0.215136 18.5895 2.04018 0.220948 18.8658 1.88203 0.0117101 18.8225 1.90739 0.114881 18.8051 1.89271 0.1115 18.8658 1.88203 0.0117101 18.8051 1.89271 0.1115 18.8492 1.87055 0.00687133 18.4343 1.69721 0.232822 18.3665 1.64917 0.215116 18.3926 1.58169 0.216149 18.4343 1.69721 0.232822 18.3926 1.58169 0.216149 18.4851 1.59332 0.235373 18.8078 1.84906 0.125262 18.7448 1.81898 0.18526 18.7658 1.77787 0.180646 18.8078 1.84906 0.125262 18.7658 1.77787 0.180646 18.8183 1.82639 0.12155 18.7448 1.81898 0.18526 18.645 1.80056 0.227636 18.7048 1.70157 0.219927 18.7448 1.81898 0.18526 18.7048 1.70157 0.219927 18.7658 1.77787 0.180646 18.645 1.80056 0.227636 18.5271 1.75113 0.242557 18.6001 1.64004 0.241757 18.645 1.80056 0.227636 18.6001 1.64004 0.241757 18.7048 1.70157 0.219927 18.3665 1.64917 0.215116 18.3 1.59275 0.18961 18.3926 1.58169 0.216149 18.5271 1.75113 0.242557 18.4343 1.69721 0.232822 18.4851 1.59332 0.235373 18.5271 1.75113 0.242557 18.4851 1.59332 0.235373 18.6001 1.64004 0.241757 18.8471 1.88762 0.0119483 18.8078 1.84906 0.125262 18.8183 1.82639 0.12155 18.8471 1.88762 0.0119483 18.8183 1.82639 0.12155 18.8545 1.86674 0.00663313 18.872 1.6002 0.178652 18.7847 1.59076 0.175856 18.7986 1.47907 0.17118 18.872 1.6002 0.178652 18.7986 1.47907 0.17118 18.8758 1.49566 0.175338 18.8616 1.87543 0.00989416 18.8422 1.87453 0.00898665 18.8102 1.79729 0.103337 18.8616 1.87543 0.00989416 18.8102 1.79729 0.103337 18.8441 1.80067 0.103434 18.8441 1.80067 0.103434 18.8102 1.79729 0.103337 18.7872 1.70401 0.153228 18.8441 1.80067 0.103434 18.7872 1.70401 0.153228 18.864 1.70662 0.156768 18.864 1.70662 0.156768 18.7872 1.70401 0.153228 18.7847 1.59076 0.175856 18.864 1.70662 0.156768 18.7847 1.59076 0.175856 18.872 1.6002 0.178652 18.8758 1.49566 0.175338 18.7986 1.47907 0.17118 18.8497 1.3988 0.155451 18.7536 2.11769 0.193921 18.8337 2.15369 0.191807 18.786 2.25575 0.193485 18.7536 2.11769 0.193921 18.786 2.25575 0.193485 18.7177 2.216 0.196568 18.8453 1.86869 0.00976142 18.8635 1.87556 0.00893769 18.8717 1.95362 0.10759 18.8453 1.86869 0.00976142 18.8717 1.95362 0.10759 18.8405 1.93999 0.107441 18.8405 1.93999 0.107441 18.8717 1.95362 0.10759 18.8658 2.04659 0.162755 18.8405 1.93999 0.107441 18.8658 2.04659 0.162755 18.7935 2.02027 0.166018 18.7935 2.02027 0.166018 18.8658 2.04659 0.162755 18.8337 2.15369 0.191807 18.7935 2.02027 0.166018 18.8337 2.15369 0.191807 18.7536 2.11769 0.193921 18.7177 2.216 0.196568 18.786 2.25575 0.193485 18.7125 2.31712 0.182279 19.3156 1.48008 0.307032 19.4136 1.42866 0.283449 19.4779 1.50046 0.284823 19.3156 1.48008 0.307032 19.4779 1.50046 0.284823 19.4081 1.6032 0.310431 18.9095 1.83156 0.163762 18.9833 1.77499 0.24368 19.0194 1.8248 0.237534 18.9095 1.83156 0.163762 19.0194 1.8248 0.237534 18.93 1.85781 0.158818 18.9833 1.77499 0.24368 19.0655 1.66773 0.300125 19.1468 1.79852 0.289856 18.9833 1.77499 0.24368 19.1468 1.79852 0.289856 19.0194 1.8248 0.237534 19.0655 1.66773 0.300125 19.1954 1.55767 0.32 19.2831 1.7115 0.318934 19.0655 1.66773 0.300125 19.2831 1.7115 0.318934 19.1468 1.79852 0.289856 19.4136 1.42866 0.283449 19.5208 1.38383 0.249474 19.4779 1.50046 0.284823 19.1954 1.55767 0.32 19.3156 1.48008 0.307032 19.4081 1.6032 0.310431 19.1954 1.55767 0.32 19.4081 1.6032 0.310431 19.2831 1.7115 0.318934 18.84 1.85488 0.0128304 18.9095 1.83156 0.163762 18.93 1.85781 0.158818 18.84 1.85488 0.0128304 18.93 1.85781 0.158818 18.8603 1.87631 0.00575105 18.4549 1.80404 0.26811 18.3949 1.9495 0.214363 18.2449 1.88417 0.244958 18.4549 1.80404 0.26811 18.2449 1.88417 0.244958 18.2942 1.76995 0.28239 18.7508 1.91974 0.0522819 18.7432 1.93563 0.0447148 18.702 1.94277 0.0731811 18.7508 1.91974 0.0522819 18.702 1.94277 0.0731811 18.7128 1.91918 0.0846672 18.7128 1.91918 0.0846672 18.702 1.94277 0.0731811 18.534 1.97204 0.157785 18.7128 1.91918 0.0846672 18.534 1.97204 0.157785 18.5858 1.85659 0.206075 18.5858 1.85659 0.206075 18.534 1.97204 0.157785 18.3949 1.9495 0.214363 18.5858 1.85659 0.206075 18.3949 1.9495 0.214363 18.4549 1.80404 0.26811 18.2942 1.76995 0.28239 18.2449 1.88417 0.244958 18.1494 1.76898 0.252843 18.7962 1.91528 0.0153053 18.8004 1.90084 0.0247138 18.8581 1.84949 0.0184788 18.7962 1.91528 0.0153053 18.8581 1.84949 0.0184788 18.8406 1.8871 0 18.7432 1.93563 0.0447148 18.7508 1.91974 0.0522819 18.8004 1.90084 0.0247138 18.7432 1.93563 0.0447148 18.8004 1.90084 0.0247138 18.7962 1.91528 0.0153053 19.1261 2.17416 0.305592 19.2289 2.08295 0.307009 19.3419 2.21278 0.31951 19.1261 2.17416 0.305592 19.3419 2.21278 0.31951 19.2414 2.28492 0.319691 18.8414 1.8812 0.00929072 18.8629 1.85979 0.00929072 18.9749 1.90286 0.165381 18.8414 1.8812 0.00929072 18.9749 1.90286 0.165381 18.9354 1.93846 0.162981 18.9354 1.93846 0.162981 18.9749 1.90286 0.165381 19.1 1.97135 0.255022 18.9354 1.93846 0.162981 19.1 1.97135 0.255022 19.0159 2.05731 0.255756 19.0159 2.05731 0.255756 19.1 1.97135 0.255022 19.2289 2.08295 0.307009 19.0159 2.05731 0.255756 19.2289 2.08295 0.307009 19.1261 2.17416 0.305592 19.2414 2.28492 0.319691 19.3419 2.21278 0.31951 19.3817 2.35493 0.309546 13.3288 4.45569 0.15501 13.3868 4.49716 0.130508 13.3642 4.55729 0.132019 13.3288 4.45569 0.15501 13.3642 4.55729 0.132019 13.2848 4.54838 0.159329 12.9873 4.3207 0.105659 13.0495 4.34878 0.150696 13.0306 4.38528 0.147552 12.9873 4.3207 0.105659 13.0306 4.38528 0.147552 12.9777 4.34079 0.102786 13.0495 4.34878 0.150696 13.142 4.36563 0.176626 13.089 4.45372 0.173037 13.0495 4.34878 0.150696 13.089 4.45372 0.173037 13.0306 4.38528 0.147552 13.142 4.36563 0.176626 13.2478 4.40896 0.175392 13.1839 4.50812 0.178924 13.142 4.36563 0.176626 13.1839 4.50812 0.178924 13.089 4.45372 0.173037 13.3868 4.49716 0.130508 13.4429 4.54584 0.0989992 13.3642 4.55729 0.132019 13.2478 4.40896 0.175392 13.3288 4.45569 0.15501 13.2848 4.54838 0.159329 13.2478 4.40896 0.175392 13.2848 4.54838 0.159329 13.1839 4.50812 0.178924 12.9402 4.28319 0.0113881 12.9873 4.3207 0.105659 12.9777 4.34079 0.102786 12.9402 4.28319 0.0113881 12.9777 4.34079 0.102786 12.9332 4.30161 0.0068215 13.1999 4.22452 0.174429 13.1744 4.14068 0.180923 13.2823 4.10911 0.174284 13.1999 4.22452 0.174429 13.2823 4.10911 0.174284 13.2974 4.18662 0.170258 12.935 4.30696 0.00897252 12.9283 4.28879 0.0101352 12.9911 4.23822 0.107019 12.935 4.30696 0.00897252 12.9911 4.23822 0.107019 13.0012 4.27053 0.103517 13.0012 4.27053 0.103517 12.9911 4.23822 0.107019 13.0702 4.18531 0.158664 13.0012 4.27053 0.103517 13.0702 4.18531 0.158664 13.0979 4.25692 0.154 13.0979 4.25692 0.154 13.0702 4.18531 0.158664 13.1744 4.14068 0.180923 13.0979 4.25692 0.154 13.1744 4.14068 0.180923 13.1999 4.22452 0.174429 13.2974 4.18662 0.170258 13.2823 4.10911 0.174284 13.3754 4.12277 0.152835 12.8165 3.92835 0.199342 12.8104 3.85797 0.184288 12.8685 3.83777 0.185165 12.8165 3.92835 0.199342 12.8685 3.83777 0.185165 12.9118 3.90412 0.20151 12.9236 4.25399 0.107891 12.9084 4.1966 0.158903 12.9467 4.18762 0.15498 12.9236 4.25399 0.107891 12.9467 4.18762 0.15498 12.9441 4.24837 0.104735 12.9084 4.1966 0.158903 12.8655 4.12182 0.194932 12.9626 4.10609 0.188377 12.9084 4.1966 0.158903 12.9626 4.10609 0.188377 12.9467 4.18762 0.15498 12.8655 4.12182 0.194932 12.8327 4.01818 0.207619 12.9449 4.0044 0.206938 12.8655 4.12182 0.194932 12.9449 4.0044 0.206938 12.9626 4.10609 0.188377 12.8104 3.85797 0.184288 12.8104 3.7838 0.162602 12.8685 3.83777 0.185165 12.8327 4.01818 0.207619 12.8165 3.92835 0.199342 12.9118 3.90412 0.20151 12.8327 4.01818 0.207619 12.9118 3.90412 0.20151 12.9449 4.0044 0.206938 12.9202 4.30067 0.0115501 12.9236 4.25399 0.107891 12.9441 4.24837 0.104735 12.9202 4.30067 0.0115501 12.9441 4.24837 0.104735 12.9378 4.29399 0.00703136 12.8682 4.70553 0.212813 12.8401 4.77577 0.196692 12.7748 4.76699 0.197632 12.8682 4.70553 0.212813 12.7748 4.76699 0.197632 12.7654 4.68264 0.215136 12.9232 4.34258 0.114881 12.9099 4.40475 0.169509 12.8691 4.39487 0.165307 12.9232 4.34258 0.114881 12.8691 4.39487 0.165307 12.9009 4.33804 0.1115 12.9099 4.40475 0.169509 12.9148 4.49697 0.208091 12.8145 4.46511 0.201072 12.9099 4.40475 0.169509 12.8145 4.46511 0.201072 12.8691 4.39487 0.165307 12.9148 4.49697 0.208091 12.8962 4.61188 0.221677 12.7823 4.57085 0.220948 12.9148 4.49697 0.208091 12.7823 4.57085 0.220948 12.8145 4.46511 0.201072 12.8401 4.77577 0.196692 12.8042 4.84666 0.173469 12.7748 4.76699 0.197632 12.8962 4.61188 0.221677 12.8682 4.70553 0.212813 12.7654 4.68264 0.215136 12.8962 4.61188 0.221677 12.7654 4.68264 0.215136 12.7823 4.57085 0.220948 12.949 4.2996 0.0117101 12.9232 4.34258 0.114881 12.9009 4.33804 0.1115 12.949 4.2996 0.0117101 12.9009 4.33804 0.1115 12.9289 4.29747 0.00687133 12.4817 4.34427 0.232822 12.3991 4.33462 0.215116 12.3897 4.26287 0.216149 12.4817 4.34427 0.232822 12.3897 4.26287 0.216149 12.4765 4.22874 0.235373 12.8823 4.29847 0.125262 12.8125 4.30226 0.18526 12.8113 4.25611 0.180646 12.8823 4.29847 0.125262 12.8113 4.25611 0.180646 12.8807 4.2735 0.12155 12.8125 4.30226 0.18526 12.7162 4.33393 0.227636 12.7212 4.2184 0.219927 12.8125 4.30226 0.18526 12.7212 4.2184 0.219927 12.8113 4.25611 0.180646 12.7162 4.33393 0.227636 12.589 4.34708 0.242557 12.5998 4.21458 0.241757 12.7162 4.33393 0.227636 12.5998 4.21458 0.241757 12.7212 4.2184 0.219927 12.3991 4.33462 0.215116 12.3137 4.31699 0.18961 12.3897 4.26287 0.216149 12.589 4.34708 0.242557 12.4817 4.34427 0.232822 12.4765 4.22874 0.235373 12.589 4.34708 0.242557 12.4765 4.22874 0.235373 12.5998 4.21458 0.241757 12.9352 4.31347 0.0119483 12.8823 4.29847 0.125262 12.8807 4.2735 0.12155 12.9352 4.31347 0.0119483 12.8807 4.2735 0.12155 12.9317 4.29159 0.00663313 12.8193 4.04929 0.178652 12.7381 4.08287 0.175856 12.6968 3.97816 0.17118 12.8193 4.04929 0.178652 12.6968 3.97816 0.17118 12.7725 3.95571 0.175338 12.9421 4.29579 0.00989416 12.9247 4.3043 0.00898665 12.8595 4.25188 0.103337 12.9421 4.29579 0.00989416 12.8595 4.25188 0.103337 12.8909 4.2386 0.103434 12.8909 4.2386 0.103434 12.8595 4.25188 0.103337 12.7946 4.18105 0.153228 12.8909 4.2386 0.103434 12.7946 4.18105 0.153228 12.8633 4.14652 0.156768 12.8633 4.14652 0.156768 12.7946 4.18105 0.153228 12.7381 4.08287 0.175856 12.8633 4.14652 0.156768 12.7381 4.08287 0.175856 12.8193 4.04929 0.178652 12.7725 3.95571 0.175338 12.6968 3.97816 0.17118 12.7032 3.88322 0.155451 12.9635 4.5602 0.193921 13.051 4.55338 0.191807 13.0581 4.6658 0.193485 12.9635 4.5602 0.193921 13.0581 4.6658 0.193485 12.9791 4.66365 0.196568 12.9246 4.2977 0.00976142 12.9438 4.29503 0.00893769 12.9885 4.35957 0.10759 12.9246 4.2977 0.00976142 12.9885 4.35957 0.10759 12.9546 4.36256 0.107441 12.9546 4.36256 0.107441 12.9885 4.35957 0.10759 13.0278 4.44402 0.162755 12.9546 4.36256 0.107441 13.0278 4.44402 0.162755 12.9518 4.45555 0.166018 12.9518 4.45555 0.166018 13.0278 4.44402 0.162755 13.051 4.55338 0.191807 12.9518 4.45555 0.166018 13.051 4.55338 0.191807 12.9635 4.5602 0.193921 12.9791 4.66365 0.196568 13.0581 4.6658 0.193485 13.023 4.75492 0.182279 13.151 3.73121 0.307032 13.2123 3.6391 0.283449 13.3032 3.67128 0.284823 13.151 3.73121 0.307032 13.3032 3.67128 0.284823 13.2912 3.79488 0.310431 12.9631 4.23434 0.163762 13.0008 4.1493 0.24368 13.0563 4.17572 0.237534 12.9631 4.23434 0.163762 13.0563 4.17572 0.237534 12.9937 4.24753 0.158818 13.0008 4.1493 0.24368 13.0215 4.01579 0.300125 13.1556 4.09156 0.289856 13.0008 4.1493 0.24368 13.1556 4.09156 0.289856 13.0563 4.17572 0.237534 13.0215 4.01579 0.300125 13.0828 3.85689 0.32 13.2335 3.94984 0.318934 13.0215 4.01579 0.300125 13.2335 3.94984 0.318934 13.1556 4.09156 0.289856 13.2123 3.6391 0.283449 13.2849 3.54836 0.249474 13.3032 3.67128 0.284823 13.0828 3.85689 0.32 13.151 3.73121 0.307032 13.2912 3.79488 0.310431 13.0828 3.85689 0.32 13.2912 3.79488 0.310431 13.2335 3.94984 0.318934 12.9133 4.28813 0.0128304 12.9631 4.23434 0.163762 12.9937 4.24753 0.158818 12.9133 4.28813 0.0128304 12.9937 4.24753 0.158818 12.9414 4.2972 0.00575105 12.551 4.42814 0.26811 12.5681 4.58453 0.214363 12.4051 4.59915 0.244958 12.551 4.42814 0.26811 12.4051 4.59915 0.244958 12.3936 4.47525 0.28239 12.8662 4.38779 0.0522819 12.8671 4.40541 0.0447148 12.8344 4.4314 0.0731811 12.8662 4.38779 0.0522819 12.8344 4.4314 0.0731811 12.8325 4.40552 0.0846672 12.8325 4.40552 0.0846672 12.8344 4.4314 0.0731811 12.7009 4.53766 0.157785 12.8325 4.40552 0.0846672 12.7009 4.53766 0.157785 12.691 4.41152 0.206075 12.691 4.41152 0.206075 12.7009 4.53766 0.157785 12.5681 4.58453 0.214363 12.691 4.41152 0.206075 12.5681 4.58453 0.214363 12.551 4.42814 0.26811 12.3936 4.47525 0.28239 12.4051 4.59915 0.244958 12.2661 4.54383 0.252843 12.9038 4.36213 0.0153053 12.9006 4.34744 0.0247138 12.9266 4.27473 0.0184788 12.9038 4.36213 0.0153053 12.9266 4.27473 0.0184788 12.9293 4.31613 0 12.8671 4.40541 0.0447148 12.8662 4.38779 0.0522819 12.9006 4.34744 0.0247138 12.8671 4.40541 0.0447148 12.9006 4.34744 0.0247138 12.9038 4.36213 0.0153053 13.3175 4.43116 0.305592 13.3639 4.30183 0.307009 13.5253 4.36161 0.31951 13.3175 4.43116 0.305592 13.5253 4.36161 0.31951 13.4717 4.47309 0.319691 12.9271 4.31057 0.00929072 12.9357 4.28147 0.00929072 13.0547 4.26555 0.165381 12.9271 4.31057 0.00929072 13.0547 4.26555 0.165381 13.0371 4.31571 0.162981 13.0371 4.31571 0.162981 13.0547 4.26555 0.165381 13.1973 4.26568 0.255022 13.0371 4.31571 0.162981 13.1973 4.26568 0.255022 13.1648 4.38143 0.255756 13.1648 4.38143 0.255756 13.1973 4.26568 0.255022 13.3639 4.30183 0.307009 13.1648 4.38143 0.255756 13.3639 4.30183 0.307009 13.3175 4.43116 0.305592 13.4717 4.47309 0.319691 13.5253 4.36161 0.31951 13.6285 4.46725 0.309546 27.3482 -4.14583 0.15501 27.419 -4.13726 0.130508 27.428 -4.07366 0.132019 27.3482 -4.14583 0.15501 27.428 -4.07366 0.132019 27.354 -4.04338 0.159329 26.9838 -4.10058 0.105659 27.0518 -4.10573 0.150696 27.0528 -4.06467 0.147552 26.9838 -4.10058 0.105659 27.0528 -4.06467 0.147552 26.985 -4.07834 0.102786 27.0518 -4.10573 0.150696 27.1411 -4.13533 0.176626 27.1368 -4.03259 0.173037 27.0518 -4.10573 0.150696 27.1368 -4.03259 0.173037 27.0528 -4.06467 0.147552 27.1411 -4.13533 0.176626 27.2547 -4.14801 0.175392 27.2462 -4.03034 0.178924 27.1411 -4.13533 0.176626 27.2462 -4.03034 0.178924 27.1368 -4.03259 0.173037 27.419 -4.13726 0.130508 27.4916 -4.12145 0.0989992 27.428 -4.07366 0.132019 27.2547 -4.14801 0.175392 27.3482 -4.14583 0.15501 27.354 -4.04338 0.159329 27.2547 -4.14801 0.175392 27.354 -4.04338 0.159329 27.2462 -4.03034 0.178924 26.9245 -4.11093 0.0113881 26.9838 -4.10058 0.105659 26.985 -4.07834 0.102786 26.9245 -4.11093 0.0113881 26.985 -4.07834 0.102786 26.9272 -4.09141 0.0068215 27.1243 -4.28692 0.174429 27.0617 -4.34825 0.180923 27.1413 -4.42771 0.174284 27.1243 -4.28692 0.174429 27.1413 -4.42771 0.174284 27.1917 -4.36691 0.170258 26.9314 -4.08758 0.00897252 26.9167 -4.10028 0.0101352 26.9476 -4.17478 0.107019 26.9314 -4.08758 0.00897252 26.9476 -4.17478 0.107019 26.972 -4.15128 0.103517 26.972 -4.15128 0.103517 26.9476 -4.17478 0.107019 26.9916 -4.25914 0.158664 26.972 -4.15128 0.103517 26.9916 -4.25914 0.158664 27.0503 -4.20959 0.154 27.0503 -4.20959 0.154 26.9916 -4.25914 0.158664 27.0617 -4.34825 0.180923 27.0503 -4.20959 0.154 27.0617 -4.34825 0.180923 27.1243 -4.28692 0.174429 27.1917 -4.36691 0.170258 27.1413 -4.42771 0.174284 27.2295 -4.46032 0.152835 26.6458 -4.36303 0.199342 26.6067 -4.42184 0.184288 26.648 -4.46742 0.185165 26.6458 -4.36303 0.199342 26.648 -4.46742 0.185165 26.7179 -4.42997 0.20151 26.8959 -4.12858 0.107891 26.8551 -4.17167 0.158903 26.8843 -4.19788 0.15498 26.8959 -4.12858 0.107891 26.8843 -4.19788 0.15498 26.9112 -4.14335 0.104735 26.8551 -4.17167 0.158903 26.7816 -4.21672 0.194932 26.8592 -4.27704 0.188377 26.8551 -4.17167 0.158903 26.8592 -4.27704 0.188377 26.8843 -4.19788 0.15498 26.7816 -4.21672 0.194932 26.7031 -4.29192 0.207619 26.7949 -4.35781 0.206938 26.7816 -4.21672 0.194932 26.7949 -4.35781 0.206938 26.8592 -4.27704 0.188377 26.6067 -4.42184 0.184288 26.5711 -4.48691 0.162602 26.648 -4.46742 0.185165 26.7031 -4.29192 0.207619 26.6458 -4.36303 0.199342 26.7179 -4.42997 0.20151 26.7031 -4.29192 0.207619 26.7179 -4.42997 0.20151 26.7949 -4.35781 0.206938 26.9153 -4.08599 0.0115501 26.8959 -4.12858 0.107891 26.9112 -4.14335 0.104735 26.9153 -4.08599 0.0115501 26.9112 -4.14335 0.104735 26.9276 -4.1003 0.00703136 27.0637 -3.70574 0.212813 27.0728 -3.63062 0.196692 27.0112 -3.60702 0.197632 27.0637 -3.70574 0.212813 27.0112 -3.60702 0.197632 26.9626 -3.67655 0.215136 26.938 -4.05063 0.114881 26.9562 -3.98972 0.169509 26.9156 -3.9788 0.165307 26.938 -4.05063 0.114881 26.9156 -3.9788 0.165307 26.9163 -4.04391 0.1115 26.9562 -3.98972 0.169509 27.0047 -3.91115 0.208091 26.9014 -3.891 0.201072 26.9562 -3.98972 0.169509 26.9014 -3.891 0.201072 26.9156 -3.9788 0.165307 27.0047 -3.91115 0.208091 27.0434 -3.80135 0.221677 26.9238 -3.78275 0.220948 27.0047 -3.91115 0.208091 26.9238 -3.78275 0.220948 26.9014 -3.891 0.201072 27.0728 -3.63062 0.196692 27.0753 -3.55124 0.173469 27.0112 -3.60702 0.197632 27.0434 -3.80135 0.221677 27.0637 -3.70574 0.212813 26.9626 -3.67655 0.215136 27.0434 -3.80135 0.221677 26.9626 -3.67655 0.215136 26.9238 -3.78275 0.220948 26.94 -4.10071 0.0117101 26.938 -4.05063 0.114881 26.9163 -4.04391 0.1115 26.94 -4.10071 0.0117101 26.9163 -4.04391 0.1115 26.9214 -4.09296 0.00687133 26.5514 -3.83748 0.232822 26.4743 -3.80638 0.215116 26.4317 -3.86482 0.216149 26.5514 -3.83748 0.232822 26.4317 -3.86482 0.216149 26.4914 -3.93637 0.235373 26.881 -4.06972 0.125262 26.8216 -4.03297 0.18526 26.7984 -4.07287 0.180646 26.881 -4.06972 0.125262 26.7984 -4.07287 0.180646 26.8676 -4.09087 0.12155 26.8216 -4.03297 0.18526 26.7522 -3.95898 0.227636 26.7012 -4.06276 0.219927 26.8216 -4.03297 0.18526 26.7012 -4.06276 0.219927 26.7984 -4.07287 0.180646 26.7522 -3.95898 0.227636 26.6469 -3.88647 0.242557 26.5929 -4.00793 0.241757 26.7522 -3.95898 0.227636 26.5929 -4.00793 0.241757 26.7012 -4.06276 0.219927 26.4743 -3.80638 0.215116 26.3909 -3.7809 0.18961 26.4317 -3.86482 0.216149 26.6469 -3.88647 0.242557 26.5514 -3.83748 0.232822 26.4914 -3.93637 0.235373 26.6469 -3.88647 0.242557 26.4914 -3.93637 0.235373 26.5929 -4.00793 0.241757 26.9346 -4.08195 0.0119483 26.881 -4.06972 0.125262 26.8676 -4.09087 0.12155 26.9346 -4.08195 0.0119483 26.8676 -4.09087 0.12155 26.9211 -4.09947 0.00663313 26.7062 -4.2582 0.178652 26.6511 -4.18983 0.175856 26.5647 -4.26192 0.17118 26.7062 -4.2582 0.178652 26.5647 -4.26192 0.17118 26.6203 -4.31791 0.175338 26.9322 -4.10079 0.00989416 26.921 -4.08496 0.00898665 26.8387 -4.09972 0.103337 26.9322 -4.10079 0.00989416 26.8387 -4.09972 0.103337 26.8598 -4.1264 0.103434 26.8598 -4.1264 0.103434 26.8387 -4.09972 0.103337 26.7478 -4.13075 0.153228 26.8598 -4.1264 0.103434 26.7478 -4.13075 0.153228 26.7915 -4.19398 0.156768 26.7915 -4.19398 0.156768 26.7478 -4.13075 0.153228 26.6511 -4.18983 0.175856 26.7915 -4.19398 0.156768 26.6511 -4.18983 0.175856 26.7062 -4.2582 0.178652 26.6203 -4.31791 0.175338 26.5647 -4.26192 0.17118 26.5247 -4.34829 0.155451 27.0777 -3.87896 0.193921 27.1513 -3.92694 0.191807 27.2114 -3.83167 0.193485 27.0777 -3.87896 0.193921 27.2114 -3.83167 0.193485 27.1411 -3.79569 0.196568 26.9177 -4.0907 0.00976142 26.9333 -4.10226 0.00893769 27.0035 -4.06704 0.10759 26.9177 -4.0907 0.00976142 27.0035 -4.06704 0.10759 26.9752 -4.04816 0.107441 26.9752 -4.04816 0.107441 27.0035 -4.06704 0.10759 27.0785 -4.01179 0.162755 26.9752 -4.04816 0.107441 27.0785 -4.01179 0.162755 27.0173 -3.96523 0.166018 27.0173 -3.96523 0.166018 27.0785 -4.01179 0.162755 27.1513 -3.92694 0.191807 27.0173 -3.96523 0.166018 27.1513 -3.92694 0.191807 27.0777 -3.87896 0.193921 27.1411 -3.79569 0.196568 27.2114 -3.83167 0.193485 27.2233 -3.73663 0.182279 26.8448 -4.69636 0.307032 26.8545 -4.80662 0.283449 26.9497 -4.82193 0.284823 26.8448 -4.69636 0.307032 26.9497 -4.82193 0.284823 26.9984 -4.70775 0.310431 26.9212 -4.16478 0.163762 26.9135 -4.25745 0.24368 26.9749 -4.26089 0.237534 26.9212 -4.16478 0.163762 26.9749 -4.26089 0.237534 26.9544 -4.16787 0.158818 26.9135 -4.25745 0.24368 26.8676 -4.38453 0.300125 27.0216 -4.38233 0.289856 26.9135 -4.25745 0.24368 27.0216 -4.38233 0.289856 26.9749 -4.26089 0.237534 26.8676 -4.38453 0.300125 26.8452 -4.55337 0.32 27.022 -4.54405 0.318934 26.8676 -4.38453 0.300125 27.022 -4.54405 0.318934 27.0216 -4.38233 0.289856 26.8545 -4.80662 0.283449 26.8747 -4.92104 0.249474 26.9497 -4.82193 0.284823 26.8452 -4.55337 0.32 26.8448 -4.69636 0.307032 26.9984 -4.70775 0.310431 26.8452 -4.55337 0.32 26.9984 -4.70775 0.310431 27.022 -4.54405 0.318934 26.9033 -4.09369 0.0128304 26.9212 -4.16478 0.163762 26.9544 -4.16787 0.158818 26.9033 -4.09369 0.0128304 26.9544 -4.16787 0.158818 26.9323 -4.09919 0.00575105 26.6524 -3.79711 0.26811 26.7424 -3.66806 0.214363 26.6064 -3.57708 0.244958 26.6524 -3.79711 0.26811 26.6064 -3.57708 0.244958 26.5369 -3.68033 0.28239 26.9097 -3.98361 0.0522819 26.9189 -3.96858 0.0447148 26.9027 -3.9301 0.0731811 26.9097 -3.98361 0.0522819 26.9027 -3.9301 0.0731811 26.8887 -3.95194 0.0846672 26.8887 -3.95194 0.0846672 26.9027 -3.9301 0.0731811 26.8365 -3.77287 0.157785 26.8887 -3.95194 0.0846672 26.8365 -3.77287 0.157785 26.7673 -3.87883 0.206075 26.7673 -3.87883 0.206075 26.8365 -3.77287 0.157785 26.7424 -3.66806 0.214363 26.7673 -3.87883 0.206075 26.7424 -3.66806 0.214363 26.6524 -3.79711 0.26811 26.5369 -3.68033 0.28239 26.6064 -3.57708 0.244958 26.4578 -3.55899 0.252843 26.9304 -4.02421 0.0153053 26.9205 -4.03554 0.0247138 26.9085 -4.11182 0.0184788 26.9304 -4.02421 0.0153053 26.9085 -4.11182 0.0184788 26.9307 -4.07676 0 26.9189 -3.96858 0.0447148 26.9097 -3.98361 0.0522819 26.9205 -4.03554 0.0247138 26.9189 -3.96858 0.0447148 26.9205 -4.03554 0.0247138 26.9304 -4.02421 0.0153053 27.3265 -4.16192 0.305592 27.3053 -4.2977 0.307009 27.4756 -4.32261 0.31951 27.3265 -4.16192 0.305592 27.4756 -4.32261 0.31951 27.482 -4.19909 0.319691 26.9261 -4.08061 0.00929072 26.9197 -4.11028 0.00929072 27.0165 -4.18129 0.165381 26.9261 -4.08061 0.00929072 27.0165 -4.18129 0.165381 27.0252 -4.12885 0.162981 27.0252 -4.12885 0.162981 27.0165 -4.18129 0.165381 27.1417 -4.24956 0.255022 27.0252 -4.12885 0.162981 27.1417 -4.24956 0.255022 27.1687 -4.13236 0.255756 27.1687 -4.13236 0.255756 27.1417 -4.24956 0.255022 27.3053 -4.2977 0.307009 27.1687 -4.13236 0.255756 27.3053 -4.2977 0.307009 27.3265 -4.16192 0.305592 27.482 -4.19909 0.319691 27.4756 -4.32261 0.31951 27.6167 -4.27935 0.309546 21.3548 -1.91815 0.15501 21.421 -1.94459 0.130508 21.4594 -1.89309 0.132019 21.3548 -1.91815 0.15501 21.4594 -1.89309 0.132019 21.409 -1.83103 0.159329 21.0567 -1.70374 0.105659 21.1139 -1.74087 0.150696 21.1344 -1.70529 0.147552 21.0567 -1.70374 0.105659 21.1344 -1.70529 0.147552 21.0684 -1.6848 0.102786 21.1139 -1.74087 0.150696 21.1781 -1.80966 0.176626 21.2236 -1.71743 0.173037 21.1139 -1.74087 0.150696 21.2236 -1.71743 0.173037 21.1344 -1.70529 0.147552 21.1781 -1.80966 0.176626 21.2717 -1.87524 0.175392 21.3206 -1.76787 0.178924 21.1781 -1.80966 0.176626 21.3206 -1.76787 0.178924 21.2236 -1.71743 0.173037 21.421 -1.94459 0.130508 21.4923 -1.9655 0.0989992 21.4594 -1.89309 0.132019 21.2717 -1.87524 0.175392 21.3548 -1.91815 0.15501 21.409 -1.83103 0.159329 21.2717 -1.87524 0.175392 21.409 -1.83103 0.159329 21.3206 -1.76787 0.178924 20.9997 -1.6844 0.0113881 21.0567 -1.70374 0.105659 21.0684 -1.6848 0.102786 20.9997 -1.6844 0.0113881 21.0684 -1.6848 0.102786 21.0114 -1.66855 0.0068215 21.0906 -1.93462 0.174429 21.0063 -1.95843 0.180923 21.038 -2.06632 0.174284 21.0906 -1.93462 0.174429 21.038 -2.06632 0.174284 21.1114 -2.03711 0.170258 21.0169 -1.66719 0.00897252 20.9979 -1.6713 0.0101352 20.9893 -1.7515 0.107019 21.0169 -1.66719 0.00897252 20.9893 -1.7515 0.107019 21.022 -1.74257 0.103517 21.022 -1.74257 0.103517 20.9893 -1.7515 0.107019 20.9875 -1.84664 0.158664 21.022 -1.74257 0.103517 20.9875 -1.84664 0.158664 21.0628 -1.83129 0.154 21.0628 -1.83129 0.154 20.9875 -1.84664 0.158664 21.0063 -1.95843 0.180923 21.0628 -1.83129 0.154 21.0063 -1.95843 0.180923 21.0906 -1.93462 0.174429 21.1114 -2.03711 0.170258 21.038 -2.06632 0.174284 21.0998 -2.13721 0.152835 20.6343 -1.77203 0.199342 20.5717 -1.80487 0.184288 20.5861 -1.86468 0.185165 20.6343 -1.77203 0.199342 20.5861 -1.86468 0.185165 20.6654 -1.86531 0.20151 20.9661 -1.68618 0.107891 20.9097 -1.70443 0.158903 20.9227 -1.74144 0.15498 20.9661 -1.68618 0.107891 20.9227 -1.74144 0.15498 20.9725 -1.70648 0.104735 20.9097 -1.70443 0.158903 20.8235 -1.7087 0.194932 20.8627 -1.79886 0.188377 20.9097 -1.70443 0.158903 20.8627 -1.79886 0.188377 20.9227 -1.74144 0.15498 20.8235 -1.7087 0.194932 20.7186 -1.73706 0.207619 20.7676 -1.83891 0.206938 20.8235 -1.7087 0.194932 20.7676 -1.83891 0.206938 20.8627 -1.79886 0.188377 20.5717 -1.80487 0.184288 20.5093 -1.84492 0.162602 20.5861 -1.86468 0.185165 20.7186 -1.73706 0.207619 20.6343 -1.77203 0.199342 20.6654 -1.86531 0.20151 20.7186 -1.73706 0.207619 20.6654 -1.86531 0.20151 20.7676 -1.83891 0.206938 21.0036 -1.65811 0.0115501 20.9661 -1.68618 0.107891 20.9725 -1.70648 0.104735 21.0036 -1.65811 0.0115501 20.9725 -1.70648 0.104735 21.0075 -1.67654 0.00703136 21.3161 -1.39556 0.212813 21.36 -1.33395 0.196692 21.3174 -1.28375 0.197632 21.3161 -1.39556 0.212813 21.3174 -1.28375 0.197632 21.2413 -1.32144 0.215136 21.0404 -1.63795 0.114881 21.0856 -1.59322 0.169509 21.0552 -1.56417 0.165307 21.0404 -1.63795 0.114881 21.0552 -1.56417 0.165307 21.0246 -1.62161 0.1115 21.0856 -1.59322 0.169509 21.1659 -1.54752 0.208091 21.0848 -1.4803 0.201072 21.0856 -1.59322 0.169509 21.0848 -1.4803 0.201072 21.0552 -1.56417 0.165307 21.1659 -1.54752 0.208091 21.2524 -1.46971 0.221677 21.1564 -1.39605 0.220948 21.1659 -1.54752 0.208091 21.1564 -1.39605 0.220948 21.0848 -1.4803 0.201072 21.36 -1.33395 0.196692 21.4004 -1.26552 0.173469 21.3174 -1.28375 0.197632 21.2524 -1.46971 0.221677 21.3161 -1.39556 0.212813 21.2413 -1.32144 0.215136 21.2524 -1.46971 0.221677 21.2413 -1.32144 0.215136 21.1564 -1.39605 0.220948 21.0182 -1.68287 0.0117101 21.0404 -1.63795 0.114881 21.0246 -1.62161 0.1115 21.0182 -1.68287 0.0117101 21.0246 -1.62161 0.1115 21.0056 -1.66713 0.00687133 20.8033 -1.26553 0.232822 20.7506 -1.2013 0.215116 20.6851 -1.23212 0.216149 20.8033 -1.26553 0.232822 20.6851 -1.23212 0.216149 20.7033 -1.32356 0.235373 20.9812 -1.62735 0.125262 20.9467 -1.56664 0.18526 20.9072 -1.59052 0.180646 20.9812 -1.62735 0.125262 20.9072 -1.59052 0.180646 20.9593 -1.63949 0.12155 20.9467 -1.56664 0.18526 20.9213 -1.46844 0.227636 20.8268 -1.53506 0.219927 20.9467 -1.56664 0.18526 20.8268 -1.53506 0.219927 20.9072 -1.59052 0.180646 20.9213 -1.46844 0.227636 20.8637 -1.35432 0.242557 20.758 -1.43501 0.241757 20.9213 -1.46844 0.227636 20.758 -1.43501 0.241757 20.8268 -1.53506 0.219927 20.7506 -1.2013 0.215116 20.6896 -1.13894 0.18961 20.6851 -1.23212 0.216149 20.8637 -1.35432 0.242557 20.8033 -1.26553 0.232822 20.7033 -1.32356 0.235373 20.8637 -1.35432 0.242557 20.7033 -1.32356 0.235373 20.758 -1.43501 0.241757 21.0225 -1.66381 0.0119483 20.9812 -1.62735 0.125262 20.9593 -1.63949 0.12155 21.0225 -1.66381 0.0119483 20.9593 -1.63949 0.12155 21.0021 -1.67268 0.00663313 20.7375 -1.70899 0.178652 20.7219 -1.62255 0.175856 20.6115 -1.64438 0.17118 20.7375 -1.70899 0.178652 20.6115 -1.64438 0.17118 20.6335 -1.72021 0.175338 21.0113 -1.67919 0.00989416 21.009 -1.65992 0.00898665 20.9297 -1.63342 0.103337 21.0113 -1.67919 0.00989416 20.9297 -1.63342 0.103337 20.9355 -1.66696 0.103434 20.9355 -1.66696 0.103434 20.9297 -1.63342 0.103337 20.8351 -1.61705 0.153228 20.9355 -1.66696 0.103434 20.8351 -1.61705 0.153228 20.8431 -1.69349 0.156768 20.8431 -1.69349 0.156768 20.8351 -1.61705 0.153228 20.7219 -1.62255 0.175856 20.8431 -1.69349 0.156768 20.7219 -1.62255 0.175856 20.7375 -1.70899 0.178652 20.6335 -1.72021 0.175338 20.6115 -1.64438 0.17118 20.535 -1.70103 0.155451 21.2453 -1.55427 0.193921 21.2869 -1.63166 0.191807 21.3853 -1.57687 0.193485 21.2453 -1.55427 0.193921 21.3853 -1.57687 0.193485 21.3409 -1.51157 0.196568 21.0034 -1.66339 0.00976142 21.0116 -1.68102 0.00893769 21.09 -1.68374 0.10759 21.0034 -1.66339 0.00976142 21.09 -1.68374 0.10759 21.0742 -1.65359 0.107441 21.0742 -1.65359 0.107441 21.09 -1.68374 0.10759 21.1823 -1.67121 0.162755 21.0742 -1.65359 0.107441 21.1823 -1.67121 0.162755 21.151 -1.60103 0.166018 21.151 -1.60103 0.166018 21.1823 -1.67121 0.162755 21.2869 -1.63166 0.191807 21.151 -1.60103 0.166018 21.2869 -1.63166 0.191807 21.2453 -1.55427 0.193921 21.3409 -1.51157 0.196568 21.3853 -1.57687 0.193485 21.4414 -1.49917 0.182279 20.6491 -2.15995 0.307032 20.6047 -2.26136 0.283449 20.6809 -2.32041 0.284823 20.6491 -2.15995 0.307032 20.6809 -2.32041 0.284823 20.7784 -2.24359 0.310431 20.971 -1.73006 0.163762 20.9197 -1.80768 0.24368 20.972 -1.84013 0.237534 20.971 -1.73006 0.163762 20.972 -1.84013 0.237534 20.9986 -1.74868 0.158818 20.9197 -1.80768 0.24368 20.8186 -1.89722 0.300125 20.9548 -1.96912 0.289856 20.9197 -1.80768 0.24368 20.9548 -1.96912 0.289856 20.972 -1.84013 0.237534 20.8186 -1.89722 0.300125 20.718 -2.03465 0.32 20.8776 -2.11125 0.318934 20.8186 -1.89722 0.300125 20.8776 -2.11125 0.318934 20.9548 -1.96912 0.289856 20.6047 -2.26136 0.283449 20.5676 -2.37145 0.249474 20.6809 -2.32041 0.284823 20.718 -2.03465 0.32 20.6491 -2.15995 0.307032 20.7784 -2.24359 0.310431 20.718 -2.03465 0.32 20.7784 -2.24359 0.310431 20.8776 -2.11125 0.318934 20.9893 -1.65907 0.0128304 20.971 -1.73006 0.163762 20.9986 -1.74868 0.158818 20.9893 -1.65907 0.0128304 20.9986 -1.74868 0.158818 21.0121 -1.6778 0.00575105 20.9113 -1.27853 0.26811 21.0522 -1.20844 0.214363 20.9764 -1.06337 0.244958 20.9113 -1.27853 0.26811 20.9764 -1.06337 0.244958 20.866 -1.12068 0.28239 21.0477 -1.56554 0.0522819 21.063 -1.55678 0.0447148 21.0672 -1.51522 0.0731811 21.0477 -1.56554 0.0522819 21.0672 -1.51522 0.0731811 21.0444 -1.52767 0.0846672 21.0444 -1.52767 0.0846672 21.0672 -1.51522 0.0731811 21.0845 -1.34551 0.157785 21.0444 -1.52767 0.0846672 21.0845 -1.34551 0.157785 20.973 -1.40535 0.206075 20.973 -1.40535 0.206075 21.0845 -1.34551 0.157785 21.0522 -1.20844 0.214363 20.973 -1.40535 0.206075 21.0522 -1.20844 0.214363 20.9113 -1.27853 0.26811 20.866 -1.12068 0.28239 20.9764 -1.06337 0.244958 20.8548 -0.976293 0.252843 21.0464 -1.61112 0.0153053 21.0323 -1.61633 0.0247138 20.9852 -1.67749 0.0184788 21.0464 -1.61112 0.0153053 20.9852 -1.67749 0.0184788 21.0215 -1.65737 0 21.063 -1.55678 0.0447148 21.0477 -1.56554 0.0522819 21.0323 -1.61633 0.0247138 21.063 -1.55678 0.0447148 21.0323 -1.61633 0.0247138 21.0464 -1.61112 0.0153053 21.328 -1.92187 0.305592 21.2443 -2.03085 0.307009 21.3818 -2.13435 0.31951 21.328 -1.92187 0.305592 21.3818 -2.13435 0.31951 21.4466 -2.02904 0.319691 21.0156 -1.65857 0.00929072 20.9958 -1.68154 0.00929072 21.0467 -1.79025 0.165381 21.0156 -1.65857 0.00929072 21.0467 -1.79025 0.165381 21.0794 -1.74837 0.162981 21.0794 -1.74837 0.162981 21.0467 -1.79025 0.165381 21.1239 -1.9102 0.255022 21.0794 -1.74837 0.162981 21.1239 -1.9102 0.255022 21.2037 -1.82025 0.255756 21.2037 -1.82025 0.255756 21.1239 -1.9102 0.255022 21.2443 -2.03085 0.307009 21.2037 -1.82025 0.255756 21.2443 -2.03085 0.307009 21.328 -1.92187 0.305592 21.4466 -2.02904 0.319691 21.3818 -2.13435 0.31951 21.5264 -2.16406 0.309546 15.2455 0.352411 0.15501 15.291 0.297442 0.130508 15.3494 0.324236 0.132019 15.2455 0.352411 0.15501 15.3494 0.324236 0.132019 15.3349 0.402881 0.159329 15.0867 0.683481 0.105659 15.1191 0.623471 0.150696 15.1542 0.64485 0.147552 15.0867 0.683481 0.105659 15.1542 0.64485 0.147552 15.1061 0.694485 0.102786 15.1191 0.623471 0.150696 15.1425 0.532324 0.176626 15.2266 0.59147 0.173037 15.1191 0.623471 0.150696 15.2266 0.59147 0.173037 15.1542 0.64485 0.147552 15.1425 0.532324 0.176626 15.1932 0.4299 0.175392 15.2876 0.50068 0.178924 15.1425 0.532324 0.176626 15.2876 0.50068 0.178924 15.2266 0.59147 0.173037 15.291 0.297442 0.130508 15.3435 0.244915 0.0989992 15.3494 0.324236 0.132019 15.1932 0.4299 0.175392 15.2455 0.352411 0.15501 15.3349 0.402881 0.159329 15.1932 0.4299 0.175392 15.3349 0.402881 0.159329 15.2876 0.50068 0.178924 15.046 0.727779 0.0113881 15.0867 0.683481 0.105659 15.1061 0.694485 0.102786 15.046 0.727779 0.0113881 15.1061 0.694485 0.102786 15.0639 0.73608 0.0068215 15.0058 0.4646 0.174429 14.9204 0.484139 0.180923 14.8965 0.374236 0.174284 15.0058 0.4646 0.174429 14.8965 0.374236 0.174284 14.9749 0.364691 0.170258 15.0693 0.734647 0.00897252 15.0507 0.740127 0.0101352 15.0047 0.673858 0.107019 15.0693 0.734647 0.00897252 15.0047 0.673858 0.107019 15.0377 0.666043 0.103517 15.0377 0.666043 0.103517 15.0047 0.673858 0.107019 14.9575 0.591227 0.158664 15.0377 0.666043 0.103517 14.9575 0.591227 0.158664 15.0309 0.568616 0.154 15.0309 0.568616 0.154 14.9575 0.591227 0.158664 14.9204 0.484139 0.180923 15.0309 0.568616 0.154 14.9204 0.484139 0.180923 15.0058 0.4646 0.174429 14.9749 0.364691 0.170258 14.8965 0.374236 0.174284 14.9167 0.282409 0.152835 14.6833 0.826076 0.199342 14.6126 0.827247 0.184288 14.5966 0.767852 0.185165 14.6833 0.826076 0.199342 14.5966 0.767852 0.185165 14.6659 0.729305 0.20151 15.0157 0.742313 0.107891 14.9574 0.753373 0.158903 14.9511 0.714621 0.15498 15.0157 0.742313 0.107891 14.9511 0.714621 0.15498 15.0115 0.721454 0.104735 14.9574 0.753373 0.158903 14.8797 0.790921 0.194932 14.8709 0.693001 0.188377 14.9574 0.753373 0.158903 14.8709 0.693001 0.188377 14.9511 0.714621 0.15498 14.8797 0.790921 0.194932 14.774 0.816342 0.207619 14.7682 0.703464 0.206938 14.8797 0.790921 0.194932 14.7682 0.703464 0.206938 14.8709 0.693001 0.188377 14.6126 0.827247 0.184288 14.5387 0.822022 0.162602 14.5966 0.767852 0.185165 14.774 0.816342 0.207619 14.6833 0.826076 0.199342 14.6659 0.729305 0.20151 14.774 0.816342 0.207619 14.6659 0.729305 0.20151 14.7682 0.703464 0.206938 15.062 0.748985 0.0115501 15.0157 0.742313 0.107891 15.0115 0.721454 0.104735 15.062 0.748985 0.0115501 15.0115 0.721454 0.104735 15.0566 0.730942 0.00703136 15.4622 0.829554 0.212813 15.5302 0.862564 0.196692 15.5169 0.927073 0.197632 15.4622 0.829554 0.212813 15.5169 0.927073 0.197632 15.4321 0.930455 0.215136 15.104 0.749011 0.114881 15.1651 0.766616 0.169509 15.1523 0.806675 0.165307 15.104 0.749011 0.114881 15.1523 0.806675 0.165307 15.0979 0.770957 0.1115 15.1651 0.766616 0.169509 15.2574 0.768239 0.208091 15.2185 0.866085 0.201072 15.1651 0.766616 0.169509 15.2185 0.866085 0.201072 15.1523 0.806675 0.165307 15.2574 0.768239 0.208091 15.3707 0.79501 0.221677 15.3217 0.905699 0.220948 15.2574 0.768239 0.208091 15.3217 0.905699 0.220948 15.2185 0.866085 0.201072 15.5302 0.862564 0.196692 15.5984 0.903298 0.173469 15.5169 0.927073 0.197632 15.3707 0.79501 0.221677 15.4622 0.829554 0.212813 15.4321 0.930455 0.215136 15.3707 0.79501 0.221677 15.4321 0.930455 0.215136 15.3217 0.905699 0.220948 15.063 0.720254 0.0117101 15.104 0.749011 0.114881 15.0979 0.770957 0.1115 15.063 0.720254 0.0117101 15.0979 0.770957 0.1115 15.0594 0.740117 0.00687133 15.0745 1.18952 0.232822 15.059 1.27116 0.215116 14.9868 1.27549 0.216149 15.0745 1.18952 0.232822 14.9868 1.27549 0.216149 14.9589 1.18655 0.235373 15.0571 0.786708 0.125262 15.056 0.856514 0.18526 15.0098 0.854496 0.180646 15.0571 0.786708 0.125262 15.0098 0.854496 0.180646 15.0321 0.786538 0.12155 15.056 0.856514 0.18526 15.0807 0.954873 0.227636 14.9658 0.941726 0.219927 15.056 0.856514 0.18526 14.9658 0.941726 0.219927 15.0098 0.854496 0.180646 15.0807 0.954873 0.227636 15.0849 1.08267 0.242557 14.9535 1.0625 0.241757 15.0807 0.954873 0.227636 14.9535 1.0625 0.241757 14.9658 0.941726 0.219927 15.059 1.27116 0.215116 15.0354 1.35513 0.18961 14.9868 1.27549 0.216149 15.0849 1.08267 0.242557 15.0745 1.18952 0.232822 14.9589 1.18655 0.235373 15.0849 1.08267 0.242557 14.9589 1.18655 0.235373 14.9535 1.0625 0.241757 15.0758 0.73494 0.0119483 15.0571 0.786708 0.125262 15.0321 0.786538 0.12155 15.0758 0.73494 0.0119483 15.0321 0.786538 0.12155 15.0538 0.736885 0.00663313 14.8041 0.831896 0.178652 14.8319 0.915227 0.175856 14.7245 0.94901 0.17118 14.8041 0.831896 0.178652 14.7245 0.94901 0.17118 14.7075 0.871911 0.175338 15.0587 0.72678 0.00989416 15.0659 0.744783 0.00898665 15.009 0.80606 0.103337 15.0587 0.72678 0.00989416 15.009 0.80606 0.103337 14.998 0.773858 0.103434 14.998 0.773858 0.103434 15.009 0.80606 0.103337 14.9338 0.865817 0.153228 14.998 0.773858 0.103434 14.9338 0.865817 0.153228 14.9042 0.79488 0.156768 14.9042 0.79488 0.156768 14.9338 0.865817 0.153228 14.8319 0.915227 0.175856 14.9042 0.79488 0.156768 14.8319 0.915227 0.175856 14.8041 0.831896 0.178652 14.7075 0.871911 0.175338 14.7245 0.94901 0.17118 14.6302 0.935948 0.155451 15.3239 0.724214 0.193921 15.3233 0.636366 0.191807 15.436 0.637264 0.193485 15.3239 0.724214 0.193921 15.436 0.637264 0.193485 15.4282 0.715892 0.196568 15.0593 0.744416 0.00976142 15.058 0.725048 0.00893769 15.1256 0.68505 0.10759 15.0593 0.744416 0.00976142 15.1256 0.68505 0.10759 15.1262 0.719084 0.107441 15.1262 0.719084 0.107441 15.1256 0.68505 0.10759 15.2126 0.651787 0.162755 15.1262 0.719084 0.107441 15.2126 0.651787 0.162755 15.2187 0.728417 0.166018 15.2187 0.728417 0.166018 15.2126 0.651787 0.162755 15.3233 0.636366 0.191807 15.2187 0.728417 0.166018 15.3233 0.636366 0.191807 15.3239 0.724214 0.193921 15.4282 0.715892 0.196568 15.436 0.637264 0.193485 15.5224 0.678593 0.182279 14.5103 0.478539 0.307032 14.4227 0.41082 0.283449 14.4613 0.322477 0.284823 14.5103 0.478539 0.307032 14.4613 0.322477 0.284823 14.5837 0.34312 0.310431 14.9989 0.701488 0.163762 14.9167 0.657927 0.24368 14.947 0.604403 0.237534 14.9989 0.701488 0.163762 14.947 0.604403 0.237534 15.0142 0.6719 0.158818 14.9167 0.657927 0.24368 14.785 0.627854 0.300125 14.8701 0.499447 0.289856 14.9167 0.657927 0.24368 14.8701 0.499447 0.289856 14.947 0.604403 0.237534 14.785 0.627854 0.300125 14.6308 0.555476 0.32 14.7342 0.411715 0.318934 14.785 0.627854 0.300125 14.7342 0.411715 0.318934 14.8701 0.499447 0.289856 14.4227 0.41082 0.283449 14.3374 0.332009 0.249474 14.4613 0.322477 0.284823 14.6308 0.555476 0.32 14.5103 0.478539 0.307032 14.5837 0.34312 0.310431 14.6308 0.555476 0.32 14.5837 0.34312 0.310431 14.7342 0.411715 0.318934 15.049 0.754997 0.0128304 14.9989 0.701488 0.163762 15.0142 0.6719 0.158818 15.049 0.754997 0.0128304 15.0142 0.6719 0.158818 15.06 0.727623 0.00575105 15.163 1.12633 0.26811 15.3202 1.1203 0.214363 15.3233 1.28395 0.244958 15.163 1.12633 0.26811 15.3233 1.28395 0.244958 15.1989 1.2866 0.28239 15.1451 0.809088 0.0522819 15.1627 0.809435 0.0447148 15.1863 0.843886 0.0731811 15.1451 0.809088 0.0522819 15.1863 0.843886 0.0731811 15.1604 0.843872 0.0846672 15.1604 0.843872 0.0846672 15.1863 0.843886 0.0731811 15.2829 0.98452 0.157785 15.1604 0.843872 0.0846672 15.2829 0.98452 0.157785 15.1564 0.985464 0.206075 15.1564 0.985464 0.206075 15.2829 0.98452 0.157785 15.3202 1.1203 0.214363 15.1564 0.985464 0.206075 15.3202 1.1203 0.214363 15.163 1.12633 0.26811 15.1989 1.2866 0.28239 15.3233 1.28395 0.244958 15.2583 1.41869 0.252843 15.1221 0.769673 0.0153053 15.1073 0.771864 0.0247138 15.0366 0.740795 0.0184788 15.1221 0.769673 0.0153053 15.0366 0.740795 0.0184788 15.0781 0.741064 0 15.1627 0.809435 0.0447148 15.1451 0.809088 0.0522819 15.1073 0.771864 0.0247138 15.1627 0.809435 0.0447148 15.1073 0.771864 0.0247138 15.1221 0.769673 0.0153053 15.2203 0.361977 0.305592 15.0945 0.306473 0.307009 15.1656 0.14972 0.31951 15.2203 0.361977 0.305592 15.1656 0.14972 0.31951 15.273 0.211052 0.319691 15.0724 0.742803 0.00929072 15.0439 0.732156 0.00929072 15.0365 0.612359 0.165381 15.0724 0.742803 0.00929072 15.0365 0.612359 0.165381 15.0853 0.633425 0.162981 15.0853 0.633425 0.162981 15.0365 0.612359 0.165381 15.0467 0.470095 0.255022 15.0853 0.633425 0.162981 15.0467 0.470095 0.255022 15.1598 0.510779 0.255756 15.1598 0.510779 0.255756 15.0467 0.470095 0.255022 15.0945 0.306473 0.307009 15.1598 0.510779 0.255756 15.0945 0.306473 0.307009 15.2203 0.361977 0.305592 15.273 0.211052 0.319691 15.1656 0.14972 0.31951 15.2783 0.0543176 0.309546 29.0812 2.65817 0.15501 29.0947 2.58813 0.130508 29.1588 2.58366 0.132019 29.0812 2.65817 0.15501 29.1588 2.58366 0.132019 29.1838 2.65963 0.159329 29.1005 3.02485 0.105659 29.1002 2.95664 0.150696 29.1412 2.95859 0.147552 29.1005 3.02485 0.105659 29.1412 2.95859 0.147552 29.1228 3.02522 0.102786 29.1002 2.95664 0.150696 29.077 2.86546 0.176626 29.1792 2.87704 0.173037 29.1002 2.95664 0.150696 29.1792 2.87704 0.173037 29.1412 2.95859 0.147552 29.077 2.86546 0.176626 29.0724 2.75127 0.175392 29.1892 2.76813 0.178924 29.077 2.86546 0.176626 29.1892 2.76813 0.178924 29.1792 2.87704 0.173037 29.0947 2.58813 0.130508 29.1157 2.51685 0.0989992 29.1588 2.58366 0.132019 29.0724 2.75127 0.175392 29.0812 2.65817 0.15501 29.1838 2.65963 0.159329 29.0724 2.75127 0.175392 29.1838 2.65963 0.159329 29.1892 2.76813 0.178924 29.086 3.08326 0.0113881 29.1005 3.02485 0.105659 29.1228 3.02522 0.102786 29.086 3.08326 0.0113881 29.1228 3.02522 0.102786 29.1057 3.08197 0.0068215 28.9246 2.87155 0.174429 28.859 2.92965 0.180923 28.7854 2.84464 0.174284 28.9246 2.87155 0.174429 28.7854 2.84464 0.174284 28.8496 2.79869 0.170258 29.1098 3.07809 0.00897252 29.0961 3.09182 0.0101352 29.024 3.05572 0.107019 29.1098 3.07809 0.00897252 29.024 3.05572 0.107019 29.0491 3.03306 0.103517 29.0491 3.03306 0.103517 29.024 3.05572 0.107019 28.9429 3.00582 0.158664 29.0491 3.03306 0.103517 28.9429 3.00582 0.158664 28.9965 2.95079 0.154 28.9965 2.95079 0.154 28.9429 3.00582 0.158664 28.859 2.92965 0.180923 28.9965 2.95079 0.154 28.859 2.92965 0.180923 28.9246 2.87155 0.174429 28.8496 2.79869 0.170258 28.7854 2.84464 0.174284 28.7591 2.75437 0.152835 28.8148 3.34341 0.199342 28.7534 3.3783 0.184288 28.7109 3.33387 0.185165 28.8148 3.34341 0.199342 28.7109 3.33387 0.185165 28.7532 3.26684 0.20151 29.0664 3.11054 0.107891 29.0205 3.1482 0.158903 28.9965 3.1172 0.15498 29.0664 3.11054 0.107891 28.9965 3.1172 0.15498 29.0527 3.09423 0.104735 29.0205 3.1482 0.158903 28.9704 3.21837 0.194932 28.9157 3.13667 0.188377 29.0205 3.1482 0.158903 28.9157 3.13667 0.188377 28.9965 3.1172 0.15498 28.9704 3.21837 0.194932 28.8898 3.29136 0.207619 28.8306 3.19509 0.206938 28.9704 3.21837 0.194932 28.8306 3.19509 0.206938 28.9157 3.13667 0.188377 28.7534 3.3783 0.184288 28.686 3.40919 0.162602 28.7109 3.33387 0.185165 28.8898 3.29136 0.207619 28.8148 3.34341 0.199342 28.7532 3.26684 0.20151 28.8898 3.29136 0.207619 28.7532 3.26684 0.20151 28.8306 3.19509 0.206938 29.1103 3.09419 0.0115501 29.0664 3.11054 0.107891 29.0527 3.09423 0.104735 29.1103 3.09419 0.0115501 29.0527 3.09423 0.104735 29.0968 3.08095 0.00703136 29.5001 2.97305 0.212813 29.5756 2.96938 0.196692 29.5948 3.0324 0.197632 29.5001 2.97305 0.212813 29.5948 3.0324 0.197632 29.522 3.07603 0.215136 29.1471 3.07407 0.114881 29.2092 3.06024 0.169509 29.2172 3.1015 0.165307 29.1471 3.07407 0.114881 29.2172 3.1015 0.165307 29.1523 3.09625 0.1115 29.2092 3.06024 0.169509 29.291 3.01739 0.208091 29.3038 3.1219 0.201072 29.2092 3.06024 0.169509 29.3038 3.1219 0.201072 29.2172 3.1015 0.165307 29.291 3.01739 0.208091 29.4032 2.98657 0.221677 29.4133 3.10719 0.220948 29.291 3.01739 0.208091 29.4133 3.10719 0.220948 29.3038 3.1219 0.201072 29.5756 2.96938 0.196692 29.655 2.97244 0.173469 29.5948 3.0324 0.197632 29.4032 2.98657 0.221677 29.5001 2.97305 0.212813 29.522 3.07603 0.215136 29.4032 2.98657 0.221677 29.522 3.07603 0.215136 29.4133 3.10719 0.220948 29.0973 3.06851 0.0117101 29.1471 3.07407 0.114881 29.1523 3.09625 0.1115 29.0973 3.06851 0.0117101 29.1523 3.09625 0.1115 29.1037 3.08764 0.00687133 29.3324 3.47482 0.232822 29.358 3.55388 0.215116 29.2967 3.59231 0.216149 29.3324 3.47482 0.232822 29.2967 3.59231 0.216149 29.2295 3.52764 0.235373 29.124 3.12963 0.125262 29.1565 3.19144 0.18526 29.1151 3.21178 0.180646 29.124 3.12963 0.125262 29.1151 3.21178 0.180646 29.102 3.14148 0.12155 29.1565 3.19144 0.18526 29.2254 3.26589 0.227636 29.1183 3.30943 0.219927 29.1565 3.19144 0.18526 29.1183 3.30943 0.219927 29.1151 3.21178 0.180646 29.2254 3.26589 0.227636 29.2903 3.37606 0.242557 29.1653 3.42136 0.241757 29.2254 3.26589 0.227636 29.1653 3.42136 0.241757 29.1183 3.30943 0.219927 29.358 3.55388 0.215116 29.3775 3.6389 0.18961 29.2967 3.59231 0.216149 29.2903 3.37606 0.242557 29.3324 3.47482 0.232822 29.2295 3.52764 0.235373 29.2903 3.37606 0.242557 29.2295 3.52764 0.235373 29.1653 3.42136 0.241757 29.1157 3.07523 0.0119483 29.124 3.12963 0.125262 29.102 3.14148 0.12155 29.1157 3.07523 0.0119483 29.102 3.14148 0.12155 29.0972 3.08752 0.00663313 28.9237 3.29059 0.178652 28.988 3.35041 0.175856 28.91 3.43153 0.17118 28.9237 3.29059 0.178652 28.91 3.43153 0.17118 28.858 3.37204 0.175338 29.0967 3.07629 0.00989416 29.1117 3.08861 0.00898665 29.0911 3.16967 0.103337 29.0967 3.07629 0.00989416 29.0911 3.16967 0.103337 29.066 3.14669 0.103434 29.066 3.14669 0.103434 29.0911 3.16967 0.103337 29.0538 3.25818 0.153228 29.066 3.14669 0.103434 29.0538 3.25818 0.153228 28.9938 3.21011 0.156768 28.9938 3.21011 0.156768 29.0538 3.25818 0.153228 28.988 3.35041 0.175856 28.9938 3.21011 0.156768 28.988 3.35041 0.175856 28.9237 3.29059 0.178652 28.858 3.37204 0.175338 28.91 3.43153 0.17118 28.821 3.46526 0.155451 29.3282 2.94687 0.193921 29.2856 2.87007 0.191807 29.3849 2.81685 0.193485 29.3282 2.94687 0.193921 29.3849 2.81685 0.193485 29.4158 2.88956 0.196568 29.1057 3.09145 0.00976142 29.0953 3.07508 0.00893769 29.1354 3.0076 0.10759 29.1057 3.09145 0.00976142 29.1354 3.0076 0.10759 29.1522 3.03718 0.107441 29.1522 3.03718 0.107441 29.1354 3.0076 0.10759 29.1958 2.93669 0.162755 29.1522 3.03718 0.107441 29.1958 2.93669 0.162755 29.2379 3.001 0.166018 29.2379 3.001 0.166018 29.1958 2.93669 0.162755 29.2856 2.87007 0.191807 29.2379 3.001 0.166018 29.2856 2.87007 0.191807 29.3282 2.94687 0.193921 29.4158 2.88956 0.196568 29.3849 2.81685 0.193485 29.4805 2.81169 0.182279 28.4964 3.12135 0.307032 28.3871 3.10389 0.283449 28.3786 3.00789 0.284823 28.4964 3.12135 0.307032 28.3786 3.00789 0.284823 28.4959 2.96731 0.310431 29.0321 3.08277 0.163762 28.9391 3.08393 0.24368 28.94 3.02244 0.237534 29.0321 3.08277 0.163762 28.94 3.02244 0.237534 29.0313 3.04946 0.158818 28.9391 3.08393 0.24368 28.8091 3.12069 0.300125 28.8222 2.96722 0.289856 28.9391 3.08393 0.24368 28.8222 2.96722 0.289856 28.94 3.02244 0.237534 28.8091 3.12069 0.300125 28.6391 3.13108 0.32 28.6609 2.95535 0.318934 28.8091 3.12069 0.300125 28.6609 2.95535 0.318934 28.8222 2.96722 0.289856 28.3871 3.10389 0.283449 28.2744 3.07566 0.249474 28.3786 3.00789 0.284823 28.6391 3.13108 0.32 28.4964 3.12135 0.307032 28.4959 2.96731 0.310431 28.6391 3.13108 0.32 28.4959 2.96731 0.310431 28.6609 2.95535 0.318934 29.1017 3.1057 0.0128304 29.0321 3.08277 0.163762 29.0313 3.04946 0.158818 29.1017 3.1057 0.0128304 29.0313 3.04946 0.158818 29.0983 3.07638 0.00575105 29.3798 3.3769 0.26811 29.5149 3.29624 0.214363 29.596 3.43839 0.244958 29.3798 3.3769 0.26811 29.596 3.43839 0.244958 29.4881 3.50036 0.28239 29.212 3.1071 0.0522819 29.2276 3.09895 0.0447148 29.2649 3.11786 0.0731811 29.212 3.1071 0.0522819 29.2649 3.11786 0.0731811 29.2421 3.13029 0.0846672 29.2421 3.13029 0.0846672 29.2649 3.11786 0.0731811 29.417 3.19499 0.157785 29.2421 3.13029 0.0846672 29.417 3.19499 0.157785 29.3064 3.25648 0.206075 29.3064 3.25648 0.206075 29.417 3.19499 0.157785 29.5149 3.29624 0.214363 29.3064 3.25648 0.206075 29.5149 3.29624 0.214363 29.3798 3.3769 0.26811 29.4881 3.50036 0.28239 29.596 3.43839 0.244958 29.6036 3.58781 0.252843 29.1729 3.08351 0.0153053 29.1609 3.09256 0.0247138 29.084 3.09919 0.0184788 29.1729 3.08351 0.0153053 29.084 3.09919 0.0184788 29.1205 3.07954 0 29.2276 3.09895 0.0447148 29.212 3.1071 0.0522819 29.1609 3.09256 0.0247138 29.2276 3.09895 0.0447148 29.1609 3.09256 0.0247138 29.1729 3.08351 0.0153053 29.0636 2.67868 0.305592 28.9267 2.69024 0.307009 28.9139 2.51862 0.31951 29.0636 2.67868 0.305592 28.9139 2.51862 0.31951 29.0375 2.52095 0.319691 29.1164 3.08379 0.00929072 29.0863 3.08807 0.00929072 29.0224 2.98652 0.165381 29.1164 3.08379 0.00929072 29.0224 2.98652 0.165381 29.0753 2.98161 0.162981 29.0753 2.98161 0.162981 29.0224 2.98652 0.165381 28.9631 2.85677 0.255022 29.0753 2.98161 0.162981 28.9631 2.85677 0.255022 29.0819 2.83823 0.255756 29.0819 2.83823 0.255756 28.9631 2.85677 0.255022 28.9267 2.69024 0.307009 29.0819 2.83823 0.255756 28.9267 2.69024 0.307009 29.0636 2.67868 0.305592 29.0375 2.52095 0.319691 28.9139 2.51862 0.31951 28.967 2.38088 0.309546 22.9204 5.0192 0.15501 22.8987 4.95123 0.130508 22.9528 4.91659 0.132019 22.9204 5.0192 0.15501 22.9528 4.91659 0.132019 23.0111 4.97129 0.159329 23.1132 5.3317 0.105659 23.0802 5.27201 0.150696 23.1171 5.25405 0.147552 23.1132 5.3317 0.105659 23.1171 5.25405 0.147552 23.1329 5.32136 0.102786 23.0802 5.27201 0.150696 23.0161 5.20311 0.176626 23.1113 5.16428 0.173037 23.0802 5.27201 0.150696 23.1113 5.16428 0.173037 23.1171 5.25405 0.147552 23.0161 5.20311 0.176626 22.9573 5.10511 0.175392 23.0679 5.06392 0.178924 23.0161 5.20311 0.176626 23.0679 5.06392 0.178924 23.1113 5.16428 0.173037 22.8987 4.95123 0.130508 22.8829 4.87865 0.0989992 22.9528 4.91659 0.132019 22.9573 5.10511 0.175392 22.9204 5.0192 0.15501 23.0111 4.97129 0.159329 22.9573 5.10511 0.175392 23.0111 4.97129 0.159329 23.0679 5.06392 0.178924 23.1284 5.38993 0.0113881 23.1132 5.3317 0.105659 23.1329 5.32136 0.102786 23.1284 5.38993 0.0113881 23.1329 5.32136 0.102786 23.1451 5.37937 0.0068215 22.8853 5.28152 0.174429 22.8556 5.36396 0.180923 22.7502 5.32466 0.174284 22.8853 5.28152 0.174429 22.7502 5.32466 0.174284 22.7845 5.25355 0.170258 23.1468 5.37399 0.00897252 23.1414 5.39261 0.0101352 23.0608 5.39551 0.107019 23.1468 5.37399 0.00897252 23.0608 5.39551 0.107019 23.072 5.36356 0.103517 23.072 5.36356 0.103517 23.0608 5.39551 0.107019 22.9657 5.39057 0.158664 23.072 5.36356 0.103517 22.9657 5.39057 0.158664 22.9864 5.31659 0.154 22.9864 5.31659 0.154 22.9657 5.39057 0.158664 22.8556 5.36396 0.180923 22.9864 5.31659 0.154 22.8556 5.36396 0.180923 22.8853 5.28152 0.174429 22.7845 5.25355 0.170258 22.7502 5.32466 0.174284 22.6838 5.25804 0.152835 23.0152 5.74824 0.199342 22.978 5.80832 0.184288 22.9193 5.78972 0.185165 23.0152 5.74824 0.199342 22.9193 5.78972 0.185165 22.9243 5.71062 0.20151 23.1243 5.42327 0.107891 23.1021 5.47832 0.158903 23.0661 5.46265 0.15498 23.1243 5.42327 0.107891 23.0661 5.46265 0.15498 23.1045 5.41551 0.104735 23.1021 5.47832 0.158903 23.0917 5.56394 0.194932 23.0046 5.51846 0.188377 23.1021 5.47832 0.158903 23.0046 5.51846 0.188377 23.0661 5.46265 0.15498 23.0917 5.56394 0.194932 23.056 5.66662 0.207619 22.9579 5.61052 0.206938 23.0917 5.56394 0.194932 22.9579 5.61052 0.206938 23.0046 5.51846 0.188377 22.978 5.80832 0.184288 22.9336 5.86774 0.162602 22.9193 5.78972 0.185165 23.056 5.66662 0.207619 23.0152 5.74824 0.199342 22.9243 5.71062 0.20151 23.056 5.66662 0.207619 22.9243 5.71062 0.20151 22.9579 5.61052 0.206938 23.1549 5.3879 0.0115501 23.1243 5.42327 0.107891 23.1045 5.41551 0.104735 23.1549 5.3879 0.0115501 23.1045 5.41551 0.104735 23.1368 5.38271 0.00703136 23.4389 5.09471 0.212813 23.5035 5.05526 0.196692 23.5505 5.10137 0.197632 23.4389 5.09471 0.212813 23.5505 5.10137 0.197632 23.5076 5.17456 0.215136 23.1776 5.35257 0.114881 23.2255 5.31068 0.169509 23.2523 5.34305 0.165307 23.1776 5.35257 0.114881 23.2523 5.34305 0.165307 23.1928 5.36956 0.1115 23.2255 5.31068 0.169509 23.2767 5.23386 0.208091 23.338 5.31944 0.201072 23.2255 5.31068 0.169509 23.338 5.31944 0.201072 23.2523 5.34305 0.165307 23.2767 5.23386 0.208091 23.3605 5.15299 0.221677 23.4271 5.25401 0.220948 23.2767 5.23386 0.208091 23.4271 5.25401 0.220948 23.338 5.31944 0.201072 23.5035 5.05526 0.196692 23.5746 5.0199 0.173469 23.5505 5.10137 0.197632 23.3605 5.15299 0.221677 23.4389 5.09471 0.212813 23.5076 5.17456 0.215136 23.3605 5.15299 0.221677 23.5076 5.17456 0.215136 23.4271 5.25401 0.220948 23.1313 5.37157 0.0117101 23.1776 5.35257 0.114881 23.1928 5.36956 0.1115 23.1313 5.37157 0.0117101 23.1928 5.36956 0.1115 23.1461 5.38528 0.00687133 23.5324 5.61543 0.232822 23.5927 5.67256 0.215116 23.5573 5.73568 0.216149 23.5324 5.61543 0.232822 23.5573 5.73568 0.216149 23.4674 5.71111 0.235373 23.184 5.41239 0.125262 23.2421 5.45107 0.18526 23.2155 5.4888 0.180646 23.184 5.41239 0.125262 23.2155 5.4888 0.180646 23.1704 5.43335 0.12155 23.2421 5.45107 0.18526 23.3383 5.48338 0.227636 23.2652 5.57295 0.219927 23.2421 5.45107 0.18526 23.2652 5.57295 0.219927 23.2155 5.4888 0.180646 23.3383 5.48338 0.227636 23.4481 5.54896 0.242557 23.3601 5.64863 0.241757 23.3383 5.48338 0.227636 23.3601 5.64863 0.241757 23.2652 5.57295 0.219927 23.5927 5.67256 0.215116 23.6506 5.73781 0.18961 23.5573 5.73568 0.216149 23.4481 5.54896 0.242557 23.5324 5.61543 0.232822 23.4674 5.71111 0.235373 23.4481 5.54896 0.242557 23.4674 5.71111 0.235373 23.3601 5.64863 0.241757 23.1506 5.36868 0.0119483 23.184 5.41239 0.125262 23.1704 5.43335 0.12155 23.1506 5.36868 0.0119483 23.1704 5.43335 0.12155 23.1403 5.3883 0.00663313 23.0854 5.6497 0.178652 23.1705 5.67137 0.175856 23.1409 5.77998 0.17118 23.0854 5.6497 0.178652 23.1409 5.77998 0.17118 23.0668 5.75266 0.175338 23.1344 5.3787 0.00989416 23.1535 5.38232 0.00898665 23.1743 5.46331 0.103337 23.1344 5.3787 0.00989416 23.1743 5.46331 0.103337 23.1413 5.45519 0.103434 23.1413 5.45519 0.103434 23.1743 5.46331 0.103337 23.184 5.55891 0.153228 23.1413 5.45519 0.103434 23.184 5.55891 0.153228 23.1083 5.54548 0.156768 23.1083 5.54548 0.156768 23.184 5.55891 0.153228 23.1705 5.67137 0.175856 23.1083 5.54548 0.156768 23.1705 5.67137 0.175856 23.0854 5.6497 0.178652 23.0668 5.75266 0.175338 23.1409 5.77998 0.17118 23.079 5.85223 0.155451 23.2756 5.1541 0.193921 23.2014 5.10716 0.191807 23.263 5.01285 0.193485 23.2756 5.1541 0.193921 23.263 5.01285 0.193485 23.325 5.06184 0.196568 23.1496 5.38767 0.00976142 23.1326 5.3783 0.00893769 23.1355 5.29986 0.10759 23.1496 5.38767 0.00976142 23.1355 5.29986 0.10759 23.1644 5.31776 0.107441 23.1644 5.31776 0.107441 23.1355 5.29986 0.10759 23.1545 5.20866 0.162755 23.1644 5.31776 0.107441 23.1545 5.20866 0.162755 23.2223 5.24491 0.166018 23.2223 5.24491 0.166018 23.1545 5.20866 0.162755 23.2014 5.10716 0.191807 23.2223 5.24491 0.166018 23.2014 5.10716 0.191807 23.2756 5.1541 0.193921 23.325 5.06184 0.196568 23.263 5.01285 0.193485 23.3444 4.96247 0.182279 22.6293 5.70603 0.307032 22.525 5.74311 0.283449 22.4715 5.66295 0.284823 22.6293 5.70603 0.307032 22.4715 5.66295 0.284823 22.555 5.57107 0.310431 23.0808 5.41536 0.163762 22.9998 5.46096 0.24368 22.9711 5.40656 0.237534 23.0808 5.41536 0.163762 22.9711 5.40656 0.237534 23.0642 5.38648 0.158818 22.9998 5.46096 0.24368 22.9033 5.55555 0.300125 22.8412 5.41459 0.289856 22.9998 5.46096 0.24368 22.8412 5.41459 0.289856 22.9711 5.40656 0.237534 22.9033 5.55555 0.300125 22.7591 5.64617 0.32 22.694 5.4815 0.318934 22.9033 5.55555 0.300125 22.694 5.4815 0.318934 22.8412 5.41459 0.289856 22.525 5.74311 0.283449 22.4125 5.77236 0.249474 22.4715 5.66295 0.284823 22.7591 5.64617 0.32 22.6293 5.70603 0.307032 22.555 5.57107 0.310431 22.7591 5.64617 0.32 22.555 5.57107 0.310431 22.694 5.4815 0.318934 23.153 5.40209 0.0128304 23.0808 5.41536 0.163762 23.0642 5.38648 0.158818 23.153 5.40209 0.0128304 23.0642 5.38648 0.158818 23.1359 5.37801 0.00575105 23.527 5.50677 0.26811 23.6069 5.37122 0.214363 23.7463 5.45708 0.244958 23.527 5.50677 0.26811 23.7463 5.45708 0.244958 23.6813 5.56319 0.28239 23.2504 5.35047 0.0522819 23.2602 5.33581 0.0447148 23.302 5.33456 0.0731811 23.2504 5.35047 0.0522819 23.302 5.33456 0.0731811 23.2879 5.35638 0.0846672 23.2879 5.35638 0.0846672 23.302 5.33456 0.0731811 23.4725 5.32929 0.157785 23.2879 5.35638 0.0846672 23.4725 5.32929 0.157785 23.4049 5.43627 0.206075 23.4049 5.43627 0.206075 23.4725 5.32929 0.157785 23.6069 5.37122 0.214363 23.4049 5.43627 0.206075 23.6069 5.37122 0.214363 23.527 5.50677 0.26811 23.6813 5.56319 0.28239 23.7463 5.45708 0.244958 23.8245 5.58459 0.252843 23.2048 5.34847 0.0153053 23.1986 5.36217 0.0247138 23.1343 5.40488 0.0184788 23.2048 5.34847 0.0153053 23.1343 5.40488 0.0184788 23.1569 5.37011 0 23.2602 5.33581 0.0447148 23.2504 5.35047 0.0522819 23.1986 5.36217 0.0247138 23.2602 5.33581 0.0447148 23.1986 5.36217 0.0247138 23.2048 5.34847 0.0153053 22.9148 5.04563 0.305592 22.8001 5.12142 0.307009 22.7066 4.97695 0.31951 22.9148 5.04563 0.305592 22.7066 4.97695 0.31951 22.8163 4.91971 0.319691 23.1553 5.37584 0.00929072 23.131 5.394 0.00929072 23.0262 5.33556 0.165381 23.1553 5.37584 0.00929072 23.0262 5.33556 0.165381 23.0703 5.30588 0.162981 23.0703 5.30588 0.162981 23.0262 5.33556 0.165381 22.912 5.2501 0.255022 23.0703 5.30588 0.162981 22.912 5.2501 0.255022 23.0073 5.17686 0.255756 23.0073 5.17686 0.255756 22.912 5.2501 0.255022 22.8001 5.12142 0.307009 23.0073 5.17686 0.255756 22.8001 5.12142 0.307009 22.9148 5.04563 0.305592 22.8163 4.91971 0.319691 22.7066 4.97695 0.31951 22.6872 4.8306 0.309546 16.7569 -3.32024 0.15501 16.7053 -3.36949 0.130508 16.7361 -3.42582 0.132019 16.7569 -3.32024 0.15501 16.7361 -3.42582 0.132019 16.8135 -3.40578 0.159329 17.0759 -3.13841 0.105659 17.0183 -3.17498 0.150696 17.0421 -3.20846 0.147552 17.0759 -3.13841 0.105659 17.0421 -3.20846 0.147552 17.0882 -3.15694 0.102786 17.0183 -3.17498 0.150696 16.929 -3.20472 0.176626 16.994 -3.28445 0.173037 17.0183 -3.17498 0.150696 16.994 -3.28445 0.173037 17.0421 -3.20846 0.147552 16.929 -3.20472 0.176626 16.8305 -3.26254 0.175392 16.9077 -3.35169 0.178924 16.929 -3.20472 0.176626 16.9077 -3.35169 0.178924 16.994 -3.28445 0.173037 16.7053 -3.36949 0.130508 16.6566 -3.42559 0.0989992 16.7361 -3.42582 0.132019 16.8305 -3.26254 0.175392 16.7569 -3.32024 0.15501 16.8135 -3.40578 0.159329 16.8305 -3.26254 0.175392 16.8135 -3.40578 0.159329 16.9077 -3.35169 0.178924 17.1172 -3.09463 0.0113881 17.0759 -3.13841 0.105659 17.0882 -3.15694 0.102786 17.1172 -3.09463 0.0113881 17.0882 -3.15694 0.102786 17.1267 -3.11188 0.0068215 16.8518 -3.07319 0.174429 16.8653 -2.9866 0.180923 16.754 -2.97056 0.174284 16.8518 -3.07319 0.174429 16.754 -2.97056 0.174284 16.75 -3.04943 0.170258 17.1257 -3.11743 0.00897252 17.1298 -3.09848 0.0101352 17.0605 -3.05729 0.107019 17.1257 -3.11743 0.00897252 17.0605 -3.05729 0.107019 17.055 -3.09071 0.103517 17.055 -3.09071 0.103517 17.0605 -3.05729 0.107019 16.9747 -3.01607 0.158664 17.055 -3.09071 0.103517 16.9747 -3.01607 0.158664 16.9574 -3.09088 0.154 16.9574 -3.09088 0.154 16.9747 -3.01607 0.158664 16.8653 -2.9866 0.180923 16.9574 -3.09088 0.154 16.8653 -2.9866 0.180923 16.8518 -3.07319 0.174429 16.75 -3.04943 0.170258 16.754 -2.97056 0.174284 16.6638 -2.99722 0.152835 17.1896 -2.72588 0.199342 17.1857 -2.65534 0.184288 17.1254 -2.64354 0.185165 17.1896 -2.72588 0.199342 17.1254 -2.64354 0.185165 17.0918 -2.71535 0.20151 17.1295 -3.06338 0.107891 17.1364 -3.00443 0.158903 17.0973 -3.00093 0.15498 17.1295 -3.06338 0.107891 17.0973 -3.00093 0.15498 17.1084 -3.0607 0.104735 17.1364 -3.00443 0.158903 17.1684 -2.92433 0.194932 17.0701 -2.92246 0.188377 17.1364 -3.00443 0.158903 17.0701 -2.92246 0.188377 17.0973 -3.00093 0.15498 17.1684 -2.92433 0.194932 17.1863 -2.8171 0.207619 17.0733 -2.81928 0.206938 17.1684 -2.92433 0.194932 17.0733 -2.81928 0.206938 17.0701 -2.92246 0.188377 17.1857 -2.65534 0.184288 17.1753 -2.58191 0.162602 17.1254 -2.64354 0.185165 17.1863 -2.8171 0.207619 17.1896 -2.72588 0.199342 17.0918 -2.71535 0.20151 17.1863 -2.8171 0.207619 17.0918 -2.71535 0.20151 17.0733 -2.81928 0.206938 17.1395 -3.10912 0.0115501 17.1295 -3.06338 0.107891 17.1084 -3.0607 0.104735 17.1395 -3.10912 0.0115501 17.1084 -3.0607 0.104735 17.1211 -3.10499 0.00703136 17.2481 -3.50257 0.212813 17.2859 -3.56814 0.196692 17.3493 -3.55024 0.197632 17.2481 -3.50257 0.212813 17.3493 -3.55024 0.197632 17.3467 -3.46541 0.215136 17.1425 -3.15101 0.114881 17.1643 -3.21069 0.169509 17.2034 -3.19515 0.165307 17.1425 -3.15101 0.114881 17.2034 -3.19515 0.165307 17.1639 -3.14338 0.1115 17.1643 -3.21069 0.169509 17.1725 -3.30268 0.208091 17.2673 -3.25698 0.201072 17.1643 -3.21069 0.169509 17.2673 -3.25698 0.201072 17.2034 -3.19515 0.165307 17.1725 -3.30268 0.208091 17.2072 -3.41381 0.221677 17.3142 -3.35712 0.220948 17.1725 -3.30268 0.208091 17.3142 -3.35712 0.220948 17.2673 -3.25698 0.201072 17.2859 -3.56814 0.196692 17.3313 -3.63327 0.173469 17.3493 -3.55024 0.197632 17.2072 -3.41381 0.221677 17.2481 -3.50257 0.212813 17.3467 -3.46541 0.215136 17.2072 -3.41381 0.221677 17.3467 -3.46541 0.215136 17.3142 -3.35712 0.220948 17.1109 -3.1121 0.0117101 17.1425 -3.15101 0.114881 17.1639 -3.14338 0.1115 17.1109 -3.1121 0.0117101 17.1639 -3.14338 0.1115 17.1304 -3.10717 0.00687133 17.5798 -3.09039 0.232822 17.6601 -3.06918 0.215116 17.6593 -2.99683 0.216149 17.5798 -3.09039 0.232822 17.6593 -2.99683 0.216149 17.5686 -2.97528 0.235373 17.1768 -3.10157 0.125262 17.2463 -3.09549 0.18526 17.241 -3.04963 0.180646 17.1768 -3.10157 0.125262 17.241 -3.04963 0.180646 17.1748 -3.07663 0.12155 17.2463 -3.09549 0.18526 17.3462 -3.11324 0.227636 17.3249 -2.99957 0.219927 17.2463 -3.09549 0.18526 17.3249 -2.99957 0.219927 17.241 -3.04963 0.180646 17.3462 -3.11324 0.227636 17.4739 -3.10831 0.242557 17.4445 -2.97867 0.241757 17.3462 -3.11324 0.227636 17.4445 -2.97867 0.241757 17.3249 -2.99957 0.219927 17.6601 -3.06918 0.215116 17.7422 -3.03967 0.18961 17.6593 -2.99683 0.216149 17.4739 -3.10831 0.242557 17.5798 -3.09039 0.232822 17.5686 -2.97528 0.235373 17.4739 -3.10831 0.242557 17.5686 -2.97528 0.235373 17.4445 -2.97867 0.241757 17.1264 -3.1239 0.0119483 17.1768 -3.10157 0.125262 17.1748 -3.07663 0.12155 17.1264 -3.1239 0.0119483 17.1748 -3.07663 0.12155 17.1268 -3.10174 0.00663313 17.2039 -2.84601 0.178652 17.289 -2.8678 0.175856 17.3151 -2.7583 0.17118 17.2039 -2.84601 0.178652 17.3151 -2.7583 0.17118 17.237 -2.74676 0.175338 17.1171 -3.10737 0.00989416 17.1356 -3.11333 0.00898665 17.1927 -3.05225 0.103337 17.1171 -3.10737 0.00989416 17.1927 -3.05225 0.103337 17.1598 -3.04352 0.103434 17.1598 -3.04352 0.103434 17.1927 -3.05225 0.103337 17.2469 -2.97296 0.153228 17.1598 -3.04352 0.103434 17.2469 -2.97296 0.153228 17.1741 -2.94847 0.156768 17.1741 -2.94847 0.156768 17.2469 -2.97296 0.153228 17.289 -2.8678 0.175856 17.1741 -2.94847 0.156768 17.289 -2.8678 0.175856 17.2039 -2.84601 0.178652 17.237 -2.74676 0.175338 17.3151 -2.7583 0.17118 17.2954 -2.66521 0.155451 17.1333 -3.37215 0.193921 17.0456 -3.37775 0.191807 17.0545 -3.49005 0.193485 17.1333 -3.37215 0.193921 17.0545 -3.49005 0.193485 17.1324 -3.47678 0.196568 17.1347 -3.10679 0.00976142 17.1153 -3.10685 0.00893769 17.0802 -3.17706 0.10759 17.1347 -3.10679 0.00976142 17.0802 -3.17706 0.10759 17.1142 -3.17523 0.107441 17.1142 -3.17523 0.107441 17.0802 -3.17706 0.10759 17.0532 -3.26621 0.162755 17.1142 -3.17523 0.107441 17.0532 -3.26621 0.162755 17.13 -3.2669 0.166018 17.13 -3.2669 0.166018 17.0532 -3.26621 0.162755 17.0456 -3.37775 0.191807 17.13 -3.2669 0.166018 17.0456 -3.37775 0.191807 17.1333 -3.37215 0.193921 17.1324 -3.47678 0.196568 17.0545 -3.49005 0.193485 17.1018 -3.57332 0.182279 16.8307 -2.57792 0.307032 16.7569 -2.49538 0.283449 16.6715 -2.54006 0.284823 16.8307 -2.57792 0.307032 16.6715 -2.54006 0.284823 16.7008 -2.66074 0.310431 17.0876 -3.0495 0.163762 17.0384 -2.97063 0.24368 16.9871 -3.00462 0.237534 17.0876 -3.0495 0.163762 16.9871 -3.00462 0.237534 17.0592 -3.06688 0.158818 17.0384 -2.97063 0.24368 16.999 -2.84137 0.300125 16.877 -2.93531 0.289856 17.0384 -2.97063 0.24368 16.877 -2.93531 0.289856 16.9871 -3.00462 0.237534 16.999 -2.84137 0.300125 16.9159 -2.69271 0.32 16.7799 -2.806 0.318934 16.999 -2.84137 0.300125 16.7799 -2.806 0.318934 16.877 -2.93531 0.289856 16.7569 -2.49538 0.283449 16.6723 -2.4158 0.249474 16.6715 -2.54006 0.284823 16.9159 -2.69271 0.32 16.8307 -2.57792 0.307032 16.7008 -2.66074 0.310431 16.9159 -2.69271 0.32 16.7008 -2.66074 0.310431 16.7799 -2.806 0.318934 17.1445 -3.09572 0.0128304 17.0876 -3.0495 0.163762 17.0592 -3.06688 0.158818 17.1445 -3.09572 0.0128304 17.0592 -3.06688 0.158818 17.118 -3.10866 0.00575105 17.523 -3.18319 0.26811 17.5281 -3.34044 0.214363 17.6916 -3.33191 0.244958 17.523 -3.18319 0.26811 17.6916 -3.33191 0.244958 17.6854 -3.20763 0.28239 17.2053 -3.18773 0.0522819 17.2069 -3.2053 0.0447148 17.2429 -3.22642 0.0731811 17.2053 -3.18773 0.0522819 17.2429 -3.22642 0.0731811 17.2411 -3.20054 0.0846672 17.2411 -3.20054 0.0846672 17.2429 -3.22642 0.0731811 17.39 -3.31278 0.157785 17.2411 -3.20054 0.0846672 17.39 -3.31278 0.157785 17.382 -3.18651 0.206075 17.382 -3.18651 0.206075 17.39 -3.31278 0.157785 17.5281 -3.34044 0.214363 17.382 -3.18651 0.206075 17.5281 -3.34044 0.214363 17.523 -3.18319 0.26811 17.6854 -3.20763 0.28239 17.6916 -3.33191 0.244958 17.8214 -3.25752 0.252843 17.1644 -3.16764 0.0153053 17.1655 -3.15265 0.0247138 17.1295 -3.08433 0.0184788 17.1644 -3.16764 0.0153053 17.1295 -3.08433 0.0184788 17.1327 -3.12569 0 17.2069 -3.2053 0.0447148 17.2053 -3.18773 0.0522819 17.1655 -3.15265 0.0247138 17.2069 -3.2053 0.0447148 17.1655 -3.15265 0.0247138 17.1644 -3.16764 0.0153053 16.7646 -3.29436 0.305592 16.7004 -3.17288 0.307009 16.549 -3.25483 0.31951 16.7646 -3.29436 0.305592 16.549 -3.25483 0.31951 16.6178 -3.35763 0.319691 17.134 -3.11989 0.00929072 17.1214 -3.09229 0.00929072 17.0014 -3.09332 0.165381 17.134 -3.11989 0.00929072 17.0014 -3.09332 0.165381 17.0258 -3.1405 0.162981 17.0258 -3.1405 0.162981 17.0014 -3.09332 0.165381 16.8602 -3.11357 0.255022 17.0258 -3.1405 0.162981 16.8602 -3.11357 0.255022 16.9088 -3.22357 0.255756 16.9088 -3.22357 0.255756 16.8602 -3.11357 0.255022 16.7004 -3.17288 0.307009 16.9088 -3.22357 0.255756 16.7004 -3.17288 0.307009 16.7646 -3.29436 0.305592 16.6178 -3.35763 0.319691 16.549 -3.25483 0.31951 16.4618 -3.37397 0.309546 30.602 -0.775291 0.15501 30.5331 -0.793767 0.130508 30.5331 -0.857999 0.132019 30.602 -0.775291 0.15501 30.5331 -0.857999 0.132019 30.6107 -0.877533 0.159329 30.9691 -0.768666 0.105659 30.9011 -0.773162 0.150696 30.9059 -0.813952 0.147552 30.9691 -0.768666 0.105659 30.9059 -0.813952 0.147552 30.9711 -0.790849 0.102786 30.9011 -0.773162 0.150696 30.8085 -0.756463 0.176626 30.8272 -0.857568 0.173037 30.9011 -0.773162 0.150696 30.8272 -0.857568 0.173037 30.9059 -0.813952 0.147552 30.8085 -0.756463 0.176626 30.6942 -0.759944 0.175392 30.7193 -0.875227 0.178924 30.8085 -0.756463 0.176626 30.7193 -0.875227 0.178924 30.8272 -0.857568 0.173037 30.5331 -0.793767 0.130508 30.4635 -0.819667 0.0989992 30.5331 -0.857999 0.132019 30.6942 -0.759944 0.175392 30.602 -0.775291 0.15501 30.6107 -0.877533 0.159329 30.6942 -0.759944 0.175392 30.6107 -0.877533 0.159329 30.7193 -0.875227 0.178924 31.0263 -0.750048 0.0113881 30.9691 -0.768666 0.105659 30.9711 -0.790849 0.102786 31.0263 -0.750048 0.0113881 30.9711 -0.790849 0.102786 31.0265 -0.769757 0.0068215 30.8038 -0.604013 0.174429 30.8571 -0.534464 0.180923 30.7671 -0.467027 0.174284 30.8038 -0.604013 0.174429 30.7671 -0.467027 0.174284 30.7258 -0.534331 0.170258 31.0229 -0.774131 0.00897252 31.0356 -0.759494 0.0101352 30.9945 -0.690094 0.107019 31.0229 -0.774131 0.00897252 30.9945 -0.690094 0.107019 30.9737 -0.716799 0.103517 30.9737 -0.716799 0.103517 30.9945 -0.690094 0.107019 30.939 -0.612801 0.158664 30.9737 -0.716799 0.103517 30.939 -0.612801 0.158664 30.8879 -0.670133 0.154 30.8879 -0.670133 0.154 30.939 -0.612801 0.158664 30.8571 -0.534464 0.180923 30.8879 -0.670133 0.154 30.8571 -0.534464 0.180923 30.8038 -0.604013 0.174429 30.7258 -0.534331 0.170258 30.7671 -0.467027 0.174284 30.6752 -0.447191 0.152835 31.2667 -0.461147 0.199342 31.2971 -0.397402 0.184288 31.2498 -0.358106 0.185165 31.2667 -0.461147 0.199342 31.2498 -0.358106 0.185165 31.1859 -0.405035 0.20151 31.0522 -0.728545 0.107891 31.0865 -0.680119 0.158903 31.0539 -0.658303 0.15498 31.0522 -0.728545 0.107891 31.0539 -0.658303 0.15498 31.0349 -0.716079 0.104735 31.0865 -0.680119 0.158903 31.1529 -0.625151 0.194932 31.0676 -0.57638 0.188377 31.0865 -0.680119 0.158903 31.0676 -0.57638 0.188377 31.0539 -0.658303 0.15498 31.1529 -0.625151 0.194932 31.2201 -0.539619 0.207619 31.1198 -0.487355 0.206938 31.1529 -0.625151 0.194932 31.1198 -0.487355 0.206938 31.0676 -0.57638 0.188377 31.2971 -0.397402 0.184288 31.3232 -0.327959 0.162602 31.2498 -0.358106 0.185165 31.2201 -0.539619 0.207619 31.2667 -0.461147 0.199342 31.1859 -0.405035 0.20151 31.2201 -0.539619 0.207619 31.1859 -0.405035 0.20151 31.1198 -0.487355 0.206938 31.039 -0.773444 0.0115501 31.0522 -0.728545 0.107891 31.0349 -0.716079 0.104735 31.039 -0.773444 0.0115501 31.0349 -0.716079 0.104735 31.0248 -0.761008 0.00703136 30.9457 -1.17083 0.212813 30.9474 -1.24647 0.196692 31.0116 -1.26116 0.197632 30.9457 -1.17083 0.212813 31.0116 -1.26116 0.197632 31.05 -1.18545 0.215136 31.0215 -0.81165 0.114881 31.0121 -0.874515 0.169509 31.0538 -0.879598 0.165307 31.0215 -0.81165 0.114881 31.0538 -0.879598 0.165307 31.044 -0.815237 0.1115 31.0121 -0.874515 0.169509 30.9751 -0.959151 0.208091 31.0803 -0.964519 0.201072 31.0121 -0.874515 0.169509 31.0803 -0.964519 0.201072 31.0538 -0.879598 0.165307 30.9751 -0.959151 0.208091 30.9523 -1.07331 0.221677 31.0734 -1.07484 0.220948 30.9751 -0.959151 0.208091 31.0734 -1.07484 0.220948 31.0803 -0.964519 0.201072 30.9474 -1.24647 0.196692 30.9561 -1.32542 0.173469 31.0116 -1.26116 0.197632 30.9523 -1.07331 0.221677 30.9457 -1.17083 0.212813 31.05 -1.18545 0.215136 30.9523 -1.07331 0.221677 31.05 -1.18545 0.215136 31.0734 -1.07484 0.220948 31.0124 -0.762357 0.0117101 31.0215 -0.81165 0.114881 31.044 -0.815237 0.1115 31.0124 -0.762357 0.0117101 31.044 -0.815237 0.1115 31.032 -0.767405 0.00687133 31.4344 -0.968105 0.232822 31.515 -0.988016 0.215116 31.549 -0.924141 0.216149 31.4344 -0.968105 0.232822 31.549 -0.924141 0.216149 31.4798 -0.861745 0.235373 31.0753 -0.784697 0.125262 31.1392 -0.812708 0.18526 31.1566 -0.769926 0.180646 31.0753 -0.784697 0.125262 31.1566 -0.769926 0.180646 31.0856 -0.761879 0.12155 31.1392 -0.812708 0.18526 31.2184 -0.87616 0.227636 31.2542 -0.766222 0.219927 31.1392 -0.812708 0.18526 31.2542 -0.766222 0.219927 31.1566 -0.769926 0.180646 31.2184 -0.87616 0.227636 31.3329 -0.933089 0.242557 31.3692 -0.805214 0.241757 31.2184 -0.87616 0.227636 31.3692 -0.805214 0.241757 31.2542 -0.766222 0.219927 31.515 -0.988016 0.215116 31.6012 -1.00147 0.18961 31.549 -0.924141 0.216149 31.3329 -0.933089 0.242557 31.4344 -0.968105 0.232822 31.4798 -0.861745 0.235373 31.3329 -0.933089 0.242557 31.4798 -0.861745 0.235373 31.3692 -0.805214 0.241757 31.0204 -0.780169 0.0119483 31.0753 -0.784697 0.125262 31.0856 -0.761879 0.12155 31.0204 -0.780169 0.0119483 31.0856 -0.761879 0.12155 31.0314 -0.760908 0.00663313 31.2217 -0.573448 0.178652 31.2859 -0.633361 0.175856 31.3613 -0.549784 0.17118 31.2217 -0.573448 0.178652 31.3613 -0.549784 0.17118 31.2983 -0.502212 0.175338 31.0202 -0.761182 0.00989416 31.0335 -0.775267 0.00898665 31.1129 -0.749035 0.103337 31.0202 -0.761182 0.00989416 31.1129 -0.749035 0.103337 31.0882 -0.725605 0.103434 31.0882 -0.725605 0.103434 31.1129 -0.749035 0.103337 31.1986 -0.705483 0.153228 31.0882 -0.725605 0.103434 31.1986 -0.705483 0.153228 31.1464 -0.649057 0.156768 31.1464 -0.649057 0.156768 31.1986 -0.705483 0.153228 31.2859 -0.633361 0.175856 31.1464 -0.649057 0.156768 31.2859 -0.633361 0.175856 31.2217 -0.573448 0.178652 31.2983 -0.502212 0.175338 31.3613 -0.549784 0.17118 31.3886 -0.45865 0.155451 30.9074 -1.00131 0.193921 30.8278 -0.964198 0.191807 30.7817 -1.067 0.193485 30.9074 -1.00131 0.193921 30.7817 -1.067 0.193485 30.8565 -1.09269 0.196568 31.0359 -0.769127 0.00976142 31.0188 -0.759877 0.00893769 30.9544 -0.804648 0.10759 31.0359 -0.769127 0.00976142 30.9544 -0.804648 0.10759 30.9851 -0.819339 0.107441 30.9851 -0.819339 0.107441 30.9544 -0.804648 0.10759 30.8879 -0.86993 0.162755 30.9851 -0.819339 0.107441 30.8879 -0.86993 0.162755 30.955 -0.907388 0.166018 30.955 -0.907388 0.166018 30.8879 -0.86993 0.162755 30.8278 -0.964198 0.191807 30.955 -0.907388 0.166018 30.8278 -0.964198 0.191807 30.9074 -1.00131 0.193921 30.8565 -1.09269 0.196568 30.7817 -1.067 0.193485 30.7834 -1.16277 0.182279 31.0226 -0.159229 0.307032 30.9975 -0.0514414 0.283449 30.9011 -0.0497144 0.284823 31.0226 -0.159229 0.307032 30.9011 -0.0497144 0.284823 30.8689 -0.169639 0.310431 31.022 -0.69627 0.163762 31.0166 -0.603435 0.24368 30.9554 -0.608698 0.237534 31.022 -0.69627 0.163762 30.9554 -0.608698 0.237534 30.9888 -0.697894 0.158818 31.0166 -0.603435 0.24368 31.0441 -0.471153 0.300125 30.8919 -0.495067 0.289856 31.0166 -0.603435 0.24368 30.8919 -0.495067 0.289856 30.9554 -0.608698 0.237534 31.0441 -0.471153 0.300125 31.0424 -0.300847 0.32 30.8687 -0.335028 0.318934 31.0441 -0.471153 0.300125 30.8687 -0.335028 0.318934 30.8919 -0.495067 0.289856 30.9975 -0.0514414 0.283449 30.9614 0.0589837 0.249474 30.9011 -0.0497144 0.284823 31.0424 -0.300847 0.32 31.0226 -0.159229 0.307032 30.8689 -0.169639 0.310431 31.0424 -0.300847 0.32 30.8689 -0.169639 0.310431 30.8687 -0.335028 0.318934 31.0498 -0.76412 0.0128304 31.022 -0.69627 0.163762 30.9888 -0.697894 0.158818 31.0498 -0.76412 0.0128304 30.9888 -0.697894 0.158818 31.0204 -0.762763 0.00575105 31.34 -1.02233 0.26811 31.2691 -1.16279 0.214363 31.4167 -1.23366 0.244958 31.34 -1.02233 0.26811 31.4167 -1.23366 0.244958 31.4709 -1.12164 0.28239 31.059 -0.873997 0.0522819 31.052 -0.890179 0.0447148 31.0735 -0.925988 0.0731811 31.059 -0.873997 0.0522819 31.0735 -0.925988 0.0731811 31.0843 -0.902388 0.0846672 31.0843 -0.902388 0.0846672 31.0735 -0.925988 0.0731811 31.1612 -1.07231 0.157785 31.0843 -0.902388 0.0846672 31.1612 -1.07231 0.157785 31.2147 -0.95765 0.206075 31.2147 -0.95765 0.206075 31.1612 -1.07231 0.157785 31.2691 -1.16279 0.214363 31.2147 -0.95765 0.206075 31.2691 -1.16279 0.214363 31.34 -1.02233 0.26811 31.4709 -1.12164 0.28239 31.4167 -1.23366 0.244958 31.5662 -1.23061 0.252843 31.0327 -0.836738 0.0153053 31.0409 -0.824122 0.0247138 31.0421 -0.746909 0.0184788 31.0327 -0.836738 0.0153053 31.0421 -0.746909 0.0184788 31.0251 -0.784745 0 31.052 -0.890179 0.0447148 31.059 -0.873997 0.0522819 31.0409 -0.824122 0.0247138 31.052 -0.890179 0.0447148 31.0409 -0.824122 0.0247138 31.0327 -0.836738 0.0153053 30.6212 -0.756297 0.305592 30.623 -0.618886 0.307009 30.4509 -0.61825 0.31951 30.6212 -0.756297 0.305592 30.4509 -0.61825 0.31951 30.462 -0.74144 0.319691 31.029 -0.780295 0.00929072 31.0312 -0.750019 0.00929072 30.9253 -0.69338 0.165381 31.029 -0.780295 0.00929072 30.9253 -0.69338 0.165381 30.9242 -0.746515 0.162981 30.9242 -0.746515 0.162981 30.9253 -0.69338 0.165381 30.7917 -0.643465 0.255022 30.9242 -0.746515 0.162981 30.7917 -0.643465 0.255022 30.7816 -0.763288 0.255756 30.7816 -0.763288 0.255756 30.7917 -0.643465 0.255022 30.623 -0.618886 0.307009 30.7816 -0.763288 0.255756 30.623 -0.618886 0.307009 30.6212 -0.756297 0.305592 30.462 -0.74144 0.319691 30.4509 -0.61825 0.31951 30.3173 -0.680999 0.309546 24.6336 1.85228 0.15501 24.5643 1.8691 0.130508 24.5335 1.8127 0.132019 24.6336 1.85228 0.15501 24.5335 1.8127 0.132019 24.5922 1.75838 0.159329 24.959 1.68208 0.105659 24.8971 1.71076 0.150696 24.8818 1.67265 0.147552 24.959 1.68208 0.105659 24.8818 1.67265 0.147552 24.95 1.66168 0.102786 24.8971 1.71076 0.150696 24.8238 1.76981 0.176626 24.7918 1.67208 0.173037 24.8971 1.71076 0.150696 24.7918 1.67208 0.173037 24.8818 1.67265 0.147552 24.8238 1.76981 0.176626 24.7219 1.82152 0.175392 24.6886 1.70833 0.178924 24.8238 1.76981 0.176626 24.6886 1.70833 0.178924 24.7918 1.67208 0.173037 24.5643 1.8691 0.130508 24.4908 1.87975 0.0989992 24.5335 1.8127 0.132019 24.7219 1.82152 0.175392 24.6336 1.85228 0.15501 24.5922 1.75838 0.159329 24.7219 1.82152 0.175392 24.5922 1.75838 0.159329 24.6886 1.70833 0.178924 25.0181 1.67098 0.0113881 24.959 1.68208 0.105659 24.95 1.66168 0.102786 25.0181 1.67098 0.0113881 24.95 1.66168 0.102786 25.0088 1.65363 0.0068215 24.8928 1.90586 0.174429 24.9729 1.94133 0.180923 24.9263 2.04366 0.174284 24.8928 1.90586 0.174429 24.9263 2.04366 0.174284 24.8578 2.0044 0.170258 25.0035 1.65151 0.00897252 25.0217 1.65825 0.0101352 25.0189 1.73887 0.107019 25.0035 1.65151 0.00897252 25.0189 1.73887 0.107019 24.9878 1.72542 0.103517 24.9878 1.72542 0.103517 25.0189 1.73887 0.107019 25.0072 1.83331 0.158664 24.9878 1.72542 0.103517 25.0072 1.83331 0.158664 24.9349 1.8075 0.154 24.9349 1.8075 0.154 25.0072 1.83331 0.158664 24.9729 1.94133 0.180923 24.9349 1.8075 0.154 24.9729 1.94133 0.180923 24.8928 1.90586 0.174429 24.8578 2.0044 0.170258 24.9263 2.04366 0.174284 24.8551 2.10513 0.152835 25.3675 1.8093 0.199342 25.4248 1.85064 0.184288 25.4021 1.90782 0.185165 25.3675 1.8093 0.199342 25.4021 1.90782 0.185165 25.3236 1.89725 0.20151 25.0511 1.67747 0.107891 25.1044 1.70351 0.158903 25.0862 1.7383 0.15498 25.0511 1.67747 0.107891 25.0862 1.7383 0.15498 25.0419 1.69667 0.104735 25.1044 1.70351 0.158903 25.1891 1.71989 0.194932 25.1376 1.80362 0.188377 25.1044 1.70351 0.158903 25.1376 1.80362 0.188377 25.0862 1.7383 0.15498 25.1891 1.71989 0.194932 25.289 1.76278 0.207619 25.2261 1.8567 0.206938 25.1891 1.71989 0.194932 25.2261 1.8567 0.206938 25.1376 1.80362 0.188377 25.4248 1.85064 0.184288 25.481 1.8991 0.162602 25.4021 1.90782 0.185165 25.289 1.76278 0.207619 25.3675 1.8093 0.199342 25.3236 1.89725 0.20151 25.289 1.76278 0.207619 25.3236 1.89725 0.20151 25.2261 1.8567 0.206938 25.018 1.6444 0.0115501 25.0511 1.67747 0.107891 25.0419 1.69667 0.104735 25.018 1.6444 0.0115501 25.0419 1.69667 0.104735 25.0115 1.6621 0.00703136 24.7456 1.34037 0.212813 24.7108 1.27319 0.196692 24.7601 1.22951 0.197632 24.7456 1.34037 0.212813 24.7601 1.22951 0.197632 24.8301 1.27755 0.215136 24.9843 1.61924 0.114881 24.9459 1.56858 0.169509 24.9801 1.54412 0.165307 24.9843 1.61924 0.114881 24.9801 1.54412 0.165307 25.0024 1.60531 0.1115 24.9459 1.56858 0.169509 24.8729 1.51202 0.208091 24.9626 1.4569 0.201072 24.9459 1.56858 0.169509 24.9626 1.4569 0.201072 24.9801 1.54412 0.165307 24.8729 1.51202 0.208091 24.7982 1.42277 0.221677 24.9037 1.3634 0.220948 24.8729 1.51202 0.208091 24.9037 1.3634 0.220948 24.9626 1.4569 0.201072 24.7108 1.27319 0.196692 24.6806 1.19975 0.173469 24.7601 1.22951 0.197632 24.7982 1.42277 0.221677 24.7456 1.34037 0.212813 24.8301 1.27755 0.215136 24.7982 1.42277 0.221677 24.8301 1.27755 0.215136 24.9037 1.3634 0.220948 25 1.66685 0.0117101 24.9843 1.61924 0.114881 25.0024 1.60531 0.1115 25 1.66685 0.0117101 25.0024 1.60531 0.1115 25.0147 1.65305 0.00687133 25.2716 1.28401 0.232822 25.3329 1.22786 0.215116 25.3933 1.26762 0.216149 25.2716 1.28401 0.232822 25.3933 1.26762 0.216149 25.3625 1.35558 0.235373 25.0445 1.61711 0.125262 25.0872 1.56187 0.18526 25.1229 1.59109 0.180646 25.0445 1.61711 0.125262 25.1229 1.59109 0.180646 25.0644 1.63221 0.12155 25.0872 1.56187 0.18526 25.1262 1.46824 0.227636 25.2104 1.54753 0.219927 25.0872 1.56187 0.18526 25.2104 1.54753 0.219927 25.1229 1.59109 0.180646 25.1262 1.46824 0.227636 25.1994 1.36339 0.242557 25.2926 1.45819 0.241757 25.1262 1.46824 0.227636 25.2926 1.45819 0.241757 25.2104 1.54753 0.219927 25.3329 1.22786 0.215116 25.4021 1.17473 0.18961 25.3933 1.26762 0.216149 25.1994 1.36339 0.242557 25.2716 1.28401 0.232822 25.3625 1.35558 0.235373 25.1994 1.36339 0.242557 25.3625 1.35558 0.235373 25.2926 1.45819 0.241757 24.9985 1.64738 0.0119483 25.0445 1.61711 0.125262 25.0644 1.63221 0.12155 24.9985 1.64738 0.0119483 25.0644 1.63221 0.12155 25.0173 1.65903 0.00663313 25.2742 1.73232 0.178652 25.3018 1.64895 0.175856 25.4081 1.68615 0.17118 25.2742 1.73232 0.178652 25.4081 1.68615 0.17118 25.3756 1.75811 0.175338 25.0073 1.66418 0.00989416 25.0123 1.64542 0.00898665 25.0946 1.63037 0.103337 25.0073 1.66418 0.00989416 25.0946 1.63037 0.103337 25.0841 1.66277 0.103434 25.0841 1.66277 0.103434 25.0946 1.63037 0.103337 25.1906 1.62753 0.153228 25.0841 1.66277 0.103434 25.1906 1.62753 0.153228 25.1719 1.70207 0.156768 25.1719 1.70207 0.156768 25.1906 1.62753 0.153228 25.3018 1.64895 0.175856 25.1719 1.70207 0.156768 25.3018 1.64895 0.175856 25.2742 1.73232 0.178652 25.3756 1.75811 0.175338 25.4081 1.68615 0.17118 25.4758 1.75301 0.155451 24.7933 1.50749 0.193921 24.7412 1.57823 0.191807 24.6515 1.5101 0.193485 24.7933 1.50749 0.193921 24.6515 1.5101 0.193485 24.7048 1.45173 0.196568 25.0174 1.64965 0.00976142 25.0068 1.66595 0.00893769 24.9288 1.65757 0.10759 25.0174 1.64965 0.00976142 24.9288 1.65757 0.10759 24.9487 1.62996 0.107441 24.9487 1.62996 0.107441 24.9288 1.65757 0.10759 24.8392 1.63215 0.162755 24.9487 1.62996 0.107441 24.8392 1.63215 0.162755 24.8801 1.56709 0.166018 24.8801 1.56709 0.166018 24.8392 1.63215 0.162755 24.7412 1.57823 0.191807 24.8801 1.56709 0.166018 24.7412 1.57823 0.191807 24.7933 1.50749 0.193921 24.7048 1.45173 0.196568 24.6515 1.5101 0.193485 24.607 1.42527 0.182279 25.2981 2.19125 0.307032 25.3277 2.2979 0.283449 25.244 2.34562 0.284823 25.2981 2.19125 0.307032 25.244 2.34562 0.284823 25.1582 2.2558 0.310431 25.0401 1.72024 0.163762 25.0799 1.80431 0.24368 25.0236 1.82906 0.237534 25.0401 1.72024 0.163762 25.0236 1.82906 0.237534 25.0101 1.73477 0.158818 25.0799 1.80431 0.24368 25.1674 1.90723 0.300125 25.0224 1.95919 0.289856 25.0799 1.80431 0.24368 25.0224 1.95919 0.289856 25.0236 1.82906 0.237534 25.1674 1.90723 0.300125 25.2476 2.05748 0.32 25.0787 2.11078 0.318934 25.1674 1.90723 0.300125 25.0787 2.11078 0.318934 25.0224 1.95919 0.289856 25.3277 2.2979 0.283449 25.349 2.41213 0.249474 25.244 2.34562 0.284823 25.2476 2.05748 0.32 25.2981 2.19125 0.307032 25.1582 2.2558 0.310431 25.2476 2.05748 0.32 25.1582 2.2558 0.310431 25.0787 2.11078 0.318934 25.032 1.64737 0.0128304 25.0401 1.72024 0.163762 25.0101 1.73477 0.158818 25.032 1.64737 0.0128304 25.0101 1.73477 0.158818 25.0068 1.6627 0.00575105 25.1629 1.28164 0.26811 25.0333 1.19237 0.214363 25.1288 1.05944 0.244958 25.1629 1.28164 0.26811 25.1288 1.05944 0.244958 25.2301 1.13177 0.28239 24.9874 1.54653 0.0522819 24.9735 1.5357 0.0447148 24.9752 1.49397 0.0731811 24.9874 1.54653 0.0522819 24.9752 1.49397 0.0731811 24.9959 1.50951 0.0846672 24.9959 1.50951 0.0846672 24.9752 1.49397 0.0731811 24.982 1.32351 0.157785 24.9959 1.50951 0.0846672 24.982 1.32351 0.157785 25.0839 1.39848 0.206075 25.0839 1.39848 0.206075 24.982 1.32351 0.157785 25.0333 1.19237 0.214363 25.0839 1.39848 0.206075 25.0333 1.19237 0.214363 25.1629 1.28164 0.26811 25.2301 1.13177 0.28239 25.1288 1.05944 0.244958 25.2615 0.99041 0.252843 24.9822 1.59184 0.0153053 24.9954 1.59898 0.0247138 25.0334 1.66618 0.0184788 24.9822 1.59184 0.0153053 25.0334 1.66618 0.0184788 25.0004 1.64114 0 24.9735 1.5357 0.0447148 24.9874 1.54653 0.0522819 24.9954 1.59898 0.0247138 24.9735 1.5357 0.0447148 24.9954 1.59898 0.0247138 24.9822 1.59184 0.0153053 24.6596 1.85974 0.305592 24.7271 1.97944 0.307009 24.5763 2.06251 0.31951 24.6596 1.85974 0.305592 24.5763 2.06251 0.31951 24.527 1.94909 0.319691 25.006 1.64315 0.00929072 25.0224 1.66869 0.00929072 24.9566 1.76913 0.165381 25.006 1.64315 0.00929072 24.9566 1.76913 0.165381 24.9302 1.72306 0.162981 24.9302 1.72306 0.162981 24.9566 1.76913 0.165381 24.8633 1.87699 0.255022 24.9302 1.72306 0.162981 24.8633 1.87699 0.255022 24.797 1.77668 0.255756 24.797 1.77668 0.255756 24.8633 1.87699 0.255022 24.7271 1.97944 0.307009 24.797 1.77668 0.255756 24.7271 1.97944 0.307009 24.6596 1.85974 0.305592 24.527 1.94909 0.319691 24.5763 2.06251 0.31951 24.429 2.07151 0.309546</float_array>
          <technique_common><accessor source="#farm_unknown_weed_positions_array" count="10260" stride="3"><param name="X" type="float"/><param name="Y" type="float"/><param name="Z" type="float"/></accessor></technique_common>
        </source>
        <source id="farm_unknown_weed_normals">
          <float_array id="farm_unknown_weed_normals_array" count="30780">-0.0656558 -0.265673 0.961825 -0.0844302 -0.363553 0.92774 -0.0797165 -0.357832 0.930377 -0.0656558 -0.265673 0.961825 -0.0797165 -0.357832 0.930377 -0.0510644 -0.248954 0.967168 0.139187 0.711653 0.688605 0.0737669 0.407118 0.910392 0.0958377 0.417205 0.903745 0.139187 0.711653 0.688605 0.0958377 0.417205 0.903745 0.154864 0.709631 0.687343 0.0737669 0.407118 0.910392 0.0131167 0.126008 0.991942 0.039815 0.158085 0.986622 0.0737669 0.407118 0.910392 0.039815 0.158085 0.986622 0.0958377 0.417205 0.903745 0.0131167 0.126008 0.991942 -0.0353825 -0.108067 0.993514 -0.00983903 -0.0695042 0.997533 0.0131167 0.126008 0.991942 -0.00983903 -0.0695042 0.997533 0.039815 0.158085 0.986622 -0.0844302 -0.363553 0.92774 -0.0917488 -0.409033 0.907895 -0.0797165 -0.357832 0.930377 -0.0353825 -0.108067 0.993514 -0.0656558 -0.265673 0.961825 -0.0510644 -0.248954 0.967168 -0.0353825 -0.108067 0.993514 -0.0510644 -0.248954 0.967168 -0.00983903 -0.0695042 0.997533 0.238796 0.841349 0.48488 0.139187 0.711653 0.688605 0.154864 0.709631 0.687343 0.238796 0.841349 0.48488 0.154864 0.709631 0.687343 0.252811 0.840347 0.479482 0.0999121 -0.00338159 0.99499 0.0943478 -0.0134635 0.995448 -0.0450979 -0.133972 0.989958 0.0999121 -0.00338159 0.99499 -0.0450979 -0.133972 0.989958 -0.0379113 -0.119741 0.992081 0.626308 0.46604 0.624937 0.627477 0.463529 0.625631 0.504138 0.346921 0.790879 0.626308 0.46604 0.624937 0.504138 0.346921 0.790879 0.528615 0.375868 0.761111 0.528615 0.375868 0.761111 0.504138 0.346921 0.790879 0.290152 0.156814 0.944045 0.528615 0.375868 0.761111 0.290152 0.156814 0.944045 0.291797 0.159177 0.943142 0.291797 0.159177 0.943142 0.290152 0.156814 0.944045 0.0943478 -0.0134635 0.995448 0.291797 0.159177 0.943142 0.0943478 -0.0134635 0.995448 0.0999121 -0.00338159 0.99499 -0.0379113 -0.119741 0.992081 -0.0450979 -0.133972 0.989958 -0.106742 -0.196687 0.974639 -0.0879371 0.120323 0.988832 -0.153072 0.200365 0.967689 -0.15154 0.192847 0.969456 -0.0879371 0.120323 0.988832 -0.15154 0.192847 0.969456 -0.0841632 0.0979872 0.991622 0.505061 -0.629156 0.590826 0.331607 -0.408407 0.850435 0.324615 -0.43103 0.841925 0.505061 -0.629156 0.590826 0.324615 -0.43103 0.841925 0.493349 -0.639743 0.589352 0.331607 -0.408407 0.850435 0.162376 -0.191814 0.967906 0.169279 -0.232079 0.957854 0.331607 -0.408407 0.850435 0.169279 -0.232079 0.957854 0.324615 -0.43103 0.841925 0.162376 -0.191814 0.967906 0.015172 -0.00619279 0.999866 0.0284645 -0.0506466 0.998311 0.162376 -0.191814 0.967906 0.0284645 -0.0506466 0.998311 0.169279 -0.232079 0.957854 -0.153072 0.200365 0.967689 -0.184541 0.236887 0.95385 -0.15154 0.192847 0.969456 0.015172 -0.00619279 0.999866 -0.0879371 0.120323 0.988832 -0.0841632 0.0979872 0.991622 0.015172 -0.00619279 0.999866 -0.0841632 0.0979872 0.991622 0.0284645 -0.0506466 0.998311 0.524629 -0.76686 0.369717 0.505061 -0.629156 0.590826 0.493349 -0.639743 0.589352 0.524629 -0.76686 0.369717 0.493349 -0.639743 0.589352 0.514457 -0.776397 0.364063 0.132761 -0.0677173 0.988832 0.227 -0.109772 0.967689 0.22224 -0.10375 0.969456 0.132761 -0.0677173 0.988832 0.22224 -0.10375 0.969456 0.119315 -0.0494824 0.991623 -0.73458 0.333633 0.590831 -0.480195 0.21488 0.850435 -0.484164 0.238228 0.841922 -0.73458 0.333633 0.590831 -0.484164 0.238228 0.841922 -0.728913 0.348371 0.589342 -0.480195 0.21488 0.850435 -0.231447 0.0979257 0.967906 -0.255773 0.130746 0.957855 -0.480195 0.21488 0.850435 -0.255773 0.130746 0.957855 -0.484164 0.238228 0.841922 -0.231447 0.0979257 0.967906 -0.0163363 -0.00132081 0.999866 -0.0482536 0.0323552 0.998311 -0.231447 0.0979257 0.967906 -0.0482536 0.0323552 0.998311 -0.255773 0.130746 0.957855 0.227 -0.109772 0.967689 0.271551 -0.128164 0.953852 0.22224 -0.10375 0.969456 -0.0163363 -0.00132081 0.999866 0.132761 -0.0677173 0.988832 0.119315 -0.0494824 0.991623 -0.0163363 -0.00132081 0.999866 0.119315 -0.0494824 0.991623 -0.0482536 0.0323552 0.998311 -0.814166 0.447714 0.369711 -0.73458 0.333633 0.590831 -0.728913 0.348371 0.589342 -0.814166 0.447714 0.369711 -0.728913 0.348371 0.589342 -0.809389 0.460818 0.364056 0.100044 0.110466 0.988832 0.165246 0.190452 0.967689 0.158194 0.18743 0.969456 0.100044 0.110466 0.988832 0.158194 0.18743 0.969456 0.0789315 0.102248 0.991622 -0.513896 -0.621949 0.590839 -0.332856 -0.407396 0.850433 -0.35643 -0.405128 0.84192 -0.513896 -0.621949 0.590839 -0.35643 -0.405128 0.84192 -0.526634 -0.612628 0.589359 -0.332856 -0.407396 0.850433 -0.154978 -0.197835 0.967907 -0.193014 -0.212743 0.957855 -0.332856 -0.407396 0.850433 -0.193014 -0.212743 0.957855 -0.35643 -0.405128 0.84192 -0.154978 -0.197835 0.967907 -0.00299094 -0.0161152 0.999866 -0.0438359 -0.038129 0.998311 -0.154978 -0.197835 0.967907 -0.0438359 -0.038129 0.998311 -0.193014 -0.212743 0.957855 0.165246 0.190452 0.967689 0.194642 0.22866 0.95385 0.158194 0.18743 0.969456 -0.00299094 -0.0161152 0.999866 0.100044 0.110466 0.988832 0.0789315 0.102248 0.991622 -0.00299094 -0.0161152 0.999866 0.0789315 0.102248 0.991622 -0.0438359 -0.038129 0.998311 -0.644812 -0.668976 0.369716 -0.513896 -0.621949 0.590839 -0.526634 -0.612628 0.589359 -0.644812 -0.668976 0.369716 -0.526634 -0.612628 0.589359 -0.656214 -0.660942 0.36406 0.0805778 -0.048057 0.995589 0.0711469 -0.0415109 0.996602 -0.0358057 0.108652 0.993435 0.0805778 -0.048057 0.995589 -0.0358057 0.108652 0.993435 -0.0221728 0.100218 0.994718 0.462044 -0.636345 0.617722 0.459513 -0.637224 0.618704 0.370925 -0.494715 0.785921 0.462044 -0.636345 0.617722 0.370925 -0.494715 0.785921 0.394542 -0.52341 0.755234 0.394542 -0.52341 0.755234 0.370925 -0.494715 0.785921 0.216827 -0.255497 0.942182 0.394542 -0.52341 0.755234 0.216827 -0.255497 0.942182 0.218934 -0.25741 0.941174 0.218934 -0.25741 0.941174 0.216827 -0.255497 0.942182 0.0711469 -0.0415109 0.996602 0.218934 -0.25741 0.941174 0.0711469 -0.0415109 0.996602 0.0805778 -0.048057 0.995589 -0.0221728 0.100218 0.994718 -0.0358057 0.108652 0.993435 -0.093651 0.175301 0.980051 -0.133143 0.0592955 0.989321 -0.122208 0.0560216 0.990922 0.0256822 -0.0538498 0.998219 -0.133143 0.0592955 0.989321 0.0256822 -0.0538498 0.998219 0.010076 -0.0499882 0.998699 -0.660478 0.486221 0.572152 -0.658374 0.487881 0.573164 -0.537479 0.386174 0.749657 -0.660478 0.486221 0.572152 -0.537479 0.386174 0.749657 -0.567451 0.404984 0.71693 -0.567451 0.404984 0.71693 -0.537479 0.386174 0.749657 -0.324093 0.21238 0.921878 -0.567451 0.404984 0.71693 -0.324093 0.21238 0.921878 -0.326639 0.213512 0.920717 -0.326639 0.213512 0.920717 -0.324093 0.21238 0.921878 -0.122208 0.0560216 0.990922 -0.326639 0.213512 0.920717 -0.122208 0.0560216 0.990922 -0.133143 0.0592955 0.989321 0.010076 -0.0499882 0.998699 0.0256822 -0.0538498 0.998219 0.101692 -0.099879 0.989789 -0.143843 0.0390024 0.988832 -0.244706 0.0607852 0.96769 -0.238815 0.0558775 0.969456 -0.143843 0.0390024 0.988832 -0.238815 0.0558775 0.969456 -0.126939 0.0239217 0.991622 0.787451 -0.175603 0.590834 0.514097 -0.11166 0.850433 0.522776 -0.133693 0.841921 0.787451 -0.175603 0.590834 0.522776 -0.133693 0.841921 0.784927 -0.191186 0.589354 0.514097 -0.11166 0.850433 0.24663 -0.0482935 0.967906 0.27718 -0.0754182 0.957854 0.514097 -0.11166 0.850433 0.27718 -0.0754182 0.957854 0.522776 -0.133693 0.841921 0.24663 -0.0482935 0.967906 0.015714 0.00465145 0.999866 0.0538707 -0.021752 0.998311 0.24663 -0.0482935 0.967906 0.0538707 -0.021752 0.998311 0.27718 -0.0754182 0.957854 -0.244706 0.0607852 0.96769 -0.292102 0.0696365 0.953849 -0.238815 0.0558775 0.969456 0.015714 0.00465145 0.999866 -0.143843 0.0390024 0.988832 -0.126939 0.0239217 0.991622 0.015714 0.00465145 0.999866 -0.126939 0.0239217 0.991622 0.0538707 -0.021752 0.998311 0.888774 -0.270912 0.369712 0.787451 -0.175603 0.590834 0.784927 -0.191186 0.589354 0.888774 -0.270912 0.369712 0.784927 -0.191186 0.589354 0.886791 -0.284719 0.364057 0.0812001 -0.400873 0.912528 0.084481 -0.421967 0.902667 0.207976 -0.220338 0.952994 0.0812001 -0.400873 0.912528 0.207976 -0.220338 0.952994 0.204531 -0.208572 0.956381 -0.179984 -0.760894 0.623415 -0.17673 -0.759521 0.626014 -0.13204 -0.724751 0.67624 -0.179984 -0.760894 0.623415 -0.13204 -0.724751 0.67624 -0.139152 -0.71937 0.680546 -0.139152 -0.71937 0.680546 -0.13204 -0.724751 0.67624 -0.0439017 -0.600802 0.798192 -0.139152 -0.71937 0.680546 -0.0439017 -0.600802 0.798192 -0.0477782 -0.585269 0.809431 -0.0477782 -0.585269 0.809431 -0.0439017 -0.600802 0.798192 0.084481 -0.421967 0.902667 -0.0477782 -0.585269 0.809431 0.084481 -0.421967 0.902667 0.0812001 -0.400873 0.912528 0.204531 -0.208572 0.956381 0.207976 -0.220338 0.952994 0.285495 -0.094112 0.953748 -0.189799 -0.768626 0.610894 -0.191795 -0.769119 0.609648 -0.195096 -0.771252 0.605894 -0.189799 -0.768626 0.610894 -0.195096 -0.771252 0.605894 -0.19519 -0.771537 0.605501 -0.17673 -0.759521 0.626014 -0.179984 -0.760894 0.623415 -0.191795 -0.769119 0.609648 -0.17673 -0.759521 0.626014 -0.191795 -0.769119 0.609648 -0.189799 -0.768626 0.610894 0.0413203 0.188349 0.981233 0.0439404 0.175224 0.983548 0.00428472 0.0114618 0.999925 0.0413203 0.188349 0.981233 0.00428472 0.0114618 0.999925 0.00078812 0.0278012 0.999613 0.193434 0.795943 0.573636 0.195822 0.794714 0.574528 0.161263 0.648405 0.744019 0.193434 0.795943 0.573636 0.161263 0.648405 0.744019 0.164095 0.682769 0.711969 0.164095 0.682769 0.711969 0.161263 0.648405 0.744019 0.0994496 0.400543 0.910865 0.164095 0.682769 0.711969 0.0994496 0.400543 0.910865 0.0986437 0.405331 0.908833 0.0986437 0.405331 0.908833 0.0994496 0.400543 0.910865 0.0439404 0.175224 0.983548 0.0986437 0.405331 0.908833 0.0439404 0.175224 0.983548 0.0413203 0.188349 0.981233 0.00078812 0.0278012 0.999613 0.00428472 0.0114618 0.999925 -0.00731165 -0.0718189 0.997391 -0.184989 -0.201673 0.961825 -0.248391 -0.27857 0.92774 -0.241511 -0.275809 0.930377 -0.184989 -0.201673 0.961825 -0.241511 -0.275809 0.930377 -0.164168 -0.193996 0.967168 0.463333 0.557805 0.688605 0.25992 0.321914 0.910392 0.284124 0.320185 0.903745 0.463333 0.557805 0.688605 0.284124 0.320185 0.903745 0.476122 0.548514 0.687343 0.25992 0.321914 0.910392 0.0719223 0.104294 0.991942 0.110731 0.119645 0.986622 0.25992 0.321914 0.910392 0.110731 0.119645 0.986622 0.284124 0.320185 0.903745 0.0719223 0.104294 0.991942 -0.0828609 -0.077874 0.993514 -0.0419566 -0.0562786 0.997533 0.0719223 0.104294 0.991942 -0.0419566 -0.0562786 0.997533 0.110731 0.119645 0.986622 -0.248391 -0.27857 0.92774 -0.276618 -0.314974 0.907895 -0.241511 -0.275809 0.930377 -0.0828609 -0.077874 0.993514 -0.184989 -0.201673 0.961825 -0.164168 -0.193996 0.967168 -0.0828609 -0.077874 0.993514 -0.164168 -0.193996 0.967168 -0.0419566 -0.0562786 0.997533 0.612927 0.623869 0.48488 0.463333 0.557805 0.688605 0.476122 0.548514 0.687343 0.612927 0.623869 0.48488 0.476122 0.548514 0.687343 0.624747 0.61627 0.479482 0.0860599 -0.050868 0.99499 0.0763432 -0.0570481 0.995448 -0.103807 -0.0959507 0.989958 0.0860599 -0.050868 0.99499 -0.103807 -0.0959507 0.989958 -0.090677 -0.0869066 0.992081 0.773068 0.10872 0.624937 0.77289 0.105957 0.625631 0.608746 0.0627553 0.790879 0.773068 0.10872 0.624937 0.608746 0.0627553 0.790879 0.644104 0.0764237 0.761111 0.644104 0.0764237 0.761111 0.608746 0.0627553 0.790879 0.329813 -0.00148939 0.944045 0.644104 0.0764237 0.761111 0.329813 -0.00148939 0.944045 0.332389 -0.000203812 0.943142 0.332389 -0.000203812 0.943142 0.329813 -0.00148939 0.944045 0.0763432 -0.0570481 0.995448 0.332389 -0.000203812 0.943142 0.0763432 -0.0570481 0.995448 0.0860599 -0.050868 0.99499 -0.090677 -0.0869066 0.992081 -0.103807 -0.0959507 0.989958 -0.187972 -0.121434 0.974639 -0.0194861 0.147753 0.988832 -0.038273 0.249224 0.967689 -0.0405327 0.241892 0.969456 -0.0194861 0.147753 0.988832 -0.0405327 0.241892 0.969456 -0.0268826 0.126342 0.991622 0.141599 -0.794276 0.590826 0.095212 -0.517392 0.850435 0.0782301 -0.533893 0.841925 0.141599 -0.794276 0.590826 0.0782301 -0.533893 0.841925 0.126246 -0.797952 0.589352 0.095212 -0.517392 0.850435 0.0505374 -0.24618 0.967906 0.0372917 -0.284825 0.957854 0.095212 -0.517392 0.850435 0.0372917 -0.284825 0.957854 0.0782301 -0.533893 0.841925 0.0505374 -0.24618 0.967906 0.0103457 -0.0127085 0.999866 0.000698707 -0.0580932 0.998311 0.0505374 -0.24618 0.967906 0.000698707 -0.0580932 0.998311 0.0372917 -0.284825 0.957854 -0.038273 0.249224 0.967689 -0.0483807 0.296361 0.95385 -0.0405327 0.241892 0.969456 0.0103457 -0.0127085 0.999866 -0.0194861 0.147753 0.988832 -0.0268826 0.126342 0.991622 0.0103457 -0.0127085 0.999866 -0.0268826 0.126342 0.991622 0.000698707 -0.0580932 0.998311 0.0927531 -0.924503 0.369717 0.141599 -0.794276 0.590826 0.126246 -0.797952 0.589352 0.0927531 -0.924503 0.369717 0.126246 -0.797952 0.589352 0.0792539 -0.927996 0.364063 0.0840434 -0.123077 0.988832 0.146583 -0.205164 0.967689 0.145293 -0.197597 0.969456 0.0840434 -0.123077 0.988832 0.145293 -0.197597 0.969456 0.0809853 -0.100627 0.991623 -0.484702 0.644967 0.590831 -0.318392 0.418792 0.850435 -0.310681 0.441185 0.841922 -0.484702 0.644967 0.590831 -0.310681 0.441185 0.841922 -0.472663 0.655184 0.589342 -0.318392 0.418792 0.850435 -0.156166 0.1969 0.967906 -0.161779 0.237364 0.957855 -0.318392 0.418792 0.850435 -0.161779 0.237364 0.957855 -0.310681 0.441185 0.841922 -0.156166 0.1969 0.967906 -0.0149697 0.00667294 0.999866 -0.0268346 0.0515284 0.998311 -0.156166 0.1969 0.967906 -0.0268346 0.0515284 0.998311 -0.161779 0.237364 0.957855 0.146583 -0.205164 0.967689 0.176863 -0.242663 0.953852 0.145293 -0.197597 0.969456 -0.0149697 0.00667294 0.999866 0.0840434 -0.123077 0.988832 0.0809853 -0.100627 0.991623 -0.0149697 0.00667294 0.999866 0.0809853 -0.100627 0.991623 -0.0268346 0.0515284 0.998311 -0.499852 0.783238 0.369711 -0.484702 0.644967 0.590831 -0.472663 0.655184 0.589342 -0.499852 0.783238 0.369711 -0.472663 0.655184 0.589342 -0.489377 0.792448 0.364056 0.140757 0.0489788 0.988832 0.236324 0.0879137 0.967689 0.228687 0.0886427 0.969456 0.140757 0.0489788 0.988832 0.228687 0.0886427 0.969456 0.118289 0.0518894 0.991622 -0.749165 -0.299436 0.590839 -0.487425 -0.197944 0.850433 -0.507025 -0.184652 0.84192 -0.749165 -0.299436 0.590839 -0.507025 -0.184652 0.84192 -0.755874 -0.28515 0.589359 -0.487425 -0.197944 0.850433 -0.230853 -0.099316 0.967907 -0.271381 -0.0941634 0.957855 -0.487425 -0.197944 0.850433 -0.271381 -0.0941634 0.957855 -0.507025 -0.184652 0.84192 -0.230853 -0.099316 0.967907 -0.0103508 -0.0127084 0.999866 -0.0567497 -0.0124453 0.998311 -0.230853 -0.099316 0.967907 -0.0567497 -0.0124453 0.998311 -0.271381 -0.0941634 0.957855 0.236324 0.0879137 0.967689 0.280439 0.107352 0.95385 0.228687 0.0886427 0.969456 -0.0103508 -0.0127084 0.999866 0.140757 0.0489788 0.988832 0.118289 0.0518894 0.991622 -0.0103508 -0.0127084 0.999866 0.118289 0.0518894 0.991622 -0.0567497 -0.0124453 0.998311 -0.886599 -0.277942 0.369716 -0.749165 -0.299436 0.590839 -0.755874 -0.28515 0.589359 -0.886599 -0.277942 0.369716 -0.755874 -0.28515 0.589359 -0.892754 -0.265425 0.36406 0.047674 -0.0808051 0.995589 0.0425359 -0.0705388 0.996602 0.0206683 0.112518 0.993435 0.047674 -0.0808051 0.995589 0.0206683 0.112518 0.993435 0.0285886 0.0985797 0.994718 0.100401 -0.779961 0.617722 0.0977589 -0.779519 0.618704 0.0883381 -0.611984 0.785921 0.100401 -0.779961 0.617722 0.0883381 -0.611984 0.785921 0.095307 -0.648489 0.755234 0.095307 -0.648489 0.755234 0.0883381 -0.611984 0.785921 0.0677921 -0.328172 0.942182 0.095307 -0.648489 0.755234 0.0677921 -0.328172 0.942182 0.0687242 -0.330861 0.941174 0.0687242 -0.330861 0.941174 0.0677921 -0.328172 0.942182 0.0425359 -0.0705388 0.996602 0.0687242 -0.330861 0.941174 0.0425359 -0.0705388 0.996602 0.047674 -0.0808051 0.995589 0.0285886 0.0985797 0.994718 0.0206683 0.112518 0.993435 0.00185706 0.198739 0.980051 -0.0884159 0.115869 0.989321 -0.0803894 0.107753 0.990922 -0.00327876 -0.0595704 0.998219 -0.0884159 0.115869 0.989321 -0.00327876 -0.0595704 0.998219 -0.0151231 -0.0486994 0.998699 -0.346517 0.743349 0.572152 -0.343875 0.743797 0.573164 -0.286541 0.596581 0.749657 -0.346517 0.743349 0.572152 -0.286541 0.596581 0.749657 -0.303825 0.627457 0.71693 -0.303825 0.627457 0.71693 -0.286541 0.596581 0.749657 -0.182598 0.34176 0.921878 -0.303825 0.627457 0.71693 -0.182598 0.34176 0.921878 -0.18429 0.343973 0.920717 -0.18429 0.343973 0.920717 -0.182598 0.34176 0.921878 -0.0803894 0.107753 0.990922 -0.18429 0.343973 0.920717 -0.0803894 0.107753 0.990922 -0.0884159 0.115869 0.989321 -0.0151231 -0.0486994 0.998699 -0.00327876 -0.0595704 0.998219 0.0413583 -0.136406 0.989789 -0.107535 0.10319 0.988832 -0.185608 0.170662 0.96769 -0.182791 0.163531 0.969456 -0.107535 0.10319 0.988832 -0.182791 0.163531 0.969456 -0.0999306 0.081851 0.991622 0.606865 -0.53163 0.590834 0.39763 -0.344462 0.850433 0.394684 -0.367959 0.841921 0.606865 -0.53163 0.590834 0.394684 -0.367959 0.841921 0.597178 -0.544095 0.589354 0.39763 -0.344462 0.850433 0.193285 -0.160622 0.967906 0.207091 -0.199073 0.957854 0.39763 -0.344462 0.850433 0.207091 -0.199073 0.957854 0.394684 -0.367959 0.841921 0.193285 -0.160622 0.967906 0.0160203 -0.00345166 0.999866 0.0368476 -0.0449161 0.998311 0.193285 -0.160622 0.967906 0.0368476 -0.0449161 0.998311 0.207091 -0.199073 0.957854 -0.185608 0.170662 0.96769 -0.222958 0.201153 0.953849 -0.182791 0.163531 0.969456 0.0160203 -0.00345166 0.999866 -0.107535 0.10319 0.988832 -0.0999306 0.081851 0.991622 0.0160203 -0.00345166 0.999866 -0.0999306 0.081851 0.991622 0.0368476 -0.0449161 0.998311 0.650091 -0.663849 0.369712 0.606865 -0.53163 0.590834 0.597178 -0.544095 0.589354 0.650091 -0.663849 0.369712 0.597178 -0.544095 0.589354 0.641731 -0.675014 0.364057 -0.120929 -0.390728 0.912528 -0.128163 -0.410813 0.902667 0.0768808 -0.293074 0.952994 -0.120929 -0.390728 0.912528 0.0768808 -0.293074 0.952994 0.0794977 -0.281096 0.956381 -0.522743 -0.581458 0.623415 -0.519229 -0.581814 0.626014 -0.463341 -0.572726 0.67624 -0.522743 -0.581458 0.623415 -0.463341 -0.572726 0.67624 -0.467002 -0.564593 0.680546 -0.467002 -0.564593 0.680546 -0.463341 -0.572726 0.67624 -0.326567 -0.506205 0.798192 -0.467002 -0.564593 0.680546 -0.326567 -0.506205 0.798192 -0.322522 -0.490715 0.809431 -0.322522 -0.490715 0.809431 -0.326567 -0.506205 0.798192 -0.128163 -0.410813 0.902667 -0.322522 -0.490715 0.809431 -0.128163 -0.410813 0.902667 -0.120929 -0.390728 0.912528 0.0794977 -0.281096 0.956381 0.0768808 -0.293074 0.952994 0.205426 -0.219465 0.953748 -0.535063 -0.583538 0.610894 -0.537052 -0.583014 0.609648 -0.540971 -0.583304 0.605894 -0.535063 -0.583538 0.610894 -0.540971 -0.583304 0.605894 -0.54119 -0.583508 0.605501 -0.519229 -0.581814 0.626014 -0.522743 -0.581458 0.623415 -0.537052 -0.583014 0.609648 -0.519229 -0.581814 0.626014 -0.537052 -0.583014 0.609648 -0.535063 -0.583538 0.610894 0.126561 0.145481 0.981233 0.122568 0.132708 0.983548 0.00925527 0.00800447 0.999925 0.126561 0.145481 0.981233 0.00925527 0.00800447 0.999925 0.0140203 0.02402 0.999613 0.55135 0.605768 0.573636 0.552856 0.603546 0.574528 0.452384 0.491715 0.744019 0.55135 0.605768 0.573636 0.452384 0.491715 0.744019 0.471343 0.520515 0.711969 0.471343 0.520515 0.711969 0.452384 0.491715 0.744019 0.279306 0.303831 0.910865 0.471343 0.520515 0.711969 0.279306 0.303831 0.910865 0.280894 0.308419 0.908833 0.280894 0.308419 0.908833 0.279306 0.303831 0.910865 0.122568 0.132708 0.983548 0.280894 0.308419 0.908833 0.122568 0.132708 0.983548 0.126561 0.145481 0.981233 0.0140203 0.02402 0.999613 0.00925527 0.00800447 0.999925 -0.0408484 -0.0595216 0.997391 -0.25903 -0.0882965 0.961825 -0.351537 -0.125383 0.92774 -0.344176 -0.126258 0.930377 -0.25903 -0.0882965 0.961825 -0.344176 -0.126258 0.930377 -0.237078 -0.0915413 0.967168 0.674039 0.267386 0.688605 0.382435 0.157894 0.910392 0.402847 0.144772 0.903745 0.674039 0.267386 0.688605 0.402847 0.144772 0.903745 0.680807 0.253101 0.687343 0.382435 0.157894 0.910392 0.113119 0.057045 0.991942 0.154536 0.0519107 0.986622 0.382435 0.157894 0.910392 0.154536 0.0519107 0.986622 0.402847 0.144772 0.903745 0.113119 0.057045 0.991942 -0.110052 -0.0286153 0.993514 -0.0638018 -0.029274 0.997533 0.113119 0.057045 0.991942 -0.0638018 -0.029274 0.997533 0.154536 0.0519107 0.986622 -0.351537 -0.125383 0.92774 -0.393762 -0.143798 0.907895 -0.344176 -0.126258 0.930377 -0.110052 -0.0286153 0.993514 -0.25903 -0.0882965 0.961825 -0.237078 -0.0915413 0.967168 -0.110052 -0.0286153 0.993514 -0.237078 -0.0915413 0.967168 -0.0638018 -0.029274 0.997533 0.836993 0.253643 0.48488 0.674039 0.267386 0.688605 0.680807 0.253101 0.687343 0.836993 0.253643 0.48488 0.680807 0.253101 0.687343 0.843722 0.241309 0.479482 0.0511372 -0.0859002 0.99499 0.0396472 -0.0866653 0.995448 -0.1371 -0.034437 0.989958 0.0511372 -0.0859002 0.99499 -0.1371 -0.034437 0.989958 -0.121242 -0.0327948 0.992081 0.730554 -0.275218 0.624937 0.729073 -0.277557 0.625631 0.564311 -0.236775 0.790879 0.730554 -0.275218 0.624937 0.564311 -0.236775 0.790879 0.601894 -0.241732 0.761111 0.601894 -0.241732 0.761111 0.564311 -0.236775 0.790879 0.288724 -0.159428 0.944045 0.601894 -0.241732 0.761111 0.288724 -0.159428 0.944045 0.291601 -0.159535 0.943142 0.291601 -0.159535 0.943142 0.288724 -0.159428 0.944045 0.0396472 -0.0866653 0.995448 0.291601 -0.159535 0.943142 0.0396472 -0.0866653 0.995448 0.0511372 -0.0859002 0.99499 -0.121242 -0.0327948 0.992081 -0.1371 -0.034437 0.989958 -0.223179 -0.0164502 0.974639 0.0537358 0.139007 0.988832 0.0858964 0.237063 0.967689 0.0803981 0.231712 0.969456 0.0537358 0.139007 0.988832 0.0803981 0.231712 0.969456 0.0369798 0.123764 0.991622 -0.256531 -0.764929 0.590826 -0.164495 -0.499702 0.850435 -0.187309 -0.506041 0.841925 -0.256531 -0.764929 0.590826 -0.187309 -0.506041 0.841925 -0.271768 -0.760794 0.589352 -0.164495 -0.499702 0.850435 -0.0736742 -0.240272 0.967906 -0.103826 -0.267836 0.957854 -0.164495 -0.499702 0.850435 -0.103826 -0.267836 0.957854 -0.187309 -0.506041 0.841925 -0.0736742 -0.240272 0.967906 0.00298641 -0.0161128 0.999866 -0.0272382 -0.0513166 0.998311 -0.0736742 -0.240272 0.967906 -0.0272382 -0.0513166 0.998311 -0.103826 -0.267836 0.957854 0.0858964 0.237063 0.967689 0.0996251 0.283276 0.95385 0.0803981 0.231712 0.969456 0.00298641 -0.0161128 0.999866 0.0537358 0.139007 0.988832 0.0369798 0.123764 0.991622 0.00298641 -0.0161128 0.999866 0.0369798 0.123764 0.991622 -0.0272382 -0.0513166 0.998311 -0.361832 -0.855796 0.369717 -0.256531 -0.764929 0.590826 -0.271768 -0.760794 0.589352 -0.361832 -0.855796 0.369717 -0.271768 -0.760794 0.589352 -0.375353 -0.85239 0.364063 0.014749 -0.148302 0.988832 0.0302781 -0.250324 0.967689 0.032774 -0.243065 0.969456 0.014749 -0.148302 0.988832 0.032774 -0.243065 0.969456 0.022828 -0.127135 0.991623 -0.116153 0.798391 0.590831 -0.0786353 0.52017 0.850435 -0.0611327 0.536125 0.841922 -0.116153 0.798391 0.590831 -0.0611327 0.536125 0.841922 -0.100689 0.801585 0.589342 -0.0786353 0.52017 0.850435 -0.0426499 0.247666 0.967906 -0.0281755 0.285868 0.957855 -0.0786353 0.52017 0.850435 -0.0281755 0.285868 0.957855 -0.0611327 0.536125 0.841922 -0.0426499 0.247666 0.967906 -0.00993798 0.0130329 0.999866 0.00115445 0.0580856 0.998311 -0.0426499 0.247666 0.967906 0.00115445 0.0580856 0.998311 -0.0281755 0.285868 0.957855 0.0302781 -0.250324 0.967689 0.038873 -0.29775 0.953852 0.032774 -0.243065 0.969456 -0.00993798 0.0130329 0.999866 0.014749 -0.148302 0.988832 0.022828 -0.127135 0.991623 -0.00993798 0.0130329 0.999866 0.022828 -0.127135 0.991623 0.00115445 0.0580856 0.998311 -0.0631571 0.926998 0.369711 -0.116153 0.798391 0.590831 -0.100689 0.801585 0.589342 -0.0631571 0.926998 0.369711 -0.100689 0.801585 0.589342 -0.0495492 0.930058 0.364056 0.147008 -0.0244997 0.988832 0.249542 -0.0361484 0.967689 0.243189 -0.0318471 0.969456 0.147008 -0.0244997 0.988832 0.243189 -0.0318471 0.969456 0.128686 -0.0111737 0.991622 -0.801011 0.0963886 0.590839 -0.522655 0.0599714 0.850433 -0.533483 0.0810338 0.84192 -0.801011 0.0963886 0.590839 -0.533483 0.0810338 0.84192 -0.80005 0.112142 0.589359 -0.522655 0.0599714 0.850433 -0.250207 0.0235189 0.967907 -0.283303 0.0474706 0.957855 -0.522655 0.0599714 0.850433 -0.283303 0.0474706 0.957855 -0.533483 0.0810338 0.84192 -0.250207 0.0235189 0.967907 -0.0151764 -0.00619027 0.999866 -0.0557691 0.0162855 0.998311 -0.250207 0.0235189 0.967907 -0.0557691 0.0162855 0.998311 -0.283303 0.0474706 0.957855 0.249542 -0.0361484 0.967689 0.297576 -0.0402399 0.95385 0.243189 -0.0318471 0.969456 -0.0151764 -0.00619027 0.999866 0.147008 -0.0244997 0.988832 0.128686 -0.0111737 0.991622 -0.0151764 -0.00619027 0.999866 0.128686 -0.0111737 0.991622 -0.0557691 0.0162855 0.998311 -0.911317 0.181141 0.369716 -0.801011 0.0963886 0.590839 -0.80005 0.112142 0.589359 -0.911317 0.181141 0.369716 -0.80005 0.112142 0.589359 -0.910717 0.195076 0.36406 0.00309782 -0.0937692 0.995589 0.00351063 -0.0822965 0.996602 0.072082 0.0888346 0.993435 0.00309782 -0.0937692 0.995589 0.072082 0.0888346 0.993435 0.0723505 0.0728058 0.994718 -0.285823 -0.732615 0.617722 -0.28793 -0.73096 0.618704 -0.215877 -0.579418 0.785921 -0.285823 -0.732615 0.617722 -0.215877 -0.579418 0.785921 -0.227262 -0.614795 0.755234 -0.227262 -0.614795 0.755234 -0.215877 -0.579418 0.785921 -0.0978408 -0.320499 0.942182 -0.227262 -0.614795 0.755234 -0.0978408 -0.320499 0.942182 -0.0983122 -0.323306 0.941174 -0.0983122 -0.323306 0.941174 -0.0978408 -0.320499 0.942182 0.00351063 -0.0822965 0.996602 -0.0983122 -0.323306 0.941174 0.00351063 -0.0822965 0.996602 0.00309782 -0.0937692 0.995589 0.0723505 0.0728058 0.994718 0.072082 0.0888346 0.993435 0.0969105 0.17352 0.980051 -0.0220419 0.144073 0.989321 -0.0188887 0.133103 0.990922 -0.0314369 -0.050706 0.998219 -0.0220419 0.144073 0.989321 -0.0314369 -0.050706 0.998219 -0.0366195 -0.0354874 0.998699 0.0522828 0.818479 0.572152 0.0548166 0.817605 0.573164 0.0345532 0.660924 0.749657 0.0522828 0.818479 0.572152 0.0345532 0.660924 0.749657 0.0341872 0.696307 0.71693 0.0341872 0.696307 0.71693 0.0345532 0.660924 0.749657 0.00360317 0.387464 0.921878 0.0341872 0.696307 0.71693 0.00360317 0.387464 0.921878 0.0031803 0.390218 0.920717 0.0031803 0.390218 0.920717 0.00360317 0.387464 0.921878 -0.0188887 0.133103 0.990922 0.0031803 0.390218 0.920717 -0.0188887 0.133103 0.990922 -0.0220419 0.144073 0.989321 -0.0366195 -0.0354874 0.998699 -0.0314369 -0.050706 0.998219 -0.029101 -0.139536 0.989789 -0.0448992 0.142113 0.988832 -0.0810661 0.238755 0.96769 -0.082013 0.231147 0.969456 -0.0448992 0.142113 0.988832 -0.082013 0.231147 0.969456 -0.0484559 0.11974 0.991622 0.277697 -0.757496 0.590834 0.18381 -0.492928 0.850433 0.169959 -0.512136 0.841921 0.277697 -0.757496 0.590834 0.169959 -0.512136 0.841921 0.26322 -0.763791 0.589354 0.18381 -0.492928 0.850433 0.0926172 -0.233625 0.967906 0.0862985 -0.273987 0.957854 0.18381 -0.492928 0.850433 0.0862985 -0.273987 0.957854 0.169959 -0.512136 0.841921 0.0926172 -0.233625 0.967906 0.0124044 -0.0107097 0.999866 0.0108028 -0.0570833 0.998311 0.0926172 -0.233625 0.967906 0.0108028 -0.0570833 0.998311 0.0862985 -0.273987 0.957854 -0.0810661 0.238755 0.96769 -0.0992263 0.28342 0.953849 -0.082013 0.231147 0.969456 0.0124044 -0.0107097 0.999866 -0.0448992 0.142113 0.988832 -0.0484559 0.11974 0.991622 0.0124044 -0.0107097 0.999866 -0.0484559 0.11974 0.991622 0.0108028 -0.0570833 0.998311 0.252242 -0.894252 0.369712 0.277697 -0.757496 0.590834 0.26322 -0.763791 0.589354 0.252242 -0.894252 0.369712 0.26322 -0.763791 0.589354 0.239553 -0.900043 0.364057 -0.29345 -0.28492 0.912528 -0.309428 -0.299078 0.902667 -0.0730379 -0.294055 0.952994 -0.29345 -0.28492 0.912528 -0.0730379 -0.294055 0.952994 -0.064999 -0.284799 0.956381 -0.737516 -0.259662 0.623415 -0.734603 -0.261658 0.626014 -0.681199 -0.280477 0.67624 -0.737516 -0.259662 0.623415 -0.681199 -0.280477 0.67624 -0.680513 -0.271585 0.680546 -0.680513 -0.271585 0.680546 -0.681199 -0.280477 0.67624 -0.529277 -0.287672 0.798192 -0.680513 -0.271585 0.680546 -0.529277 -0.287672 0.798192 -0.518301 -0.276018 0.809431 -0.518301 -0.276018 0.809431 -0.529277 -0.287672 0.798192 -0.309428 -0.299078 0.902667 -0.518301 -0.276018 0.809431 -0.309428 -0.299078 0.902667 -0.29345 -0.28492 0.912528 -0.064999 -0.284799 0.956381 -0.0730379 -0.294055 0.952994 0.0750613 -0.291085 0.953748 -0.749325 -0.25558 0.610894 -0.750819 -0.254166 0.609648 -0.754397 -0.252542 0.605894 -0.749325 -0.25558 0.610894 -0.754397 -0.252542 0.605894 -0.754688 -0.252617 0.605501 -0.734603 -0.261658 0.626014 -0.737516 -0.259662 0.623415 -0.750819 -0.254166 0.609648 -0.734603 -0.261658 0.626014 -0.750819 -0.254166 0.609648 -0.749325 -0.25558 0.610894 0.180815 0.0669953 0.981233 0.171187 0.0576996 0.983548 0.0119598 0.00258737 0.999925 0.180815 0.0669953 0.981233 0.0119598 0.00258737 0.999925 0.0238198 0.0143579 0.999613 0.774276 0.267281 0.573636 0.774532 0.264608 0.574528 0.632745 0.214636 0.744019 0.774276 0.267281 0.573636 0.632745 0.214636 0.744019 0.663191 0.230821 0.711969 0.663191 0.230821 0.711969 0.632745 0.214636 0.744019 0.390778 0.13273 0.910865 0.663191 0.230821 0.711969 0.390778 0.13273 0.910865 0.394371 0.135995 0.908833 0.394371 0.135995 0.908833 0.390778 0.13273 0.910865 0.171187 0.0576996 0.983548 0.394371 0.135995 0.908833 0.171187 0.0576996 0.983548 0.180815 0.0669953 0.981233 0.0238198 0.0143579 0.999613 0.0119598 0.00258737 0.999925 -0.064384 -0.0326514 0.997391 -0.269652 0.0466983 0.961825 -0.368615 0.0585019 0.92774 -0.362574 0.0542048 0.930377 -0.269652 0.0466983 0.961825 -0.362574 0.0542048 0.930377 -0.251943 0.0333261 0.967168 0.719716 -0.0884977 0.688605 0.411317 -0.0447837 0.910392 0.422939 -0.0660857 0.903745 0.719716 -0.0884977 0.688605 0.422939 -0.0660857 0.903745 0.718808 -0.104279 0.687343 0.411317 -0.0447837 0.910392 0.12662 -0.00417038 0.991942 0.160506 -0.0285328 0.986622 0.411317 -0.0447837 0.910392 0.160506 -0.0285328 0.986622 0.422939 -0.0660857 0.903745 0.12662 -0.00417038 0.991942 -0.110299 0.0276495 0.993514 -0.0700261 0.00489785 0.997533 0.12662 -0.00417038 0.991942 -0.0700261 0.00489785 0.997533 0.160506 -0.0285328 0.986622 -0.368615 0.0585019 0.92774 -0.414499 0.0625851 0.907895 -0.362574 0.0542048 0.930377 -0.110299 0.0276495 0.993514 -0.269652 0.0466983 0.961825 -0.251943 0.0333261 0.967168 -0.110299 0.0276495 0.993514 -0.251943 0.0333261 0.967168 -0.0700261 0.00489785 0.997533 0.856133 -0.178683 0.48488 0.719716 -0.0884977 0.688605 0.718808 -0.104279 0.687343 0.856133 -0.178683 0.48488 0.718808 -0.104279 0.687343 0.856126 -0.192734 0.479482 0.00369438 -0.099901 0.99499 -0.00675588 -0.0950638 0.995448 -0.136827 0.0355081 0.989958 0.00369438 -0.099901 0.99499 -0.136827 0.0355081 0.989958 -0.122122 0.0293462 0.992081 0.509175 -0.591773 0.624937 0.506754 -0.593116 0.625631 0.381714 -0.478335 0.790879 0.509175 -0.591773 0.624937 0.381714 -0.478335 0.790879 0.412319 -0.500703 0.761111 0.412319 -0.500703 0.761111 0.381714 -0.478335 0.790879 0.176945 -0.278333 0.944045 0.412319 -0.500703 0.761111 0.176945 -0.278333 0.944045 0.179419 -0.279806 0.943142 0.179419 -0.279806 0.943142 0.176945 -0.278333 0.944045 -0.00675588 -0.0950638 0.995448 0.179419 -0.279806 0.943142 -0.00675588 -0.0950638 0.995448 0.00369438 -0.099901 0.99499 -0.122122 0.0293462 0.992081 -0.136827 0.0355081 0.989958 -0.203745 0.0925615 0.974639 0.113801 0.0962282 0.988832 0.189035 0.166862 0.967689 0.181645 0.164802 0.969456 0.113801 0.0962282 0.988832 0.181645 0.164802 0.969456 0.0917883 0.0908837 0.991622 -0.591853 -0.548301 0.590826 -0.383927 -0.359666 0.850435 -0.406988 -0.354292 0.841925 -0.591853 -0.548301 0.590826 -0.406988 -0.354292 0.841925 -0.603242 -0.537367 0.589352 -0.383927 -0.359666 0.850435 -0.179848 -0.175537 0.967906 -0.219524 -0.185272 0.957854 -0.383927 -0.359666 0.850435 -0.219524 -0.185272 0.957854 -0.406988 -0.354292 0.841925 -0.179848 -0.175537 0.967906 -0.00510405 -0.015572 0.999866 -0.0485062 -0.0319758 0.998311 -0.179848 -0.175537 0.967906 -0.0485062 -0.0319758 0.998311 -0.219524 -0.185272 0.957854 0.189035 0.166862 0.967689 0.223239 0.200836 0.95385 0.181645 0.164802 0.969456 -0.00510405 -0.015572 0.999866 0.113801 0.0962282 0.988832 0.0917883 0.0908837 0.991622 -0.00510405 -0.015572 0.999866 0.0917883 0.0908837 0.991622 -0.0485062 -0.0319758 0.998311 -0.727828 -0.57756 0.369717 -0.591853 -0.548301 0.590826 -0.603242 -0.537367 0.589352 -0.727828 -0.57756 0.369717 -0.603242 -0.537367 0.589352 -0.738061 -0.568088 0.364063 -0.0581566 -0.137219 0.988832 -0.0934401 -0.234196 0.967689 -0.0877695 -0.229022 0.969456 -0.0581566 -0.137219 0.988832 -0.0877695 -0.229022 0.969456 -0.0409185 -0.122516 0.991623 0.280835 0.75634 0.590831 0.180374 0.494192 0.850435 0.203383 0.499803 0.841922 0.280835 0.75634 0.590831 0.203383 0.499803 0.841922 0.295938 0.75173 0.589342 0.180374 0.494192 0.850435 0.0813085 0.237795 0.967906 0.112326 0.264381 0.957855 0.180374 0.494192 0.850435 0.112326 0.264381 0.957855 0.203383 0.499803 0.841922 0.0813085 0.237795 0.967906 -0.00247309 0.016202 0.999866 0.0288609 0.0504214 0.998311 0.0813085 0.237795 0.967906 0.0288609 0.0504214 0.998311 0.112326 0.264381 0.957855 -0.0934401 -0.234196 0.967689 -0.108635 -0.279937 0.953852 -0.0877695 -0.229022 0.969456 -0.00247309 0.016202 0.999866 -0.0581566 -0.137219 0.988832 -0.0409185 -0.122516 0.991623 -0.00247309 0.016202 0.999866 -0.0409185 -0.122516 0.991623 0.0288609 0.0504214 0.998311 0.389001 0.843796 0.369711 0.280835 0.75634 0.590831 0.295938 0.75173 0.589342 0.389001 0.843796 0.369711 0.295938 0.75173 0.589342 0.40241 0.839958 0.364056 0.117266 -0.0919798 0.988832 0.201663 -0.15136 0.967689 0.19815 -0.14454 0.969456 0.117266 -0.0919798 0.988832 0.19815 -0.14454 0.969456 0.107575 -0.0715011 0.991622 -0.656742 0.468614 0.590839 -0.429921 0.303204 0.850433 -0.429326 0.326879 0.84192 -0.656742 0.468614 0.590839 -0.429326 0.326879 0.84192 -0.648346 0.481979 0.589359 -0.429921 0.303204 0.850433 -0.208302 0.140596 0.967907 -0.225863 0.177482 0.957855 -0.429921 0.303204 0.850433 -0.225863 0.177482 0.957855 -0.429326 0.326879 0.84192 -0.208302 0.140596 0.967907 -0.0162864 0.00184351 0.999866 -0.0411343 0.041029 0.998311 -0.208302 0.140596 0.967907 -0.0411343 0.041029 0.998311 -0.225863 0.177482 0.957855 0.201663 -0.15136 0.967689 0.241855 -0.177979 0.95385 0.19815 -0.14454 0.969456 -0.0162864 0.00184351 0.999866 0.117266 -0.0919798 0.988832 0.107575 -0.0715011 0.991622 -0.0162864 0.00184351 0.999866 0.107575 -0.0715011 0.991622 -0.0411343 0.041029 0.998311 -0.712912 0.595875 0.369716 -0.656742 0.468614 0.590839 -0.648346 0.481979 0.589359 -0.712912 0.595875 0.369716 -0.648346 0.481979 0.589359 -0.705705 0.607817 0.36406 -0.0422368 -0.0837754 0.995589 -0.0363742 -0.073905 0.996602 0.105847 0.0434018 0.993435 -0.0422368 -0.0837754 0.995589 0.105847 0.0434018 0.993435 0.0983985 0.0292064 0.994718 -0.602068 -0.505899 0.617722 -0.603123 -0.503437 0.618704 -0.467237 -0.40499 0.785921 -0.602068 -0.505899 0.617722 -0.467237 -0.40499 0.785921 -0.49419 -0.430578 0.755234 -0.49419 -0.430578 0.755234 -0.467237 -0.40499 0.785921 -0.239519 -0.234357 0.942182 -0.49419 -0.430578 0.755234 -0.239519 -0.234357 0.942182 -0.241278 -0.236595 0.941174 -0.241278 -0.236595 0.941174 -0.239519 -0.234357 0.942182 -0.0363742 -0.073905 0.996602 -0.241278 -0.236595 0.941174 -0.0363742 -0.073905 0.996602 -0.0422368 -0.0837754 0.995589 0.0983985 0.0292064 0.994718 0.105847 0.0434018 0.993435 0.168237 0.105817 0.980051 0.0497288 0.137004 0.989321 0.0472366 0.125865 0.990922 -0.0518983 -0.029427 0.998219 0.0497288 0.137004 0.989321 -0.0518983 -0.029427 0.998219 -0.0491502 -0.0135868 0.998699 0.438282 0.693217 0.572152 0.440087 0.691236 0.573164 0.347187 0.56345 0.749657 0.438282 0.693217 0.572152 0.347187 0.56345 0.749657 0.363829 0.594677 0.71693 0.363829 0.594677 0.71693 0.347187 0.56345 0.749657 0.188922 0.338305 0.921878 0.363829 0.594677 0.71693 0.188922 0.338305 0.921878 0.189872 0.340924 0.920717 0.189872 0.340924 0.920717 0.188922 0.338305 0.921878 0.0472366 0.125865 0.990922 0.189872 0.340924 0.920717 0.0472366 0.125865 0.990922 0.0497288 0.137004 0.989321 -0.0491502 -0.0135868 0.998699 -0.0518983 -0.029427 0.998219 -0.0924355 -0.108502 0.989789 0.0287296 0.146241 0.988832 0.0433232 0.248393 0.96769 0.0388444 0.242169 0.969456 0.0287296 0.146241 0.988832 0.0388444 0.242169 0.969456 0.0148825 0.128313 0.991622 -0.119461 -0.7979 0.590834 -0.0750141 -0.520708 0.850433 -0.0963781 -0.530924 0.841921 -0.119461 -0.7979 0.590834 -0.0963781 -0.530924 0.841921 -0.135184 -0.796484 0.589354 -0.0750141 -0.520708 0.850433 -0.0307266 -0.249428 0.967906 -0.0556224 -0.28182 0.957854 -0.0750141 -0.520708 0.850433 -0.0556224 -0.28182 0.957854 -0.0963781 -0.530924 0.841921 -0.0307266 -0.249428 0.967906 0.00575136 -0.0153456 0.999866 -0.0178868 -0.0552745 0.998311 -0.0307266 -0.249428 0.967906 -0.0178868 -0.0552745 0.998311 -0.0556224 -0.28182 0.957854 0.0433232 0.248393 0.96769 0.0487996 0.296296 0.953849 0.0388444 0.242169 0.969456 0.00575136 -0.0153456 0.999866 0.0287296 0.146241 0.988832 0.0148825 0.128313 0.991622 0.00575136 -0.0153456 0.999866 0.0148825 0.128313 0.991622 -0.0178868 -0.0552745 0.998311 -0.207364 -0.905711 0.369712 -0.119461 -0.7979 0.590834 -0.135184 -0.796484 0.589354 -0.207364 -0.905711 0.369712 -0.135184 -0.796484 0.589354 -0.221276 -0.90471 0.364057 -0.394125 -0.109353 0.912528 -0.414934 -0.114118 0.902667 -0.205074 -0.223041 0.952994 -0.394125 -0.109353 0.912528 -0.205074 -0.223041 0.952994 -0.193582 -0.218772 0.956381 -0.77172 0.125709 0.623415 -0.77012 0.122561 0.626014 -0.732276 0.0804425 0.67624 -0.77172 0.125709 0.623415 -0.732276 0.0804425 0.67624 -0.727411 0.0879174 0.680546 -0.727411 0.0879174 0.680546 -0.732276 0.0804425 0.67624 -0.602402 0.00129275 0.798192 -0.727411 0.0879174 0.680546 -0.602402 0.00129275 0.798192 -0.587182 0.00625827 0.809431 -0.587182 0.00625827 0.809431 -0.602402 0.00129275 0.798192 -0.414934 -0.114118 0.902667 -0.587182 0.00625827 0.809431 -0.414934 -0.114118 0.902667 -0.394125 -0.109353 0.912528 -0.193582 -0.218772 0.956381 -0.205074 -0.223041 0.952994 -0.0736811 -0.291438 0.953748 -0.780126 0.134953 0.610894 -0.780759 0.13691 0.609648 -0.783121 0.140051 0.605894 -0.780126 0.134953 0.610894 -0.783121 0.140051 0.605894 -0.783412 0.140125 0.605501 -0.77012 0.122561 0.626014 -0.77172 0.125709 0.623415 -0.780759 0.13691 0.609648 -0.77012 0.122561 0.626014 -0.780759 0.13691 0.609648 -0.780126 0.134953 0.610894 0.1908 -0.0278935 0.981233 0.177894 -0.0314354 0.983548 0.0117362 -0.00346321 0.999925 0.1908 -0.0278935 0.981233 0.0117362 -0.00346321 0.999925 0.0277873 0.00118044 0.999613 0.807632 -0.136647 0.573636 0.806576 -0.139116 0.574528 0.658188 -0.114993 0.744019 0.807632 -0.136647 0.573636 0.658188 -0.114993 0.744019 0.692666 -0.115386 0.711969 0.692666 -0.115386 0.711969 0.658188 -0.114993 0.744019 0.406575 -0.0708672 0.910865 0.692666 -0.115386 0.711969 0.406575 -0.0708672 0.910865 0.411293 -0.0697246 0.908833 0.411293 -0.0697246 0.908833 0.406575 -0.0708672 0.910865 0.177894 -0.0314354 0.983548 0.411293 -0.0697246 0.908833 0.177894 -0.0314354 0.983548 0.1908 -0.0278935 0.981233 0.0277873 0.00118044 0.999613 0.0117362 -0.00346321 0.999925 -0.0721562 0.00221307 0.997391 -0.214254 0.17026 0.961825 -0.295442 0.228064 0.92774 -0.292202 0.221396 0.930377 -0.214254 0.17026 0.961825 -0.292202 0.221396 0.930377 -0.205123 0.150034 0.967168 0.589182 -0.422714 0.688605 0.339494 -0.236497 0.910392 0.339481 -0.260764 0.903745 0.589182 -0.422714 0.688605 0.339481 -0.260764 0.903745 0.580819 -0.436129 0.687343 0.339494 -0.236497 0.910392 0.10912 -0.0643647 0.991942 0.127178 -0.10199 0.986622 0.339494 -0.236497 0.910392 0.127178 -0.10199 0.986622 0.339481 -0.260764 0.903745 0.10912 -0.0643647 0.991942 -0.0835403 0.0771447 0.993514 -0.0591055 0.0378706 0.997533 0.10912 -0.0643647 0.991942 -0.0591055 0.0378706 0.997533 0.127178 -0.10199 0.986622 -0.295442 0.228064 0.92774 -0.333752 0.253645 0.907895 -0.292202 0.221396 0.930377 -0.0835403 0.0771447 0.993514 -0.214254 0.17026 0.961825 -0.205123 0.150034 0.967168 -0.0835403 0.0771447 0.993514 -0.205123 0.150034 0.967168 -0.0591055 0.0378706 0.997533 0.665663 -0.567261 0.48488 0.589182 -0.422714 0.688605 0.580819 -0.436129 0.687343 0.665663 -0.567261 0.48488 0.580819 -0.436129 0.687343 0.658919 -0.579588 0.479482 -0.044653 -0.0894426 0.99499 -0.0515049 -0.0801874 0.995448 -0.103053 0.0967595 0.989958 -0.044653 -0.0894426 0.99499 -0.103053 0.0967595 0.989958 -0.0931031 0.0843023 0.992081 0.163133 -0.763441 0.624937 0.160363 -0.763459 0.625631 0.105659 -0.602782 0.790879 0.163133 -0.763441 0.624937 0.105659 -0.602782 0.790879 0.121794 -0.637084 0.761111 0.121794 -0.637084 0.761111 0.105659 -0.602782 0.790879 0.0218444 -0.329092 0.944045 0.121794 -0.637084 0.761111 0.0218444 -0.329092 0.944045 0.023309 -0.331571 0.943142 0.023309 -0.331571 0.943142 0.0218444 -0.329092 0.944045 -0.0515049 -0.0801874 0.995448 0.023309 -0.331571 0.943142 -0.0515049 -0.0801874 0.995448 -0.044653 -0.0894426 0.99499 -0.0931031 0.0843023 0.992081 -0.103053 0.0967595 0.989958 -0.134427 0.178911 0.974639 0.146004 0.0298889 0.988832 0.245892 0.0558065 0.967689 0.238418 0.0575419 0.969456 0.146004 0.0298889 0.988832 0.238418 0.0575419 0.969456 0.124124 0.0357523 0.991622 -0.78227 -0.19743 0.590826 -0.509361 -0.131572 0.850435 -0.527022 -0.1158 0.841925 -0.78227 -0.19743 0.590826 -0.527022 -0.1158 0.841925 -0.787022 -0.182374 0.589352 -0.509361 -0.131572 0.850435 -0.241988 -0.0678248 0.967906 -0.281474 -0.057346 0.957854 -0.509361 -0.131572 0.850435 -0.281474 -0.057346 0.957854 -0.527022 -0.1158 0.841925 -0.241988 -0.0678248 0.967906 -0.0119449 -0.0112187 0.999866 -0.0578983 -0.00480631 0.998311 -0.241988 -0.0678248 0.967906 -0.0578983 -0.00480631 0.998311 -0.281474 -0.057346 0.957854 0.245892 0.0558065 0.967689 0.292197 0.0692233 0.95385 0.238418 0.0575419 0.969456 -0.0119449 -0.0112187 0.999866 0.146004 0.0298889 0.988832 0.124124 0.0357523 0.991622 -0.0119449 -0.0112187 0.999866 0.124124 0.0357523 0.991622 -0.0578983 -0.00480631 0.998311 -0.915626 -0.157918 0.369717 -0.78227 -0.19743 0.590826 -0.787022 -0.182374 0.589352 -0.915626 -0.157918 0.369717 -0.787022 -0.182374 0.589352 -0.920065 -0.144699 0.364063 -0.116823 -0.092539 0.988832 -0.194281 -0.160729 0.967689 -0.186824 -0.158907 0.969456 -0.116823 -0.092539 0.988832 -0.186824 -0.158907 0.969456 -0.0946467 -0.0879006 0.991623 0.609065 0.529111 0.590831 0.395221 0.347218 0.850435 0.418104 0.341111 0.841922 0.609065 0.529111 0.590831 0.418104 0.341111 0.841922 0.620108 0.517825 0.589342 0.395221 0.347218 0.850435 0.18536 0.169703 0.967906 0.225326 0.178164 0.957855 0.395221 0.347218 0.850435 0.225326 0.178164 0.957855 0.418104 0.341111 0.841922 0.18536 0.169703 0.967906 0.00559731 0.0154042 0.999866 0.0495011 0.0304124 0.998311 0.18536 0.169703 0.967906 0.0495011 0.0304124 0.998311 0.225326 0.178164 0.957855 -0.194281 -0.160729 0.967689 -0.229545 -0.193585 0.953852 -0.186824 -0.158907 0.969456 0.00559731 0.0154042 0.999866 -0.116823 -0.092539 0.988832 -0.0946467 -0.0879006 0.991623 0.00559731 0.0154042 0.999866 -0.0946467 -0.0879006 0.991623 0.0495011 0.0304124 0.998311 0.745918 0.554004 0.369711 0.609065 0.529111 0.590831 0.620108 0.517825 0.589342 0.745918 0.554004 0.369711 0.620108 0.517825 0.589342 0.755846 0.544207 0.364056 0.0588129 -0.13694 0.988832 0.10441 -0.229514 0.967689 0.104597 -0.221844 0.969456 0.0588129 -0.13694 0.988832 0.104597 -0.221844 0.969456 0.0601269 -0.114322 0.991622 -0.35168 0.726107 0.590839 -0.231927 0.472202 0.850433 -0.220055 0.492693 0.84192 -0.35168 0.726107 0.590839 -0.220055 0.492693 0.84192 -0.337904 0.73381 0.589359 -0.231927 0.472202 0.850433 -0.115397 0.22325 0.967907 -0.113124 0.26404 0.957855 -0.231927 0.472202 0.850433 -0.113124 0.26404 0.957855 -0.220055 0.492693 0.84192 -0.115397 0.22325 0.967907 -0.0134088 0.00942592 0.999866 -0.0164284 0.0557272 0.998311 -0.115397 0.22325 0.967907 -0.0164284 0.0557272 0.998311 -0.113124 0.26404 0.957855 0.10441 -0.229514 0.967689 0.12692 -0.272143 0.95385 0.104597 -0.221844 0.969456 -0.0134088 0.00942592 0.999866 0.0588129 -0.13694 0.988832 0.0601269 -0.114322 0.991622 -0.0134088 0.00942592 0.999866 0.0601269 -0.114322 0.991622 -0.0164284 0.0557272 0.998311 -0.339962 0.864718 0.369716 -0.35168 0.726107 0.590839 -0.337904 0.73381 0.589359 -0.339962 0.864718 0.369716 -0.337904 0.73381 0.589359 -0.327911 0.871742 0.36406 -0.0772303 -0.0532705 0.995589 -0.0673533 -0.0474191 0.996602 0.113698 -0.0126574 0.993435 -0.0772303 -0.0532705 0.995589 0.113698 -0.0126574 0.993435 0.100355 -0.0215437 0.994718 -0.770905 -0.155322 0.617722 -0.770651 -0.152655 0.618704 -0.604202 -0.131407 0.785921 -0.770905 -0.155322 0.617722 -0.604202 -0.131407 0.785921 -0.640123 -0.140941 0.755234 -0.640123 -0.140941 0.755234 -0.604202 -0.131407 0.785921 -0.322554 -0.0908363 0.942182 -0.640123 -0.140941 0.755234 -0.322554 -0.0908363 0.942182 -0.325171 -0.0919562 0.941174 -0.325171 -0.0919562 0.941174 -0.322554 -0.0908363 0.942182 -0.0673533 -0.0474191 0.996602 -0.325171 -0.0919562 0.941174 -0.0673533 -0.0474191 0.996602 -0.0772303 -0.0532705 0.995589 0.100355 -0.0215437 0.994718 0.113698 -0.0126574 0.993435 0.198373 0.0122059 0.980051 0.109324 0.0963907 0.989321 0.101797 0.0878102 0.990922 -0.0596531 -0.000943298 0.998219 0.109324 0.0963907 0.989321 -0.0596531 -0.000943298 0.998219 -0.0496472 0.0116404 0.998699 0.716975 0.398232 0.572152 0.717609 0.395628 0.573164 0.574817 0.328023 0.749657 0.716975 0.398232 0.572152 0.574817 0.328023 0.749657 0.604393 0.347449 0.71693 0.604393 0.347449 0.71693 0.574817 0.328023 0.749657 0.327987 0.206316 0.921878 0.604393 0.347449 0.71693 0.327987 0.206316 0.921878 0.330076 0.20816 0.920717 0.330076 0.20816 0.920717 0.327987 0.206316 0.921878 0.101797 0.0878102 0.990922 0.330076 0.20816 0.920717 0.101797 0.0878102 0.990922 0.109324 0.0963907 0.989321 -0.0496472 0.0116404 0.998699 -0.0596531 -0.000943298 0.998219 -0.133138 -0.0509037 0.989789 0.0953245 0.114565 0.988832 0.157105 0.197215 0.96769 0.150191 0.193901 0.969456 0.0953245 0.114565 0.988832 0.150191 0.193901 0.969456 0.0745771 0.10547 0.991622 -0.48737 -0.64295 0.590834 -0.315472 -0.421001 0.850433 -0.339118 -0.419723 0.841921 -0.48737 -0.64295 0.590834 -0.339118 -0.419723 0.841921 -0.50049 -0.63417 0.589354 -0.315472 -0.421001 0.850433 -0.146547 -0.204163 0.967906 -0.183925 -0.220654 0.957854 -0.315472 -0.421001 0.850433 -0.183925 -0.220654 0.957854 -0.339118 -0.419723 0.841921 -0.146547 -0.204163 0.967906 -0.00230977 -0.0162244 0.999866 -0.0421971 -0.0399325 0.998311 -0.146547 -0.204163 0.967906 -0.0421971 -0.0399325 0.998311 -0.183925 -0.220654 0.957854 0.157105 0.197215 0.96769 0.184878 0.236629 0.953849 0.150191 0.193901 0.969456 -0.00230977 -0.0162244 0.999866 0.0953245 0.114565 0.988832 0.0745771 0.10547 0.991622 -0.00230977 -0.0162244 0.999866 0.0745771 0.10547 0.991622 -0.0421971 -0.0399325 0.998311 -0.6162 -0.695421 0.369712 -0.48737 -0.64295 0.590834 -0.50049 -0.63417 0.589354 -0.6162 -0.695421 0.369712 -0.50049 -0.63417 0.589354 -0.627929 -0.687872 0.364057 -0.398304 0.0929869 0.912528 -0.41885 0.0987819 0.902667 -0.286901 -0.0974194 0.952994 -0.398304 0.0929869 0.912528 -0.286901 -0.0974194 0.952994 -0.274769 -0.0991825 0.956381 -0.616979 0.480302 0.623415 -0.617085 0.476772 0.626014 -0.604067 0.421667 0.67624 -0.616979 0.480302 0.623415 -0.604067 0.421667 0.67624 -0.596214 0.425894 0.680546 -0.596214 0.425894 0.680546 -0.604067 0.421667 0.67624 -0.528038 0.289941 0.798192 -0.596214 0.425894 0.680546 -0.528038 0.289941 0.798192 -0.512301 0.287002 0.809431 -0.512301 0.287002 0.809431 -0.528038 0.289941 0.798192 -0.41885 0.0987819 0.902667 -0.512301 0.287002 0.809431 -0.41885 0.0987819 0.902667 -0.398304 0.0929869 0.912528 -0.274769 -0.0991825 0.956381 -0.286901 -0.0974194 0.952994 -0.204384 -0.220436 0.953748 -0.619925 0.492445 0.610894 -0.619543 0.494465 0.609648 -0.620109 0.498354 0.605894 -0.619925 0.492445 0.610894 -0.620109 0.498354 0.605894 -0.620329 0.498559 0.605501 -0.617085 0.476772 0.626014 -0.616979 0.480302 0.623415 -0.619543 0.494465 0.609648 -0.617085 0.476772 0.626014 -0.619543 0.494465 0.609648 -0.619925 0.492445 0.610894 0.15407 -0.115953 0.981233 0.141045 -0.112874 0.983548 0.00863911 -0.00866587 0.999925 0.15407 -0.115953 0.981233 0.00863911 -0.00866587 0.999925 0.0249516 -0.012286 0.999613 0.643252 -0.507118 0.573636 0.641141 -0.508778 0.574528 0.522484 -0.416468 0.744019 0.643252 -0.507118 0.573636 0.522484 -0.416468 0.744019 0.552553 -0.433343 0.711969 0.552553 -0.433343 0.711969 0.522484 -0.416468 0.744019 0.322827 -0.257114 0.910865 0.552553 -0.433343 0.711969 0.322827 -0.257114 0.910865 0.327516 -0.258373 0.908833 0.327516 -0.258373 0.908833 0.322827 -0.257114 0.910865 0.141045 -0.112874 0.983548 0.327516 -0.258373 0.908833 0.141045 -0.112874 0.983548 0.15407 -0.115953 0.981233 0.0249516 -0.012286 0.999613 0.00863911 -0.00866587 0.999925 -0.062262 0.0365357 0.997391 -0.106398 0.252136 0.961825 -0.149936 0.341787 0.92774 -0.150288 0.334383 0.930377 -0.106398 0.252136 0.961825 -0.150288 0.334383 0.930377 -0.108082 0.230009 0.967168 0.314396 -0.653436 0.688605 0.184551 -0.370308 0.910392 0.172906 -0.391598 0.903745 0.314396 -0.653436 0.688605 0.172906 -0.391598 0.903745 0.300626 -0.661198 0.687343 0.184551 -0.370308 0.910392 0.0649038 -0.1088 0.991942 0.0627121 -0.150477 0.986622 0.184551 -0.370308 0.910392 0.0627121 -0.150477 0.986622 0.172906 -0.391598 0.903745 0.0649038 -0.1088 0.991942 -0.0363284 0.107752 0.993514 -0.0337139 0.0615712 0.997533 0.0649038 -0.1088 0.991942 -0.0337139 0.0615712 0.997533 0.0627121 -0.150477 0.986622 -0.149936 0.341787 0.92774 -0.171291 0.382603 0.907895 -0.150288 0.334383 0.930377 -0.0363284 0.107752 0.993514 -0.106398 0.252136 0.961825 -0.108082 0.230009 0.967168 -0.0363284 0.107752 0.993514 -0.108082 0.230009 0.967168 -0.0337139 0.0615712 0.997533 0.312215 -0.816954 0.48488 0.314396 -0.653436 0.688605 0.300626 -0.661198 0.687343 0.312215 -0.816954 0.48488 0.300626 -0.661198 0.687343 0.300387 -0.824539 0.479482 -0.0820677 -0.0570855 0.99499 -0.0836437 -0.0456783 0.995448 -0.0440488 0.134321 0.989958 -0.0820677 -0.0570855 0.99499 -0.0440488 0.134321 0.989958 -0.041289 0.118618 0.992081 -0.222851 -0.748192 0.624937 -0.22529 -0.746881 0.625631 -0.196264 -0.579647 0.790879 -0.222851 -0.748192 0.624937 -0.196264 -0.579647 0.790879 -0.19855 -0.617485 0.761111 -0.19855 -0.617485 0.761111 -0.196264 -0.579647 0.790879 -0.138605 -0.299278 0.944045 -0.19855 -0.617485 0.761111 -0.138605 -0.299278 0.944045 -0.138508 -0.302156 0.943142 -0.138508 -0.302156 0.943142 -0.138605 -0.299278 0.944045 -0.0836437 -0.0456783 0.995448 -0.138508 -0.302156 0.943142 -0.0836437 -0.0456783 0.995448 -0.0820677 -0.0570855 0.99499 -0.041289 0.118618 0.992081 -0.0440488 0.134321 0.989958 -0.0321961 0.221457 0.974639 0.14246 -0.0437682 0.988832 0.242546 -0.0689121 0.967689 0.236819 -0.0638061 0.969456 0.14246 -0.0437682 0.988832 0.236819 -0.0638061 0.969456 0.126069 -0.0281325 0.991622 -0.781159 0.201779 0.590826 -0.510086 0.128735 0.850435 -0.518023 0.151044 0.841925 -0.781159 0.201779 0.590826 -0.518023 0.151044 0.841925 -0.778112 0.21727 0.589352 -0.510086 0.128735 0.850435 -0.244882 0.0564935 0.967906 -0.27451 0.08462 0.957854 -0.510086 0.128735 0.850435 -0.27451 0.08462 0.957854 -0.518023 0.151044 0.841925 -0.244882 0.0564935 0.967906 -0.0158612 -0.0041187 0.999866 -0.0531148 0.02354 0.998311 -0.244882 0.0564935 0.967906 -0.0531148 0.02354 0.998311 -0.27451 0.08462 0.957854 0.242546 -0.0689121 0.967689 0.289614 -0.0793374 0.95385 0.236819 -0.0638061 0.969456 -0.0158612 -0.0041187 0.999866 0.14246 -0.0437682 0.988832 0.126069 -0.0281325 0.991622 -0.0158612 -0.0041187 0.999866 0.126069 -0.0281325 0.991622 -0.0531148 0.02354 0.998311 -0.879247 0.300389 0.369717 -0.781159 0.201779 0.590826 -0.778112 0.21727 0.589352 -0.879247 0.300389 0.369717 -0.778112 0.21727 0.589352 -0.876806 0.314117 0.364063 -0.146888 -0.0252025 0.988832 -0.247555 -0.0479095 0.967689 -0.240137 -0.0498856 0.969456 -0.146888 -0.0252025 0.988832 -0.240137 -0.0498856 0.969456 -0.125202 -0.031764 0.991623 0.788175 0.172338 0.590831 0.513305 0.115234 0.850435 0.530458 0.0989035 0.841922 0.788175 0.172338 0.590831 0.530458 0.0989035 0.841922 0.792454 0.157138 0.589342 0.513305 0.115234 0.850435 0.244028 0.0600623 0.967906 0.283159 0.0483264 0.957855 0.513305 0.115234 0.850435 0.283159 0.0483264 0.957855 0.530458 0.0989035 0.841922 0.244028 0.0600623 0.967906 0.0122973 0.010835 0.999866 0.0580218 0.00295725 0.998311 0.244028 0.0600623 0.967906 0.0580218 0.00295725 0.998311 0.283159 0.0483264 0.957855 -0.247555 -0.0479095 0.967689 -0.294254 -0.0598376 0.953852 -0.240137 -0.0498856 0.969456 0.0122973 0.010835 0.999866 -0.146888 -0.0252025 0.988832 -0.125202 -0.031764 0.991623 0.0122973 0.010835 0.999866 -0.125202 -0.031764 0.991623 0.0580218 0.00295725 0.998311 0.920208 0.128572 0.369711 0.788175 0.172338 0.590831 0.792454 0.157138 0.589342 0.920208 0.128572 0.369711 0.792454 0.157138 0.589342 0.924224 0.115215 0.364056 -0.0140394 -0.148373 0.988832 -0.018406 -0.251474 0.967689 -0.0145648 -0.244833 0.969456 -0.0140394 -0.148373 0.988832 -0.0145648 -0.244833 0.969456 -0.00204282 -0.129154 0.991622 0.0394858 0.805823 0.590839 0.0228501 0.525588 0.850433 0.0430937 0.537879 0.84192 0.0394858 0.805823 0.590839 0.0430937 0.537879 0.84192 0.0552682 0.805979 0.589359 0.0228501 0.525588 0.850433 0.00576102 0.251244 0.967907 0.0273116 0.285951 0.957855 0.0228501 0.525588 0.850433 0.0273116 0.285951 0.957855 0.0430937 0.537879 0.84192 0.00576102 0.251244 0.967907 -0.0072483 0.0147005 0.999866 0.0122997 0.0567814 0.998311 0.00576102 0.251244 0.967907 0.0122997 0.0567814 0.998311 0.0273116 0.285951 0.957855 -0.018406 -0.251474 0.967689 -0.0190894 -0.299677 0.95385 -0.0145648 -0.244833 0.969456 -0.0072483 0.0147005 0.999866 -0.0140394 -0.148373 0.988832 -0.00204282 -0.129154 0.991622 -0.0072483 0.0147005 0.999866 -0.00204282 -0.129154 0.991622 0.0122997 0.0567814 0.998311 0.116223 0.921847 0.369716 0.0394858 0.805823 0.590839 0.0552682 0.805979 0.589359 0.116223 0.921847 0.369716 0.0552682 0.805979 0.589359 0.130166 0.922235 0.36406 -0.0933152 -0.00972304 0.995589 -0.081842 -0.00932325 0.996602 0.093711 -0.0656175 0.993435 -0.0933152 -0.00972304 0.995589 0.093711 -0.0656175 0.993435 0.0777413 -0.0670192 0.994718 -0.750998 0.233284 0.617722 -0.749496 0.235502 0.618704 -0.593237 0.17435 0.785921 -0.750998 0.233284 0.617722 -0.593237 0.17435 0.785921 -0.629331 0.183204 0.755234 -0.629331 0.183204 0.755234 -0.593237 0.17435 0.785921 -0.326617 0.0749245 0.942182 -0.629331 0.183204 0.755234 -0.326617 0.0749245 0.942182 -0.329451 0.0751962 0.941174 -0.329451 0.0751962 0.941174 -0.326617 0.0749245 0.942182 -0.081842 -0.00932325 0.996602 -0.329451 0.0751962 0.941174 -0.081842 -0.00932325 0.996602 -0.0933152 -0.00972304 0.995589 0.0777413 -0.0670192 0.994718 0.093711 -0.0656175 0.993435 0.17994 -0.0843934 0.980051 0.142153 0.032178 0.989321 0.131434 0.0282568 0.990922 -0.0528027 0.0277714 0.998219 0.142153 0.032178 0.989321 -0.0528027 0.0277714 0.998219 -0.0379888 0.0340175 0.998699 0.820127 0.00574512 0.572152 0.819435 0.00315582 0.573164 0.661713 0.0122853 0.749657 0.820127 0.00574512 0.572152 0.661713 0.0122853 0.749657 0.696981 0.0151532 0.71693 0.696981 0.0151532 0.71693 0.661713 0.0122853 0.749657 0.386749 0.023814 0.921878 0.696981 0.0151532 0.71693 0.386749 0.023814 0.921878 0.389466 0.0244306 0.920717 0.389466 0.0244306 0.920717 0.386749 0.023814 0.921878 0.131434 0.0282568 0.990922 0.389466 0.0244306 0.920717 0.131434 0.0282568 0.990922 0.142153 0.032178 0.989321 -0.0379888 0.0340175 0.998699 -0.0528027 0.0277714 0.998219 -0.141244 0.0191578 0.989789 0.138581 0.0548394 0.988832 0.232423 0.0977519 0.96769 0.224766 0.0981582 0.969456 0.138581 0.0548394 0.988832 0.224766 0.0981582 0.969456 0.116013 0.0568046 0.991622 -0.735954 -0.330584 0.590834 -0.478691 -0.218218 0.850433 -0.49883 -0.20576 0.841921 -0.735954 -0.330584 0.590834 -0.49883 -0.20576 0.841921 -0.743258 -0.316589 0.589354 -0.478691 -0.218218 0.850433 -0.226488 -0.108911 0.967906 -0.267196 -0.105463 0.957854 -0.478691 -0.218218 0.850433 -0.267196 -0.105463 0.957854 -0.49883 -0.20576 0.841921 -0.226488 -0.108911 0.967906 -0.0098054 -0.0131309 0.999866 -0.0561761 -0.0148137 0.998311 -0.226488 -0.108911 0.967906 -0.0561761 -0.0148137 0.998311 -0.267196 -0.105463 0.957854 0.232423 0.0977519 0.96769 0.275691 0.119026 0.953849 0.224766 0.0981582 0.969456 -0.0098054 -0.0131309 0.999866 0.138581 0.0548394 0.988832 0.116013 0.0568046 0.991622 -0.0098054 -0.0131309 0.999866 0.116013 0.0568046 0.991622 -0.0561761 -0.0148137 0.998311 -0.874169 -0.314867 0.369712 -0.735954 -0.330584 0.590834 -0.743258 -0.316589 0.589354 -0.874169 -0.314867 0.369712 -0.743258 -0.316589 0.589354 -0.880843 -0.302619 0.364057 -0.304964 0.272561 0.912528 -0.320217 0.287497 0.902667 -0.298485 0.0520543 0.952994 -0.304964 0.272561 0.912528 -0.298485 0.0520543 0.952994 -0.288683 0.0446904 0.956381 -0.311181 0.717301 0.623415 -0.312967 0.714253 0.626014 -0.32796 0.659652 0.67624 -0.311181 0.717301 0.623415 -0.32796 0.659652 0.67624 -0.319042 0.659597 0.680546 -0.319042 0.659597 0.680546 -0.32796 0.659652 0.67624 -0.324391 0.507602 0.798192 -0.319042 0.659597 0.680546 -0.324391 0.507602 0.798192 -0.31199 0.497478 0.809431 -0.31199 0.497478 0.809431 -0.324391 0.507602 0.798192 -0.320217 0.287497 0.902667 -0.31199 0.497478 0.809431 -0.320217 0.287497 0.902667 -0.304964 0.272561 0.912528 -0.288683 0.0446904 0.956381 -0.298485 0.0520543 0.952994 -0.285046 -0.0954638 0.953748 -0.307945 0.729369 0.610894 -0.306641 0.730959 0.609648 -0.305274 0.734643 0.605894 -0.307945 0.729369 0.610894 -0.305274 0.734643 0.605894 -0.305368 0.734928 0.605501 -0.312967 0.714253 0.626014 -0.311181 0.717301 0.623415 -0.306641 0.730959 0.609648 -0.312967 0.714253 0.626014 -0.306641 0.730959 0.609648 -0.307945 0.729369 0.610894 0.0796179 -0.175623 0.981233 0.0696644 -0.166677 0.983548 0.00342689 -0.0117468 0.999925 0.0796179 -0.175623 0.981233 0.00342689 -0.0117468 0.999925 0.0160069 -0.0227445 0.999613 0.321381 -0.753429 0.573636 0.318733 -0.753874 0.574528 0.258857 -0.615977 0.744019 0.321381 -0.753429 0.573636 0.258857 -0.615977 0.744019 0.277155 -0.645202 0.711969 0.277155 -0.645202 0.711969 0.258857 -0.615977 0.744019 0.160041 -0.38041 0.910865 0.277155 -0.645202 0.711969 0.160041 -0.38041 0.910865 0.163551 -0.383764 0.908833 0.163551 -0.383764 0.908833 0.160041 -0.38041 0.910865 0.0696644 -0.166677 0.983548 0.163551 -0.383764 0.908833 0.0696644 -0.166677 0.983548 0.0796179 -0.175623 0.981233 0.0160069 -0.0227445 0.999613 0.00342689 -0.0117468 0.999925 -0.0371239 0.061913 0.997391 0.022925 0.272704 0.961825 0.0260241 0.37232 0.92774 0.022272 0.365926 0.930377 0.022925 0.272704 0.961825 0.022272 0.365926 0.930377 0.0111536 0.253892 0.967168 -0.0251839 -0.724699 0.688605 -0.00862209 -0.413658 0.910392 -0.0288255 -0.4271 0.903745 -0.0251839 -0.724699 0.688605 -0.0288255 -0.4271 0.903745 -0.0409843 -0.725175 0.687343 -0.00862209 -0.413658 0.910392 0.00692473 -0.126499 0.991942 -0.0143792 -0.162387 0.986622 -0.00862209 -0.413658 0.910392 -0.0143792 -0.162387 0.986622 -0.0288255 -0.4271 0.903745 0.00692473 -0.126499 0.991942 0.0178924 0.112295 0.993514 -0.00124815 0.0701861 0.997533 0.00692473 -0.126499 0.991942 -0.00124815 0.0701861 0.997533 -0.0143792 -0.162387 0.986622 0.0260241 0.37232 0.92774 0.0260769 0.418385 0.907895 0.022272 0.365926 0.930377 0.0178924 0.112295 0.993514 0.022925 0.272704 0.961825 0.0111536 0.253892 0.967168 0.0178924 0.112295 0.993514 0.0111536 0.253892 0.967168 -0.00124815 0.0701861 0.997533 -0.103087 -0.868484 0.48488 -0.0251839 -0.724699 0.688605 -0.0409843 -0.725175 0.687343 -0.103087 -0.868484 0.48488 -0.0409843 -0.725175 0.687343 -0.117085 -0.869706 0.479482 -0.0991946 -0.0124215 0.99499 -0.0952904 -0.00158802 0.995448 0.0233997 0.139409 0.989958 -0.0991946 -0.0124215 0.99499 0.0233997 0.139409 0.989958 0.0185481 0.124222 0.992081 -0.544951 -0.559002 0.624937 -0.546501 -0.556707 0.625631 -0.443101 -0.422103 0.790879 -0.544951 -0.559002 0.624937 -0.443101 -0.422103 0.790879 -0.462705 -0.454549 0.761111 -0.462705 -0.454549 0.761111 -0.443101 -0.422103 0.790879 -0.261783 -0.200621 0.944045 -0.462705 -0.454549 0.761111 -0.261783 -0.200621 0.944045 -0.263034 -0.203214 0.943142 -0.263034 -0.203214 0.943142 -0.261783 -0.200621 0.944045 -0.0952904 -0.00158802 0.995448 -0.263034 -0.203214 0.943142 -0.0952904 -0.00158802 0.995448 -0.0991946 -0.0124215 0.99499 0.0185481 0.124222 0.992081 0.0233997 0.139409 0.989958 0.074379 0.211063 0.974639 0.105817 -0.104945 0.988832 0.182762 -0.17371 0.967689 0.180063 -0.166528 0.969456 0.105817 -0.104945 0.988832 0.180063 -0.166528 0.969456 0.0985665 -0.083484 0.991622 -0.597985 0.541608 0.590826 -0.39188 0.350984 0.850435 -0.388544 0.374427 0.841925 -0.597985 0.541608 0.590826 -0.388544 0.374427 0.841925 -0.588089 0.55391 0.589352 -0.39188 0.350984 0.850435 -0.190601 0.163799 0.967906 -0.203769 0.20247 0.957854 -0.39188 0.350984 0.850435 -0.203769 0.20247 0.957854 -0.388544 0.374427 0.841925 -0.190601 0.163799 0.967906 -0.0159589 0.00372194 0.999866 -0.0360974 0.0455223 0.998311 -0.190601 0.163799 0.967906 -0.0360974 0.0455223 0.998311 -0.203769 0.20247 0.957854 0.182762 -0.17371 0.967689 0.219599 -0.20481 0.95385 0.180063 -0.166528 0.969456 -0.0159589 0.00372194 0.999866 0.105817 -0.104945 0.988832 0.0985665 -0.083484 0.991622 -0.0159589 0.00372194 0.999866 0.0985665 -0.083484 0.991622 -0.0360974 0.0455223 0.998311 -0.639029 0.674501 0.369717 -0.597985 0.541608 0.590826 -0.588089 0.55391 0.589352 -0.639029 0.674501 0.369717 -0.588089 0.55391 0.589352 -0.630489 0.685523 0.364063 -0.141781 0.045927 0.988832 -0.241474 0.0725898 0.967689 -0.235823 0.0673937 0.969456 -0.141781 0.045927 0.988832 -0.235823 0.0673937 0.969456 -0.125626 0.0300415 0.991623 0.778012 -0.213579 0.590831 0.508079 -0.136441 0.850435 0.515681 -0.158871 0.841922 0.778012 -0.213579 0.590831 0.515681 -0.158871 0.841922 0.774741 -0.229027 0.589342 0.508079 -0.136441 0.850435 0.243997 -0.0601898 0.967906 0.273195 -0.0887621 0.957855 0.508079 -0.136441 0.850435 0.273195 -0.0887621 0.957855 0.515681 -0.158871 0.841922 0.243997 -0.0601898 0.967906 0.0159235 0.00388126 0.999866 0.0527534 -0.0243383 0.998311 0.243997 -0.0601898 0.967906 0.0527534 -0.0243383 0.998311 0.273195 -0.0887621 0.957855 -0.241474 0.0725898 0.967689 -0.288369 0.0837238 0.953852 -0.235823 0.0673937 0.969456 0.0159235 0.00388126 0.999866 -0.141781 0.045927 0.988832 -0.125626 0.0300415 0.991623 0.0159235 0.00388126 0.999866 -0.125626 0.0300415 0.991623 0.0527534 -0.0243383 0.998311 0.874597 -0.313678 0.369711 0.778012 -0.213579 0.590831 0.774741 -0.229027 0.589342 0.874597 -0.313678 0.369711 0.774741 -0.229027 0.589342 0.871947 -0.327371 0.364056 -0.0813664 -0.124864 0.988832 -0.133134 -0.214134 0.967689 -0.126647 -0.210037 0.969456 -0.0813664 -0.124864 0.988832 -0.126647 -0.210037 0.969456 -0.0618141 -0.113419 0.991622 0.409353 0.695227 0.590839 0.264423 0.454802 0.850433 0.28806 0.456281 0.84192 0.409353 0.695227 0.590839 0.28806 0.456281 0.84192 0.423401 0.688032 0.589359 0.264423 0.454802 0.850433 0.12183 0.219805 0.967907 0.157039 0.240526 0.957855 0.264423 0.454802 0.850433 0.157039 0.240526 0.957855 0.28806 0.456281 0.84192 0.12183 0.219805 0.967907 0.000411396 0.0163852 0.999866 0.0372724 0.0445665 0.998311 0.12183 0.219805 0.967907 0.0372724 0.0445665 0.998311 0.157039 0.240526 0.957855 -0.133134 -0.214134 0.967689 -0.156135 -0.256501 0.95385 -0.126647 -0.210037 0.969456 0.000411396 0.0163852 0.999866 -0.0813664 -0.124864 0.988832 -0.0618141 -0.113419 0.991622 0.000411396 0.0163852 0.999866 -0.0618141 -0.113419 0.991622 0.0372724 0.0445665 0.998311 0.53121 0.762316 0.369716 0.409353 0.695227 0.590839 0.423401 0.688032 0.589359 0.53121 0.762316 0.369716 0.423401 0.688032 0.589359 0.543737 0.756181 0.36406 -0.0871498 0.0347445 0.995589 -0.0768043 0.029768 0.996602 0.0524968 -0.101644 0.993435 -0.0871498 0.0347445 0.995589 0.0524968 -0.101644 0.993435 0.0377041 -0.0954656 0.994718 -0.556639 0.555493 0.617722 -0.554279 0.556759 0.618704 -0.44432 0.430009 0.785921 -0.556639 0.555493 0.617722 -0.44432 0.430009 0.785921 -0.472168 0.454619 0.755234 -0.472168 0.454619 0.755234 -0.44432 0.430009 0.785921 -0.254416 0.218094 0.942182 -0.472168 0.454619 0.755234 -0.254416 0.218094 0.942182 -0.256799 0.219651 0.941174 -0.256799 0.219651 0.941174 -0.254416 0.218094 0.942182 -0.0768043 0.029768 0.996602 -0.256799 0.219651 0.941174 -0.0768043 0.029768 0.996602 -0.0871498 0.0347445 0.995589 0.0377041 -0.0954656 0.994718 0.0524968 -0.101644 0.993435 0.120131 -0.158333 0.980051 0.140829 -0.0375504 0.989321 0.129515 -0.0360424 0.990922 -0.0338552 0.0491244 0.998219 0.140829 -0.0375504 0.989321 -0.0338552 0.0491244 0.998219 -0.0178352 0.0477729 0.998699 0.728908 -0.375946 0.572152 0.727092 -0.377917 0.573164 0.591667 -0.296554 0.749657 0.728908 -0.375946 0.572152 0.591667 -0.296554 0.749657 0.62423 -0.3104 0.71693 0.62423 -0.3104 0.71693 0.591667 -0.296554 0.749657 0.353538 -0.158597 0.921878 0.62423 -0.3104 0.71693 0.353538 -0.158597 0.921878 0.35623 -0.159313 0.920717 0.35623 -0.159313 0.920717 0.353538 -0.158597 0.921878 0.129515 -0.0360424 0.990922 0.35623 -0.159313 0.920717 0.129515 -0.0360424 0.990922 0.140829 -0.0375504 0.989321 -0.0178352 0.0477729 0.998699 -0.0338552 0.0491244 0.998219 -0.116174 0.0825871 0.989789 0.148194 -0.0158235 0.988832 0.251231 -0.0214229 0.96769 0.244639 -0.0175058 0.969456 0.148194 -0.0158235 0.988832 0.244639 -0.0175058 0.969456 0.129123 -0.00359818 0.991622 -0.805292 0.0491871 0.590834 -0.525275 0.0291649 0.850433 -0.537321 0.0495532 0.841921 -0.805292 0.0491871 0.590834 -0.537321 0.0495532 0.841921 -0.805258 0.0649735 0.589354 -0.525275 0.0291649 0.850433 -0.25116 0.00878401 0.967906 -0.285606 0.0307501 0.957854 -0.525275 0.0291649 0.850433 -0.285606 0.0307501 0.957854 -0.537321 0.0495532 0.841921 -0.25116 0.00878401 0.967906 -0.0147835 -0.00707203 0.999866 -0.0566275 0.0129817 0.998311 -0.25116 0.00878401 0.967906 -0.0566275 0.0129817 0.998311 -0.285606 0.0307501 0.957854 0.251231 -0.0214229 0.96769 0.29943 -0.0226868 0.953849 0.244639 -0.0175058 0.969456 -0.0147835 -0.00707203 0.999866 0.148194 -0.0158235 0.988832 0.129123 -0.00359818 0.991622 -0.0147835 -0.00707203 0.999866 0.129123 -0.00359818 0.991622 -0.0566275 0.0129817 0.998311 -0.920382 0.12732 0.369712 -0.805292 0.0491871 0.590834 -0.805258 0.0649735 0.589354 -0.920382 0.12732 0.369712 -0.805258 0.0649735 0.589354 -0.920601 0.141266 0.364057 -0.143419 0.383045 0.912528 -0.149987 0.403357 0.902667 -0.24013 0.184772 0.952994 -0.143419 0.383045 0.912528 -0.24013 0.184772 0.952994 -0.234871 0.173697 0.956381 0.0577026 0.779759 0.623415 0.0547057 0.77789 0.626014 0.0160606 0.736506 0.67624 0.0577026 0.779759 0.623415 0.0160606 0.736506 0.67624 0.0239325 0.732314 0.680546 0.0239325 0.732314 0.680546 0.0160606 0.736506 0.67624 -0.0514218 0.600205 0.798192 0.0239325 0.732314 0.680546 -0.0514218 0.600205 0.798192 -0.0451436 0.585478 0.809431 -0.0451436 0.585478 0.809431 -0.0514218 0.600205 0.798192 -0.149987 0.403357 0.902667 -0.0451436 0.585478 0.809431 -0.149987 0.403357 0.902667 -0.143419 0.383045 0.912528 -0.234871 0.173697 0.956381 -0.24013 0.184772 0.952994 -0.296767 0.0478981 0.953748 0.0661754 0.788942 0.610894 0.0680689 0.789744 0.609648 0.0709912 0.792372 0.605894 0.0661754 0.788942 0.610894 0.0709912 0.792372 0.605894 0.0710396 0.792668 0.605501 0.0547057 0.77789 0.626014 0.0577026 0.779759 0.623415 0.0680689 0.789744 0.609648 0.0547057 0.77789 0.626014 0.0680689 0.789744 0.609648 0.0661754 0.788942 0.610894 -0.0110918 -0.192508 0.981233 -0.0157493 -0.179962 0.983548 -0.00242302 -0.0119942 0.999925 -0.0110918 -0.192508 0.981233 -0.00242302 -0.0119942 0.999925 0.00360727 -0.0275775 0.999613 -0.0654557 -0.816491 0.573636 -0.0680074 -0.815655 0.574528 -0.0569611 -0.665726 0.744019 -0.0654557 -0.816491 0.573636 -0.0569611 -0.665726 0.744019 -0.0543362 -0.700106 0.711969 -0.0543362 -0.700106 0.711969 -0.0569611 -0.665726 0.744019 -0.0350205 -0.411216 0.910865 -0.0543362 -0.700106 0.711969 -0.0350205 -0.411216 0.910865 -0.0334695 -0.415816 0.908833 -0.0334695 -0.415816 0.908833 -0.0350205 -0.411216 0.910865 -0.0157493 -0.179962 0.983548 -0.0334695 -0.415816 0.908833 -0.0157493 -0.179962 0.983548 -0.0110918 -0.192508 0.981233 0.00360727 -0.0275775 0.999613 -0.00242302 -0.0119942 0.999925 -0.00410901 0.072073 0.997391 0.15086 0.228329 0.961825 0.201338 0.314265 0.92774 0.19498 0.310453 0.930377 0.15086 0.228329 0.961825 0.19498 0.310453 0.930377 0.131511 0.217464 0.967168 -0.36954 -0.62391 0.688605 -0.205885 -0.358885 0.910392 -0.230059 -0.360996 0.903745 -0.36954 -0.62391 0.688605 -0.230059 -0.360996 0.903745 -0.383635 -0.616752 0.687343 -0.205885 -0.358885 0.910392 -0.0545699 -0.114333 0.991942 -0.0904713 -0.135614 0.986622 -0.205885 -0.358885 0.910392 -0.0904713 -0.135614 0.986622 -0.230059 -0.360996 0.903745 -0.0545699 -0.114333 0.991942 0.0695391 0.08997 0.993514 0.0325536 0.0621925 0.997533 -0.0545699 -0.114333 0.991942 0.0325536 0.0621925 0.997533 -0.0904713 -0.135614 0.986622 0.201338 0.314265 0.92774 0.223469 0.354665 0.907895 0.19498 0.310453 0.930377 0.0695391 0.08997 0.993514 0.15086 0.228329 0.961825 0.131511 0.217464 0.967168 0.0695391 0.08997 0.993514 0.131511 0.217464 0.967168 0.0325536 0.0621925 0.997533 -0.50684 -0.712744 0.48488 -0.36954 -0.62391 0.688605 -0.383635 -0.616752 0.687343 -0.50684 -0.712744 0.48488 -0.383635 -0.616752 0.687343 -0.519711 -0.707105 0.479482 -0.0930066 0.0366556 0.99499 -0.0843865 0.044291 0.995448 0.0873713 0.111124 0.989958 -0.0930066 0.0366556 0.99499 0.0873713 0.111124 0.989958 0.0758325 0.100122 0.992081 -0.746239 -0.229307 0.624937 -0.746499 -0.22655 0.625631 -0.591225 -0.157997 0.790879 -0.746239 -0.229307 0.624937 -0.591225 -0.157997 0.790879 -0.623984 -0.177071 0.761111 -0.623984 -0.177071 0.761111 -0.591225 -0.157997 0.790879 -0.325919 -0.0505558 0.944045 -0.623984 -0.177071 0.761111 -0.325919 -0.0505558 0.944045 -0.32826 -0.0522317 0.943142 -0.32826 -0.0522317 0.943142 -0.325919 -0.0505558 0.944045 -0.0843865 0.044291 0.995448 -0.32826 -0.0522317 0.943142 -0.0843865 0.044291 0.995448 -0.0930066 0.0366556 0.99499 0.0758325 0.100122 0.992081 0.0873713 0.111124 0.989958 0.166463 0.149566 0.974639 0.0425495 -0.142829 0.988832 0.0771077 -0.240066 0.967689 0.0781826 -0.232469 0.969456 0.0425495 -0.142829 0.988832 0.0781826 -0.232469 0.969456 0.0464759 -0.120519 0.991622 -0.26512 0.761995 0.590826 -0.175636 0.495895 0.850435 -0.16147 0.514868 0.841925 -0.26512 0.761995 0.590826 -0.16147 0.514868 0.841925 -0.250538 0.768046 0.589352 -0.175636 0.495895 0.850435 -0.0887384 0.235126 0.967906 -0.0817547 0.275377 0.957854 -0.175636 0.495895 0.850435 -0.0817547 0.275377 0.957854 -0.16147 0.514868 0.841925 -0.0887384 0.235126 0.967906 -0.0122209 0.0109174 0.999866 -0.00985391 0.0572556 0.998311 -0.0887384 0.235126 0.967906 -0.00985391 0.0572556 0.998311 -0.0817547 0.275377 0.957854 0.0771077 -0.240066 0.967689 0.0945247 -0.285019 0.95385 0.0781826 -0.232469 0.969456 -0.0122209 0.0109174 0.999866 0.0425495 -0.142829 0.988832 0.0464759 -0.120519 0.991622 -0.0122209 0.0109174 0.999866 0.0464759 -0.120519 0.991622 -0.00985391 0.0572556 0.998311 -0.237428 0.898297 0.369717 -0.26512 0.761995 0.590826 -0.250538 0.768046 0.589352 -0.237428 0.898297 0.369717 -0.250538 0.768046 0.589352 -0.224649 0.903875 0.364063 -0.102406 0.108278 0.988832 -0.177112 0.179472 0.967689 -0.174644 0.172203 0.969456 -0.102406 0.108278 0.988832 -0.174644 0.172203 0.969456 -0.0958449 0.0865925 0.991623 0.580375 -0.560432 0.590831 0.380468 -0.363324 0.850435 0.376386 -0.386653 0.841922 0.580375 -0.560432 0.590831 0.376386 -0.386653 0.841922 0.570098 -0.57242 0.589342 0.380468 -0.363324 0.850435 0.185271 -0.1698 0.967906 0.197196 -0.208873 0.957855 0.380468 -0.363324 0.850435 0.197196 -0.208873 0.957855 0.376386 -0.386653 0.841922 0.185271 -0.1698 0.967906 0.0158349 -0.00422799 0.999866 0.034627 -0.0466502 0.998311 0.185271 -0.1698 0.967906 0.034627 -0.0466502 0.998311 0.197196 -0.208873 0.957855 -0.177112 0.179472 0.967689 -0.212928 0.211726 0.953852 -0.174644 0.172203 0.969456 0.0158349 -0.00422799 0.999866 -0.102406 0.108278 0.988832 -0.0958449 0.0865925 0.991623 0.0158349 -0.00422799 0.999866 -0.0958449 0.0865925 0.991623 0.034627 -0.0466502 0.998311 0.617146 -0.694582 0.369711 0.580375 -0.560432 0.590831 0.570098 -0.57242 0.589342 0.617146 -0.694582 0.369711 0.570098 -0.57242 0.589342 0.608255 -0.705329 0.364056 -0.131269 -0.0705694 0.988832 -0.219498 -0.124092 0.967689 -0.211841 -0.123607 0.969456 -0.131269 -0.0705694 0.988832 -0.211841 -0.123607 0.969456 -0.108623 -0.0698994 0.991622 0.69255 0.413865 0.590839 0.450097 0.272355 0.850433 0.471549 0.262321 0.84192 0.69255 0.413865 0.590839 0.471549 0.262321 0.84192 0.701429 0.400816 0.589359 0.450097 0.272355 0.850433 0.212296 0.134489 0.967907 0.253129 0.135794 0.957855 0.450097 0.272355 0.850433 0.253129 0.135794 0.957855 0.471549 0.262321 0.84192 0.212296 0.134489 0.967907 0.00821652 0.0141821 0.999866 0.054076 0.0212415 0.998311 0.212296 0.134489 0.967907 0.054076 0.0212415 0.998311 0.253129 0.135794 0.957855 -0.219498 -0.124092 0.967689 -0.259994 -0.150246 0.95385 -0.211841 -0.123607 0.969456 0.00821652 0.0141821 0.999866 -0.131269 -0.0705694 0.988832 -0.108623 -0.0698994 0.991622 0.00821652 0.0141821 0.999866 -0.108623 -0.0698994 0.991622 0.054076 0.0212415 0.998311 0.831655 0.41432 0.369716 0.69255 0.413865 0.590839 0.701429 0.400816 0.589359 0.831655 0.41432 0.369716 0.701429 0.400816 0.589359 0.839707 0.40293 0.36406 -0.0598237 0.072273 0.995589 -0.0531305 0.0629458 0.996602 -0.00266037 -0.114369 0.993435 -0.0598237 0.072273 0.995589 -0.00266037 -0.114369 0.993435 -0.0126801 -0.101855 0.994718 -0.22218 0.754358 0.617722 -0.219501 0.754338 0.618704 -0.18377 0.590387 0.785921 -0.22218 0.754358 0.617722 -0.18377 0.590387 0.785921 -0.19641 0.625335 0.755234 -0.19641 0.625335 0.755234 -0.18377 0.590387 0.785921 -0.118711 0.313369 0.942182 -0.19641 0.625335 0.755234 -0.118711 0.313369 0.942182 -0.120056 0.315878 0.941174 -0.120056 0.315878 0.941174 -0.118711 0.313369 0.942182 -0.0531305 0.0629458 0.996602 -0.120056 0.315878 0.941174 -0.0531305 0.0629458 0.996602 -0.0598237 0.072273 0.995589 -0.0126801 -0.101855 0.994718 -0.00266037 -0.114369 0.993435 0.0295165 -0.196544 0.980051 0.105587 -0.100471 0.989321 0.0963806 -0.093723 0.990922 -0.00615926 0.0593418 0.998219 0.105587 -0.100471 0.989321 -0.00615926 0.0593418 0.998219 0.00725164 0.0504753 0.998699 0.459439 -0.67938 0.572152 0.4569 -0.68024 0.573164 0.377061 -0.543911 0.749657 0.459439 -0.67938 0.572152 0.377061 -0.543911 0.749657 0.399 -0.571674 0.71693 0.399 -0.571674 0.71693 0.377061 -0.543911 0.749657 0.234223 -0.308677 0.921878 0.399 -0.571674 0.71693 0.234223 -0.308677 0.921878 0.236243 -0.310596 0.920717 0.236243 -0.310596 0.920717 0.234223 -0.308677 0.921878 0.0963806 -0.093723 0.990922 0.236243 -0.310596 0.920717 0.0963806 -0.093723 0.990922 0.105587 -0.100471 0.989321 0.00725164 0.0504753 0.998699 -0.00615926 0.0593418 0.998219 -0.0623579 0.128174 0.989789 0.122467 -0.0849345 0.988832 0.210205 -0.139247 0.96769 0.206299 -0.132649 0.969456 0.122467 -0.0849345 0.988832 0.206299 -0.132649 0.969456 0.111591 -0.0650626 0.991622 -0.683129 0.429243 0.590834 -0.446989 0.277425 0.850433 -0.447786 0.301092 0.841921 -0.683129 0.429243 0.590834 -0.447786 0.301092 0.841921 -0.67553 0.443081 0.589354 -0.446989 0.277425 0.850433 -0.216203 0.128121 0.967906 -0.235901 0.163913 0.957854 -0.446989 0.277425 0.850433 -0.235901 0.163913 0.957854 -0.447786 0.301092 0.841921 -0.216203 0.128121 0.967906 -0.0163643 0.000881299 0.999866 -0.0434716 0.0385412 0.998311 -0.216203 0.128121 0.967906 -0.0434716 0.0385412 0.998311 -0.235901 0.163913 0.957854 0.210205 -0.139247 0.96769 0.251898 -0.163464 0.953849 0.206299 -0.132649 0.969456 -0.0163643 0.000881299 0.999866 0.122467 -0.0849345 0.988832 0.111591 -0.0650626 0.991622 -0.0163643 0.000881299 0.999866 0.111591 -0.0650626 0.991622 -0.0434716 0.0385412 0.998311 -0.746671 0.552988 0.369712 -0.683129 0.429243 0.590834 -0.67553 0.443081 0.589354 -0.746671 0.552988 0.369712 -0.67553 0.443081 0.589354 -0.740177 0.565333 0.364057 0.0577791 0.404912 0.912528 0.061754 0.425887 0.902667 -0.122149 0.277277 0.952994 0.0577791 0.404912 0.912528 -0.122149 0.277277 0.952994 -0.122844 0.265037 0.956381 0.424475 0.656639 0.623415 0.420949 0.656436 0.626014 0.367194 0.638645 0.67624 0.424475 0.656639 0.623415 0.367194 0.638645 0.67624 0.372093 0.631192 0.680546 0.372093 0.631192 0.680546 0.367194 0.638645 0.67624 0.242627 0.551382 0.798192 0.372093 0.631192 0.680546 0.242627 0.551382 0.798192 0.241076 0.535448 0.809431 0.241076 0.535448 0.809431 0.242627 0.551382 0.798192 0.061754 0.425887 0.902667 0.241076 0.535448 0.809431 0.061754 0.425887 0.902667 0.0577791 0.404912 0.912528 -0.122844 0.265037 0.956381 -0.122149 0.277277 0.952994 -0.237474 0.184312 0.953748 0.436314 0.660636 0.610894 0.43836 0.660432 0.609648 0.442184 0.661337 0.605894 0.436314 0.660636 0.610894 0.442184 0.661337 0.605894 0.442368 0.661573 0.605501 0.420949 0.656436 0.626014 0.424475 0.656639 0.623415 0.43836 0.660432 0.609648 0.420949 0.656436 0.626014 0.43836 0.660432 0.609648 0.436314 0.660636 0.610894 -0.102027 -0.163624 0.981233 -0.1001 -0.150381 0.983548 -0.00787672 -0.00936423 0.999925 -0.102027 -0.163624 0.981233 -0.00787672 -0.00936423 0.999925 -0.0100557 -0.0259309 0.999613 -0.448889 -0.685157 0.573636 -0.450728 -0.6832 0.574528 -0.369154 -0.556921 0.744019 -0.448889 -0.685157 0.573636 -0.369154 -0.556921 0.744019 -0.383333 -0.58835 0.711969 -0.383333 -0.58835 0.711969 -0.369154 -0.556921 0.744019 -0.227881 -0.344086 0.910865 -0.383333 -0.58835 0.711969 -0.227881 -0.344086 0.910865 -0.228725 -0.348867 0.908833 -0.228725 -0.348867 0.908833 -0.227881 -0.344086 0.910865 -0.1001 -0.150381 0.983548 -0.228725 -0.348867 0.908833 -0.1001 -0.150381 0.983548 -0.102027 -0.163624 0.981233 -0.0100557 -0.0259309 0.999613 -0.00787672 -0.00936423 0.999925 0.0309477 0.06522 0.997391 0.241859 0.128052 0.961825 0.327357 0.179267 0.92774 0.31995 0.17897 0.930377 0.241859 0.128052 0.961825 0.31995 0.17897 0.930377 0.219669 0.127793 0.967168 -0.62342 -0.370365 0.688605 -0.352739 -0.216245 0.910392 -0.374967 -0.206507 0.903745 -0.62342 -0.370365 0.688605 -0.374967 -0.206507 0.903745 -0.632358 -0.357327 0.687343 -0.352739 -0.216245 0.910392 -0.102704 -0.0741748 0.991942 -0.144413 -0.0756382 0.986622 -0.352739 -0.216245 0.910392 -0.144413 -0.0756382 0.986622 -0.374967 -0.206507 0.903745 -0.102704 -0.0741748 0.991942 0.10416 0.0456173 0.993514 0.0583852 0.038972 0.997533 -0.102704 -0.0741748 0.991942 0.0583852 0.038972 0.997533 -0.144413 -0.0756382 0.986622 0.327357 0.179267 0.92774 0.366148 0.204111 0.907895 0.31995 0.17897 0.930377 0.10416 0.0456173 0.993514 0.241859 0.128052 0.961825 0.219669 0.127793 0.967168 0.10416 0.0456173 0.993514 0.219669 0.127793 0.967168 0.0583852 0.038972 0.997533 -0.786502 -0.3825 0.48488 -0.62342 -0.370365 0.688605 -0.632358 -0.357327 0.687343 -0.786502 -0.3825 0.48488 -0.632358 -0.357327 0.687343 -0.795093 -0.371381 0.479482 -0.0640474 0.076758 0.99499 -0.0528219 0.0793261 0.995448 0.129951 0.0556328 0.989958 -0.0640474 0.076758 0.99499 0.129951 0.0556328 0.989958 0.114551 0.0515096 0.992081 -0.764822 0.15653 0.624937 -0.763729 0.159074 0.625631 -0.594596 0.144793 0.790879 -0.764822 0.15653 0.624937 -0.594596 0.144793 0.790879 -0.63249 0.143759 0.761111 -0.63249 0.143759 0.761111 -0.594596 0.144793 0.790879 -0.310258 0.111887 0.944045 -0.63249 0.143759 0.761111 -0.310258 0.111887 0.944045 -0.313116 0.111538 0.943142 -0.313116 0.111538 0.943142 -0.310258 0.111887 0.944045 -0.0528219 0.0793261 0.995448 -0.313116 0.111538 0.943142 -0.0528219 0.0793261 0.995448 -0.0640474 0.076758 0.99499 0.114551 0.0515096 0.992081 0.129951 0.0556328 0.989958 0.21779 0.0514499 0.974639 -0.0311352 -0.145744 0.988832 -0.0474253 -0.247645 0.967689 -0.0428399 -0.241494 0.969456 -0.0311352 -0.145744 0.988832 -0.0428399 -0.241494 0.969456 -0.0169936 -0.128047 0.991622 0.132655 0.795819 0.590826 0.0836095 0.519394 0.850435 0.105138 0.529252 0.841925 0.132655 0.795819 0.590826 0.105138 0.529252 0.841925 0.148353 0.794139 0.589352 0.0836095 0.519394 0.850435 0.0348499 0.248886 0.967906 0.0602761 0.280861 0.957854 0.0836095 0.519394 0.850435 0.0602761 0.280861 0.957854 0.105138 0.529252 0.841925 0.0348499 0.248886 0.967906 -0.00549074 0.0154399 0.999866 0.0188022 0.0549708 0.998311 0.0348499 0.248886 0.967906 0.0188022 0.0549708 0.998311 0.0602761 0.280861 0.957854 -0.0474253 -0.247645 0.967689 -0.0536922 -0.295445 0.95385 -0.0428399 -0.241494 0.969456 -0.00549074 0.0154399 0.999866 -0.0311352 -0.145744 0.988832 -0.0169936 -0.128047 0.991622 -0.00549074 0.0154399 0.999866 -0.0169936 -0.128047 0.991622 0.0188022 0.0549708 0.998311 0.222304 0.902159 0.369717 0.132655 0.795819 0.590826 0.148353 0.794139 0.589352 0.222304 0.902159 0.369717 0.148353 0.794139 0.589352 0.236193 0.900928 0.364063 -0.0379584 0.144119 0.988832 -0.0693866 0.242414 0.967689 -0.0707061 0.234851 0.969456 -0.0379584 0.144119 0.988832 -0.0707061 0.234851 0.969456 -0.0425972 0.121943 0.991623 0.240641 -0.770072 0.590831 0.159705 -0.501253 0.850435 0.144939 -0.519769 0.841922 0.240641 -0.770072 0.590831 0.144939 -0.519769 0.841922 0.225875 -0.775666 0.589342 0.159705 -0.501253 0.850435 0.0811841 -0.237837 0.967906 0.0729172 -0.277844 0.957855 0.159705 -0.501253 0.850435 0.0729172 -0.277844 0.957855 0.144939 -0.519769 0.841922 0.0811841 -0.237837 0.967906 0.0118694 -0.0113021 0.999866 0.00802276 -0.0575405 0.998311 0.0811841 -0.237837 0.967906 0.00802276 -0.0575405 0.998311 0.0729172 -0.277844 0.957855 -0.0693866 0.242414 0.967689 -0.0853551 0.28789 0.953852 -0.0707061 0.234851 0.969456 0.0118694 -0.0113021 0.999866 -0.0379584 0.144119 0.988832 -0.0425972 0.121943 0.991623 0.0118694 -0.0113021 0.999866 -0.0425972 0.121943 0.991623 0.00802276 -0.0575405 0.998311 0.208596 -0.905429 0.369711 0.240641 -0.770072 0.590831 0.225875 -0.775666 0.589342 0.208596 -0.905429 0.369711 0.225875 -0.775666 0.589342 0.195642 -0.910598 0.364056 -0.149032 0.00100313 0.988832 -0.25212 -0.00366837 0.967689 -0.245168 -0.00691367 0.969456 -0.149032 0.00100313 0.988832 -0.245168 -0.00691367 0.969456 -0.128837 -0.00926584 0.991622 0.806187 0.0311743 0.590839 0.525571 0.023226 0.850433 0.539587 0.00413547 0.84192 0.806187 0.0311743 0.590839 0.539587 0.00413547 0.84192 0.807723 0.0154661 0.589359 0.525571 0.023226 0.850433 0.250785 0.0162447 0.967907 0.287244 -0.00218644 0.957855 0.525571 0.023226 0.850433 0.287244 -0.00218644 0.957855 0.539587 0.00413547 0.84192 0.250785 0.0162447 0.967907 0.0140099 0.00850678 0.999866 0.0576398 -0.00728426 0.998311 0.250785 0.0162447 0.967907 0.0576398 -0.00728426 0.998311 0.287244 -0.00218644 0.957855 -0.25212 -0.00366837 0.967689 -0.300198 -0.00720521 0.95385 -0.245168 -0.00691367 0.969456 0.0140099 0.00850678 0.999866 -0.149032 0.00100313 0.988832 -0.128837 -0.00926584 0.991622 0.0140099 0.00850678 0.999866 -0.128837 -0.00926584 0.991622 0.0576398 -0.00728426 0.998311 0.928481 -0.0351169 0.369716 0.806187 0.0311743 0.590839 0.807723 0.0154661 0.589359 0.928481 -0.0351169 0.369716 0.807723 0.0154661 0.589359 0.930087 -0.0489723 0.36406 -0.0178507 0.0921065 0.995589 -0.0164486 0.0807123 0.996602 -0.0571662 -0.099093 0.993435 -0.0178507 0.0921065 0.995589 -0.0571662 -0.099093 0.993435 -0.0599599 -0.0833072 0.994718 0.166677 0.76853 0.617722 0.169019 0.767228 0.618704 0.121773 0.606217 0.785921 0.166677 0.76853 0.617722 0.121773 0.606217 0.785921 0.127436 0.642947 0.755234 0.127436 0.642947 0.755234 0.121773 0.606217 0.785921 0.0460584 0.33192 0.942182 0.127436 0.642947 0.755234 0.0460584 0.33192 0.942182 0.0460812 0.334767 0.941174 0.0460812 0.334767 0.941174 0.0460584 0.33192 0.942182 -0.0164486 0.0807123 0.996602 0.0460812 0.334767 0.941174 -0.0164486 0.0807123 0.996602 -0.0178507 0.0921065 0.995589 -0.0599599 -0.0833072 0.994718 -0.0571662 -0.099093 0.993435 -0.0683251 -0.186635 0.980051 0.0444928 -0.138792 0.989321 0.0396487 -0.128457 0.990922 0.0230447 0.0550302 0.998219 0.0444928 -0.138792 0.989321 0.0230447 0.0550302 0.998219 0.0305631 0.0408196 0.998699 0.0774834 -0.816479 0.572152 0.0748434 -0.816016 0.573164 0.0701373 -0.6581 0.749657 0.0774834 -0.816479 0.572152 0.0701373 -0.6581 0.749657 0.0760802 -0.692982 0.71693 0.0760802 -0.692982 0.71693 0.0701373 -0.6581 0.749657 0.0575628 -0.383182 0.921878 0.0760802 -0.692982 0.71693 0.0575628 -0.383182 0.921878 0.0584148 -0.385834 0.920717 0.0584148 -0.385834 0.920717 0.0575628 -0.383182 0.921878 0.0396487 -0.128457 0.990922 0.0584148 -0.385834 0.920717 0.0396487 -0.128457 0.990922 0.0444928 -0.138792 0.989321 0.0305631 0.0408196 0.998699 0.0230447 0.0550302 0.998219 0.00672557 0.142379 0.989789 0.0667547 -0.133251 0.988832 0.117714 -0.222978 0.96769 0.117449 -0.215315 0.969456 0.0667547 -0.133251 0.988832 0.117449 -0.215315 0.969456 0.0667377 -0.110597 0.991622 -0.393712 0.704206 0.590834 -0.259266 0.457761 0.850433 -0.248618 0.478913 0.841921 -0.393712 0.704206 0.590834 -0.248618 0.478913 0.841921 -0.380409 0.712707 0.589354 -0.259266 0.457761 0.850433 -0.128311 0.21609 0.967906 -0.128438 0.256944 0.957854 -0.259266 0.457761 0.850433 -0.128438 0.256944 0.957854 -0.248618 0.478913 0.841921 -0.128311 0.21609 0.967906 -0.0139385 0.00861885 0.999866 -0.0196722 0.0546645 0.998311 -0.128311 0.21609 0.967906 -0.0196722 0.0546645 0.998311 -0.128438 0.256944 0.957854 0.117714 -0.222978 0.96769 0.142692 -0.264219 0.953849 0.117449 -0.215315 0.969456 -0.0139385 0.00861885 0.999866 0.0667547 -0.133251 0.988832 0.0667377 -0.110597 0.991622 -0.0139385 0.00861885 0.999866 0.0667377 -0.110597 0.991622 -0.0196722 0.0546645 0.998311 -0.390148 0.843266 0.369712 -0.393712 0.704206 0.590834 -0.380409 0.712707 0.589354 -0.390148 0.843266 0.369712 -0.380409 0.712707 0.589354 -0.378531 0.850986 0.364057 0.244831 0.327643 0.912528 0.258375 0.344144 0.902667 0.0257375 0.301895 0.952994 0.244831 0.327643 0.912528 0.0257375 0.301895 0.952994 0.0192595 0.291486 0.956381 0.687322 0.372751 0.623415 0.68413 0.374263 0.626014 0.628426 0.384421 0.67624 0.687322 0.372751 0.623415 0.628426 0.384421 0.67624 0.629152 0.375532 0.680546 0.629152 0.375532 0.680546 0.628426 0.384421 0.67624 0.477272 0.367562 0.798192 0.629152 0.375532 0.680546 0.477272 0.367562 0.798192 0.468271 0.354322 0.809431 0.468271 0.354322 0.809431 0.477272 0.367562 0.798192 0.258375 0.344144 0.902667 0.468271 0.354322 0.809431 0.258375 0.344144 0.902667 0.244831 0.327643 0.912528 0.0192595 0.291486 0.956381 0.0257375 0.301895 0.952994 -0.120039 0.2756 0.953748 0.699627 0.370583 0.610894 0.701325 0.369423 0.609648 0.705115 0.368383 0.605894 0.699627 0.370583 0.610894 0.705115 0.368383 0.605894 0.70539 0.368502 0.605501 0.68413 0.374263 0.626014 0.687322 0.372751 0.623415 0.701325 0.369423 0.609648 0.68413 0.374263 0.626014 0.701325 0.369423 0.609648 0.699627 0.370583 0.610894 -0.167983 -0.0946794 0.981233 -0.159942 -0.0839813 0.983548 -0.0114019 -0.00444158 0.999925 -0.167983 -0.0946794 0.981233 -0.0114019 -0.00444158 0.999925 -0.0212566 -0.0179356 0.999613 -0.722419 -0.386073 0.573636 -0.723094 -0.383474 0.574528 -0.590965 -0.311762 0.744019 -0.722419 -0.386073 0.573636 -0.590965 -0.311762 0.744019 -0.618477 -0.332546 0.711969 -0.618477 -0.332546 0.711969 -0.590965 -0.311762 0.744019 -0.364948 -0.192712 0.910865 -0.618477 -0.332546 0.711969 -0.364948 -0.192712 0.910865 -0.367981 -0.196503 0.908833 -0.367981 -0.196503 0.908833 -0.364948 -0.192712 0.910865 -0.159942 -0.0839813 0.983548 -0.367981 -0.196503 0.908833 -0.159942 -0.0839813 0.983548 -0.167983 -0.0946794 0.981233 -0.0212566 -0.0179356 0.999613 -0.0114019 -0.00444158 0.999925 0.0584273 0.0423988 0.997391 0.273642 -0.00357721 0.961825 0.373228 0.000377898 0.92774 0.366585 0.00366842 0.930377 0.273642 -0.00357721 0.961825 0.366585 0.00366842 0.930377 0.254045 0.00683398 0.967168 -0.724665 -0.0261424 0.688605 -0.413231 -0.0206605 0.910392 -0.428069 -0.00145858 0.903745 -0.724665 -0.0261424 0.688605 -0.428069 -0.00145858 0.903745 -0.726258 -0.0104153 0.687343 -0.413231 -0.0206605 0.910392 -0.125692 -0.0158556 0.991942 -0.162997 0.00285643 0.986622 -0.413231 -0.0206605 0.910392 -0.162997 0.00285643 0.986622 -0.428069 -0.00145858 0.903745 -0.125692 -0.0158556 0.991942 0.113279 -0.00990418 0.993514 0.0699219 0.00620979 0.997533 -0.125692 -0.0158556 0.991942 0.0699219 0.00620979 0.997533 -0.162997 0.00285643 0.986622 0.373228 0.000377898 0.92774 0.419181 0.00358384 0.907895 0.366585 0.00366842 0.930377 0.113279 -0.00990418 0.993514 0.273642 -0.00357721 0.961825 0.254045 0.00683398 0.967168 0.113279 -0.00990418 0.993514 0.254045 0.00683398 0.967168 0.0699219 0.00620979 0.997533 -0.873601 0.0413942 0.48488 -0.724665 -0.0261424 0.688605 -0.726258 -0.0104153 0.687343 -0.873601 0.0413942 0.48488 -0.726258 -0.0104153 0.687343 -0.87581 0.0552707 0.479482 -0.0194071 0.0980675 0.99499 -0.00832461 0.0949393 0.995448 0.140715 -0.0134797 0.989958 -0.0194071 0.0980675 0.99499 0.140715 -0.0134797 0.989958 0.125223 -0.00971452 0.992081 -0.59615 0.504043 0.624937 -0.593971 0.505752 0.625631 -0.45239 0.412133 0.790879 -0.59615 0.504043 0.624937 -0.45239 0.412133 0.790879 -0.486141 0.429392 0.761111 -0.486141 0.429392 0.761111 -0.45239 0.412133 0.790879 -0.218636 0.246936 0.944045 -0.486141 0.429392 0.761111 -0.218636 0.246936 0.944045 -0.221311 0.248 0.943142 -0.221311 0.248 0.943142 -0.218636 0.246936 0.944045 -0.00832461 0.0949393 0.995448 -0.221311 0.248 0.943142 -0.00832461 0.0949393 0.995448 -0.0194071 0.0980675 0.99499 0.125223 -0.00971452 0.992081 0.140715 -0.0134797 0.989958 0.215795 -0.0592627 0.974639 -0.0971969 -0.112975 0.988832 -0.160347 -0.194592 0.967689 -0.153374 -0.191392 0.969456 -0.0971969 -0.112975 0.988832 -0.153374 -0.191392 0.969456 -0.0763025 -0.104225 0.991622 0.497951 0.634798 0.590826 0.322385 0.415726 0.850435 0.346004 0.414057 0.841925 0.497951 0.634798 0.590826 0.346004 0.414057 0.841925 0.510922 0.625798 0.589352 0.322385 0.415726 0.850435 0.149906 0.20171 0.967906 0.187549 0.217581 0.957854 0.322385 0.415726 0.850435 0.187549 0.217581 0.957854 0.346004 0.414057 0.841925 0.149906 0.20171 0.967906 0.00258373 0.0161822 0.999866 0.0428549 0.0392271 0.998311 0.149906 0.20171 0.967906 0.0428549 0.0392271 0.998311 0.187549 0.217581 0.957854 -0.160347 -0.194592 0.967689 -0.188763 -0.233536 0.95385 -0.153374 -0.191392 0.969456 0.00258373 0.0161822 0.999866 -0.0971969 -0.112975 0.988832 -0.0763025 -0.104225 0.991622 0.00258373 0.0161822 0.999866 -0.0763025 -0.104225 0.991622 0.0428549 0.0392271 0.998311 0.627608 0.685141 0.369717 0.497951 0.634798 0.590826 0.510922 0.625798 0.589352 0.627608 0.685141 0.369717 0.510922 0.625798 0.589352 0.639207 0.677402 0.364063 0.0357828 0.144675 0.988832 0.0553268 0.246004 0.967689 0.0505434 0.24 0.969456 0.0357828 0.144675 0.988832 0.0505434 0.24 0.969456 0.0210798 0.127437 0.991623 -0.15801 -0.791171 0.590831 -0.100159 -0.516458 0.850435 -0.121995 -0.525628 0.841922 -0.15801 -0.791171 0.590831 -0.121995 -0.525628 0.841922 -0.17365 -0.789001 0.589342 -0.100159 -0.516458 0.850435 -0.0427794 -0.247643 0.967906 -0.0692147 -0.278789 0.957855 -0.100159 -0.516458 0.850435 -0.0692147 -0.278789 0.957855 -0.121995 -0.525628 0.841922 -0.0427794 -0.247643 0.967906 0.00499792 -0.015609 0.999866 -0.0205457 -0.0543428 0.998311 -0.0427794 -0.247643 0.967906 -0.0205457 -0.0543428 0.998311 -0.0692147 -0.278789 0.957855 0.0553268 0.246004 0.967689 0.0631157 0.293569 0.953852 0.0505434 0.24 0.969456 0.00499792 -0.015609 0.999866 0.0357828 0.144675 0.988832 0.0210798 0.127437 0.991623 0.00499792 -0.015609 0.999866 0.0210798 0.127437 0.991623 -0.0205457 -0.0543428 0.998311 -0.251025 -0.894595 0.369711 -0.15801 -0.791171 0.590831 -0.17365 -0.789001 0.589342 -0.251025 -0.894595 0.369711 -0.17365 -0.789001 0.589342 -0.264872 -0.89292 0.364056 -0.130307 0.0723301 0.988832 -0.223015 0.117654 0.967689 -0.21847 0.111473 0.969456 -0.130307 0.0723301 0.988832 -0.21847 0.111473 0.969456 -0.117508 0.0536363 0.991622 0.722442 -0.359149 0.590839 0.472367 -0.23159 0.850433 0.475514 -0.255062 0.84192 0.722442 -0.359149 0.590839 0.475514 -0.255062 0.84192 0.716259 -0.37367 0.589359 0.472367 -0.23159 0.850433 0.227872 -0.105977 0.967907 0.251032 -0.139631 0.957855 0.472367 -0.23159 0.850433 0.251032 -0.139631 0.957855 0.475514 -0.255062 0.84192 0.227872 -0.105977 0.967907 0.0163733 0.000748678 0.999866 0.0470914 -0.0340265 0.998311 0.227872 -0.105977 0.967907 0.0470914 -0.0340265 0.998311 0.251032 -0.139631 0.957855 -0.223015 0.117654 0.967689 -0.266903 0.137599 0.95385 -0.21847 0.111473 0.969456 0.0163733 0.000748678 0.999866 -0.130307 0.0723301 0.988832 -0.117508 0.0536363 0.991622 0.0163733 0.000748678 0.999866 -0.117508 0.0536363 0.991622 0.0470914 -0.0340265 0.998311 0.797983 -0.475956 0.369716 0.722442 -0.359149 0.590839 0.716259 -0.37367 0.589359 0.797983 -0.475956 0.369716 0.716259 -0.37367 0.589359 0.79275 -0.488885 0.36406 0.0284927 0.0893892 0.995589 0.0242605 0.0787176 0.996602 -0.0976758 -0.0595553 0.993435 0.0284927 0.0893892 0.995589 -0.0976758 -0.0595553 0.993435 -0.0925593 -0.0443627 0.994718 0.514726 0.594539 0.617722 0.516157 0.592274 0.618704 0.397502 0.473624 0.785921 0.514726 0.594539 0.617722 0.397502 0.473624 0.785921 0.420081 0.503144 0.755234 0.420081 0.503144 0.755234 0.397502 0.473624 0.785921 0.199551 0.269206 0.942182 0.420081 0.503144 0.755234 0.199551 0.269206 0.942182 0.200936 0.271693 0.941174 0.200936 0.271693 0.941174 0.199551 0.269206 0.942182 0.0242605 0.0787176 0.996602 0.200936 0.271693 0.941174 0.0242605 0.0787176 0.996602 0.0284927 0.0893892 0.995589 -0.0925593 -0.0443627 0.994718 -0.0976758 -0.0595553 0.993435 -0.149438 -0.131031 0.980051 -0.0274945 -0.143133 0.989321 -0.0267906 -0.13174 0.990922 0.0466065 0.0372453 0.998219 -0.0274945 -0.143133 0.989321 0.0466065 0.0372453 0.998219 0.0463916 0.0211699 0.998699 -0.323443 -0.753675 0.572152 -0.325538 -0.752003 0.573164 -0.253958 -0.611162 0.749657 -0.323443 -0.753675 0.572152 -0.253958 -0.611162 0.749657 -0.265466 -0.644624 0.71693 -0.265466 -0.644624 0.71693 -0.253958 -0.611162 0.749657 -0.133191 -0.363871 0.921878 -0.265466 -0.644624 0.71693 -0.133191 -0.363871 0.921878 -0.133715 -0.366607 0.920717 -0.133715 -0.366607 0.920717 -0.133191 -0.363871 0.921878 -0.0267906 -0.13174 0.990922 -0.133715 -0.366607 0.920717 -0.0267906 -0.13174 0.990922 -0.0274945 -0.143133 0.989321 0.0463916 0.0211699 0.998699 0.0466065 0.0372453 0.998219 0.0741624 0.121725 0.989789 -0.005301 -0.148942 0.988832 -0.00359788 -0.252117 0.96769 -0.00015687 -0.245265 0.969456 -0.005301 -0.148942 0.988832 -0.00015687 -0.245265 0.969456 0.00554464 -0.129054 0.991622 -0.0079002 0.806754 0.590834 -0.00806457 0.526022 0.850433 0.0114205 0.53948 0.841921 -0.0079002 0.806754 0.590834 0.0114205 0.53948 0.841921 0.00784909 0.807837 0.589354 -0.00806457 0.526022 0.850433 -0.00900437 0.251152 0.967906 0.0104701 0.287066 0.957854 -0.00806457 0.526022 0.850433 0.0104701 0.287066 0.957854 0.0114205 0.53948 0.841921 -0.00900437 0.251152 0.967906 -0.00810006 0.0142462 0.999866 0.00894354 0.057404 0.998311 -0.00900437 0.251152 0.967906 0.00894354 0.057404 0.998311 0.0104701 0.287066 0.957854 -0.00359788 -0.252117 0.96769 -0.00144918 -0.300284 0.953849 -0.00015687 -0.245265 0.969456 -0.00810006 0.0142462 0.999866 -0.005301 -0.148942 0.988832 0.00554464 -0.129054 0.991622 -0.00810006 0.0142462 0.999866 0.00554464 -0.129054 0.991622 0.00894354 0.057404 0.998311 0.0618957 0.927083 0.369712 -0.0079002 0.806754 0.590834 0.00784909 0.807837 0.589354 0.0618957 0.927083 0.369712 0.00784909 0.807837 0.589354 0.0757919 0.928288 0.364057 0.37194 0.170156 0.912528 0.391737 0.178143 0.902667 0.167323 0.252598 0.952994 0.37194 0.170156 0.912528 0.167323 0.252598 0.952994 0.156648 0.24657 0.956381 0.781888 -0.00240012 0.623415 0.779811 0.000457094 0.626014 0.735797 0.036078 0.67624 0.781888 -0.00240012 0.623415 0.735797 0.036078 0.67624 0.732172 0.0279293 0.680546 0.732172 0.0279293 0.680546 0.735797 0.036078 0.67624 0.595064 0.0937498 0.798192 0.732172 0.0279293 0.680546 0.595064 0.0937498 0.798192 0.580818 0.0864456 0.809431 0.580818 0.0864456 0.809431 0.595064 0.0937498 0.798192 0.391737 0.178143 0.902667 0.580818 0.0864456 0.809431 0.391737 0.178143 0.902667 0.37194 0.170156 0.912528 0.156648 0.24657 0.956381 0.167323 0.252598 0.952994 0.0267856 0.299412 0.953748 0.791647 -0.0102021 0.610894 0.792581 -0.0120341 0.609648 0.795409 -0.0147632 0.605894 0.791647 -0.0102021 0.610894 0.795409 -0.0147632 0.605894 0.795707 -0.0147906 0.605501 0.779811 0.000457094 0.626014 0.781888 -0.00240012 0.623415 0.792581 -0.0120341 0.609648 0.779811 0.000457094 0.626014 0.792581 -0.0120341 0.609648 0.791647 -0.0102021 0.610894 -0.192811 -0.00255353 0.981233 -0.180625 0.00297986 0.983548 -0.0121355 0.00156852 0.999925 -0.192811 -0.00255353 0.981233 -0.0121355 0.00156852 0.999925 -0.0272532 -0.00554899 0.999613 -0.819076 0.00753548 0.573636 -0.818422 0.0101399 0.574528 -0.668087 0.0097268 0.744019 -0.819076 0.00753548 0.573636 -0.668087 0.0097268 0.744019 -0.702195 0.00467655 0.711969 -0.702195 0.00467655 0.711969 -0.668087 0.0097268 0.744019 -0.412663 0.00584452 0.910865 -0.702195 0.00467655 0.711969 -0.412663 0.00584452 0.910865 -0.417142 0.00397194 0.908833 -0.417142 0.00397194 0.908833 -0.412663 0.00584452 0.910865 -0.180625 0.00297986 0.983548 -0.417142 0.00397194 0.908833 -0.180625 0.00297986 0.983548 -0.192811 -0.00255353 0.981233 -0.0272532 -0.00554899 0.999613 -0.0121355 0.00156852 0.999925 0.0716018 0.00919696 0.997391 0.238429 -0.13433 0.961825 0.327719 -0.178603 0.92774 0.323468 -0.172531 0.930377 0.238429 -0.13433 0.961825 0.323468 -0.172531 0.930377 0.226222 -0.115798 0.967168 -0.648487 0.324481 0.688605 -0.37255 0.179982 0.910392 -0.376365 0.203947 0.903745 -0.648487 0.324481 0.688605 -0.376365 0.203947 0.903745 -0.642345 0.339046 0.687343 -0.37255 0.179982 0.910392 -0.117907 0.0463456 0.991942 -0.141674 0.0806517 0.986622 -0.37255 0.179982 0.910392 -0.141674 0.0806517 0.986622 -0.376365 0.203947 0.903745 -0.117907 0.0463456 0.991942 0.0946636 -0.0630007 0.993514 0.0643394 -0.0280728 0.997533 -0.117907 0.0463456 0.991942 0.0643394 -0.0280728 0.997533 -0.141674 0.0806517 0.986622 0.327719 -0.178603 0.92774 0.369585 -0.197821 0.907895 0.323468 -0.172531 0.930377 0.0946636 -0.0630007 0.993514 0.238429 -0.13433 0.961825 0.226222 -0.115798 0.967168 0.0946636 -0.0630007 0.993514 0.226222 -0.115798 0.967168 0.0643394 -0.0280728 0.997533 -0.746811 0.455153 0.48488 -0.648487 0.324481 0.688605 -0.642345 0.339046 0.687343 -0.746811 0.455153 0.48488 -0.642345 0.339046 0.687343 -0.742097 0.46839 0.479482 0.0299847 0.0953665 0.99499 0.0382108 0.0873081 0.995448 0.117026 -0.0792918 0.989958 0.0299847 0.0953665 0.99499 0.117026 -0.0792918 0.989958 0.105236 -0.0685602 0.992081 -0.28152 0.728149 0.624937 -0.278788 0.728604 0.625631 -0.199422 0.578568 0.790879 -0.28152 0.728149 0.624937 -0.199422 0.578568 0.790879 -0.220767 0.609895 0.761111 -0.220767 0.609895 0.761111 -0.199422 0.578568 0.790879 -0.0734838 0.321526 0.944045 -0.220767 0.609895 0.761111 -0.0734838 0.321526 0.944045 -0.075321 0.323743 0.943142 -0.075321 0.323743 0.943142 -0.0734838 0.321526 0.944045 0.0382108 0.0873081 0.995448 -0.075321 0.323743 0.943142 0.0382108 0.0873081 0.995448 0.0299847 0.0953665 0.99499 0.105236 -0.0685602 0.992081 0.117026 -0.0792918 0.989958 0.160966 -0.155466 0.974639 -0.139461 -0.0525462 0.988832 -0.23401 -0.0938962 0.967689 -0.226356 -0.094431 0.969456 -0.139461 -0.0525462 0.988832 -0.226356 -0.094431 0.969456 -0.11693 -0.0548847 0.991622 0.741332 0.318357 0.590826 0.482229 0.210275 0.850435 0.502157 0.197486 0.841925 0.741332 0.318357 0.590826 0.502157 0.197486 0.841925 0.7484 0.30424 0.589352 0.482229 0.210275 0.850435 0.22826 0.105148 0.967906 0.268904 0.101029 0.957854 0.482229 0.210275 0.850435 0.268904 0.101029 0.957854 0.502157 0.197486 0.841925 0.22826 0.105148 0.967906 0.0100256 0.0129625 0.999866 0.0564152 0.0138793 0.998311 0.22826 0.105148 0.967906 0.0564152 0.0138793 0.998311 0.268904 0.101029 0.957854 -0.23401 -0.0938962 0.967689 -0.277619 -0.114449 0.95385 -0.226356 -0.094431 0.969456 0.0100256 0.0129625 0.999866 -0.139461 -0.0525462 0.988832 -0.11693 -0.0548847 0.991622 0.0100256 0.0129625 0.999866 -0.11693 -0.0548847 0.991622 0.0564152 0.0138793 0.998311 0.879252 0.300376 0.369717 0.741332 0.318357 0.590826 0.7484 0.30424 0.589352 0.879252 0.300376 0.369717 0.7484 0.30424 0.589352 0.88572 0.288024 0.364063 0.100763 0.109809 0.988832 0.166494 0.189363 0.967689 0.159418 0.186388 0.969456 0.100763 0.109809 0.988832 0.159418 0.186388 0.969456 0.0795957 0.10173 0.991623 -0.517974 -0.618564 0.590831 -0.335501 -0.405216 0.850435 -0.35906 -0.402794 0.841922 -0.517974 -0.618564 0.590831 -0.35906 -0.402794 0.841922 -0.530659 -0.609161 0.589342 -0.335501 -0.405216 0.850435 -0.156269 -0.196818 0.967906 -0.1944 -0.211477 0.957855 -0.335501 -0.405216 0.850435 -0.1944 -0.211477 0.957855 -0.35906 -0.402794 0.841922 -0.156269 -0.196818 0.967906 -0.00309728 -0.0160943 0.999866 -0.0440839 -0.0378402 0.998311 -0.156269 -0.196818 0.967906 -0.0440839 -0.0378402 0.998311 -0.1944 -0.211477 0.957855 0.166494 0.189363 0.967689 0.196134 0.227371 0.953852 0.159418 0.186388 0.969456 -0.00309728 -0.0160943 0.999866 0.100763 0.109809 0.988832 0.0795957 0.10173 0.991623 -0.00309728 -0.0160943 0.999866 0.0795957 0.10173 0.991623 -0.0440839 -0.0378402 0.998311 -0.649187 -0.664733 0.369711 -0.517974 -0.618564 0.590831 -0.530659 -0.609161 0.589342 -0.649187 -0.664733 0.369711 -0.530659 -0.609161 0.589342 -0.660536 -0.656625 0.364056 -0.0796782 0.125948 0.988832 -0.139308 0.21017 0.967689 -0.138283 0.202566 0.969456 -0.0796782 0.125948 0.988832 -0.138283 0.202566 0.969456 -0.077408 0.103406 0.991622 0.461817 -0.66154 0.590839 0.303511 -0.429704 0.850433 0.29502 -0.451812 0.84192 0.461817 -0.66154 0.590839 0.29502 -0.451812 0.84192 0.449429 -0.671319 0.589359 0.303511 -0.429704 0.850433 0.149169 -0.202251 0.967907 0.153359 -0.242889 0.957855 0.303511 -0.429704 0.850433 0.153359 -0.242889 0.957855 0.29502 -0.451812 0.84192 0.149169 -0.202251 0.967907 0.0147278 -0.00719273 0.999866 0.0250134 -0.0524379 0.998311 0.149169 -0.202251 0.967907 0.0250134 -0.0524379 0.998311 0.153359 -0.242889 0.957855 -0.139308 0.21017 0.967689 -0.168261 0.248715 0.95385 -0.138283 0.202566 0.969456 0.0147278 -0.00719273 0.999866 -0.0796782 0.125948 0.988832 -0.077408 0.103406 0.991622 0.0147278 -0.00719273 0.999866 -0.077408 0.103406 0.991622 0.0250134 -0.0524379 0.998311 0.472111 -0.800264 0.369716 0.461817 -0.66154 0.590839 0.449429 -0.671319 0.589359 0.472111 -0.800264 0.369716 0.449429 -0.671319 0.589359 0.461319 -0.809101 0.36406 0.0678602 0.0647863 0.995589 0.0590298 0.05745 0.996602 -0.114271 -0.00543646 0.993435 0.0678602 0.0647863 0.995589 -0.114271 -0.00543646 0.993435 -0.102497 0.00544341 0.994718 0.736752 0.274984 0.617722 0.736921 0.272311 0.618704 0.575908 0.225072 0.785921 0.736752 0.274984 0.617722 0.575908 0.225072 0.785921 0.609875 0.240153 0.755234 0.609875 0.240153 0.755234 0.575908 0.225072 0.785921 0.304187 0.140581 0.942182 0.609875 0.240153 0.755234 0.304187 0.140581 0.942182 0.306594 0.142099 0.941174 0.306594 0.142099 0.941174 0.304187 0.140581 0.942182 0.0590298 0.05745 0.996602 0.306594 0.142099 0.941174 0.0590298 0.05745 0.996602 0.0678602 0.0647863 0.995589 -0.102497 0.00544341 0.994718 -0.114271 -0.00543646 0.993435 -0.193964 -0.0433455 0.980051 -0.0927502 -0.112429 0.989321 -0.0866706 -0.102769 0.990922 0.0587574 0.0103415 0.998219 -0.0927502 -0.112429 0.989321 0.0587574 0.0103415 0.998219 0.0508618 -0.00366299 0.998699 -0.645179 -0.506346 0.572152 -0.646216 -0.503874 0.573164 -0.515876 -0.414591 0.749657 -0.645179 -0.506346 0.572152 -0.515876 -0.414591 0.749657 -0.542018 -0.438439 0.71693 -0.542018 -0.438439 0.71693 -0.515876 -0.414591 0.749657 -0.291335 -0.255471 0.921878 -0.542018 -0.438439 0.71693 -0.291335 -0.255471 0.921878 -0.293107 -0.257621 0.920717 -0.293107 -0.257621 0.920717 -0.291335 -0.255471 0.921878 -0.0866706 -0.102769 0.990922 -0.293107 -0.257621 0.920717 -0.0866706 -0.102769 0.990922 -0.0927502 -0.112429 0.989321 0.0508618 -0.00366299 0.998699 0.0587574 0.0103415 0.998219 0.123442 0.0712684 0.989789 -0.0760588 -0.128168 0.988832 -0.124029 -0.219528 0.96769 -0.117724 -0.215165 0.969456 -0.0760588 -0.128168 0.988832 -0.117724 -0.215165 0.969456 -0.057006 -0.115914 0.991622 0.379846 0.711781 0.590834 0.245111 0.465494 0.850433 0.268663 0.467963 0.841921 0.379846 0.711781 0.590834 0.268663 0.467963 0.841921 0.394186 0.70518 0.589354 0.245111 0.465494 0.850433 0.112507 0.224724 0.967906 0.146815 0.246904 0.957854 0.245111 0.465494 0.850433 0.146815 0.246904 0.957854 0.268663 0.467963 0.841921 0.112507 0.224724 0.967906 -0.00027847 0.0163856 0.999866 0.0353696 0.046089 0.998311 0.112507 0.224724 0.967906 0.0353696 0.046089 0.998311 0.146815 0.246904 0.957854 -0.124029 -0.219528 0.96769 -0.145236 -0.26283 0.953849 -0.117724 -0.215165 0.969456 -0.00027847 0.0163856 0.999866 -0.0760588 -0.128168 0.988832 -0.057006 -0.115914 0.991622 -0.00027847 0.0163856 0.999866 -0.057006 -0.115914 0.991622 0.0353696 0.046089 0.998311 0.498786 0.783917 0.369712 0.379846 0.711781 0.590834 0.394186 0.70518 0.589354 0.498786 0.783917 0.369712 0.394186 0.70518 0.589354 0.511559 0.778313 0.364057 0.407985 -0.028992 0.912528 0.429188 -0.0314733 0.902667 0.267942 0.141457 0.952994 0.407985 -0.028992 0.912528 0.267942 0.141457 0.952994 0.255683 0.141284 0.956381 0.68502 -0.376963 0.623415 0.684568 -0.37346 0.626014 0.66302 -0.321099 0.67624 0.68502 -0.376963 0.623415 0.66302 -0.321099 0.67624 0.655932 -0.326512 0.680546 0.655932 -0.326512 0.680546 0.66302 -0.321099 0.67624 0.567164 -0.203016 0.798192 0.655932 -0.326512 0.680546 0.567164 -0.203016 0.798192 0.55116 -0.202596 0.809431 0.55116 -0.202596 0.809431 0.567164 -0.203016 0.798192 0.429188 -0.0314733 0.902667 0.55116 -0.202596 0.809431 0.429188 -0.0314733 0.902667 0.407985 -0.028992 0.912528 0.255683 0.141284 0.956381 0.267942 0.141457 0.952994 0.167052 0.249917 0.953748 0.689845 -0.388489 0.610894 0.689786 -0.390544 0.609648 0.690959 -0.394295 0.605894 0.689845 -0.388489 0.610894 0.690959 -0.394295 0.605894 0.691208 -0.394462 0.605501 0.684568 -0.37346 0.626014 0.68502 -0.376963 0.623415 0.689786 -0.390544 0.609648 0.684568 -0.37346 0.626014 0.689786 -0.390544 0.609648 0.689845 -0.388489 0.610894 -0.170432 0.0901975 0.981233 -0.157085 0.0892114 0.983548 -0.00989795 0.00719459 0.999925 -0.170432 0.0901975 0.981233 -0.00989795 0.00719459 0.999925 -0.0265773 0.0081962 0.999613 -0.715194 0.399299 0.573636 -0.713372 0.401271 0.574528 -0.581638 0.328834 0.744019 -0.715194 0.399299 0.573636 -0.581638 0.328834 0.744019 -0.613992 0.340754 0.711969 -0.613992 0.340754 0.711969 -0.581638 0.328834 0.744019 -0.359344 0.20297 0.910865 -0.613992 0.340754 0.711969 -0.359344 0.20297 0.910865 -0.364173 0.203474 0.908833 -0.364173 0.203474 0.908833 -0.359344 0.20297 0.910865 -0.157085 0.0892114 0.983548 -0.364173 0.203474 0.908833 -0.157085 0.0892114 0.983548 -0.170432 0.0901975 0.981233 -0.0265773 0.0081962 0.999613 -0.00989795 0.00719459 0.999925 0.0672458 -0.0262567 0.997391 0.14484 -0.232195 0.961825 0.201974 -0.313856 0.92774 0.201154 -0.306489 0.930377 0.14484 -0.232195 0.961825 0.201154 -0.306489 0.930377 0.143012 -0.210079 0.967168 -0.413536 0.59566 0.688605 -0.240655 0.336559 0.910392 -0.232514 0.35942 0.903745 -0.413536 0.59566 0.688605 -0.232514 0.35942 0.903745 -0.401163 0.605498 0.687343 -0.240655 0.336559 0.910392 -0.0812539 0.0971998 0.991942 -0.0856641 0.138701 0.986622 -0.240655 0.336559 0.910392 -0.0856641 0.138701 0.986622 -0.232514 0.35942 0.903745 -0.0812539 0.0971998 0.991942 0.052871 -0.100672 0.993514 0.0430043 -0.0554821 0.997533 -0.0812539 0.0971998 0.991942 0.0430043 -0.0554821 0.997533 -0.0856641 0.138701 0.986622 0.201974 -0.313856 0.92774 0.2295 -0.350793 0.907895 0.201154 -0.306489 0.930377 0.052871 -0.100672 0.993514 0.14484 -0.232195 0.961825 0.143012 -0.210079 0.967168 0.052871 -0.100672 0.993514 0.143012 -0.210079 0.967168 0.0430043 -0.0554821 0.997533 -0.437176 0.757475 0.48488 -0.413536 0.59566 0.688605 -0.401163 0.605498 0.687343 -0.437176 0.757475 0.48488 -0.401163 0.605498 0.687343 -0.426693 0.766831 0.479482 0.0720352 0.0693166 0.99499 0.0753909 0.0583009 0.995448 0.0646858 -0.125691 0.989958 0.0720352 0.0693166 0.99499 0.0646858 -0.125691 0.989958 0.0594835 -0.11062 0.992081 0.102037 0.773979 0.624937 0.104652 0.773068 0.625631 0.10237 0.603349 0.790879 0.102037 0.773979 0.624937 0.10237 0.603349 0.790879 0.0986583 0.641075 0.761111 0.0986583 0.641075 0.761111 0.10237 0.603349 0.790879 0.0896597 0.317396 0.944045 0.0986583 0.641075 0.761111 0.0896597 0.317396 0.944045 0.0891101 0.320222 0.943142 0.0891101 0.320222 0.943142 0.0896597 0.317396 0.944045 0.0753909 0.0583009 0.995448 0.0891101 0.320222 0.943142 0.0753909 0.0583009 0.995448 0.0720352 0.0693166 0.99499 0.0594835 -0.11062 0.992081 0.0646858 -0.125691 0.989958 0.0667269 -0.213605 0.974639 -0.147581 0.0207477 0.988832 -0.250379 0.0297888 0.967689 -0.243919 0.02565 0.969456 -0.147581 0.0207477 0.988832 -0.243919 0.02565 0.969456 -0.128929 0.00789335 0.991622 0.803209 -0.0760285 0.590826 0.524007 -0.0466596 0.850435 0.535364 -0.0674366 0.841925 0.803209 -0.0760285 0.590826 0.535364 -0.0674366 0.841925 0.802643 -0.0918062 0.589352 0.524007 -0.0466596 0.850435 0.250727 -0.0171572 0.967906 0.284421 -0.0402578 0.957854 0.524007 -0.0466596 0.850435 0.284421 -0.0402578 0.957854 0.535364 -0.0674366 0.841925 0.250727 -0.0171572 0.967906 0.0150129 0.00656916 0.999866 0.0561631 -0.0148666 0.998311 0.250727 -0.0171572 0.967906 0.0561631 -0.0148666 0.998311 0.284421 -0.0402578 0.957854 -0.250379 0.0297888 0.967689 -0.298503 0.0326587 0.95385 -0.243919 0.02565 0.969456 0.0150129 0.00656916 0.999866 -0.147581 0.0207477 0.988832 -0.128929 0.00789335 0.991622 0.0150129 0.00656916 0.999866 -0.128929 0.00789335 0.991622 0.0561631 -0.0148666 0.998311 0.915624 -0.157931 0.369717 0.803209 -0.0760285 0.590826 0.802643 -0.0918062 0.589352 0.915624 -0.157931 0.369717 0.802643 -0.0918062 0.589352 0.915379 -0.171872 0.364063 0.141073 0.0480579 0.988832 0.236898 0.0863604 0.967689 0.229262 0.0871417 0.969456 0.141073 0.0480579 0.988832 0.229262 0.0871417 0.969456 0.118624 0.0511164 0.991623 -0.751121 -0.294511 0.590831 -0.4887 -0.194763 0.850435 -0.508215 -0.181343 0.841922 -0.751121 -0.294511 0.590831 -0.508215 -0.181343 0.841922 -0.757745 -0.280177 0.589342 -0.4887 -0.194763 0.850435 -0.231499 -0.0978047 0.967906 -0.27199 -0.0923884 0.957855 -0.4887 -0.194763 0.850435 -0.27199 -0.0923884 0.957855 -0.508215 -0.181343 0.841922 -0.231499 -0.0978047 0.967906 -0.0104341 -0.0126392 0.999866 -0.0568288 -0.0120729 0.998311 -0.231499 -0.0978047 0.967906 -0.0568288 -0.0120729 0.998311 -0.27199 -0.0923884 0.957855 0.236898 0.0863604 0.967689 0.281131 0.105506 0.953852 0.229262 0.0871417 0.969456 -0.0104341 -0.0126392 0.999866 0.141073 0.0480579 0.988832 0.118624 0.0511164 0.991623 -0.0104341 -0.0126392 0.999866 0.118624 0.0511164 0.991623 -0.0568288 -0.0120729 0.998311 -0.888405 -0.272121 0.369711 -0.751121 -0.294511 0.590831 -0.757745 -0.280177 0.589342 -0.888405 -0.272121 0.369711 -0.757745 -0.280177 0.589342 -0.894477 -0.259565 0.364056 -0.00954149 0.14873 0.988832 -0.0214935 0.251229 0.967689 -0.0242389 0.244065 0.969456 -0.00954149 0.14873 0.988832 -0.0242389 0.244065 0.969456 -0.0183562 0.127859 0.991622 0.0881236 -0.801963 0.590839 0.0603452 -0.522612 0.850433 0.042294 -0.537942 0.84192 0.0881236 -0.801963 0.590839 0.042294 -0.537942 0.84192 0.0725635 -0.804606 0.589359 0.0603452 -0.522612 0.850433 0.0339438 -0.249007 0.967907 0.0181379 -0.286679 0.957855 0.0603452 -0.522612 0.850433 0.0181379 -0.286679 0.957855 0.042294 -0.537942 0.84192 0.0339438 -0.249007 0.967907 0.0094765 -0.0133731 0.999866 -0.00318873 -0.0580107 0.998311 0.0339438 -0.249007 0.967907 -0.00318873 -0.0580107 0.998311 0.0181379 -0.286679 0.957855 -0.0214935 0.251229 0.967689 -0.0284223 0.298936 0.95385 -0.0242389 0.244065 0.969456 0.0094765 -0.0133731 0.999866 -0.00954149 0.14873 0.988832 -0.0183562 0.127859 0.991622 0.0094765 -0.0133731 0.999866 -0.0183562 0.127859 0.991622 -0.00318873 -0.0580107 0.998311 0.0306492 -0.928639 0.369716 0.0881236 -0.801963 0.590839 0.0725635 -0.804606 0.589359 0.0306492 -0.928639 0.369716 0.0725635 -0.804606 0.589359 0.0169421 -0.931221 0.36406 0.0906131 0.0243214 0.995589 0.0793466 0.0221167 0.996602 -0.102889 0.0500135 0.993435 0.0906131 0.0243214 0.995589 -0.102889 0.0500135 0.993435 -0.0873399 0.0539167 0.994718 0.778395 -0.111896 0.617722 0.777262 -0.114324 0.618704 0.613312 -0.0785861 0.785921 0.778395 -0.111896 0.617722 0.613312 -0.0785861 0.785921 0.650351 -0.0816362 0.755234 0.650351 -0.0816362 0.755234 0.613312 -0.0785861 0.785921 0.334347 -0.0224639 0.942182 0.650351 -0.0816362 0.755234 0.334347 -0.0224639 0.942182 0.337188 -0.0222853 0.941174 0.337188 -0.0222853 0.941174 0.334347 -0.0224639 0.942182 0.0793466 0.0221167 0.996602 0.337188 -0.0222853 0.941174 0.0793466 0.0221167 0.996602 0.0906131 0.0243214 0.995589 -0.0873399 0.0539167 0.994718 -0.102889 0.0500135 0.993435 -0.191 0.054952 0.980051 -0.135297 -0.0541991 0.989321 -0.125331 -0.0486361 0.990922 0.0565225 -0.0190943 0.998219 -0.135297 -0.0541991 0.989321 0.0565225 -0.0190943 0.998219 0.0428793 -0.027599 0.998699 -0.808953 -0.135045 0.572152 -0.808678 -0.132379 0.573164 -0.65149 -0.116514 0.749657 -0.808953 -0.135045 0.572152 -0.65149 -0.116514 0.749657 -0.685864 -0.124909 0.71693 -0.685864 -0.124909 0.71693 -0.65149 -0.116514 0.749657 -0.37815 -0.0845238 0.921878 -0.685864 -0.124909 0.71693 -0.37815 -0.0845238 0.921878 -0.380736 -0.0855613 0.920717 -0.380736 -0.0855613 0.920717 -0.37815 -0.0845238 0.921878 -0.125331 -0.0486361 0.990922 -0.380736 -0.0855613 0.920717 -0.125331 -0.0486361 0.990922 -0.135297 -0.0541991 0.989321 0.0428793 -0.027599 0.998699 0.0565225 -0.0190943 0.998219 0.142498 0.00336277 0.989789 -0.128195 -0.0760133 0.988832 -0.214093 -0.133192 0.96769 -0.206468 -0.132385 0.969456 -0.128195 -0.0760133 0.988832 -0.206468 -0.132385 0.969456 -0.105599 -0.0743939 0.991622 0.674592 0.442539 0.590834 0.438275 0.290997 0.850433 0.460127 0.281872 0.841921 0.674592 0.442539 0.590834 0.460127 0.281872 0.841921 0.684012 0.429871 0.589354 0.438275 0.290997 0.850433 0.206472 0.143275 0.967906 0.247215 0.146292 0.957854 0.438275 0.290997 0.850433 0.247215 0.146292 0.957854 0.460127 0.281872 0.841921 0.206472 0.143275 0.967906 0.0076113 0.0145132 0.999866 0.053136 0.0234898 0.998311 0.206472 0.143275 0.967906 0.053136 0.0234898 0.998311 0.247215 0.146292 0.957854 -0.214093 -0.133192 0.96769 -0.253464 -0.161025 0.953849 -0.206468 -0.132385 0.969456 0.0076113 0.0145132 0.999866 -0.128195 -0.0760133 0.988832 -0.105599 -0.0743939 0.991622 0.0076113 0.0145132 0.999866 -0.105599 -0.0743939 0.991622 0.053136 0.0234898 0.998311 0.813555 0.448821 0.369712 0.674592 0.442539 0.590834 0.684012 0.429871 0.589354 0.813555 0.448821 0.369712 0.684012 0.429871 0.589354 0.822078 0.437779 0.364057 0.344141 -0.221041 0.912528 0.361559 -0.233384 0.902667 0.302959 -0.00431782 0.952994 0.344141 -0.221041 0.912528 0.302959 -0.00431782 0.952994 0.292118 0.00140767 0.956381 0.420436 -0.659232 0.623415 0.421719 -0.655942 0.626014 0.427912 -0.599659 0.67624 0.420436 -0.659232 0.623415 0.427912 -0.599659 0.67624 0.419096 -0.601012 0.680546 0.419096 -0.601012 0.680546 0.427912 -0.599659 0.67624 0.400402 -0.450076 0.798192 0.419096 -0.601012 0.680546 0.400402 -0.450076 0.798192 0.386559 -0.442035 0.809431 0.386559 -0.442035 0.809431 0.400402 -0.450076 0.798192 0.361559 -0.233384 0.902667 0.386559 -0.442035 0.809431 0.361559 -0.233384 0.902667 0.344141 -0.221041 0.912528 0.292118 0.00140767 0.956381 0.302959 -0.00431782 0.952994 0.266418 0.139233 0.953748 0.419144 -0.67166 0.610894 0.418107 -0.673436 0.609648 0.417338 -0.67729 0.605894 0.419144 -0.67166 0.610894 0.417338 -0.67729 0.605894 0.417477 -0.677556 0.605501 0.421719 -0.655942 0.626014 0.420436 -0.659232 0.623415 0.418107 -0.673436 0.609648 0.421719 -0.655942 0.626014 0.418107 -0.673436 0.609648 0.419144 -0.67166 0.610894 -0.106325 0.160865 0.981233 -0.0950848 0.153601 0.983548 -0.005237 0.0110592 0.999925 -0.106325 0.160865 0.981233 -0.005237 0.0110592 0.999925 -0.0193943 0.0199347 0.999613 -0.436208 0.6933 0.573636 -0.433663 0.694157 0.574528 -0.352784 0.567431 0.744019 -0.436208 0.6933 0.573636 -0.352784 0.567431 0.744019 -0.375463 0.593404 0.711969 -0.375463 0.593404 0.711969 -0.352784 0.567431 0.744019 -0.218045 0.350402 0.910865 -0.375463 0.593404 0.711969 -0.218045 0.350402 0.910865 -0.222041 0.353159 0.908833 -0.222041 0.353159 0.908833 -0.218045 0.350402 0.910865 -0.0950848 0.153601 0.983548 -0.222041 0.353159 0.908833 -0.0950848 0.153601 0.983548 -0.106325 0.160865 0.981233 -0.0193943 0.0199347 0.999613 -0.005237 0.0110592 0.999925 0.0464256 -0.0552817 0.997391 0.0157885 -0.27321 0.961825 0.0267781 -0.372266 0.92774 0.0295905 -0.365407 0.930377 0.0157885 -0.27321 0.961825 0.0295905 -0.365407 0.930377 0.0247873 -0.252926 0.967168 -0.0773377 0.721001 0.688605 -0.0498396 0.410735 0.910392 -0.0317353 0.426893 0.903745 -0.0773377 0.721001 0.688605 -0.0317353 0.426893 0.903745 -0.0617627 0.723702 0.687343 -0.0498396 0.410735 0.910392 -0.024707 0.124256 0.991942 -0.00868068 0.162791 0.986622 -0.0498396 0.410735 0.910392 -0.00868068 0.162791 0.986622 -0.0317353 0.426893 0.903745 -0.024707 0.124256 0.991942 -0.00186631 -0.113696 0.993514 0.0111403 -0.0693075 0.997533 -0.024707 0.124256 0.991942 0.0111403 -0.0693075 0.997533 -0.00868068 0.162791 0.986622 0.0267781 -0.372266 0.92774 0.0332266 -0.417878 0.907895 0.0295905 -0.365407 0.930377 -0.00186631 -0.113696 0.993514 0.0157885 -0.27321 0.961825 0.0247873 -0.252926 0.967168 -0.00186631 -0.113696 0.993514 0.0247873 -0.252926 0.967168 0.0111403 -0.0693075 0.997533 -0.0205056 0.87434 0.48488 -0.0773377 0.721001 0.688605 -0.0617627 0.723702 0.687343 -0.0205056 0.87434 0.48488 -0.0617627 0.723702 0.687343 -0.00682012 0.877525 0.479482 0.096449 0.0262955 0.99499 0.0941126 0.0150195 0.995448 -0.00349213 -0.141316 0.989958 0.096449 0.0262955 0.99499 -0.00349213 -0.141316 0.989958 -0.000832295 -0.125596 0.992081 0.460611 0.630311 0.624937 0.462469 0.628258 0.625631 0.3791 0.48041 0.790879 0.460611 0.630311 0.624937 0.3791 0.48041 0.790879 0.393928 0.515297 0.761111 0.393928 0.515297 0.761111 0.3791 0.48041 0.790879 0.230851 0.235556 0.944045 0.393928 0.515297 0.761111 0.230851 0.235556 0.944045 0.231724 0.238299 0.943142 0.231724 0.238299 0.943142 0.230851 0.235556 0.944045 0.0941126 0.0150195 0.995448 0.231724 0.238299 0.943142 0.0941126 0.0150195 0.995448 0.096449 0.0262955 0.99499 -0.000832295 -0.125596 0.992081 -0.00349213 -0.141316 0.989958 -0.0438495 -0.219447 0.974639 -0.119567 0.0889619 0.988832 -0.205447 0.14618 0.967689 -0.201762 0.139451 0.969456 -0.119567 0.0889619 0.988832 -0.201762 0.139451 0.969456 -0.109361 0.0687388 0.991622 0.668432 -0.4518 0.590826 0.437489 -0.29217 0.850435 0.437495 -0.315848 0.841925 0.668432 -0.4518 0.590826 0.437495 -0.315848 0.841925 0.660372 -0.465375 0.589352 0.437489 -0.29217 0.850435 0.211808 -0.135262 0.967906 0.230303 -0.171688 0.957854 0.437489 -0.29217 0.850435 0.230303 -0.171688 0.957854 0.437495 -0.315848 0.841925 0.211808 -0.135262 0.967906 0.0163245 -0.00143257 0.999866 0.0421603 -0.0399727 0.998311 0.211808 -0.135262 0.967906 0.0421603 -0.0399727 0.998311 0.230303 -0.171688 0.957854 -0.205447 0.14618 0.967689 -0.246304 0.171771 0.95385 -0.201762 0.139451 0.969456 0.0163245 -0.00143257 0.999866 -0.119567 0.0889619 0.988832 -0.109361 0.0687388 0.991622 0.0163245 -0.00143257 0.999866 -0.109361 0.0687388 0.991622 0.0421603 -0.0399727 0.998311 0.72782 -0.577571 0.369717 0.668432 -0.4518 0.590826 0.660372 -0.465375 0.589352 0.72782 -0.577571 0.369717 0.660372 -0.465375 0.589352 0.72092 -0.589688 0.364063 0.146843 -0.0254593 0.988832 0.249301 -0.0377866 0.967689 0.242974 -0.0334399 0.969456 0.146843 -0.0254593 0.988832 0.242974 -0.0334399 0.969456 0.128609 -0.0120125 0.991623 -0.800367 0.101649 0.590831 -0.522249 0.0633752 0.850435 -0.532941 0.084508 0.841922 -0.800367 0.101649 0.590831 -0.532941 0.084508 0.841922 -0.799308 0.117403 0.589342 -0.522249 0.0633752 0.850435 -0.250049 0.0251546 0.967906 -0.282987 0.0493205 0.957855 -0.522249 0.0633752 0.850435 -0.282987 0.0493205 0.957855 -0.532941 0.084508 0.841922 -0.250049 0.0251546 0.967906 -0.0152164 -0.00608953 0.999866 -0.0556601 0.0166502 0.998311 -0.250049 0.0251546 0.967906 -0.0556601 0.0166502 0.998311 -0.282987 0.0493205 0.957855 0.249301 -0.0377866 0.967689 0.297298 -0.0421914 0.953852 0.242974 -0.0334399 0.969456 -0.0152164 -0.00608953 0.999866 0.146843 -0.0254593 0.988832 0.128609 -0.0120125 0.991623 -0.0152164 -0.00608953 0.999866 0.128609 -0.0120125 0.991623 -0.0556601 0.0166502 0.998311 -0.910111 0.187115 0.369711 -0.800367 0.101649 0.590831 -0.799308 0.117403 0.589342 -0.910111 0.187115 0.369711 -0.799308 0.117403 0.589342 -0.90942 0.201046 0.364056 0.0629313 0.135097 0.988832 0.101583 0.230779 0.967689 0.0957394 0.225808 0.969456 0.0629313 0.135097 0.988832 0.0957394 0.225808 0.969456 0.0451898 0.121007 0.991622 -0.307146 -0.746037 0.590839 -0.197595 -0.487566 0.850433 -0.220787 -0.492366 0.84192 -0.307146 -0.746037 0.590839 -0.220787 -0.492366 0.84192 -0.322068 -0.740897 0.589359 -0.197595 -0.487566 0.850433 -0.089592 -0.234798 0.967907 -0.121524 -0.260281 0.957855 -0.197595 -0.487566 0.850433 -0.121524 -0.260281 0.957855 -0.220787 -0.492366 0.84192 -0.089592 -0.234798 0.967907 0.001905 -0.0162793 0.999866 -0.0306102 -0.0493804 0.998311 -0.089592 -0.234798 0.967907 -0.0306102 -0.0493804 0.998311 -0.121524 -0.260281 0.957855 0.101583 0.230779 0.967689 0.118375 0.275968 0.95385 0.0957394 0.225808 0.969456 0.001905 -0.0162793 0.999866 0.0629313 0.135097 0.988832 0.0451898 0.121007 0.991622 0.001905 -0.0162793 0.999866 0.0451898 0.121007 0.991622 -0.0306102 -0.0493804 0.998311 -0.418316 -0.829652 0.369716 -0.307146 -0.746037 0.590839 -0.322068 -0.740897 0.589359 -0.418316 -0.829652 0.369716 -0.322068 -0.740897 0.589359 -0.431583 -0.825346 0.36406 0.0911808 -0.0220982 0.995589 0.0802365 -0.0186315 0.996602 -0.0663155 0.0932183 0.993435 0.0911808 -0.0220982 0.995589 -0.0663155 0.0932183 0.993435 -0.0507989 0.0891894 0.994718 0.62946 -0.471381 0.617722 0.627302 -0.472968 0.618704 0.500556 -0.363003 0.785921 0.62946 -0.471381 0.617722 0.500556 -0.363003 0.785921 0.531599 -0.383438 0.755234 0.531599 -0.383438 0.755234 0.500556 -0.363003 0.785921 0.282647 -0.180008 0.942182 0.531599 -0.383438 0.755234 0.282647 -0.180008 0.942182 0.285226 -0.181214 0.941174 0.285226 -0.181214 0.941174 0.282647 -0.180008 0.942182 0.0802365 -0.0186315 0.996602 0.285226 -0.181214 0.941174 0.0802365 -0.0186315 0.996602 0.0911808 -0.0220982 0.995589 -0.0507989 0.0891894 0.994718 -0.0663155 0.0932183 0.993435 -0.141273 0.139795 0.980051 -0.144719 0.0173008 0.989321 -0.133305 0.0174045 0.990922 0.0404488 -0.0438551 0.998219 -0.144719 0.0173008 0.989321 0.0404488 -0.0438551 0.998219 0.0243985 -0.0447779 0.998699 -0.774667 0.26932 0.572152 -0.773147 0.271528 0.573164 -0.627596 0.21009 0.749657 -0.774667 0.26932 0.572152 -0.627596 0.21009 0.749657 -0.661787 0.219203 0.71693 -0.661787 0.219203 0.71693 -0.627596 0.21009 0.749657 -0.372381 0.107118 0.921878 -0.661787 0.219203 0.71693 -0.372381 0.107118 0.921878 -0.375147 0.107447 0.920717 -0.375147 0.107447 0.920717 -0.372381 0.107118 0.921878 -0.133305 0.0174045 0.990922 -0.375147 0.107447 0.920717 -0.133305 0.0174045 0.990922 -0.144719 0.0173008 0.989321 0.0243985 -0.0447779 0.998699 0.0404488 -0.0438551 0.998219 0.126666 -0.0653661 0.989789 -0.148944 -0.00524804 0.988832 -0.25174 -0.0142452 0.96769 -0.244662 -0.0171929 0.969456 -0.148944 -0.00524804 0.988832 -0.244662 -0.0171929 0.969456 -0.128339 -0.0146597 0.991622 0.804175 0.064948 0.590834 0.524134 0.0452537 0.850433 0.538936 0.0267694 0.841921 0.804175 0.064948 0.590834 0.538936 0.0267694 0.841921 0.806368 0.0493147 0.589354 0.524134 0.0452537 0.850433 0.249886 0.0267476 0.967906 0.287087 0.00986241 0.957854 0.524134 0.0452537 0.850433 0.287087 0.00986241 0.957854 0.538936 0.0267694 0.841921 0.249886 0.0267476 0.967906 0.0136375 0.0090875 0.999866 0.0578928 -0.00486054 0.998311 0.249886 0.0267476 0.967906 0.0578928 -0.00486054 0.998311 0.287087 0.00986241 0.957854 -0.25174 -0.0142452 0.96769 -0.299635 -0.0197957 0.953849 -0.244662 -0.0171929 0.969456 0.0136375 0.0090875 0.999866 -0.148944 -0.00524804 0.988832 -0.128339 -0.0146597 0.991622 0.0136375 0.0090875 0.999866 -0.128339 -0.0146597 0.991622 0.0578928 -0.00486054 0.998311 0.929139 0.00383853 0.369712 0.804175 0.064948 0.590834 0.806368 0.0493147 0.589354 0.929139 0.00383853 0.369712 0.806368 0.0493147 0.589354 0.931324 -0.00993753 0.364057 0.196039 -0.358972 0.912528 0.205408 -0.378155 0.902667 0.263802 -0.149036 0.952994 0.196039 -0.358972 0.912528 0.263802 -0.149036 0.952994 0.257033 -0.138814 0.956381 0.0529144 -0.780099 0.623415 0.0556176 -0.777826 0.626014 0.0880359 -0.731402 0.67624 0.0529144 -0.780099 0.623415 0.0880359 -0.731402 0.67624 0.0796512 -0.728363 0.680546 0.0796512 -0.728363 0.680546 0.0880359 -0.731402 0.67624 0.135608 -0.586941 0.798192 0.0796512 -0.728363 0.680546 0.135608 -0.586941 0.798192 0.127314 -0.573248 0.809431 0.127314 -0.573248 0.809431 0.135608 -0.586941 0.798192 0.205408 -0.378155 0.902667 0.127314 -0.573248 0.809431 0.205408 -0.378155 0.902667 0.196039 -0.358972 0.912528 0.257033 -0.138814 0.956381 0.263802 -0.149036 0.952994 0.300556 -0.00553899 0.953748 0.0458224 -0.790386 0.610894 0.044061 -0.791447 0.609648 0.0415387 -0.79446 0.605894 0.0458224 -0.790386 0.610894 0.0415387 -0.79446 0.605894 0.0415326 -0.79476 0.605501 0.0556176 -0.777826 0.626014 0.0529144 -0.780099 0.623415 0.044061 -0.791447 0.609648 0.0556176 -0.777826 0.626014 0.044061 -0.791447 0.609648 0.0458224 -0.790386 0.610894 -0.016186 0.192147 0.981233 -0.00980453 0.180384 0.983548 0.000706154 0.0122161 0.999925 -0.016186 0.192147 0.981233 0.000706154 0.0122161 0.999925 -0.00746291 0.0267924 0.999613 -0.0504225 0.817557 0.573636 -0.0477783 0.817089 0.574528 -0.0375562 0.667102 0.744019 -0.0504225 0.817557 0.573636 -0.0375562 0.667102 0.744019 -0.0450065 0.700767 0.711969 -0.0450065 0.700767 0.711969 -0.0375562 0.667102 0.744019 -0.0233608 0.412043 0.910865 -0.0450065 0.700767 0.711969 -0.0233608 0.412043 0.910865 -0.0255455 0.416378 0.908833 -0.0255455 0.416378 0.908833 -0.0233608 0.412043 0.910865 -0.00980453 0.180384 0.983548 -0.0255455 0.416378 0.908833 -0.00980453 0.180384 0.983548 -0.016186 0.192147 0.981233 -0.00746291 0.0267924 0.999613 0.000706154 0.0122161 0.999925 0.0142388 -0.0707719 0.997391 -0.117128 -0.247334 0.961825 -0.154974 -0.339532 0.92774 -0.149218 -0.334862 0.930377 -0.117128 -0.247334 0.961825 -0.149218 -0.334862 0.930377 -0.0995061 -0.233847 0.967168 0.277796 0.669815 0.688605 0.153178 0.384348 0.910392 0.176813 0.389849 0.903745 0.277796 0.669815 0.688605 0.176813 0.389849 0.903745 0.292759 0.664719 0.687343 0.153178 0.384348 0.910392 0.0378891 0.12089 0.991942 0.0704281 0.147024 0.986622 0.153178 0.384348 0.910392 0.0704281 0.147024 0.986622 0.176813 0.389849 0.903745 0.0378891 0.12089 0.991942 -0.0561467 -0.098883 0.993514 -0.0234513 -0.066164 0.997533 0.0378891 0.12089 0.991942 -0.0234513 -0.066164 0.997533 0.0704281 0.147024 0.986622 -0.154974 -0.339532 0.92774 -0.171182 -0.382652 0.907895 -0.149218 -0.334862 0.930377 -0.0561467 -0.098883 0.993514 -0.117128 -0.247334 0.961825 -0.0995061 -0.233847 0.967168 -0.0561467 -0.098883 0.993514 -0.0995061 -0.233847 0.967168 -0.0234513 -0.066164 0.997533 0.401186 0.777137 0.48488 0.277796 0.669815 0.688605 0.292759 0.664719 0.687343 0.401186 0.777137 0.48488 0.292759 0.664719 0.687343 0.414723 0.773371 0.479482 0.0972487 -0.0231636 0.99499 0.0897923 -0.0319391 0.995448 -0.0708151 -0.122342 0.989958 0.0972487 -0.0231636 0.99499 -0.0708151 -0.122342 0.989958 -0.0609444 -0.109822 0.992081 0.706411 0.332322 0.624937 0.707058 0.329629 0.625631 0.563012 0.239849 0.790879 0.706411 0.332322 0.624937 0.563012 0.239849 0.790879 0.592751 0.263356 0.761111 0.592751 0.263356 0.761111 0.563012 0.239849 0.790879 0.315523 0.0960435 0.944045 0.592751 0.263356 0.761111 0.315523 0.0960435 0.944045 0.317604 0.098033 0.943142 0.317604 0.098033 0.943142 0.315523 0.0960435 0.944045 0.0897923 -0.0319391 0.995448 0.317604 0.098033 0.943142 0.0897923 -0.0319391 0.995448 0.0972487 -0.0231636 0.99499 -0.0609444 -0.109822 0.992081 -0.0708151 -0.122342 0.989958 -0.14369 -0.17156 0.974639 -0.0622797 0.135395 0.988832 -0.110214 0.226782 0.967689 -0.110206 0.21911 0.969456 -0.0622797 0.135395 0.988832 -0.110206 0.21911 0.969456 -0.0630185 0.112755 0.991622 0.37 -0.716955 0.590826 0.243859 -0.466147 0.850435 0.232512 -0.486929 0.841925 0.37 -0.716955 0.590826 0.232512 -0.486929 0.841925 0.356418 -0.725004 0.589352 0.243859 -0.466147 0.850435 0.121031 -0.22025 0.967906 0.119798 -0.261084 0.957854 0.243859 -0.466147 0.850435 0.119798 -0.261084 0.957854 0.232512 -0.486929 0.841925 0.121031 -0.22025 0.967906 0.0136392 -0.00908356 0.999866 0.0178352 -0.0552921 0.998311 0.121031 -0.22025 0.967906 0.0178352 -0.0552921 0.998311 0.119798 -0.261084 0.957854 -0.110214 0.226782 0.967689 -0.133801 0.268827 0.95385 -0.110206 0.21911 0.969456 0.0136392 -0.00908356 0.999866 -0.0622797 0.135395 0.988832 -0.0630185 0.112755 0.991622 0.0136392 -0.00908356 0.999866 -0.0630185 0.112755 0.991622 0.0178352 -0.0552921 0.998311 0.36182 -0.855801 0.369717 0.37 -0.716955 0.590826 0.356418 -0.725004 0.589352 0.36182 -0.855801 0.369717 0.356418 -0.725004 0.589352 0.349956 -0.863127 0.364063 0.116661 -0.0927431 0.988832 0.200666 -0.152682 0.967689 0.197198 -0.145834 0.969456 0.116661 -0.0927431 0.988832 0.197198 -0.145834 0.969456 0.107106 -0.0722003 0.991623 -0.653655 0.472921 0.590831 -0.427933 0.305996 0.850435 -0.427184 0.329668 0.841922 -0.653655 0.472921 0.590831 -0.427184 0.329668 0.841922 -0.645172 0.48624 0.589342 -0.427933 0.305996 0.850435 -0.207379 0.141955 0.967906 -0.224699 0.178954 0.957855 -0.427933 0.305996 0.850435 -0.224699 0.178954 0.957855 -0.427184 0.329668 0.841922 -0.207379 0.141955 0.967906 -0.0162731 0.00195105 0.999866 -0.0408638 0.0412968 0.998311 -0.207379 0.141955 0.967906 -0.0408638 0.0412968 0.998311 -0.224699 0.178954 0.957855 0.200666 -0.152682 0.967689 0.240676 -0.179559 0.953852 0.197198 -0.145834 0.969456 -0.0162731 0.00195105 0.999866 0.116661 -0.0927431 0.988832 0.107106 -0.0722003 0.991623 -0.0162731 0.00195105 0.999866 0.107106 -0.0722003 0.991623 -0.0408638 0.0412968 0.998311 -0.708989 0.600539 0.369711 -0.653655 0.472921 0.590831 -0.645172 0.48624 0.589342 -0.708989 0.600539 0.369711 -0.645172 0.48624 0.589342 -0.701704 0.612433 0.364056 0.119996 0.0883878 0.988832 0.199789 0.153826 0.967689 0.192277 0.152265 0.969456 0.119996 0.0883878 0.988832 0.192277 0.152265 0.969456 0.0976717 0.0845287 0.991622 -0.627215 -0.507456 0.590839 -0.407158 -0.333147 0.850433 -0.429811 -0.326241 0.84192 -0.627215 -0.507456 0.590839 -0.429811 -0.326241 0.84192 -0.637846 -0.495791 0.589359 -0.407158 -0.333147 0.850433 -0.191193 -0.163102 0.967907 -0.231433 -0.170156 0.957855 -0.407158 -0.333147 0.850433 -0.231433 -0.170156 0.957855 -0.429811 -0.326241 0.84192 -0.191193 -0.163102 0.967907 -0.00613291 -0.0151997 0.999866 -0.0505372 -0.0286601 0.998311 -0.191193 -0.163102 0.967907 -0.0505372 -0.0286601 0.998311 -0.231433 -0.170156 0.957855 0.199789 0.153826 0.967689 0.236189 0.185432 0.95385 0.192277 0.152265 0.969456 -0.00613291 -0.0151997 0.999866 0.119996 0.0883878 0.988832 0.0976717 0.0845287 0.991622 -0.00613291 -0.0151997 0.999866 0.0976717 0.0845287 0.991622 -0.0505372 -0.0286601 0.998311 -0.764863 -0.527536 0.369716 -0.627215 -0.507456 0.590839 -0.637846 -0.495791 0.589359 -0.764863 -0.527536 0.369716 -0.637846 -0.495791 0.589359 -0.774442 -0.517397 0.36406 0.0694242 -0.0631074 0.995589 0.0614817 -0.0548181 0.996602 -0.013506 0.1136 0.993435 0.0694242 -0.0631074 0.995589 -0.013506 0.1136 0.993435 -0.00182058 0.102625 0.994718 0.326411 -0.715455 0.617722 0.323756 -0.715813 0.618704 0.265246 -0.558545 0.785921 0.326411 -0.715455 0.617722 0.265246 -0.558545 0.785921 0.282692 -0.59136 0.755234 0.282692 -0.59136 0.755234 0.265246 -0.558545 0.785921 0.161746 -0.293481 0.942182 0.282692 -0.59136 0.755234 0.161746 -0.293481 0.942182 0.163431 -0.295774 0.941174 0.163431 -0.295774 0.941174 0.161746 -0.293481 0.942182 0.0614817 -0.0548181 0.996602 0.163431 -0.295774 0.941174 0.0614817 -0.0548181 0.996602 0.0694242 -0.0631074 0.995589 -0.00182058 0.102625 0.994718 -0.013506 0.1136 0.993435 -0.0569574 0.190412 0.980051 -0.118709 0.0845649 0.989321 -0.108642 0.0791839 0.990922 0.0144719 -0.0578787 0.998219 -0.118709 0.0845649 0.989321 0.0144719 -0.0578787 0.998219 -5.59902e-05 -0.0509935 0.998699 -0.550715 0.607745 0.572152 -0.548323 0.608954 0.573164 -0.450044 0.485257 0.749657 -0.550715 0.607745 0.572152 -0.450044 0.485257 0.749657 -0.475682 0.509646 0.71693 -0.475682 0.509646 0.71693 -0.450044 0.485257 0.749657 -0.27544 0.272534 0.921878 -0.475682 0.509646 0.71693 -0.27544 0.272534 0.921878 -0.27771 0.274149 0.920717 -0.27771 0.274149 0.920717 -0.27544 0.272534 0.921878 -0.108642 0.0791839 0.990922 -0.27771 0.274149 0.920717 -0.108642 0.0791839 0.990922 -0.118709 0.0845649 0.989321 -5.59902e-05 -0.0509935 0.998699 0.0144719 -0.0578787 0.998219 0.0798218 -0.118091 0.989789 -0.133227 0.0668021 0.988832 -0.227752 0.108189 0.96769 -0.222953 0.102209 0.969456 -0.133227 0.0668021 0.988832 -0.222953 0.102209 0.969456 -0.119656 0.0486637 0.991622 0.736867 -0.328545 0.590834 0.481666 -0.211569 0.850433 0.485795 -0.234887 0.841921 0.736867 -0.328545 0.590834 0.485795 -0.234887 0.841921 0.731298 -0.343316 0.589354 0.481666 -0.211569 0.850433 0.232119 -0.0963286 0.967906 0.256671 -0.128982 0.957854 0.481666 -0.211569 0.850433 0.256671 -0.128982 0.957854 0.485795 -0.234887 0.841921 0.232119 -0.0963286 0.967906 0.0163249 0.00143684 0.999866 0.0484755 -0.0320208 0.998311 0.232119 -0.0963286 0.967906 0.0484755 -0.0320208 0.998311 0.256671 -0.128982 0.957854 -0.227752 0.108189 0.96769 -0.272445 0.12628 0.953849 -0.222953 0.102209 0.969456 0.0163249 0.00143684 0.999866 -0.133227 0.0668021 0.988832 -0.119656 0.0486637 0.991622 0.0163249 0.00143684 0.999866 -0.119656 0.0486637 0.991622 0.0484755 -0.0320208 0.998311 0.817236 -0.442084 0.369712 0.736867 -0.328545 0.590834 0.731298 -0.343316 0.589354 0.817236 -0.442084 0.369712 0.731298 -0.343316 0.589354 0.812549 -0.455221 0.364057 -5.96498e-05 -0.409014 0.912528 -0.0010349 -0.430339 0.902667 0.160056 -0.257264 0.952994 -5.96498e-05 -0.409014 0.912528 0.160056 -0.257264 0.952994 0.159017 -0.245049 0.956381 -0.327562 -0.70997 0.623415 -0.3241 -0.709271 0.626014 -0.273394 -0.684072 0.67624 -0.327562 -0.70997 0.623415 -0.273394 -0.684072 0.67624 -0.279295 -0.677385 0.680546 -0.279295 -0.677385 0.680546 -0.273394 -0.684072 0.67624 -0.162387 -0.580104 0.798192 -0.279295 -0.677385 0.680546 -0.162387 -0.580104 0.798192 -0.163101 -0.56411 0.809431 -0.163101 -0.56411 0.809431 -0.162387 -0.580104 0.798192 -0.0010349 -0.430339 0.902667 -0.163101 -0.56411 0.809431 -0.0010349 -0.430339 0.902667 -5.96498e-05 -0.409014 0.912528 0.159017 -0.245049 0.956381 0.160056 -0.257264 0.952994 0.261107 -0.148955 0.953748 -0.338718 -0.715597 0.610894 -0.340773 -0.715684 0.609648 -0.344431 -0.717119 0.605894 -0.338718 -0.715597 0.610894 -0.344431 -0.717119 0.605894 -0.34458 -0.71738 0.605501 -0.3241 -0.709271 0.626014 -0.327562 -0.70997 0.623415 -0.340773 -0.715684 0.609648 -0.3241 -0.709271 0.626014 -0.340773 -0.715684 0.609648 -0.338718 -0.715597 0.610894 0.0779157 0.176385 0.981233 0.0778762 0.163002 0.983548 0.00647642 0.0103821 0.999925 0.0779157 0.176385 0.981233 0.00647642 0.0103821 0.999925 0.00629566 0.0270905 0.999613 0.347708 0.741648 0.573636 0.349804 0.739969 0.574528 0.286867 0.603442 0.744019 0.347708 0.741648 0.573636 0.286867 0.603442 0.744019 0.296469 0.636558 0.711969 0.296469 0.636558 0.711969 0.286867 0.603442 0.744019 0.177043 0.372801 0.910865 0.296469 0.636558 0.711969 0.177043 0.372801 0.910865 0.177204 0.377654 0.908833 0.177204 0.377654 0.908833 0.177043 0.372801 0.910865 0.0778762 0.163002 0.983548 0.177204 0.377654 0.908833 0.0778762 0.163002 0.983548 0.0779157 0.176385 0.981233 0.00629566 0.0270905 0.999613 0.00647642 0.0103821 0.999925 -0.0214341 -0.0689347 0.997391 -0.221368 -0.160902 0.961825 -0.298783 -0.223669 0.92774 -0.291492 -0.22233 0.930377 -0.221368 -0.160902 0.961825 -0.291492 -0.22233 0.930377 -0.199437 -0.157514 0.967168 0.564916 0.454636 0.688605 0.318693 0.263859 0.910392 0.342072 0.257356 0.903745 0.564916 0.454636 0.688605 0.342072 0.257356 0.903745 0.575604 0.442989 0.687343 0.318693 0.263859 0.910392 0.0912086 0.087926 0.991942 0.132294 0.0952608 0.986622 0.318693 0.263859 0.910392 0.132294 0.0952608 0.986622 0.342072 0.257356 0.903745 0.0912086 0.087926 0.991942 -0.0966804 -0.0598598 0.993514 -0.0523011 -0.0468213 0.997533 0.0912086 0.087926 0.991942 -0.0523011 -0.0468213 0.997533 0.132294 0.0952608 0.986622 -0.298783 -0.223669 0.92774 -0.33368 -0.25374 0.907895 -0.291492 -0.22233 0.930377 -0.0966804 -0.0598598 0.993514 -0.221368 -0.160902 0.961825 -0.199437 -0.157514 0.967168 -0.0966804 -0.0598598 0.993514 -0.199437 -0.157514 0.967168 -0.0523011 -0.0468213 0.997533 0.724653 0.489663 0.48488 0.564916 0.454636 0.688605 0.575604 0.442989 0.687343 0.724653 0.489663 0.48488 0.575604 0.442989 0.687343 0.734727 0.479868 0.479482 0.0742385 -0.0669515 0.99499 0.0634877 -0.071078 0.995448 -0.1208 -0.0734148 0.989958 0.0742385 -0.0669515 0.99499 -0.1208 -0.0734148 0.989958 -0.106135 -0.0671595 0.992081 0.779258 -0.0470319 0.624937 0.778534 -0.0497049 0.625631 0.609079 -0.0594348 0.790879 0.779258 -0.0470319 0.624937 0.609079 -0.0594348 0.790879 0.646448 -0.0530633 0.761111 0.646448 -0.0530633 0.761111 0.609079 -0.0594348 0.790879 0.322943 -0.0669834 0.944045 0.646448 -0.0530633 0.761111 0.322943 -0.0669834 0.944045 0.325723 -0.0662353 0.943142 0.325723 -0.0662353 0.943142 0.322943 -0.0669834 0.944045 0.0634877 -0.071078 0.995448 0.325723 -0.0662353 0.943142 0.0634877 -0.071078 0.995448 0.0742385 -0.0669515 0.99499 -0.106135 -0.0671595 0.992081 -0.1208 -0.0734148 0.989958 -0.20835 -0.0816695 0.974639 0.0102563 0.148679 0.988832 0.012003 0.251859 0.967689 0.00833163 0.245122 0.969456 0.0102563 0.148679 0.988832 0.00833163 0.245122 0.969456 -0.00124648 0.129164 0.991622 -0.0190213 -0.806575 0.590826 -0.00947593 -0.525995 0.850435 -0.0293976 -0.538793 0.841925 -0.0190213 -0.806575 0.590826 -0.0293976 -0.538793 0.841925 -0.0347995 -0.807127 0.589352 -0.00947593 -0.525995 0.850435 0.000621575 -0.251313 0.967906 -0.0200378 -0.286557 0.957854 -0.00947593 -0.525995 0.850435 -0.0200378 -0.286557 0.957854 -0.0293976 -0.538793 0.841925 0.000621575 -0.251313 0.967906 0.00761467 -0.0145106 0.999866 -0.0108566 -0.057074 0.998311 0.000621575 -0.251313 0.967906 -0.0108566 -0.057074 0.998311 -0.0200378 -0.286557 0.957854 0.012003 0.251859 0.967689 0.0114616 0.300066 0.95385 0.00833163 0.245122 0.969456 0.00761467 -0.0145106 0.999866 0.0102563 0.148679 0.988832 -0.00124648 0.129164 0.991622 0.00761467 -0.0145106 0.999866 -0.00124648 0.129164 0.991622 -0.0108566 -0.057074 0.998311 -0.0927662 -0.924502 0.369717 -0.0190213 -0.806575 0.590826 -0.0347995 -0.807127 0.589352 -0.0927662 -0.924502 0.369717 -0.0347995 -0.807127 0.589352 -0.10669 -0.925243 0.364063 0.0579166 -0.13732 0.988832 0.102902 -0.230196 0.967689 0.103141 -0.222523 0.969456 0.0579166 -0.13732 0.988832 0.103141 -0.222523 0.969456 0.0593794 -0.114711 0.991623 -0.346905 0.728406 0.590831 -0.228844 0.473699 0.850435 -0.216838 0.494114 0.841922 -0.346905 0.728406 0.590831 -0.216838 0.494114 0.841922 -0.333076 0.736028 0.589342 -0.228844 0.473699 0.850435 -0.113935 0.224 0.967906 -0.111397 0.264773 0.957855 -0.228844 0.473699 0.850435 -0.111397 0.264773 0.957855 -0.216838 0.494114 0.841922 -0.113935 0.224 0.967906 -0.0133456 0.00951395 0.999866 -0.0160626 0.0558325 0.998311 -0.113935 0.224 0.967906 -0.0160626 0.0558325 0.998311 -0.111397 0.264773 0.957855 0.102902 -0.230196 0.967689 0.125128 -0.272964 0.953852 0.103141 -0.222523 0.969456 -0.0133456 0.00951395 0.999866 0.0579166 -0.13732 0.988832 0.0593794 -0.114711 0.991623 -0.0133456 0.00951395 0.999866 0.0593794 -0.114711 0.991623 -0.0160626 0.0558325 0.998311 -0.334283 0.866931 0.369711 -0.346905 0.728406 0.590831 -0.333076 0.736028 0.589342 -0.334283 0.866931 0.369711 -0.333076 0.736028 0.589342 -0.322187 0.873876 0.364056 0.147682 0.0200383 0.988832 0.249079 0.0392109 0.967689 0.241739 0.0414426 0.969456 0.147682 0.0200383 0.988832 0.241739 0.0414426 0.969456 0.12624 0.0273546 0.991622 -0.79372 -0.144631 0.590839 -0.517034 -0.0971621 0.850433 -0.533603 -0.0802405 0.84192 -0.79372 -0.144631 0.590839 -0.533603 -0.0802405 0.84192 -0.797458 -0.129297 0.589359 -0.517034 -0.0971621 0.850433 -0.245983 -0.0514729 0.967907 -0.284678 -0.0383714 0.957855 -0.517034 -0.0971621 0.850433 -0.284678 -0.0383714 0.957855 -0.533603 -0.0802405 0.84192 -0.245983 -0.0514729 0.967907 -0.0126693 -0.0103987 0.999866 -0.0580909 -0.000922769 0.998311 -0.245983 -0.0514729 0.967907 -0.0580909 -0.000922769 0.998311 -0.284678 -0.0383714 0.957855 0.249079 0.0392109 0.967689 0.296177 0.049497 0.95385 0.241739 0.0414426 0.969456 -0.0126693 -0.0103987 0.999866 0.147682 0.0200383 0.988832 0.12624 0.0273546 0.991622 -0.0126693 -0.0103987 0.999866 0.12624 0.0273546 0.991622 -0.0580909 -0.000922769 0.998311 -0.924145 -0.0962618 0.369716 -0.79372 -0.144631 0.590839 -0.797458 -0.129297 0.589359 -0.924145 -0.0962618 0.369716 -0.797458 -0.129297 0.589359 -0.92769 -0.0827717 0.36406 0.0306702 -0.0886657 0.995589 0.0276741 -0.0775833 0.996602 0.0426101 0.106169 0.993435 0.0306702 -0.0886657 0.995589 0.0426101 0.106169 0.993435 0.0476035 0.090935 0.994718 -0.0565545 -0.78436 0.617722 -0.0590562 -0.783402 0.618704 -0.0350052 -0.617335 0.785921 -0.0565545 -0.78436 0.617722 -0.0350052 -0.617335 0.785921 -0.0354276 -0.654497 0.755234 -0.0354276 -0.654497 0.755234 -0.0350052 -0.617335 0.785921 0.0012431 -0.335099 0.942182 -0.0354276 -0.654497 0.755234 0.0012431 -0.335099 0.942182 0.00162227 -0.337919 0.941174 0.00162227 -0.337919 0.941174 0.0012431 -0.335099 0.942182 0.0276741 -0.0775833 0.996602 0.00162227 -0.337919 0.941174 0.0276741 -0.0775833 0.996602 0.0306702 -0.0886657 0.995589 0.0476035 0.090935 0.994718 0.0426101 0.106169 0.993435 0.0413035 0.194409 0.980051 -0.0636339 0.131125 0.989321 -0.0573798 0.121576 0.990922 -0.0150482 -0.0577315 0.998219 -0.0636339 0.131125 0.989321 -0.0150482 -0.0577315 0.998219 -0.0244967 -0.0447242 0.998699 -0.19193 0.797374 0.572152 -0.189251 0.797288 0.573164 -0.162306 0.641616 0.749657 -0.19193 0.797374 0.572152 -0.162306 0.641616 0.749657 -0.173112 0.67531 0.71693 -0.173112 0.67531 0.71693 -0.162306 0.641616 0.749657 -0.111061 0.371224 0.921878 -0.173112 0.67531 0.71693 -0.111061 0.371224 0.921878 -0.112279 0.37373 0.920717 -0.112279 0.37373 0.920717 -0.111061 0.371224 0.921878 -0.0573798 0.121576 0.990922 -0.112279 0.37373 0.920717 -0.0573798 0.121576 0.990922 -0.0636339 0.131125 0.989321 -0.0244967 -0.0447242 0.998699 -0.0150482 -0.0577315 0.998219 0.0134343 -0.141903 0.989789 -0.084891 0.122497 0.988832 -0.148002 0.204135 0.96769 -0.146659 0.196586 0.969456 -0.084891 0.122497 0.988832 -0.146659 0.196586 0.969456 -0.0816773 0.100073 0.991622 0.489149 -0.641598 0.590834 0.32127 -0.416593 0.850433 0.313714 -0.439036 0.841921 0.489149 -0.641598 0.590834 0.313714 -0.439036 0.841921 0.47718 -0.651891 0.589354 0.32127 -0.416593 0.850433 0.157522 -0.19582 0.967906 0.163413 -0.236247 0.957854 0.32127 -0.416593 0.850433 0.163413 -0.236247 0.957854 0.313714 -0.439036 0.841921 0.157522 -0.19582 0.967906 0.0150153 -0.0065656 0.999866 0.0271896 -0.0513413 0.998311 0.157522 -0.19582 0.967906 0.0271896 -0.0513413 0.998311 0.163413 -0.236247 0.957854 -0.148002 0.204135 0.96769 -0.178551 0.241438 0.953849 -0.146659 0.196586 0.969456 0.0150153 -0.0065656 0.999866 -0.084891 0.122497 0.988832 -0.0816773 0.100073 0.991622 0.0150153 -0.0065656 0.999866 -0.0816773 0.100073 0.991622 0.0271896 -0.0513413 0.998311 0.505246 -0.779769 0.369712 0.489149 -0.641598 0.590834 0.47718 -0.651891 0.589354 0.505246 -0.779769 0.369712 0.47718 -0.651891 0.589354 0.494834 -0.789051 0.364057 -0.196144 -0.358915 0.912528 -0.207224 -0.377162 0.902667 0.0171235 -0.302506 0.952994 -0.196144 -0.358915 0.912528 0.0171235 -0.302506 0.952994 0.0220678 -0.291287 0.956381 -0.627841 -0.466015 0.623415 -0.624467 -0.467062 0.626014 -0.567888 -0.469258 0.67624 -0.627841 -0.466015 0.623415 -0.567888 -0.469258 0.67624 -0.56986 -0.46056 0.680546 -0.56986 -0.46056 0.680546 -0.567888 -0.469258 0.67624 -0.420625 -0.431236 0.798192 -0.56986 -0.46056 0.680546 -0.420625 -0.431236 0.798192 -0.413583 -0.416859 0.809431 -0.413583 -0.416859 0.809431 -0.420625 -0.431236 0.798192 -0.207224 -0.377162 0.902667 -0.413583 -0.416859 0.809431 -0.207224 -0.377162 0.902667 -0.196144 -0.358915 0.912528 0.0220678 -0.291287 0.956381 0.0171235 -0.302506 0.952994 0.15773 -0.255902 0.953748 -0.640329 -0.465605 0.610894 -0.642173 -0.464697 0.609648 -0.646072 -0.464202 0.605894 -0.640329 -0.465605 0.610894 -0.646072 -0.464202 0.605894 -0.646328 -0.464359 0.605501 -0.624467 -0.467062 0.626014 -0.627841 -0.466015 0.623415 -0.642173 -0.464697 0.609648 -0.624467 -0.467062 0.626014 -0.642173 -0.464697 0.609648 -0.640329 -0.465605 0.610894 0.152941 0.117438 0.981233 0.14649 0.105712 0.983548 0.010661 0.00600617 0.999925 0.152941 0.117438 0.981233 0.010661 0.00600617 0.999925 0.0185128 0.0207558 0.999613 0.660707 0.484157 0.573636 0.661742 0.481679 0.574528 0.541055 0.392039 0.744019 0.660707 0.484157 0.573636 0.541055 0.392039 0.744019 0.565358 0.416498 0.711969 0.565358 0.416498 0.711969 0.541055 0.392039 0.744019 0.3341 0.242285 0.910865 0.565358 0.416498 0.711969 0.3341 0.242285 0.910865 0.336568 0.246466 0.908833 0.336568 0.246466 0.908833 0.3341 0.242285 0.910865 0.14649 0.105712 0.983548 0.336568 0.246466 0.908833 0.14649 0.105712 0.983548 0.152941 0.117438 0.981233 0.0185128 0.0207558 0.999613 0.010661 0.00600617 0.999925 -0.0518592 -0.0502198 0.997391 -0.271409 -0.035075 0.961825 -0.36944 -0.053044 0.92774 -0.362399 -0.0553642 0.930377 -0.271409 -0.035075 0.961825 -0.362399 -0.0553642 0.930377 -0.250539 -0.0426165 0.967168 0.713724 0.128146 0.688605 0.40618 0.0787689 0.910392 0.423579 0.0618531 0.903745 0.713724 0.128146 0.688605 0.423579 0.0618531 0.903745 0.71752 0.112801 0.687343 0.40618 0.0787689 0.910392 0.122197 0.0334346 0.991942 0.161769 0.0201743 0.986622 0.40618 0.0787689 0.910392 0.161769 0.0201743 0.986622 0.423579 0.0618531 0.903745 0.122197 0.0334346 0.991942 -0.113543 -0.00618091 0.993514 -0.0683459 -0.016015 0.997533 0.122197 0.0334346 0.991942 -0.0683459 -0.016015 0.997533 0.161769 0.0201743 0.986622 -0.36944 -0.053044 0.92774 -0.414481 -0.0627029 0.907895 -0.362399 -0.0553642 0.930377 -0.113543 -0.00618091 0.993514 -0.271409 -0.035075 0.961825 -0.250539 -0.0426165 0.967168 -0.113543 -0.00618091 0.993514 -0.250539 -0.0426165 0.967168 -0.0683459 -0.016015 0.997533 0.8707 0.0823026 0.48488 0.713724 0.128146 0.688605 0.71752 0.112801 0.687343 0.8707 0.0823026 0.48488 0.71752 0.112801 0.687343 0.874845 0.0688767 0.479482 0.0330521 -0.0943473 0.99499 0.0216391 -0.0928144 0.995448 -0.141209 -0.00651291 0.989958 0.0330521 -0.0943473 0.99499 -0.141209 -0.00651291 0.989958 -0.12534 -0.0080541 0.992081 0.661315 -0.41487 0.624937 0.659398 -0.416869 0.625631 0.506023 -0.344167 0.790879 0.661315 -0.41487 0.624937 0.506023 -0.344167 0.790879 0.541871 -0.356491 0.761111 0.541871 -0.356491 0.761111 0.506023 -0.344167 0.790879 0.251295 -0.213611 0.944045 0.541871 -0.356491 0.761111 0.251295 -0.213611 0.944045 0.254094 -0.214287 0.943142 0.254094 -0.214287 0.943142 0.251295 -0.213611 0.944045 0.0216391 -0.0928144 0.995448 0.254094 -0.214287 0.943142 0.0216391 -0.0928144 0.995448 0.0330521 -0.0943473 0.99499 -0.12534 -0.0080541 0.992081 -0.141209 -0.00651291 0.989958 -0.221999 0.0282166 0.974639 0.0802812 0.125561 0.988832 0.131281 0.215273 0.967689 0.12483 0.211121 0.969456 0.0802812 0.125561 0.988832 0.12483 0.211121 0.969456 0.0608307 0.11395 0.991622 -0.403385 -0.698716 0.590826 -0.260491 -0.457061 0.850435 -0.28411 -0.458741 0.841925 -0.403385 -0.698716 0.590826 -0.28411 -0.458741 0.841925 -0.417497 -0.691637 0.589352 -0.260491 -0.457061 0.850435 -0.11994 -0.220846 0.967906 -0.154967 -0.24187 0.957854 -0.260491 -0.457061 0.850435 -0.154967 -0.24187 0.957854 -0.28411 -0.458741 0.841925 -0.11994 -0.220846 0.967906 -0.000274235 -0.0163849 0.999866 -0.0368903 -0.0448822 0.998311 -0.11994 -0.220846 0.967906 -0.0368903 -0.0448822 0.998311 -0.154967 -0.24187 0.957854 0.131281 0.215273 0.967689 0.153918 0.257837 0.95385 0.12483 0.211121 0.969456 -0.000274235 -0.0163849 0.999866 0.0802812 0.125561 0.988832 0.0608307 0.11395 0.991622 -0.000274235 -0.0163849 0.999866 0.0608307 0.11395 0.991622 -0.0368903 -0.0448822 0.998311 -0.52464 -0.766852 0.369717 -0.403385 -0.698716 0.590826 -0.417497 -0.691637 0.589352 -0.52464 -0.766852 0.369717 -0.417497 -0.691637 0.589352 -0.537215 -0.760827 0.364063 -0.0150082 -0.148276 0.988832 -0.0200571 -0.251349 0.967689 -0.0161688 -0.244731 0.969456 -0.0150082 -0.148276 0.988832 -0.0161688 -0.244731 0.969456 -0.00288497 -0.129136 0.991623 0.0447785 0.805552 0.590831 0.026274 0.525424 0.850435 0.0465975 0.537583 0.841922 0.0447785 0.805552 0.590831 0.0465975 0.537583 0.841922 0.0605686 0.80561 0.589342 0.026274 0.525424 0.850435 0.00740383 0.251202 0.967906 0.0291792 0.285767 0.957855 0.026274 0.525424 0.850435 0.0291792 0.285767 0.957855 0.0465975 0.537583 0.841922 0.00740383 0.251202 0.967906 -0.00715064 0.0147475 0.999866 0.0126713 0.0566984 0.998311 0.00740383 0.251202 0.967906 0.0126713 0.0566984 0.998311 0.0291792 0.285767 0.957855 -0.0200571 -0.251349 0.967689 -0.0210557 -0.299538 0.953852 -0.0161688 -0.244731 0.969456 -0.00715064 0.0147475 0.999866 -0.0150082 -0.148276 0.988832 -0.00288497 -0.129136 0.991623 -0.00715064 0.0147475 0.999866 -0.00288497 -0.129136 0.991623 0.0126713 0.0566984 0.998311 0.122268 0.921067 0.369711 0.0447785 0.805552 0.590831 0.0605686 0.80561 0.589342 0.122268 0.921067 0.369711 0.0605686 0.80561 0.589342 0.136213 0.921363 0.364056 0.13921 -0.0532173 0.988832 0.237386 -0.0850043 0.967689 0.232015 -0.0795266 0.969456 0.13921 -0.0532173 0.988832 0.232015 -0.0795266 0.969456 0.123901 -0.0365169 0.991622 -0.765895 0.253604 0.590839 -0.500322 0.162611 0.850433 -0.50675 0.185405 0.84192 -0.765895 0.253604 0.590839 -0.50675 0.185405 0.84192 -0.761823 0.268852 0.589359 -0.500322 0.162611 0.850433 -0.240547 0.0727586 0.967907 -0.268225 0.102808 0.957855 -0.500322 0.162611 0.850433 -0.268225 0.102808 0.957855 -0.50675 0.185405 0.84192 -0.240547 0.0727586 0.967907 -0.0161037 -0.00305178 0.999866 -0.051422 0.0270405 0.998311 -0.240547 0.0727586 0.967907 -0.051422 0.0270405 0.998311 -0.268225 0.102808 0.957855 0.237386 -0.0850043 0.967689 0.28365 -0.098557 0.95385 0.232015 -0.0795266 0.969456 -0.0161037 -0.00305178 0.999866 0.13921 -0.0532173 0.988832 0.123901 -0.0365169 0.991622 -0.0161037 -0.00305178 0.999866 0.123901 -0.0365169 0.991622 -0.051422 0.0270405 0.998311 -0.857164 0.358581 0.369716 -0.765895 0.253604 0.590839 -0.761823 0.268852 0.589359 -0.857164 0.358581 0.369716 -0.761823 0.268852 0.589359 -0.853808 0.372119 0.36406 -0.015593 -0.0925155 0.995589 -0.0129091 -0.0813535 0.996602 0.0882939 0.0727434 0.993435 -0.015593 -0.0925155 0.995589 0.0882939 0.0727434 0.993435 0.0853726 0.0569807 0.994718 -0.425674 -0.661227 0.617722 -0.427409 -0.659187 0.618704 -0.326686 -0.52498 0.785921 -0.425674 -0.661227 0.617722 -0.326686 -0.52498 0.785921 -0.344873 -0.55739 0.755234 -0.344873 -0.55739 0.755234 -0.326686 -0.52498 0.785921 -0.159564 -0.294673 0.942182 -0.344873 -0.55739 0.755234 -0.159564 -0.294673 0.942182 -0.160584 -0.29733 0.941174 -0.160584 -0.29733 0.941174 -0.159564 -0.294673 0.942182 -0.0129091 -0.0813535 0.996602 -0.160584 -0.29733 0.941174 -0.0129091 -0.0813535 0.996602 -0.015593 -0.0925155 0.995589 0.0853726 0.0569807 0.994718 0.0882939 0.0727434 0.993435 0.129452 0.150808 0.980051 0.00702045 0.14558 0.989321 0.00793128 0.134203 0.990922 -0.040884 -0.0434497 0.998219 0.00702045 0.14558 0.989321 -0.040884 -0.0434497 0.998219 -0.0429398 -0.0275048 0.998699 0.213847 0.791777 0.572152 0.216157 0.790417 0.573164 0.16517 0.640885 0.749657 0.213847 0.791777 0.572152 0.16517 0.640885 0.749657 0.171841 0.675635 0.71693 0.171841 0.675635 0.71693 0.16517 0.640885 0.749657 0.0805087 0.379025 0.921878 0.171841 0.675635 0.71693 0.0805087 0.379025 0.921878 0.0806413 0.381808 0.920717 0.0806413 0.381808 0.920717 0.0805087 0.379025 0.921878 0.00793128 0.134203 0.990922 0.0806413 0.381808 0.920717 0.00793128 0.134203 0.990922 0.00702045 0.14558 0.989321 -0.0429398 -0.0275048 0.998699 -0.040884 -0.0434497 0.998219 -0.0562424 -0.130973 0.989789 -0.0157708 0.1482 0.988832 -0.0320168 0.250101 0.96769 -0.0344565 0.242833 0.969456 -0.0157708 0.1482 0.988832 -0.0344565 0.242833 0.969456 -0.0237013 0.12698 0.991622 0.12167 -0.797566 0.590834 0.0822161 -0.51962 0.850433 0.0648252 -0.535693 0.841921 0.12167 -0.797566 0.590834 0.0648252 -0.535693 0.841921 0.106231 -0.80086 0.589354 0.0822161 -0.51962 0.850433 0.0443569 -0.247368 0.967906 0.0301455 -0.285671 0.957854 0.0822161 -0.51962 0.850433 0.0301455 -0.285671 0.957854 0.0648252 -0.535693 0.841921 0.0443569 -0.247368 0.967906 0.0100294 -0.0129606 0.999866 -0.000753192 -0.0580916 0.998311 0.0443569 -0.247368 0.967906 -0.000753192 -0.0580916 0.998311 0.0301455 -0.285671 0.957854 -0.0320168 0.250101 0.96769 -0.0409415 0.297484 0.953849 -0.0344565 0.242833 0.969456 0.0100294 -0.0129606 0.999866 -0.0157708 0.1482 0.988832 -0.0237013 0.12698 0.991622 0.0100294 -0.0129606 0.999866 -0.0237013 0.12698 0.991622 -0.000753192 -0.0580916 0.998311 0.0695536 -0.926539 0.369712 0.12167 -0.797566 0.590834 0.106231 -0.80086 0.589354 0.0695536 -0.926539 0.369712 0.106231 -0.80086 0.589354 0.0559666 -0.929694 0.364057 -0.344206 -0.220941 0.912528 -0.362677 -0.231643 0.902667 -0.130002 -0.273683 0.952994 -0.344206 -0.220941 0.912528 -0.130002 -0.273683 0.952994 -0.120284 -0.266208 0.956381 -0.774402 -0.107964 0.623415 -0.771943 -0.1105 0.626014 -0.723342 -0.139553 0.67624 -0.774402 -0.107964 0.623415 -0.723342 -0.139553 0.67624 -0.720904 -0.130974 0.680546 -0.720904 -0.130974 0.680546 -0.723342 -0.139553 0.67624 -0.575879 -0.176787 0.798192 -0.720904 -0.130974 0.680546 -0.575879 -0.176787 0.798192 -0.562806 -0.167545 0.809431 -0.562806 -0.167545 0.809431 -0.575879 -0.176787 0.798192 -0.362677 -0.231643 0.902667 -0.562806 -0.167545 0.809431 -0.362677 -0.231643 0.902667 -0.344206 -0.220941 0.912528 -0.120284 -0.266208 0.956381 -0.130002 -0.273683 0.952994 0.0157354 -0.300195 0.953748 -0.785164 -0.101617 0.610894 -0.786347 -0.0999354 0.609648 -0.789532 -0.0976326 0.605894 -0.785164 -0.101617 0.610894 -0.789532 -0.0976326 0.605894 -0.789832 -0.0976477 0.605501 -0.771943 -0.1105 0.626014 -0.774402 -0.107964 0.623415 -0.786347 -0.0999354 0.609648 -0.771943 -0.1105 0.626014 -0.786347 -0.0999354 0.609648 -0.785164 -0.101617 0.610894 0.190521 0.0297374 0.981233 0.179238 0.0225398 0.983548 0.0122354 0.000159747 0.999925 0.190521 0.0297374 0.981233 0.0122354 0.000159747 0.999925 0.0261974 0.00933944 0.999613 0.811942 0.108128 0.573636 0.811663 0.105457 0.574528 0.662774 0.084651 0.744019 0.811942 0.108128 0.573636 0.662774 0.084651 0.744019 0.695828 0.0944641 0.711969 0.695828 0.0944641 0.711969 0.662774 0.084651 0.744019 0.409358 0.052449 0.910865 0.695828 0.0944641 0.711969 0.409358 0.052449 0.910865 0.413528 0.0549349 0.908833 0.413528 0.0549349 0.908833 0.409358 0.052449 0.910865 0.179238 0.0225398 0.983548 0.413528 0.0549349 0.908833 0.179238 0.0225398 0.983548 0.190521 0.0297374 0.981233 0.0261974 0.00933944 0.999613 0.0122354 0.000159747 0.999925 -0.0695874 -0.0192094 0.997391 -0.255 0.0993391 0.961825 -0.349644 0.130568 0.92774 -0.344578 0.125157 0.930377 -0.255 0.0993391 0.961825 -0.344578 0.125157 0.930377 -0.2403 0.0827151 0.967168 0.687788 -0.229719 0.688605 0.394221 -0.125607 0.910392 0.40138 -0.148794 0.903745 0.687788 -0.229719 0.688605 0.40138 -0.148794 0.903745 0.683763 -0.245006 0.687343 0.394221 -0.125607 0.910392 0.123267 -0.0292427 0.991942 0.151638 -0.0598516 0.986622 0.394221 -0.125607 0.910392 0.151638 -0.0598516 0.986622 0.40138 -0.148794 0.903745 0.123267 -0.0292427 0.991942 -0.102607 0.0490113 0.993514 -0.0676572 0.0187123 0.997533 0.123267 -0.0292427 0.991942 -0.0676572 0.0187123 0.997533 0.151638 -0.0598516 0.986622 -0.349644 0.130568 0.92774 -0.393802 0.143686 0.907895 -0.344578 0.125157 0.930377 -0.102607 0.0490113 0.993514 -0.255 0.0993391 0.961825 -0.2403 0.0827151 0.967168 -0.102607 0.0490113 0.993514 -0.2403 0.0827151 0.967168 -0.0676572 0.0187123 0.997533 0.803569 -0.345208 0.48488 0.687788 -0.229719 0.688605 0.683763 -0.245006 0.687343 0.803569 -0.345208 0.48488 0.683763 -0.245006 0.687343 0.80077 -0.358978 0.479482 -0.0162265 -0.0986436 0.99499 -0.0255075 -0.0918267 0.995448 -0.127045 0.0619836 0.989958 -0.0162265 -0.0986436 0.99499 -0.127045 0.0619836 0.989958 -0.113858 0.0530232 0.992081 0.381459 -0.681134 0.624937 0.378819 -0.68197 0.625631 0.279074 -0.544635 0.790879 0.381459 -0.681134 0.624937 0.279074 -0.544635 0.790879 0.304626 -0.572637 0.761111 0.304626 -0.572637 0.761111 0.279074 -0.544635 0.790879 0.118122 -0.307938 0.944045 0.304626 -0.572637 0.761111 0.118122 -0.307938 0.944045 0.120254 -0.309874 0.943142 0.120254 -0.309874 0.943142 0.118122 -0.307938 0.944045 -0.0255075 -0.0918267 0.995448 0.120254 -0.309874 0.943142 -0.0255075 -0.0918267 0.995448 -0.0162265 -0.0986436 0.99499 -0.113858 0.0530232 0.992081 -0.127045 0.0619836 0.989958 -0.181295 0.131194 0.974639 0.13065 0.0717012 0.988832 0.218418 0.12598 0.967689 0.210765 0.125429 0.969456 0.13065 0.0717012 0.988832 0.210765 0.125429 0.969456 0.108014 0.0708366 0.991622 -0.688986 -0.419788 0.590826 -0.447729 -0.276222 0.850435 -0.469262 -0.266374 0.841925 -0.688986 -0.419788 0.590826 -0.469262 -0.266374 0.841925 -0.697976 -0.40681 0.589352 -0.447729 -0.276222 0.850435 -0.211137 -0.136308 0.967906 -0.251955 -0.137966 0.957854 -0.447729 -0.276222 0.850435 -0.251955 -0.137966 0.957854 -0.469262 -0.266374 0.841925 -0.211137 -0.136308 0.967906 -0.008096 -0.0142476 0.999866 -0.053892 -0.0217017 0.998311 -0.211137 -0.136308 0.967906 -0.053892 -0.0217017 0.998311 -0.251955 -0.137966 0.957854 0.218418 0.12598 0.967689 0.258689 0.152482 0.95385 0.210765 0.125429 0.969456 -0.008096 -0.0142476 0.999866 0.13065 0.0717012 0.988832 0.108014 0.0708366 0.991622 -0.008096 -0.0142476 0.999866 0.108014 0.0708366 0.991622 -0.053892 -0.0217017 0.998311 -0.828063 -0.42145 0.369717 -0.688986 -0.419788 0.590826 -0.697976 -0.40681 0.589352 -0.828063 -0.42145 0.369717 -0.697976 -0.40681 0.589352 -0.83621 -0.410134 0.364063 -0.0842584 -0.12293 0.988832 -0.138105 -0.210964 0.967689 -0.13152 -0.20702 0.969456 -0.0842584 -0.12293 0.988832 -0.13152 -0.20702 0.969456 -0.064443 -0.111945 0.991623 0.425499 0.685471 0.590831 0.274959 0.448506 0.850435 0.298624 0.449434 0.841922 0.425499 0.685471 0.590831 0.298624 0.449434 0.841922 0.439384 0.677951 0.589342 0.274959 0.448506 0.850435 0.12693 0.216901 0.967906 0.162611 0.236795 0.957855 0.274959 0.448506 0.850435 0.162611 0.236795 0.957855 0.298624 0.449434 0.841922 0.12693 0.216901 0.967906 0.000795048 0.0163704 0.999866 0.0383028 0.0436826 0.998311 0.12693 0.216901 0.967906 0.0383028 0.0436826 0.998311 0.162611 0.236795 0.957855 -0.138105 -0.210964 0.967689 -0.162084 -0.252774 0.953852 -0.13152 -0.20702 0.969456 0.000795048 0.0163704 0.999866 -0.0842584 -0.12293 0.988832 -0.064443 -0.111945 0.991623 0.000795048 0.0163704 0.999866 -0.064443 -0.111945 0.991623 0.0383028 0.0436826 0.998311 0.548883 0.749694 0.369711 0.425499 0.685471 0.590831 0.439384 0.677951 0.589342 0.548883 0.749694 0.369711 0.439384 0.677951 0.589342 0.561263 0.743268 0.364056 0.0966546 -0.113443 0.988832 0.167573 -0.188407 0.967689 0.165485 -0.181025 0.969456 0.0966546 -0.113443 0.988832 0.165485 -0.181025 0.969456 0.091226 -0.0914477 0.991622 -0.550552 0.589748 0.590839 -0.361114 0.382572 0.850433 -0.355827 0.405657 0.84192 -0.550552 0.589748 0.590839 -0.355827 0.405657 0.84192 -0.539668 0.601178 0.589359 -0.361114 0.382572 0.850433 -0.176218 0.179176 0.967907 -0.186101 0.218816 0.957855 -0.361114 0.382572 0.850433 -0.186101 0.218816 0.957855 -0.355827 0.405657 0.84192 -0.176218 0.179176 0.967907 -0.0155955 0.00504236 0.999866 -0.0321632 0.0483833 0.998311 -0.176218 0.179176 0.967907 -0.0321632 0.0483833 0.998311 -0.186101 0.218816 0.957855 0.167573 -0.188407 0.967689 0.201675 -0.222481 0.95385 0.165485 -0.181025 0.969456 -0.0155955 0.00504236 0.999866 0.0966546 -0.113443 0.988832 0.091226 -0.0914477 0.991622 -0.0155955 0.00504236 0.999866 0.091226 -0.0914477 0.991622 -0.0321632 0.0483833 0.998311 -0.580319 0.725631 0.369716 -0.550552 0.589748 0.590839 -0.539668 0.601178 0.589359 -0.580319 0.725631 0.369716 -0.539668 0.601178 0.589359 -0.570883 0.735903 0.36406 -0.0580384 -0.0737143 0.995589 -0.0503318 -0.0652054 0.996602 0.11236 0.021508 0.993435 -0.0580384 -0.0737143 0.995589 0.11236 0.021508 0.993435 0.102239 0.00907545 0.994718 -0.690573 -0.376203 0.617722 -0.691118 -0.37358 0.618704 -0.538383 -0.304092 0.785921 -0.690573 -0.376203 0.617722 -0.538383 -0.304092 0.785921 -0.569882 -0.323815 0.755234 -0.569882 -0.323815 0.755234 -0.538383 -0.304092 0.785921 -0.281304 -0.182101 0.942182 -0.569882 -0.323815 0.755234 -0.281304 -0.182101 0.942182 -0.283473 -0.183944 0.941174 -0.283473 -0.183944 0.941174 -0.281304 -0.182101 0.942182 -0.0503318 -0.0652054 0.996602 -0.283473 -0.183944 0.941174 -0.0503318 -0.0652054 0.996602 -0.0580384 -0.0737143 0.995589 0.102239 0.00907545 0.994718 0.11236 0.021508 0.993435 0.185906 0.0702839 0.980051 0.075956 0.124393 0.989321 0.0713005 0.113971 0.990922 -0.05671 -0.0185299 0.998219 0.075956 0.124393 0.989321 -0.05671 -0.0185299 0.998219 -0.0508698 -0.00355129 0.998699 0.567267 0.592326 0.572152 0.568642 0.590025 0.573164 0.452207 0.483243 0.749657 0.567267 0.592326 0.572152 0.452207 0.483243 0.749657 0.474721 0.510541 0.71693 0.474721 0.510541 0.71693 0.452207 0.483243 0.749657 0.252367 0.294028 0.921878 0.474721 0.510541 0.71693 0.252367 0.294028 0.921878 0.253818 0.296407 0.920717 0.253818 0.296407 0.920717 0.252367 0.294028 0.921878 0.0713005 0.113971 0.990922 0.253818 0.296407 0.920717 0.0713005 0.113971 0.990922 0.075956 0.124393 0.989321 -0.0508698 -0.00355129 0.998699 -0.05671 -0.0185299 0.998219 -0.112149 -0.0879752 0.989789 0.0572106 0.137619 0.988832 0.0918076 0.234834 0.96769 0.0861817 0.229625 0.969456 0.0572106 0.137619 0.988832 0.0861817 0.229625 0.969456 0.0400777 0.122799 0.991622 -0.275598 -0.758262 0.590834 -0.176967 -0.495426 0.850433 -0.199935 -0.501193 0.841921 -0.275598 -0.758262 0.590834 -0.199935 -0.501193 0.841921 -0.290726 -0.753751 0.589354 -0.176967 -0.495426 0.850433 -0.0796679 -0.238352 0.967906 -0.110503 -0.265152 0.957854 -0.176967 -0.495426 0.850433 -0.110503 -0.265152 0.957854 -0.199935 -0.501193 0.841921 -0.0796679 -0.238352 0.967906 0.00258802 -0.0161823 0.999866 -0.0285116 -0.0506191 0.998311 -0.0796679 -0.238352 0.967906 -0.0285116 -0.0506191 0.998311 -0.110503 -0.265152 0.957854 0.0918076 0.234834 0.96769 0.106692 0.280695 0.953849 0.0861817 0.229625 0.969456 0.00258802 -0.0161823 0.999866 0.0572106 0.137619 0.988832 0.0400777 0.122799 0.991622 0.00258802 -0.0161823 0.999866 0.0400777 0.122799 0.991622 -0.0285116 -0.0506191 0.998311 -0.383168 -0.846461 0.369712 -0.275598 -0.758262 0.590834 -0.290726 -0.753751 0.589354 -0.383168 -0.846461 0.369712 -0.290726 -0.753751 0.589354 -0.396604 -0.842715 0.364057 -0.407994 -0.028873 0.912528 -0.429335 -0.0294087 0.902667 -0.245298 -0.177853 0.952994 -0.407994 -0.028873 0.912528 -0.245298 -0.177853 0.952994 -0.233186 -0.175952 0.956381 -0.731362 0.276521 0.623415 -0.73042 0.273117 0.626014 -0.701698 0.22432 0.67624 -0.731362 0.276521 0.623415 -0.701698 0.22432 0.67624 -0.695445 0.230679 0.680546 -0.695445 0.230679 0.680546 -0.701698 0.22432 0.67624 -0.590137 0.120946 0.798192 -0.695445 0.230679 0.680546 -0.590137 0.120946 0.798192 -0.574234 0.122789 0.809431 -0.574234 0.122789 0.809431 -0.590137 0.120946 0.798192 -0.429335 -0.0294087 0.902667 -0.574234 0.122789 0.809431 -0.429335 -0.0294087 0.902667 -0.407994 -0.028873 0.912528 -0.233186 -0.175952 0.956381 -0.245298 -0.177853 0.952994 -0.130112 -0.27099 0.953748 -0.737765 0.28725 0.610894 -0.737996 0.289293 0.609648 -0.739687 0.292841 0.605894 -0.737765 0.28725 0.610894 -0.739687 0.292841 0.605894 -0.739957 0.292972 0.605501 -0.73042 0.273117 0.626014 -0.731362 0.276521 0.623415 -0.737996 0.289293 0.609648 -0.73042 0.273117 0.626014 -0.737996 0.289293 0.609648 -0.737765 0.28725 0.610894 0.181455 -0.0652435 0.981233 0.168102 -0.0661508 0.983548 0.0108142 -0.00572579 0.999925 0.181455 -0.0652435 0.981233 0.0108142 -0.00572579 0.999925 0.027468 -0.00436359 0.999613 0.764386 -0.294375 0.573636 0.76286 -0.296584 0.574528 0.622223 -0.243462 0.744019 0.764386 -0.294375 0.573636 0.622223 -0.243462 0.744019 0.655935 -0.250698 0.711969 0.655935 -0.250698 0.711969 0.622223 -0.243462 0.744019 0.384391 -0.150228 0.910865 0.655935 -0.250698 0.711969 0.384391 -0.150228 0.910865 0.389242 -0.150046 0.908833 0.389242 -0.150046 0.908833 0.384391 -0.150228 0.910865 0.168102 -0.0661508 0.983548 0.389242 -0.150046 0.908833 0.168102 -0.0661508 0.983548 0.181455 -0.0652435 0.981233 0.027468 -0.00436359 0.999613 0.0108142 -0.00572579 0.999925 -0.0702782 0.0165042 0.997391 -0.176157 0.209432 0.961825 -0.244244 0.282213 0.92774 -0.242392 0.275035 0.930377 -0.176157 0.209432 0.961825 -0.242392 0.275035 0.930377 -0.171227 0.187795 0.967168 0.493458 -0.531341 0.688605 0.285742 -0.29923 0.910392 0.280908 -0.32301 0.903745 0.493458 -0.531341 0.688605 0.280908 -0.32301 0.903745 0.482596 -0.542826 0.687343 0.285742 -0.29923 0.910392 0.0941576 -0.0847605 0.991942 0.10438 -0.125224 0.986622 0.285742 -0.29923 0.910392 0.10438 -0.125224 0.986622 0.280908 -0.32301 0.903745 0.0941576 -0.0847605 0.991942 -0.0665488 0.0922039 0.993514 -0.0504036 0.0488581 0.997533 0.0941576 -0.0847605 0.991942 -0.0504036 0.0488581 0.997533 0.10438 -0.125224 0.986622 -0.244244 0.282213 0.92774 -0.276708 0.314895 0.907895 -0.242392 0.275035 0.930377 -0.0665488 0.0922039 0.993514 -0.176157 0.209432 0.961825 -0.171227 0.187795 0.967168 -0.0665488 0.0922039 0.993514 -0.171227 0.187795 0.967168 -0.0504036 0.0488581 0.997533 0.539696 -0.6882 0.48488 0.493458 -0.531341 0.688605 0.482596 -0.542826 0.687343 0.539696 -0.6882 0.48488 0.482596 -0.542826 0.687343 0.530638 -0.698942 0.479482 -0.0615324 -0.0787885 0.99499 -0.066409 -0.0683566 0.995448 -0.0817759 0.115304 0.989958 -0.0615324 -0.0787885 0.99499 -0.0817759 0.115304 0.989958 -0.074499 0.101119 0.992081 0.00820846 -0.780632 0.624937 0.00549098 -0.7801 0.625631 -0.0162013 -0.611758 0.790879 0.00820846 -0.780632 0.624937 -0.0162013 -0.611758 0.790879 -0.00720251 -0.648582 0.761111 -0.00720251 -0.648582 0.761111 -0.0162013 -0.611758 0.790879 -0.0439716 -0.326872 0.944045 -0.00720251 -0.648582 0.761111 -0.0439716 -0.326872 0.944045 -0.0430286 -0.329592 0.943142 -0.0430286 -0.329592 0.943142 -0.0439716 -0.326872 0.944045 -0.066409 -0.0683566 0.995448 -0.0430286 -0.329592 0.943142 -0.066409 -0.0683566 0.995448 -0.0615324 -0.0787885 0.99499 -0.074499 0.101119 0.992081 -0.0817759 0.115304 0.989958 -0.0962031 0.202051 0.974639 0.149032 0.000286545 0.988832 0.252078 0.00584289 0.967689 0.245098 0.00902851 0.969456 0.149032 0.000286545 0.988832 0.245098 0.00902851 0.969456 0.128752 0.0103801 0.991622 -0.8059 -0.0380812 0.590826 -0.525347 -0.0277552 0.850435 -0.539523 -0.00878879 0.841925 -0.8059 -0.0380812 0.590826 -0.539523 -0.00878879 0.841925 -0.807567 -0.0223816 0.589352 -0.525347 -0.0277552 0.850435 -0.250639 -0.0183972 0.967906 -0.287256 -0.000282651 0.957854 -0.525347 -0.0277552 0.850435 -0.287256 -0.000282651 0.957854 -0.539523 -0.00878879 0.841925 -0.250639 -0.0183972 0.967906 -0.0139356 -0.00862204 0.999866 -0.057699 0.00679211 0.998311 -0.250639 -0.0183972 0.967906 -0.057699 0.00679211 0.998311 -0.287256 -0.000282651 0.957854 0.252078 0.00584289 0.967689 0.300125 0.00979292 0.95385 0.245098 0.00902851 0.969456 -0.0139356 -0.00862204 0.999866 0.149032 0.000286545 0.988832 0.128752 0.0103801 0.991622 -0.0139356 -0.00862204 0.999866 0.128752 0.0103801 0.991622 -0.057699 0.00679211 0.998311 -0.928748 0.0271372 0.369717 -0.8059 -0.0380812 0.590826 -0.807567 -0.0223816 0.589352 -0.928748 0.0271372 0.369717 -0.807567 -0.0223816 0.589352 -0.930472 0.0409739 0.364063 -0.132879 -0.0674851 0.988832 -0.22234 -0.118927 0.967689 -0.21467 -0.118623 0.969456 -0.132879 -0.0674851 0.988832 -0.21467 -0.118623 0.969456 -0.110223 -0.067345 0.991623 0.702043 0.397562 0.590831 0.456325 0.261779 0.850435 0.477538 0.251247 0.841922 0.702043 0.397562 0.590831 0.477538 0.251247 0.841922 0.710623 0.384306 0.589342 0.456325 0.261779 0.850435 0.21538 0.129495 0.967906 0.25623 0.129847 0.957855 0.456325 0.261779 0.850435 0.25623 0.129847 0.957855 0.477538 0.251247 0.841922 0.21538 0.129495 0.967906 0.00854609 0.0139852 0.999866 0.0545564 0.0199718 0.998311 0.21538 0.129495 0.967906 0.0545564 0.0199718 0.998311 0.25623 0.129847 0.957855 -0.22234 -0.118927 0.967689 -0.263429 -0.144123 0.953852 -0.21467 -0.118623 0.969456 0.00854609 0.0139852 0.999866 -0.132879 -0.0674851 0.988832 -0.110223 -0.067345 0.991623 0.00854609 0.0139852 0.999866 -0.110223 -0.067345 0.991623 0.0545564 0.0199718 0.998311 0.841113 0.39477 0.369711 0.702043 0.397562 0.590831 0.710623 0.384306 0.589342 0.841113 0.39477 0.369711 0.710623 0.384306 0.589342 0.848896 0.383196 0.364056 0.0304347 -0.145895 0.988832 0.0567318 -0.245682 0.967689 0.0584388 -0.238202 0.969456 0.0304347 -0.145895 0.988832 0.0584388 -0.238202 0.969456 0.036216 -0.123989 0.991622 -0.200415 0.781501 0.590839 -0.133492 0.508866 0.850433 -0.117785 0.52659 0.84192 -0.200415 0.781501 0.590839 -0.117785 0.52659 0.84192 -0.185383 0.786314 0.589359 -0.133492 0.508866 0.850433 -0.0687441 0.241725 0.967907 -0.0584126 0.281251 0.957855 -0.133492 0.508866 0.850433 -0.0584126 0.281251 0.957855 -0.117785 0.52659 0.84192 -0.0687441 0.241725 0.967907 -0.0112689 0.0119019 0.999866 -0.00502965 0.0578802 0.998311 -0.0687441 0.241725 0.967907 -0.00502965 0.0578802 0.998311 -0.0584126 0.281251 0.957855 0.0567318 -0.245682 0.967689 0.0703237 -0.291934 0.95385 0.0584388 -0.238202 0.969456 -0.0112689 0.0119019 0.999866 0.0304347 -0.145895 0.988832 0.036216 -0.123989 0.991622 -0.0112689 0.0119019 0.999866 0.036216 -0.123989 0.991622 -0.00502965 0.0578802 0.998311 -0.161392 0.915021 0.369716 -0.200415 0.781501 0.590839 -0.185383 0.786314 0.589359 -0.161392 0.915021 0.369716 -0.185383 0.786314 0.589359 -0.148187 0.919511 0.36406 -0.0862741 -0.0368653 0.995589 -0.0754314 -0.0330928 0.996602 0.108917 -0.0349933 0.993435 -0.0862741 -0.0368653 0.995589 0.108917 -0.0349933 0.993435 0.0940746 -0.0410518 0.994718 -0.786396 0.000929357 0.617722 -0.785617 0.00349257 0.618704 -0.618265 -0.00875103 0.785921 -0.786396 0.000929357 0.617722 -0.618265 -0.00875103 0.785921 -0.655363 -0.0109584 0.755234 -0.655363 -0.0109584 0.755234 -0.618265 -0.00875103 0.785921 -0.334171 -0.0249439 0.942182 -0.655363 -0.0109584 0.755234 -0.334171 -0.0249439 0.942182 -0.336958 -0.0255217 0.941174 -0.336958 -0.0255217 0.941174 -0.334171 -0.0249439 0.942182 -0.0754314 -0.0330928 0.996602 -0.336958 -0.0255217 0.941174 -0.0754314 -0.0330928 0.996602 -0.0862741 -0.0368653 0.995589 0.0940746 -0.0410518 0.994718 0.108917 -0.0349933 0.993435 0.196844 -0.0274481 0.980051 0.126295 0.0727499 0.989321 0.117213 0.065836 0.990922 -0.0586514 0.0109267 0.998219 0.126295 0.0727499 0.989321 -0.0586514 0.0109267 0.998219 -0.046345 0.0212717 0.998699 0.7818 0.247853 0.572152 0.781903 0.245174 0.573164 0.628528 0.207286 0.749657 0.7818 0.247853 0.572152 0.628528 0.207286 0.749657 0.661373 0.220448 0.71693 0.661373 0.220448 0.71693 0.628528 0.207286 0.749657 0.362438 0.137042 0.921878 0.661373 0.220448 0.71693 0.362438 0.137042 0.921878 0.364851 0.138434 0.920717 0.364851 0.138434 0.920717 0.362438 0.137042 0.921878 0.117213 0.065836 0.990922 0.364851 0.138434 0.920717 0.117213 0.065836 0.990922 0.126295 0.0727499 0.989321 -0.046345 0.0212717 0.998699 -0.0586514 0.0109267 0.998219 -0.140598 -0.0234385 0.989789 0.116185 0.0933434 0.988832 0.193154 0.162072 0.96769 0.18572 0.160197 0.969456 0.116185 0.0933434 0.988832 0.18572 0.160197 0.969456 0.0940442 0.0885516 0.991622 -0.60539 -0.533309 0.590834 -0.392823 -0.349934 0.850433 -0.415745 -0.343985 0.841921 -0.60539 -0.533309 0.590834 -0.415745 -0.343985 0.841921 -0.616503 -0.522097 0.589354 -0.392823 -0.349934 0.850433 -0.184187 -0.170979 0.967906 -0.224096 -0.179715 0.957854 -0.392823 -0.349934 0.850433 -0.224096 -0.179715 0.957854 -0.415745 -0.343985 0.841921 -0.184187 -0.170979 0.967906 -0.00548702 -0.0154421 0.999866 -0.0492894 -0.0307532 0.998311 -0.184187 -0.170979 0.967906 -0.0492894 -0.0307532 0.998311 -0.224096 -0.179715 0.957854 0.193154 0.162072 0.96769 0.228203 0.195182 0.953849 0.18572 0.160197 0.969456 -0.00548702 -0.0154421 0.999866 0.116185 0.0933434 0.988832 0.0940442 0.0885516 0.991622 -0.00548702 -0.0154421 0.999866 0.0940442 0.0885516 0.991622 -0.0492894 -0.0307532 0.998311 -0.742076 -0.559139 0.369712 -0.60539 -0.533309 0.590834 -0.616503 -0.522097 0.589354 -0.742076 -0.559139 0.369712 -0.616503 -0.522097 0.589354 -0.752071 -0.54941 0.364057 -0.37189 0.170264 0.912528 -0.390876 0.180025 0.902667 -0.300537 -0.038479 0.952994 -0.37189 0.170264 0.912528 -0.300537 -0.038479 0.952994 -0.288996 -0.0426173 0.956381 -0.509259 0.593303 0.623415 -0.510065 0.589864 0.626014 -0.508253 0.533271 0.67624 -0.509259 0.593303 0.623415 -0.508253 0.533271 0.67624 -0.499717 0.535854 0.680546 -0.499717 0.535854 0.680546 -0.508253 0.533271 0.67624 -0.45991 0.389067 0.798192 -0.499717 0.535854 0.680546 -0.45991 0.389067 0.798192 -0.44507 0.38306 0.809431 -0.44507 0.38306 0.809431 -0.45991 0.389067 0.798192 -0.390876 0.180025 0.902667 -0.44507 0.38306 0.809431 -0.390876 0.180025 0.902667 -0.37189 0.170264 0.912528 -0.288996 -0.0426173 0.956381 -0.300537 -0.038479 0.952994 -0.244104 -0.175437 0.953748 -0.509734 0.605789 0.610894 -0.508958 0.607693 0.609648 -0.508741 0.611617 0.605894 -0.509734 0.605789 0.610894 -0.508741 0.611617 0.605894 -0.508915 0.611861 0.605501 -0.510065 0.589864 0.626014 -0.509259 0.593303 0.623415 -0.508958 0.607693 0.609648 -0.510065 0.589864 0.626014 -0.508958 0.607693 0.609648 -0.509734 0.605789 0.610894 0.127962 -0.144251 0.981233 0.115809 -0.138645 0.983548 0.00674526 -0.0102095 0.999925 0.127962 -0.144251 0.981233 0.00674526 -0.0102095 0.999925 0.0220134 -0.0169983 0.999613 0.529681 -0.624804 0.573636 0.527282 -0.626012 0.574528 0.42933 -0.511968 0.744019 0.529681 -0.624804 0.573636 0.42933 -0.511968 0.744019 0.455446 -0.53448 0.711969 0.455446 -0.53448 0.711969 0.42933 -0.511968 0.744019 0.265311 -0.316125 0.910865 0.455446 -0.53448 0.711969 0.265311 -0.316125 0.910865 0.269656 -0.318291 0.908833 0.269656 -0.318291 0.908833 0.265311 -0.316125 0.910865 0.115809 -0.138645 0.983548 0.269656 -0.318291 0.908833 0.115809 -0.138645 0.983548 0.127962 -0.144251 0.981233 0.0220134 -0.0169983 0.999613 0.00674526 -0.0102095 0.999925 -0.0537624 0.0481769 0.997391 -0.0541859 0.268248 0.961825 -0.0790443 0.364762 0.92774 -0.0808606 0.357575 0.930377 -0.0541859 0.268248 0.961825 -0.0808606 0.357575 0.930377 -0.0602321 0.246896 0.967168 0.178311 -0.702872 0.688605 0.107304 -0.399591 0.910392 0.0916609 -0.418143 0.903745 0.178311 -0.702872 0.688605 0.0916609 -0.418143 0.903745 0.163273 -0.707744 0.687343 0.107304 -0.399591 0.910392 0.0419948 -0.119526 0.991942 0.0315669 -0.159937 0.986622 0.107304 -0.399591 0.910392 0.0315669 -0.159937 0.986622 0.0916609 -0.418143 0.903745 0.0419948 -0.119526 0.991942 -0.0141972 0.112822 0.993514 -0.0208095 0.0670418 0.997533 0.0419948 -0.119526 0.991942 -0.0208095 0.0670418 0.997533 0.0315669 -0.159937 0.986622 -0.0790443 0.364762 0.92774 -0.091865 0.409007 0.907895 -0.0808606 0.357575 0.930377 -0.0141972 0.112822 0.993514 -0.0541859 0.268248 0.961825 -0.0602321 0.246896 0.967168 -0.0141972 0.112822 0.993514 -0.0602321 0.246896 0.967168 -0.0208095 0.0670418 0.997533 0.143687 -0.862697 0.48488 0.178311 -0.702872 0.688605 0.163273 -0.707744 0.687343 0.143687 -0.862697 0.48488 0.163273 -0.707744 0.687343 0.130588 -0.867781 0.479482 -0.091773 -0.0396432 0.99499 -0.0910512 -0.0281504 0.995448 -0.0164853 0.140395 0.989958 -0.091773 -0.0396432 0.99499 -0.0164853 0.140395 0.989958 -0.0169002 0.124457 0.992081 -0.367051 -0.689005 0.624937 -0.369181 -0.687235 0.625631 -0.30751 -0.529101 0.790879 -0.367051 -0.689005 0.624937 -0.30751 -0.529101 0.790879 -0.317268 -0.565731 0.761111 -0.317268 -0.565731 0.761111 -0.30751 -0.529101 0.790879 -0.1953 -0.265776 0.944045 -0.317268 -0.565731 0.761111 -0.1953 -0.265776 0.944045 -0.195776 -0.268616 0.943142 -0.195776 -0.268616 0.943142 -0.1953 -0.265776 0.944045 -0.0910512 -0.0281504 0.995448 -0.195776 -0.268616 0.943142 -0.0910512 -0.0281504 0.995448 -0.091773 -0.0396432 0.99499 -0.0169002 0.124457 0.992081 -0.0164853 0.140395 0.989958 0.0124423 0.223439 0.974639 0.130925 -0.0711982 0.988832 0.22402 -0.115725 0.967689 0.219422 -0.109583 0.969456 0.130925 -0.0711982 0.988832 0.219422 -0.109583 0.969456 0.117967 -0.0526178 0.991622 -0.725501 0.352949 0.590826 -0.474342 0.227507 0.850435 -0.477689 0.250948 0.841925 -0.725501 0.352949 0.590826 -0.477689 0.250948 0.841925 -0.719437 0.367526 0.589352 -0.474342 0.227507 0.850435 -0.228777 0.104018 0.967906 -0.252226 0.13747 0.957854 -0.474342 0.227507 0.850435 -0.252226 0.13747 0.957854 -0.477689 0.250948 0.841925 -0.228777 0.104018 0.967906 -0.0163632 -0.000885473 0.999866 -0.0473793 0.033623 0.998311 -0.228777 0.104018 0.967906 -0.0473793 0.033623 0.998311 -0.252226 0.13747 0.957854 0.22402 -0.115725 0.967689 0.268079 -0.135293 0.95385 0.219422 -0.109583 0.969456 -0.0163632 -0.000885473 0.999866 0.130925 -0.0711982 0.988832 0.117967 -0.0526178 0.991622 -0.0163632 -0.000885473 0.999866 0.117967 -0.0526178 0.991622 -0.0473793 0.033623 0.998311 -0.802043 0.469081 0.369717 -0.725501 0.352949 0.590826 -0.719437 0.367526 0.589352 -0.802043 0.469081 0.369717 -0.719437 0.367526 0.589352 -0.796922 0.48205 0.364063 -0.148967 0.00448194 0.988832 -0.252139 0.00222708 0.967689 -0.245261 -0.00118328 0.969456 -0.148967 0.00448194 0.988832 -0.245261 -0.00118328 0.969456 -0.129017 -0.006257 0.991623 0.806702 0.0123162 0.590831 0.525966 0.0109588 0.850435 0.539533 -0.00845365 0.841922 0.806702 0.0123162 0.590831 0.539533 -0.00845365 0.841922 0.807877 -0.00343027 0.589342 0.525966 0.0109588 0.850435 0.251097 0.0103841 0.967906 0.287115 -0.0088918 0.957855 0.525966 0.0109588 0.850435 0.287115 -0.0088918 0.957855 0.539533 -0.00845365 0.841922 0.251097 0.0103841 0.967906 0.0142047 0.00817593 0.999866 0.0574527 -0.00862884 0.998311 0.251097 0.0103841 0.967906 0.0574527 -0.00862884 0.998311 0.287115 -0.0088918 0.957855 -0.252139 0.00222708 0.967689 -0.300277 -0.000185536 0.953852 -0.245261 -0.00118328 0.969456 0.0142047 0.00817593 0.999866 -0.148967 0.00448194 0.988832 -0.129017 -0.006257 0.991623 0.0142047 0.00817593 0.999866 -0.129017 -0.006257 0.991623 0.0574527 -0.00862884 0.998311 0.927409 -0.0568078 0.369711 0.806702 0.0123162 0.590831 0.807877 -0.00343027 0.589342 0.927409 -0.0568078 0.369711 0.807877 -0.00343027 0.589342 0.92869 -0.0706967 0.364056 -0.0432367 -0.142626 0.988832 -0.0679993 -0.242805 0.967689 -0.0629153 -0.237059 0.969456 -0.0432367 -0.142626 0.988832 -0.0629153 -0.237059 0.969456 -0.027661 -0.126173 0.991622 0.198791 0.781916 0.590839 0.126813 0.510571 0.850433 0.149095 0.518596 0.84192 0.198791 0.781916 0.590839 0.149095 0.518596 0.84192 0.21429 0.778933 0.589359 0.126813 0.510571 0.850433 0.0555607 0.245092 0.967907 0.083577 0.274825 0.957855 0.126813 0.510571 0.850433 0.083577 0.274825 0.957855 0.149095 0.518596 0.84192 0.0555607 0.245092 0.967907 -0.00418327 0.0158475 0.999866 0.0233353 0.053206 0.998311 0.0555607 0.245092 0.967907 0.0233353 0.053206 0.998311 0.083577 0.274825 0.957855 -0.0679993 -0.242805 0.967689 -0.0782455 -0.289911 0.95385 -0.0629153 -0.237059 0.969456 -0.00418327 0.0158475 0.999866 -0.0432367 -0.142626 0.988832 -0.027661 -0.126173 0.991622 -0.00418327 0.0158475 0.999866 -0.027661 -0.126173 0.991622 0.0233353 0.053206 0.998311 0.297049 0.880382 0.369716 0.198791 0.781916 0.590839 0.21429 0.778933 0.589359 0.297049 0.880382 0.369716 0.21429 0.778933 0.589359 0.310791 0.877991 0.36406 -0.0933868 0.00900964 0.995589 -0.0820628 0.00712208 0.996602 0.0788068 -0.082927 0.993435 -0.0933868 0.00900964 0.995589 0.0788068 -0.082927 0.993435 0.062877 -0.0811281 0.994718 -0.689682 0.377834 0.617722 -0.687769 0.37971 0.618704 -0.546774 0.288732 0.785921 -0.689682 0.377834 0.617722 -0.546774 0.288732 0.785921 -0.580389 0.304581 0.755234 -0.580389 0.304581 0.755234 -0.546774 0.288732 0.785921 -0.305222 0.13832 0.942182 -0.580389 0.304581 0.755234 -0.305222 0.13832 0.942182 -0.307944 0.139149 0.941174 -0.307944 0.139149 0.941174 -0.305222 0.13832 0.942182 -0.0820628 0.00712208 0.996602 -0.307944 0.139149 0.941174 -0.0820628 0.00712208 0.996602 -0.0933868 0.00900964 0.995589 0.062877 -0.0811281 0.994718 0.0788068 -0.082927 0.993435 0.159587 -0.11846 0.980051 0.145712 0.00329509 0.989321 0.134427 0.00158169 0.990922 -0.0462329 0.0377081 0.998219 0.145712 0.00329509 0.989321 -0.0462329 0.0377081 0.998219 -0.0304734 0.0408867 0.998699 0.804921 -0.157304 0.572152 0.803728 -0.159704 0.573164 0.650963 -0.119422 0.749657 0.804921 -0.157304 0.572152 0.650963 -0.119422 0.749657 0.686098 -0.123618 0.71693 0.686098 -0.123618 0.71693 0.650963 -0.119422 0.749657 0.383771 -0.0534958 0.921878 0.686098 -0.123618 0.71693 0.383771 -0.0534958 0.921878 0.386556 -0.0534313 0.920717 0.386556 -0.0534313 0.920717 0.383771 -0.0534958 0.921878 0.134427 0.00158169 0.990922 0.386556 -0.0534313 0.920717 0.134427 0.00158169 0.990922 0.145712 0.00329509 0.989321 -0.0304734 0.0408867 0.998699 -0.0462329 0.0377081 0.998219 -0.134623 0.0468369 0.989789 0.146713 0.0262145 0.988832 0.24721 0.0496281 0.96769 0.239787 0.0515475 0.969456 0.146713 0.0262145 0.988832 0.239787 0.0515475 0.969456 0.124985 0.0326241 0.991622 -0.786961 -0.177783 0.590834 -0.512502 -0.118767 0.850433 -0.529765 -0.102556 0.841921 -0.786961 -0.177783 0.590834 -0.529765 -0.102556 0.841921 -0.791339 -0.162616 0.589354 -0.512502 -0.118767 0.850433 -0.243611 -0.0617439 0.967906 -0.282823 -0.0502775 0.957854 -0.512502 -0.118767 0.850433 -0.282823 -0.0502775 0.957854 -0.529765 -0.102556 0.841921 -0.243611 -0.0617439 0.967906 -0.0122186 -0.0109211 0.999866 -0.0579994 -0.00335793 0.998311 -0.243611 -0.0617439 0.967906 -0.0579994 -0.00335793 0.998311 -0.282823 -0.0502775 0.957854 0.24721 0.0496281 0.96769 0.293843 0.0618821 0.953849 0.239787 0.0515475 0.969456 -0.0122186 -0.0109211 0.999866 0.146713 0.0262145 0.988832 0.124985 0.0326241 0.991622 -0.0122186 -0.0109211 0.999866 0.124985 0.0326241 0.991622 -0.0579994 -0.00335793 0.998311 -0.919298 -0.13492 0.369712 -0.786961 -0.177783 0.590834 -0.791339 -0.162616 0.589354 -0.919298 -0.13492 0.369712 -0.791339 -0.162616 0.589354 -0.923406 -0.12159 0.364057 -0.244736 0.327715 0.912528 -0.256717 0.345383 0.902667 -0.282194 0.110316 0.952994 -0.244736 0.327715 0.912528 -0.282194 0.110316 0.952994 -0.27405 0.101152 0.956381 -0.162472 0.764825 0.623415 -0.164828 0.762193 0.626014 -0.19037 0.711659 0.67624 -0.162472 0.764825 0.623415 -0.19037 0.711659 0.67624 -0.181641 0.709833 0.680546 -0.181641 0.709833 0.680546 -0.19037 0.711659 0.67624 -0.21708 0.561931 0.798192 -0.181641 0.709833 0.680546 -0.21708 0.561931 0.798192 -0.206937 0.549545 0.809431 -0.206937 0.549545 0.809431 -0.21708 0.561931 0.798192 -0.256717 0.345383 0.902667 -0.206937 0.549545 0.809431 -0.256717 0.345383 0.902667 -0.244736 0.327715 0.912528 -0.27405 0.101152 0.956381 -0.282194 0.110316 0.952994 -0.29833 -0.0369309 0.953748 -0.156903 0.776009 0.610894 -0.155309 0.777308 0.609648 -0.153237 0.780648 0.605894 -0.156903 0.776009 0.610894 -0.153237 0.780648 0.605894 -0.153274 0.780946 0.605501 -0.164828 0.762193 0.626014 -0.162472 0.764825 0.623415 -0.155309 0.777308 0.609648 -0.164828 0.762193 0.626014 -0.155309 0.777308 0.609648 -0.156903 0.776009 0.610894 0.0431399 -0.18794 0.981233 0.0351621 -0.177195 0.983548 0.00102485 -0.0121935 0.999925 0.0431399 -0.18794 0.981233 0.00102485 -0.0121935 0.999925 0.0111692 -0.0254712 0.999613 0.165292 -0.80226 0.573636 0.162608 -0.80217 0.574528 0.131322 -0.655126 0.744019 0.165292 -0.80226 0.573636 0.131322 -0.655126 0.744019 0.143448 -0.687403 0.711969 0.143448 -0.687403 0.711969 0.131322 -0.655126 0.744019 0.0812745 -0.404623 0.910865 0.143448 -0.687403 0.711969 0.0812745 -0.404623 0.910865 0.0840492 -0.408606 0.908833 0.0840492 -0.408606 0.908833 0.0812745 -0.404623 0.910865 0.0351621 -0.177195 0.983548 0.0840492 -0.408606 0.908833 0.0351621 -0.177195 0.983548 0.0431399 -0.18794 0.981233 0.0111692 -0.0254712 0.999613 0.00102485 -0.0121935 0.999925 -0.0240837 0.0680543 0.997391 0.0766459 0.262714 0.961825 0.0994739 0.359728 0.92774 0.0945264 0.354208 0.930377 0.0766459 0.262714 0.961825 0.0945264 0.354208 0.930377 0.0613719 0.246616 0.967168 -0.168657 -0.70525 0.688605 -0.0906313 -0.403699 0.910392 -0.113103 -0.412859 0.903745 -0.168657 -0.70525 0.688605 -0.113103 -0.412859 0.903745 -0.184237 -0.702578 0.687343 -0.0906313 -0.403699 0.910392 -0.0183448 -0.125353 0.991942 -0.0463539 -0.156293 0.986622 -0.0906313 -0.403699 0.910392 -0.0463539 -0.156293 0.986622 -0.113103 -0.412859 0.903745 -0.0183448 -0.125353 0.991942 0.0398453 0.106502 0.993514 0.0127205 0.069035 0.997533 -0.0183448 -0.125353 0.991942 0.0127205 0.069035 0.997533 -0.0463539 -0.156293 0.986622 0.0994739 0.359728 0.92774 0.108677 0.404864 0.907895 0.0945264 0.354208 0.930377 0.0398453 0.106502 0.993514 0.0766459 0.262714 0.961825 0.0613719 0.246616 0.967168 0.0398453 0.106502 0.993514 0.0613719 0.246616 0.967168 0.0127205 0.069035 0.997533 -0.273573 -0.830692 0.48488 -0.168657 -0.70525 0.688605 -0.184237 -0.702578 0.687343 -0.273573 -0.830692 0.48488 -0.184237 -0.702578 0.687343 -0.287535 -0.829109 0.479482 -0.0996851 0.00753307 0.99499 -0.0937064 0.0173749 0.995448 0.0506295 0.131981 0.989958 -0.0996851 0.00753307 0.99499 0.0506295 0.131981 0.989958 0.0428574 0.118061 0.992081 -0.645144 -0.439594 0.624937 -0.646208 -0.437037 0.625631 -0.518128 -0.325659 0.790879 -0.645144 -0.439594 0.624937 -0.518128 -0.325659 0.790879 -0.543786 -0.353563 0.761111 -0.543786 -0.353563 0.761111 -0.518128 -0.325659 0.790879 -0.296422 -0.144613 0.944045 -0.543786 -0.353563 0.761111 -0.296422 -0.144613 0.944045 -0.298163 -0.146906 0.943142 -0.298163 -0.146906 0.943142 -0.296422 -0.144613 0.944045 -0.0937064 0.0173749 0.995448 -0.298163 -0.146906 0.943142 -0.0937064 0.0173749 0.995448 -0.0996851 0.00753307 0.99499 0.0428574 0.118061 0.992081 0.0506295 0.131981 0.989958 0.114828 0.192079 0.974639 0.082858 -0.123876 0.988832 0.144608 -0.206557 0.967689 0.14339 -0.198982 0.969456 0.082858 -0.123876 0.988832 0.14339 -0.198982 0.969456 0.080016 -0.101402 0.991622 -0.478464 0.649613 0.590826 -0.314339 0.421843 0.850435 -0.306412 0.444155 0.841925 -0.478464 0.649613 0.590826 -0.306412 0.444155 0.841925 -0.466322 0.659704 0.589352 -0.314339 0.421843 0.850435 -0.154259 0.1984 0.967906 -0.159483 0.238917 0.957854 -0.314339 0.421843 0.850435 -0.159483 0.238917 0.957854 -0.306412 0.444155 0.841925 -0.154259 0.1984 0.967906 -0.0149014 0.0068183 0.999866 -0.026334 0.0517864 0.998311 -0.154259 0.1984 0.967906 -0.026334 0.0517864 0.998311 -0.159483 0.238917 0.957854 0.144608 -0.206557 0.967689 0.174532 -0.244355 0.95385 0.14339 -0.198982 0.969456 -0.0149014 0.0068183 0.999866 0.082858 -0.123876 0.988832 0.080016 -0.101402 0.991622 -0.0149014 0.0068183 0.999866 0.080016 -0.101402 0.991622 -0.026334 0.0517864 0.998311 -0.492289 0.788011 0.369717 -0.478464 0.649613 0.590826 -0.466322 0.659704 0.589352 -0.492289 0.788011 0.369717 -0.466322 0.659704 0.589352 -0.481729 0.797117 0.364063 -0.129831 0.0731791 0.988832 -0.222239 0.119116 0.967689 -0.217734 0.112901 0.969456 -0.129831 0.0731791 0.988832 -0.217734 0.112901 0.969456 -0.117154 0.0544008 0.991623 0.720072 -0.363889 0.590831 0.470845 -0.234661 0.850435 0.473839 -0.258154 0.841922 0.720072 -0.363889 0.590831 0.473839 -0.258154 0.841922 0.713797 -0.378379 0.589342 0.470845 -0.234661 0.850435 0.227175 -0.107465 0.967906 0.250115 -0.141268 0.957855 0.470845 -0.234661 0.850435 0.250115 -0.141268 0.957855 0.473839 -0.258154 0.841922 0.227175 -0.107465 0.967906 0.0163771 0.00064039 0.999866 0.0468665 -0.0343337 0.998311 0.227175 -0.107465 0.967906 0.0468665 -0.0343337 0.998311 0.250115 -0.141268 0.957855 -0.222239 0.119116 0.967689 -0.265987 0.139345 0.953852 -0.217734 0.112901 0.969456 0.0163771 0.00064039 0.999866 -0.129831 0.0731791 0.988832 -0.117154 0.0544008 0.991623 0.0163771 0.00064039 0.999866 -0.117154 0.0544008 0.991623 0.0468665 -0.0343337 0.998311 0.794845 -0.48118 0.369711 0.720072 -0.363889 0.590831 0.713797 -0.378379 0.589342 0.794845 -0.48118 0.369711 0.713797 -0.378379 0.589342 0.789528 -0.494075 0.364056 -0.104551 -0.10621 0.988832 -0.173022 -0.183416 0.967689 -0.165851 -0.18069 0.969456 -0.104551 -0.10621 0.988832 -0.165851 -0.18069 0.969456 -0.0831148 -0.0988777 0.991622 0.539313 0.600043 0.590839 0.349508 0.393203 0.850433 0.372967 0.389957 0.84192 0.539313 0.600043 0.590839 0.372967 0.389957 0.84192 0.551652 0.590201 0.589359 0.349508 0.393203 0.850433 0.16307 0.19122 0.967907 0.201694 0.204533 0.957855 0.349508 0.393203 0.850433 0.201694 0.204533 0.957855 0.372967 0.389957 0.84192 0.16307 0.19122 0.967907 0.00365843 0.0159769 0.999866 0.0453835 0.0362733 0.998311 0.16307 0.19122 0.967907 0.0453835 0.0362733 0.998311 0.201694 0.204533 0.957855 -0.173022 -0.183416 0.967689 -0.203981 -0.220369 0.95385 -0.165851 -0.18069 0.969456 0.00365843 0.0159769 0.999866 -0.104551 -0.10621 0.988832 -0.0831148 -0.0988777 0.991622 0.00365843 0.0159769 0.999866 -0.0831148 -0.0988777 0.991622 0.0453835 0.0362733 0.998311 0.67207 0.641585 0.369716 0.539313 0.600043 0.590839 0.551652 0.590201 0.589359 0.67207 0.641585 0.369716 0.551652 0.590201 0.589359 0.683128 0.633084 0.36406 -0.0785099 0.0513659 0.995589 -0.0693593 0.0444333 0.996602 0.0312569 -0.110047 0.993435 -0.0785099 0.0513659 0.995589 0.0312569 -0.110047 0.993435 0.0179865 -0.101053 0.994718 -0.435184 0.655007 0.617722 -0.432619 0.655779 0.618704 -0.350033 0.50971 0.785921 -0.435184 0.655007 0.617722 -0.350033 0.50971 0.785921 -0.372437 0.539363 0.755234 -0.372437 0.539363 0.755234 -0.350033 0.50971 0.785921 -0.206016 0.264291 0.942182 -0.372437 0.539363 0.755234 -0.206016 0.264291 0.942182 -0.208042 0.266291 0.941174 -0.208042 0.266291 0.941174 -0.206016 0.264291 0.942182 -0.0693593 0.0444333 0.996602 -0.208042 0.266291 0.941174 -0.0693593 0.0444333 0.996602 -0.0785099 0.0513659 0.995589 0.0179865 -0.101053 0.994718 0.0312569 -0.110047 0.993435 0.0862809 -0.179043 0.980051 0.130562 -0.0647804 0.989321 0.119773 -0.0610546 0.990922 -0.0234209 0.0548712 0.998219 0.130562 -0.0647804 0.989321 -0.0234209 0.0548712 0.998219 -0.00798872 0.0503639 0.998699 0.639689 -0.513263 0.572152 0.637518 -0.514834 0.573164 0.520957 -0.408189 0.749657 0.639689 -0.513263 0.572152 0.520957 -0.408189 0.749657 0.55012 -0.428228 0.71693 0.55012 -0.428228 0.71693 0.520957 -0.408189 0.749657 0.314982 -0.225672 0.921878 0.55012 -0.428228 0.71693 0.314982 -0.225672 0.921878 0.317479 -0.226909 0.920717 0.317479 -0.226909 0.920717 0.314982 -0.225672 0.921878 0.119773 -0.0610546 0.990922 0.317479 -0.226909 0.920717 0.119773 -0.0610546 0.990922 0.130562 -0.0647804 0.989321 -0.00798872 0.0503639 0.998699 -0.0234209 0.0548712 0.998219 -0.0974507 0.104021 0.989789 0.142097 -0.0449497 0.988832 0.241967 -0.0709077 0.96769 0.236285 -0.0657592 0.969456 0.142097 -0.0449497 0.988832 0.236285 -0.0657592 0.969456 0.125834 -0.0291792 0.991622 -0.779468 0.208194 0.590834 -0.50901 0.13294 0.850433 -0.516765 0.155315 0.841921 -0.779468 0.208194 0.590834 -0.516765 0.155315 0.841921 -0.776298 0.223658 0.589354 -0.50901 0.13294 0.850433 -0.244409 0.0585067 0.967906 -0.273804 0.0868783 0.957854 -0.50901 0.13294 0.850433 -0.273804 0.0868783 0.957854 -0.516765 0.155315 0.841921 -0.244409 0.0585067 0.967906 -0.0158938 -0.00399403 0.999866 -0.0529197 0.0239731 0.998311 -0.244409 0.0585067 0.967906 -0.0529197 0.0239731 0.998311 -0.273804 0.0868783 0.957854 0.241967 -0.0709077 0.96769 0.288954 -0.0817221 0.953849 0.236285 -0.0657592 0.969456 -0.0158938 -0.00399403 0.999866 0.142097 -0.0449497 0.988832 0.125834 -0.0291792 0.991622 -0.0158938 -0.00399403 0.999866 0.125834 -0.0291792 0.991622 -0.0529197 0.0239731 0.998311 -0.876741 0.307634 0.369712 -0.779468 0.208194 0.590834 -0.776298 0.223658 0.589354 -0.876741 0.307634 0.369712 -0.776298 0.223658 0.589354 -0.874185 0.321346 0.364057 -0.0644613 0.403902 0.912528 -0.0668623 0.425115 0.902667 -0.198635 0.228795 0.952994 -0.0644613 0.403902 0.912528 -0.198635 0.228795 0.952994 -0.195681 0.216896 0.956381 0.211467 0.752752 0.623415 0.208158 0.751516 0.626014 0.162062 0.718634 0.67624 0.211467 0.752752 0.623415 0.162062 0.718634 0.67624 0.168944 0.712962 0.680546 0.168944 0.712962 0.680546 0.162062 0.718634 0.67624 0.0688455 0.598456 0.798192 0.168944 0.712962 0.680546 0.0688455 0.598456 0.798192 0.0720728 0.582776 0.809431 0.0720728 0.582776 0.809431 0.0688455 0.598456 0.798192 -0.0668623 0.425115 0.902667 0.0720728 0.582776 0.809431 -0.0668623 0.425115 0.902667 -0.0644613 0.403902 0.912528 -0.195681 0.216896 0.956381 -0.198635 0.228795 0.952994 -0.281335 0.105902 0.953748 0.221595 0.760069 0.610894 0.22361 0.760479 0.609648 0.226996 0.762473 0.605894 0.221595 0.760069 0.610894 0.226996 0.762473 0.605894 0.227102 0.762754 0.605501 0.208158 0.751516 0.626014 0.211467 0.752752 0.623415 0.22361 0.760479 0.609648 0.208158 0.751516 0.626014 0.22361 0.760479 0.609648 0.221595 0.760069 0.610894 -0.0491162 -0.186468 0.981233 -0.0511883 -0.173246 0.983548 -0.0047576 -0.0112737 0.999925 -0.0491162 -0.186468 0.981233 -0.0047576 -0.0112737 0.999925 -0.00194343 -0.0277444 0.999613 -0.226363 -0.787211 0.573636 -0.228697 -0.785885 0.574528 -0.188085 -0.641139 0.744019 -0.226363 -0.787211 0.573636 -0.188085 -0.641139 0.744019 -0.192343 -0.675355 0.711969 -0.192343 -0.675355 0.711969 -0.188085 -0.641139 0.744019 -0.116018 -0.396062 0.910865 -0.192343 -0.675355 0.711969 -0.116018 -0.396062 0.910865 -0.115412 -0.400878 0.908833 -0.115412 -0.400878 0.908833 -0.116018 -0.396062 0.910865 -0.0511883 -0.173246 0.983548 -0.115412 -0.400878 0.908833 -0.0511883 -0.173246 0.983548 -0.0491162 -0.186468 0.981233 -0.00194343 -0.0277444 0.999613 -0.0047576 -0.0112737 0.999925 0.0102916 0.0714527 0.997391 0.193215 0.193807 0.961825 0.259759 0.268001 0.92774 0.252771 0.265528 0.930377 0.193215 0.193807 0.961825 0.252771 0.265528 0.930377 0.172093 0.187002 0.967168 -0.486126 -0.538057 0.688605 -0.27308 -0.310828 0.910392 -0.297192 -0.308094 0.903745 -0.486126 -0.538057 0.688605 -0.297192 -0.308094 0.903745 -0.498517 -0.528242 0.687343 -0.27308 -0.310828 0.910392 -0.0761967 -0.101213 0.991942 -0.11561 -0.114937 0.986622 -0.27308 -0.310828 0.910392 -0.11561 -0.114937 0.986622 -0.297192 -0.308094 0.903745 -0.0761967 -0.101213 0.991942 0.0860273 0.0743613 0.993514 0.0442605 0.0544853 0.997533 -0.0761967 -0.101213 0.991942 0.0442605 0.0544853 0.997533 -0.11561 -0.114937 0.986622 0.259759 0.268001 0.92774 0.289476 0.303199 0.907895 0.252771 0.265528 0.930377 0.0860273 0.0743613 0.993514 0.193215 0.193807 0.961825 0.172093 0.187002 0.967168 0.0860273 0.0743613 0.993514 0.172093 0.187002 0.967168 0.0442605 0.0544853 0.997533 -0.638338 -0.597843 0.48488 -0.486126 -0.538057 0.688605 -0.498517 -0.528242 0.687343 -0.638338 -0.597843 0.48488 -0.498517 -0.528242 0.687343 -0.649831 -0.58976 0.479482 -0.0838703 0.0544025 0.99499 -0.0739051 0.0601731 0.995448 0.107707 0.0915513 0.989958 -0.0838703 0.0544025 0.99499 0.107707 0.0915513 0.989958 0.0942122 0.083061 0.992081 -0.77692 -0.0764815 0.624937 -0.776628 -0.0737279 0.625631 -0.610829 -0.037389 0.790879 -0.77692 -0.0764815 0.624937 -0.610829 -0.037389 0.790879 -0.646725 -0.0495754 0.761111 -0.646725 -0.0495754 0.761111 -0.610829 -0.037389 0.790879 -0.329466 0.015202 0.944045 -0.646725 -0.0495754 0.761111 -0.329466 0.015202 0.944045 -0.332093 0.0140246 0.943142 -0.332093 0.0140246 0.943142 -0.329466 0.015202 0.944045 -0.0739051 0.0601731 0.995448 -0.332093 0.0140246 0.943142 -0.0739051 0.0601731 0.995448 -0.0838703 0.0544025 0.99499 0.0942122 0.083061 0.992081 0.107707 0.0915513 0.989958 0.192858 0.113513 0.974639 0.0133256 -0.148435 0.988832 0.027877 -0.250599 0.967689 0.0304397 -0.243368 0.969456 0.0133256 -0.148435 0.988832 0.0304397 -0.243368 0.969456 0.021606 -0.12735 0.991622 -0.108451 0.799477 0.590826 -0.0736161 0.520904 0.850435 -0.0559628 0.536685 0.841925 -0.108451 0.799477 0.590826 -0.0559628 0.536685 0.841925 -0.092957 0.802511 0.589352 -0.0736161 0.520904 0.850435 -0.0402573 0.248068 0.967906 -0.0254162 0.28613 0.957854 -0.0736161 0.520904 0.850435 -0.0254162 0.28613 0.957854 -0.0559628 0.536685 0.841925 -0.0402573 0.248068 0.967906 -0.00980832 0.0131277 0.999866 0.00171745 0.058072 0.998311 -0.0402573 0.248068 0.967906 0.00171745 0.058072 0.998311 -0.0254162 0.28613 0.957854 0.027877 -0.250599 0.967689 0.036016 -0.298117 0.95385 0.0304397 -0.243368 0.969456 -0.00980832 0.0131277 0.999866 0.0133256 -0.148435 0.988832 0.021606 -0.12735 0.991622 -0.00980832 0.0131277 0.999866 0.021606 -0.12735 0.991622 0.00171745 0.058072 0.998311 -0.0542314 0.92756 0.369717 -0.108451 0.799477 0.590826 -0.092957 0.802511 0.589352 -0.0542314 0.92756 0.369717 -0.092957 0.802511 0.589352 -0.0405986 0.930489 0.364063 -0.0788531 0.126465 0.988832 -0.137926 0.211081 0.967689 -0.136951 0.203467 0.969456 -0.0788531 0.126465 0.988832 -0.136951 0.203467 0.969456 -0.0767311 0.103908 0.991623 0.457465 -0.664564 0.590831 0.300703 -0.431669 0.850435 0.292068 -0.453722 0.841922 0.457465 -0.664564 0.590831 0.292068 -0.453722 0.841922 0.445011 -0.674271 0.589342 0.300703 -0.431669 0.850435 0.147844 -0.203223 0.967906 0.151769 -0.243886 0.957855 0.300703 -0.431669 0.850435 0.151769 -0.243886 0.957855 0.292068 -0.453722 0.841922 0.147844 -0.203223 0.967906 0.0146793 -0.00728962 0.999866 0.0246688 -0.0525996 0.998311 0.147844 -0.203223 0.967906 0.0246688 -0.0525996 0.998311 0.151769 -0.243886 0.957855 -0.137926 0.211081 0.967689 -0.16662 0.249808 0.953852 -0.136951 0.203467 0.969456 0.0146793 -0.00728962 0.999866 -0.0788531 0.126465 0.988832 -0.0767311 0.103908 0.991623 0.0146793 -0.00728962 0.999866 -0.0767311 0.103908 0.991623 0.0246688 -0.0525996 0.998311 0.466852 -0.803345 0.369711 0.457465 -0.664564 0.590831 0.445011 -0.674271 0.589342 0.466852 -0.803345 0.369711 0.445011 -0.674271 0.589342 0.456004 -0.812111 0.364056 -0.142672 -0.0430836 0.988832 -0.239776 -0.0780112 0.967689 -0.232175 -0.0790571 0.969456 -0.142672 -0.0430836 0.988832 -0.232175 -0.0790571 0.969456 -0.120345 -0.046926 0.991622 0.760968 0.268027 0.590839 0.495234 0.177506 0.850433 0.514265 0.163409 0.84192 0.760968 0.268027 0.590839 0.514265 0.163409 0.84192 0.767077 0.253474 0.589359 0.495234 0.177506 0.850433 0.234783 0.0896311 0.967907 0.275061 0.0827977 0.957855 0.495234 0.177506 0.850433 0.275061 0.0827977 0.957855 0.514265 0.163409 0.84192 0.234783 0.0896311 0.967907 0.0108703 0.0122671 0.999866 0.0572181 0.0100748 0.998311 0.234783 0.0896311 0.967907 0.0572181 0.0100748 0.998311 0.275061 0.0827977 0.957855 -0.239776 -0.0780112 0.967689 -0.284661 -0.0955979 0.95385 -0.232175 -0.0790571 0.969456 0.0108703 0.0122671 0.999866 -0.142672 -0.0430836 0.988832 -0.120345 -0.046926 0.991622 0.0108703 0.0122671 0.999866 -0.120345 -0.046926 0.991622 0.0572181 0.0100748 0.998311 0.89739 0.240837 0.369716 0.760968 0.268027 0.590839 0.767077 0.253474 0.589359 0.89739 0.240837 0.369716 0.767077 0.253474 0.589359 0.903018 0.228074 0.36406 -0.0442728 0.0827175 0.995589 -0.039566 0.0722465 0.996602 -0.025329 -0.111561 0.993435 -0.0442728 0.0827175 0.995589 -0.025329 -0.111561 0.993435 -0.0326629 -0.0973058 0.994718 -0.0678831 0.783461 0.617722 -0.0652615 0.782909 0.618704 -0.062815 0.615128 0.785921 -0.0678831 0.783461 0.617722 -0.062815 0.615128 0.785921 -0.06826 0.651891 0.755234 -0.06826 0.651891 0.755234 -0.062815 0.615128 0.785921 -0.0540879 0.330707 0.942182 -0.06826 0.651891 0.755234 -0.0540879 0.330707 0.942182 -0.0549073 0.333433 0.941174 -0.0549073 0.333433 0.941174 -0.0540879 0.330707 0.942182 -0.039566 0.0722465 0.996602 -0.0549073 0.333433 0.941174 -0.039566 0.0722465 0.996602 -0.0442728 0.0827175 0.995589 -0.0326629 -0.0973058 0.994718 -0.025329 -0.111561 0.993435 -0.0101192 -0.19849 0.980051 0.0835216 -0.119445 0.989321 0.0758395 -0.111003 0.990922 0.0057529 0.0593825 0.998219 0.0835216 -0.119445 0.989321 0.0057529 0.0593825 0.998219 0.017135 0.0480285 0.998699 0.315309 -0.757114 0.572152 0.31265 -0.757452 0.573164 0.261486 -0.60798 0.749657 0.315309 -0.757114 0.572152 0.261486 -0.60798 0.749657 0.277472 -0.639548 0.71693 0.277472 -0.639548 0.71693 0.261486 -0.60798 0.749657 0.16823 -0.349057 0.921878 0.277472 -0.639548 0.71693 0.16823 -0.349057 0.921878 0.169828 -0.351339 0.920717 0.169828 -0.351339 0.920717 0.16823 -0.349057 0.921878 0.0758395 -0.111003 0.990922 0.169828 -0.351339 0.920717 0.0758395 -0.111003 0.990922 0.0835216 -0.119445 0.989321 0.017135 0.0480285 0.998699 0.0057529 0.0593825 0.998219 -0.0356507 0.138007 0.989789 0.103151 -0.107572 0.988832 0.178351 -0.178232 0.96769 0.175833 -0.17099 0.969456 0.103151 -0.107572 0.988832 0.175833 -0.17099 0.969456 0.0964407 -0.0859354 0.991622 -0.584234 0.556404 0.590834 -0.382964 0.360698 0.850433 -0.379042 0.384052 0.841921 -0.584234 0.556404 0.590834 -0.379042 0.384052 0.841921 -0.574038 0.568456 0.589354 -0.382964 0.360698 0.850433 -0.186439 0.16852 0.967906 -0.198634 0.207511 0.957854 -0.382964 0.360698 0.850433 -0.198634 0.207511 0.957854 -0.379042 0.384052 0.841921 -0.186439 0.16852 0.967906 -0.015863 0.00411481 0.999866 -0.0349481 0.0464094 0.998311 -0.186439 0.16852 0.967906 -0.0349481 0.0464094 0.998311 -0.198634 0.207511 0.957854 0.178351 -0.178232 0.96769 0.214401 -0.21025 0.953849 0.175833 -0.17099 0.969456 -0.015863 0.00411481 0.999866 0.103151 -0.107572 0.988832 0.0964407 -0.0859354 0.991622 -0.015863 0.00411481 0.999866 0.0964407 -0.0859354 0.991622 -0.0349481 0.0464094 0.998311 -0.621925 0.690306 0.369712 -0.584234 0.556404 0.590834 -0.574038 0.568456 0.589354 -0.621925 0.690306 0.369712 -0.574038 0.568456 0.589354 -0.613108 0.701114 0.364057 0.137071 0.385362 0.912528 0.145134 0.405129 0.902667 -0.0646281 0.296017 0.952994 0.137071 0.385362 0.912528 -0.0646281 0.296017 0.952994 -0.0677408 0.284159 0.956381 0.546468 0.55922 0.623415 0.542972 0.559721 0.626014 0.486754 0.552965 0.67624 0.546468 0.55922 0.623415 0.486754 0.552965 0.67624 0.490074 0.544687 0.680546 0.490074 0.544687 0.680546 0.486754 0.552965 0.67624 0.347333 0.492189 0.798192 0.490074 0.544687 0.680546 0.347333 0.492189 0.798192 0.342647 0.47688 0.809431 0.342647 0.47688 0.809431 0.347333 0.492189 0.798192 0.145134 0.405129 0.902667 0.342647 0.47688 0.809431 0.145134 0.405129 0.902667 0.137071 0.385362 0.912528 -0.0677408 0.284159 0.956381 -0.0646281 0.296017 0.952994 -0.196123 0.227817 0.953748 0.558864 0.560785 0.610894 0.560829 0.560179 0.609648 0.564757 0.560306 0.605894 0.558864 0.560785 0.610894 0.564757 0.560306 0.605894 0.564985 0.560501 0.605501 0.542972 0.559721 0.626014 0.546468 0.55922 0.623415 0.560829 0.560179 0.609648 0.542972 0.559721 0.626014 0.560829 0.560179 0.609648 0.558864 0.560785 0.610894 -0.132501 -0.140093 0.981233 -0.12798 -0.127497 0.983548 -0.0095801 -0.00761271 0.999925 -0.132501 -0.140093 0.981233 -0.0095801 -0.00761271 0.999925 -0.0150069 -0.0234163 0.999613 -0.576061 -0.582319 0.573636 -0.577474 -0.580035 0.574528 -0.472438 -0.47248 0.744019 -0.576061 -0.582319 0.573636 -0.472438 -0.47248 0.744019 -0.492579 -0.500466 0.711969 -0.492579 -0.500466 0.711969 -0.472438 -0.47248 0.744019 -0.291698 -0.291955 0.910865 -0.492579 -0.500466 0.711969 -0.291698 -0.291955 0.910865 -0.293475 -0.296472 0.908833 -0.293475 -0.296472 0.908833 -0.291698 -0.291955 0.910865 -0.12798 -0.127497 0.983548 -0.293475 -0.296472 0.908833 -0.12798 -0.127497 0.983548 -0.132501 -0.140093 0.981233 -0.0150069 -0.0234163 0.999613 -0.0095801 -0.00761271 0.999925 0.043288 0.0577716 0.997391 0.262478 0.0774494 0.961825 0.356447 0.110657 0.92774 0.349128 0.111838 0.930377 0.262478 0.0774494 0.961825 0.349128 0.111838 0.930377 0.240679 0.0816043 0.967168 -0.684574 -0.239128 0.688605 -0.388669 -0.141856 0.910392 -0.408519 -0.127896 0.903745 -0.684574 -0.239128 0.688605 -0.408519 -0.127896 0.903745 -0.690743 -0.224574 0.687343 -0.388669 -0.141856 0.910392 -0.115393 -0.0522921 0.991942 -0.156561 -0.0454401 0.986622 -0.388669 -0.141856 0.910392 -0.156561 -0.0454401 0.986622 -0.408519 -0.127896 0.903745 -0.115393 -0.0522921 0.991942 0.111147 0.0240145 0.993514 0.0649639 0.0265958 0.997533 -0.115393 -0.0522921 0.991942 0.0649639 0.0265958 0.997533 -0.156561 -0.0454401 0.986622 0.356447 0.110657 0.92774 0.3994 0.1273 0.907895 0.349128 0.111838 0.930377 0.111147 0.0240145 0.993514 0.262478 0.0774494 0.961825 0.240679 0.0816043 0.967168 0.111147 0.0240145 0.993514 0.240679 0.0816043 0.967168 0.0649639 0.0265958 0.997533 -0.846815 -0.218621 0.48488 -0.684574 -0.239128 0.688605 -0.690743 -0.224574 0.687343 -0.846815 -0.218621 0.48488 -0.690743 -0.224574 0.687343 -0.853026 -0.206017 0.479482 -0.0475212 0.0879522 0.99499 -0.0360093 0.0882389 0.995448 0.138414 0.0287065 0.989958 -0.0475212 0.0879522 0.99499 0.138414 0.0287065 0.989958 0.122501 0.0277252 0.992081 -0.718479 0.305356 0.624937 -0.716902 0.307633 0.625631 -0.553978 0.260035 0.790879 -0.718479 0.305356 0.624937 -0.553978 0.260035 0.790879 -0.591322 0.26655 0.761111 -0.591322 0.26655 0.761111 -0.553978 0.260035 0.790879 -0.281845 0.171295 0.944045 -0.591322 0.26655 0.761111 -0.281845 0.171295 0.944045 -0.284716 0.171522 0.943142 -0.284716 0.171522 0.943142 -0.281845 0.171295 0.944045 -0.0360093 0.0882389 0.995448 -0.284716 0.171522 0.943142 -0.0360093 0.0882389 0.995448 -0.0475212 0.0879522 0.99499 0.122501 0.0277252 0.992081 0.138414 0.0287065 0.989958 0.22367 0.00715607 0.974639 -0.0594693 -0.136653 0.988832 -0.0956794 -0.233287 0.967689 -0.0899633 -0.228169 0.969456 -0.0594693 -0.136653 0.988832 -0.0899633 -0.228169 0.969456 -0.042094 -0.122119 0.991622 0.288115 0.753601 0.590826 0.18513 0.49243 0.850435 0.208188 0.497815 0.841925 0.288115 0.753601 0.590826 0.208188 0.497815 0.841925 0.303167 0.748836 0.589352 0.18513 0.49243 0.850435 0.0836012 0.237001 0.967906 0.114873 0.263288 0.957854 0.18513 0.49243 0.850435 0.114873 0.263288 0.957854 0.208188 0.497815 0.841925 0.0836012 0.237001 0.967906 -0.00231384 0.016223 0.999866 0.0293484 0.0501396 0.998311 0.0836012 0.237001 0.967906 0.0293484 0.0501396 0.998311 0.114873 0.263288 0.957854 -0.0956794 -0.233287 0.967689 -0.111318 -0.278889 0.95385 -0.0899633 -0.228169 0.969456 -0.00231384 0.016223 0.999866 -0.0594693 -0.136653 0.988832 -0.042094 -0.122119 0.991622 -0.00231384 0.016223 0.999866 -0.042094 -0.122119 0.991622 0.0293484 0.0501396 0.998311 0.397104 0.840011 0.369717 0.288115 0.753601 0.590826 0.303167 0.748836 0.589352 0.397104 0.840011 0.369717 0.303167 0.748836 0.589352 0.410471 0.836045 0.364063 -0.00856968 0.148787 0.988832 -0.0198433 0.251366 0.967689 -0.0226389 0.244217 0.969456 -0.00856968 0.148787 0.988832 -0.0226389 0.244217 0.969456 -0.0175218 0.127975 0.991623 0.0828545 -0.80253 0.590831 0.0569383 -0.52299 0.850435 0.0387874 -0.538203 0.841922 0.0828545 -0.80253 0.590831 0.0387874 -0.538203 0.841922 0.0672713 -0.805078 0.589342 0.0569383 -0.52299 0.850435 0.0323149 -0.249225 0.967906 0.0162646 -0.286792 0.957855 0.0569383 -0.52299 0.850435 0.0162646 -0.286792 0.957855 0.0387874 -0.538203 0.841922 0.0323149 -0.249225 0.967906 0.00938747 -0.0134349 0.999866 -0.00356869 -0.0579874 0.998311 0.0323149 -0.249225 0.967906 -0.00356869 -0.0579874 0.998311 0.0162646 -0.286792 0.957855 -0.0198433 0.251366 0.967689 -0.0264587 0.299109 0.953852 -0.0226389 0.244217 0.969456 0.00938747 -0.0134349 0.999866 -0.00856968 0.148787 0.988832 -0.0175218 0.127975 0.991623 0.00938747 -0.0134349 0.999866 -0.0175218 0.127975 0.991623 -0.00356869 -0.0579874 0.998311 0.0245573 -0.928822 0.369711 0.0828545 -0.80253 0.590831 0.0672713 -0.805078 0.589342 0.0245573 -0.928822 0.369711 0.0672713 -0.805078 0.589342 0.0108339 -0.931314 0.364056 -0.145862 0.0305912 0.988832 -0.247823 0.0464933 0.967689 -0.241655 0.0419316 0.969456 -0.145862 0.0305912 0.988832 -0.241655 0.0419316 0.969456 -0.12811 0.0165149 0.991622 0.796311 -0.129612 0.590839 0.519709 -0.0816519 0.850433 0.529652 -0.103146 0.84192 0.796311 -0.129612 0.590839 0.529652 -0.103146 0.84192 0.794695 -0.145312 0.589359 0.519709 -0.0816519 0.850433 0.249013 -0.0339024 0.967907 0.281084 -0.0592095 0.957855 0.519709 -0.0816519 0.850433 0.281084 -0.0592095 0.957855 0.529652 -0.103146 0.84192 0.249013 -0.0339024 0.967907 0.0154207 0.00555387 0.999866 0.0550437 -0.0185903 0.998311 0.249013 -0.0339024 0.967907 0.0550437 -0.0185903 0.998311 0.281084 -0.0592095 0.957855 -0.247823 0.0464933 0.967689 -0.295645 0.0525785 0.95385 -0.241655 0.0419316 0.969456 0.0154207 0.00555387 0.999866 -0.145862 0.0305912 0.988832 -0.12811 0.0165149 0.991622 0.0154207 0.00555387 0.999866 -0.12811 0.0165149 0.991622 0.0550437 -0.0185903 0.998311 0.902997 -0.218878 0.369716 0.796311 -0.129612 0.590839 0.794695 -0.145312 0.589359 0.902997 -0.218878 0.369716 0.794695 -0.145312 0.589359 0.901818 -0.232776 0.36406 0.000803841 0.0938169 0.995589 -8.5648e-05 0.0823713 0.996602 -0.0757135 -0.0857606 0.993435 0.000803841 0.0938169 0.995589 -0.0757135 -0.0857606 0.993435 -0.0753152 -0.0697344 0.994718 0.316038 0.720097 0.617722 0.318074 0.718356 0.618704 0.239783 0.56994 0.785921 0.316038 0.720097 0.617722 0.239783 0.56994 0.785921 0.252629 0.604814 0.755234 0.252629 0.604814 0.755234 0.239783 0.56994 0.785921 0.111083 0.316154 0.942182 0.252629 0.604814 0.755234 0.111083 0.316154 0.942182 0.11167 0.318939 0.941174 0.11167 0.318939 0.941174 0.111083 0.316154 0.942182 -8.5648e-05 0.0823713 0.996602 0.11167 0.318939 0.941174 -8.5648e-05 0.0823713 0.996602 0.000803841 0.0938169 0.995589 -0.0753152 -0.0697344 0.994718 -0.0757135 -0.0857606 0.993435 -0.104042 -0.16934 0.980051 0.0160321 -0.144865 0.989321 0.0133379 -0.133773 0.990922 0.0335181 0.049355 0.998219 0.0160321 -0.144865 0.989321 0.0335181 0.049355 0.998219 0.0380634 0.033934 0.998699 -0.0862705 -0.815597 0.572152 -0.0887658 -0.814619 0.573164 -0.062005 -0.658916 0.749657 -0.0862705 -0.815597 0.572152 -0.062005 -0.658916 0.749657 -0.0631105 -0.694283 0.71693 -0.0631105 -0.694283 0.71693 -0.062005 -0.658916 0.749657 -0.0197111 -0.38698 0.921878 -0.0631105 -0.694283 0.71693 -0.0197111 -0.38698 0.921878 -0.0194031 -0.389749 0.920717 -0.0194031 -0.389749 0.920717 -0.0197111 -0.38698 0.921878 0.0133379 -0.133773 0.990922 -0.0194031 -0.389749 0.920717 0.0133379 -0.133773 0.990922 0.0160321 -0.144865 0.989321 0.0380634 0.033934 0.998699 0.0335181 0.049355 0.998219 0.0348779 0.138205 0.989789 0.0389512 -0.143857 0.988832 0.0710684 -0.24192 0.96769 0.0723309 -0.234357 0.969456 0.0389512 -0.143857 0.988832 0.0723309 -0.234357 0.969456 0.0434351 -0.121652 0.991622 -0.24596 0.768387 0.590834 -0.163154 0.500145 0.850433 -0.148517 0.51876 0.841921 -0.24596 0.768387 0.590834 -0.148517 0.51876 0.841921 -0.231234 0.774075 0.589354 -0.163154 0.500145 0.850433 -0.0828228 0.237274 0.967906 -0.0748313 0.277339 0.957854 -0.163154 0.500145 0.850433 -0.0748313 0.277339 0.957854 -0.148517 0.51876 0.841921 -0.0828228 0.237274 0.967906 -0.0119483 0.0112162 0.999866 -0.00841994 0.0574831 0.998311 -0.0828228 0.237274 0.967906 -0.00841994 0.0574831 0.998311 -0.0748313 0.277339 0.957854 0.0710684 -0.24192 0.96769 0.0873557 -0.287301 0.953849 0.0723309 -0.234357 0.969456 -0.0119483 0.0112162 0.999866 0.0389512 -0.143857 0.988832 0.0434351 -0.121652 0.991622 -0.0119483 0.0112162 0.999866 0.0434351 -0.121652 0.991622 -0.00841994 0.0574831 0.998311 -0.21484 0.903967 0.369712 -0.24596 0.768387 0.590834 -0.231234 0.774075 0.589354 -0.21484 0.903967 0.369712 -0.231234 0.774075 0.589354 -0.201921 0.909225 0.364057 0.305044 0.272472 0.912528 0.321596 0.285953 0.902667 0.0852017 0.290764 0.952994 0.305044 0.272472 0.912528 0.0852017 0.290764 0.952994 0.0767849 0.28185 0.956381 0.747675 0.228771 0.623415 0.744847 0.230887 0.626014 0.692272 0.25191 0.67624 0.747675 0.228771 0.623415 0.692272 0.25191 0.67624 0.691217 0.243054 0.680546 0.691217 0.243054 0.680546 0.692272 0.25191 0.67624 0.540781 0.265416 0.798192 0.691217 0.243054 0.680546 0.540781 0.265416 0.798192 0.52933 0.254228 0.809431 0.52933 0.254228 0.809431 0.540781 0.265416 0.798192 0.321596 0.285953 0.902667 0.52933 0.254228 0.809431 0.321596 0.285953 0.902667 0.305044 0.272472 0.912528 0.0767849 0.28185 0.956381 0.0852017 0.290764 0.952994 -0.0628929 0.293954 0.953748 0.759304 0.224201 0.610894 0.760738 0.222727 0.609648 0.764246 0.220955 0.605894 0.759304 0.224201 0.610894 0.764246 0.220955 0.605894 0.764539 0.221018 0.605501 0.744847 0.230887 0.626014 0.747675 0.228771 0.623415 0.760738 0.222727 0.609648 0.744847 0.230887 0.626014 0.760738 0.222727 0.609648 0.759304 0.224201 0.610894 -0.183445 -0.059419 0.981233 -0.173438 -0.0505316 0.983548 -0.0120571 -0.00208784 0.999925 -0.183445 -0.059419 0.981233 -0.0120571 -0.00208784 0.999925 -0.0243962 -0.013355 0.999613 -0.78472 -0.234855 0.573636 -0.784865 -0.232173 0.574528 -0.641123 -0.188141 0.744019 -0.78472 -0.234855 0.573636 -0.641123 -0.188141 0.744019 -0.672215 -0.203045 0.711969 -0.672215 -0.203045 0.711969 -0.641123 -0.188141 0.744019 -0.395959 -0.116367 0.910865 -0.672215 -0.203045 0.711969 -0.395959 -0.116367 0.910865 -0.399685 -0.119479 0.908833 -0.399685 -0.119479 0.908833 -0.395959 -0.116367 0.910865 -0.173438 -0.0505316 0.983548 -0.399685 -0.119479 0.908833 -0.173438 -0.0505316 0.983548 -0.183445 -0.059419 0.981233 -0.0243962 -0.013355 0.999613 -0.0120571 -0.00208784 0.999925 0.065686 0.029946 0.997391 0.267477 -0.0578703 0.961825 0.365863 -0.0737786 0.92774 0.360007 -0.069234 0.930377 0.267477 -0.0578703 0.961825 0.360007 -0.069234 0.930377 0.250339 -0.0437733 0.967168 -0.715414 0.118347 0.688605 -0.409099 0.0618477 0.910392 -0.419826 0.0836147 0.903745 -0.715414 0.118347 0.688605 -0.419826 0.0836147 0.903745 -0.71385 0.134078 0.687343 -0.409099 0.0618477 0.910392 -0.126337 0.00943171 0.991942 -0.159181 0.035182 0.986622 -0.409099 0.0618477 0.910392 -0.159181 0.035182 0.986622 -0.419826 0.0836147 0.903745 -0.126337 0.00943171 0.991942 0.109054 -0.0322119 0.993514 0.0697619 -0.00780534 0.997533 -0.126337 0.00943171 0.991942 0.0697619 -0.00780534 0.997533 -0.159181 0.035182 0.986622 0.365863 -0.0737786 0.92774 0.411538 -0.0797661 0.907895 0.360007 -0.069234 0.930377 0.109054 -0.0322119 0.993514 0.267477 -0.0578703 0.961825 0.250339 -0.0437733 0.967168 0.109054 -0.0322119 0.993514 0.250339 -0.0437733 0.967168 0.0697619 -0.00780534 0.997533 -0.847963 0.214127 0.48488 -0.715414 0.118347 0.688605 -0.71385 0.134078 0.687343 -0.847963 0.214127 0.48488 -0.71385 0.134078 0.687343 -0.847371 0.228165 0.479482 0.00046276 0.0999682 0.99499 0.0107029 0.0947007 0.995448 0.135232 -0.0411667 0.989958 0.00046276 0.0999682 0.99499 0.135232 -0.0411667 0.989958 0.120796 -0.0343988 0.992081 -0.484129 0.612433 0.624937 -0.481654 0.613674 0.625631 -0.361494 0.493794 0.790879 -0.484129 0.612433 0.624937 -0.361494 0.493794 0.790879 -0.391143 0.517414 0.761111 -0.391143 0.517414 0.761111 -0.361494 0.493794 0.790879 -0.165219 0.28545 0.944045 -0.391143 0.517414 0.761111 -0.165219 0.28545 0.944045 -0.167629 0.287024 0.943142 -0.167629 0.287024 0.943142 -0.165219 0.28545 0.944045 0.0107029 0.0947007 0.995448 -0.167629 0.287024 0.943142 0.0107029 0.0947007 0.995448 0.00046276 0.0999682 0.99499 0.120796 -0.0343988 0.992081 0.135232 -0.0411667 0.989958 0.19972 -0.100953 0.974639 -0.117704 -0.091413 0.988832 -0.19581 -0.158857 0.967689 -0.18834 -0.157106 0.969456 -0.117704 -0.091413 0.988832 -0.18834 -0.157106 0.969456 -0.0954879 -0.0869885 0.991622 0.61414 0.523217 0.590826 0.398551 0.343391 0.850435 0.421368 0.337063 0.841925 0.61414 0.523217 0.590826 0.421368 0.337063 0.841925 0.625065 0.511819 0.589352 0.398551 0.343391 0.850435 0.186991 0.167907 0.967906 0.227037 0.175984 0.957854 0.398551 0.343391 0.850435 0.227037 0.175984 0.957854 0.421368 0.337063 0.841925 0.186991 0.167907 0.967906 0.00574714 0.0153463 0.999866 0.0497939 0.0299313 0.998311 0.186991 0.167907 0.967906 0.0497939 0.0299313 0.998311 0.227037 0.175984 0.957854 -0.19581 -0.158857 0.967689 -0.231397 -0.19138 0.95385 -0.18834 -0.157106 0.969456 0.00574714 0.0153463 0.999866 -0.117704 -0.091413 0.988832 -0.0954879 -0.0869885 0.991622 0.00574714 0.0153463 0.999866 -0.0954879 -0.0869885 0.991622 0.0497939 0.0299313 0.998311 0.751214 0.546797 0.369717 0.61414 0.523217 0.590826 0.625065 0.511819 0.589352 0.751214 0.546797 0.369717 0.625065 0.511819 0.589352 0.761044 0.536908 0.364063 0.0638119 0.134682 0.988832 0.103097 0.230108 0.967689 0.0972165 0.225174 0.969456 0.0638119 0.134682 0.988832 0.0972165 0.225174 0.969456 0.0459774 0.120709 0.991623 -0.312042 -0.744009 0.590831 -0.200767 -0.486264 0.850435 -0.223989 -0.490914 0.841922 -0.312042 -0.744009 0.590831 -0.223989 -0.490914 0.841922 -0.326939 -0.738774 0.589342 -0.200767 -0.486264 0.850435 -0.0911258 -0.234208 0.967906 -0.123222 -0.259481 0.957855 -0.200767 -0.486264 0.850435 -0.123222 -0.259481 0.957855 -0.223989 -0.490914 0.841922 -0.0911258 -0.234208 0.967906 0.00179726 -0.0162908 0.999866 -0.0309324 -0.0491778 0.998311 -0.0911258 -0.234208 0.967906 -0.0309324 -0.0491778 0.998311 -0.123222 -0.259481 0.957855 0.103097 0.230108 0.967689 0.120181 0.275178 0.953852 0.0972165 0.225174 0.969456 0.00179726 -0.0162908 0.999866 0.0638119 0.134682 0.988832 0.0459774 0.120709 0.991623 0.00179726 -0.0162908 0.999866 0.0459774 0.120709 0.991623 -0.0309324 -0.0491778 0.998311 -0.42375 -0.826892 0.369711 -0.312042 -0.744009 0.590831 -0.326939 -0.738774 0.589342 -0.42375 -0.826892 0.369711 -0.326939 -0.738774 0.589342 -0.436988 -0.822499 0.364056 -0.11334 0.0967763 0.988832 -0.195195 0.159615 0.967689 -0.191969 0.152654 0.969456 -0.11334 0.0967763 0.988832 -0.191969 0.152654 0.969456 -0.104509 0.0759123 0.991622 0.636689 -0.495517 0.590839 0.416942 -0.320818 0.850433 0.415363 -0.344448 0.84192 0.636689 -0.495517 0.590839 0.415363 -0.344448 0.84192 0.627745 -0.508521 0.589359 0.416942 -0.320818 0.850433 0.202276 -0.149135 0.967907 0.218288 -0.18672 0.957855 0.416942 -0.320818 0.850433 0.218288 -0.18672 0.957855 0.415363 -0.344448 0.84192 0.202276 -0.149135 0.967907 0.0161956 -0.00251911 0.999866 0.0393927 -0.0427039 0.998311 0.202276 -0.149135 0.967907 0.0393927 -0.0427039 0.998311 0.218288 -0.18672 0.957855 -0.195195 0.159615 0.967689 -0.234246 0.187882 0.95385 -0.191969 0.152654 0.969456 0.0161956 -0.00251911 0.999866 -0.11334 0.0967763 0.988832 -0.104509 0.0759123 0.991622 0.0161956 -0.00251911 0.999866 -0.104509 0.0759123 0.991622 0.0393927 -0.0427039 0.998311 0.687519 -0.625003 0.369716 0.636689 -0.495517 0.590839 0.627745 -0.508521 0.589359 0.687519 -0.625003 0.369716 0.627745 -0.508521 0.589359 0.679821 -0.636635 0.36406 0.0456837 0.0819467 0.995589 0.0394157 0.0723286 0.996602 -0.107561 -0.038963 0.993435 0.0456837 0.0819467 0.995589 -0.107561 -0.038963 0.993435 -0.0995278 -0.0250897 0.994718 0.622582 0.480427 0.617722 0.623534 0.477923 0.618704 0.483673 0.385212 0.785921 0.622582 0.480427 0.617722 0.483673 0.385212 0.785921 0.511666 0.409657 0.755234 0.511666 0.409657 0.755234 0.483673 0.385212 0.785921 0.249056 0.224195 0.942182 0.511666 0.409657 0.755234 0.249056 0.224195 0.942182 0.250907 0.226357 0.941174 0.250907 0.226357 0.941174 0.249056 0.224195 0.942182 0.0394157 0.0723286 0.996602 0.250907 0.226357 0.941174 0.0394157 0.0723286 0.996602 0.0456837 0.0819467 0.995589 -0.0995278 -0.0250897 0.994718 -0.107561 -0.038963 0.993435 -0.172491 -0.0987298 0.980051 -0.0553825 -0.134817 0.989321 -0.0524293 -0.123792 0.990922 0.053077 0.0272436 0.998219 -0.0553825 -0.134817 0.989321 0.053077 0.0272436 0.998219 0.0496727 0.0115313 0.998699 -0.466728 -0.674394 0.572152 -0.468448 -0.672339 0.573164 -0.370315 -0.548526 0.749657 -0.466728 -0.674394 0.572152 -0.370315 -0.548526 0.749657 -0.388242 -0.579034 0.71693 -0.388242 -0.579034 0.71693 -0.370315 -0.548526 0.749657 -0.202826 -0.330157 0.921878 -0.388242 -0.579034 0.71693 -0.202826 -0.330157 0.921878 -0.203883 -0.332734 0.920717 -0.203883 -0.332734 0.920717 -0.202826 -0.330157 0.921878 -0.0524293 -0.123792 0.990922 -0.203883 -0.332734 0.920717 -0.0524293 -0.123792 0.990922 -0.0553825 -0.134817 0.989321 0.0496727 0.0115313 0.998699 0.053077 0.0272436 0.998219 0.0968671 0.104565 0.989789 -0.0347856 -0.14492 0.988832 -0.053614 -0.246376 0.96769 -0.0488804 -0.240345 0.969456 -0.0347856 -0.14492 0.988832 -0.0488804 -0.240345 0.969456 -0.020205 -0.127583 0.991622 0.152535 0.792243 0.590834 0.0966006 0.517139 0.850433 0.118371 0.526457 0.841921 0.152535 0.792243 0.590834 0.118371 0.526457 0.841921 0.168185 0.790174 0.589354 0.0966006 0.517139 0.850433 0.0410714 0.247935 0.967906 0.0672925 0.279264 0.957854 0.0966006 0.517139 0.850433 0.0672925 0.279264 0.957854 0.118371 0.526457 0.841921 0.0410714 0.247935 0.967906 -0.00510831 0.0155715 0.999866 0.0201697 0.0544829 0.998311 0.0410714 0.247935 0.967906 0.0201697 0.0544829 0.998311 0.0672925 0.279264 0.957854 -0.053614 -0.246376 0.96769 -0.0610776 -0.294011 0.953849 -0.0488804 -0.240345 0.969456 -0.00510831 0.0155715 0.999866 -0.0347856 -0.14492 0.988832 -0.020205 -0.127583 0.991622 -0.00510831 0.0155715 0.999866 -0.020205 -0.127583 0.991622 0.0201697 0.0544829 0.998311 0.244845 0.896306 0.369712 0.152535 0.792243 0.590834 0.168185 0.790174 0.589354 0.244845 0.896306 0.369712 0.168185 0.790174 0.589354 0.258703 0.894726 0.364057 0.398331 0.0928707 0.912528 0.41932 0.0967662 0.902667 0.214171 0.214321 0.952994 0.398331 0.0928707 0.912528 0.214171 0.214321 0.952994 0.202511 0.210534 0.956381 0.765825 -0.157689 0.623415 0.764358 -0.154477 0.626014 0.728298 -0.110821 0.67624 0.765825 -0.157689 0.623415 0.728298 -0.110821 0.67624 0.723126 -0.118088 0.680546 0.723126 -0.118088 0.680546 0.728298 -0.110821 0.67624 0.601827 -0.0263399 0.798192 0.723126 -0.118088 0.680546 0.601827 -0.0263399 0.798192 0.586414 -0.0306683 0.809431 0.586414 -0.0306683 0.809431 0.601827 -0.0263399 0.798192 0.41932 0.0967662 0.902667 0.586414 -0.0306683 0.809431 0.41932 0.0967662 0.902667 0.398331 0.0928707 0.912528 0.202511 0.210534 0.956381 0.214171 0.214321 0.952994 0.0857356 0.288122 0.953748 0.77384 -0.167275 0.610894 0.774391 -0.169256 0.609648 0.77662 -0.172492 0.605894 0.77384 -0.167275 0.610894 0.77662 -0.172492 0.605894 0.776908 -0.172578 0.605501 0.764358 -0.154477 0.626014 0.765825 -0.157689 0.623415 0.774391 -0.169256 0.609648 0.764358 -0.154477 0.626014 0.774391 -0.169256 0.609648 0.77384 -0.167275 0.610894 -0.189475 0.035803 0.981233 -0.176433 0.0388052 0.983548 -0.011582 0.00394821 0.999925 -0.189475 0.035803 0.981233 -0.011582 0.00394821 0.999925 -0.0278124 -2.39991e-05 0.999613 -0.801252 0.17011 0.573636 -0.800094 0.172533 0.574528 -0.652837 0.142261 0.744019 -0.801252 0.17011 0.573636 -0.652837 0.142261 0.744019 -0.687269 0.144088 0.711969 -0.687269 0.144088 0.711969 -0.652837 0.142261 0.744019 -0.403276 0.0877115 0.910865 -0.687269 0.144088 0.711969 -0.403276 0.0877115 0.910865 -0.408038 0.0867661 0.908833 -0.408038 0.0867661 0.908833 -0.403276 0.0877115 0.910865 -0.176433 0.0388052 0.983548 -0.408038 0.0867661 0.908833 -0.176433 0.0388052 0.983548 -0.189475 0.035803 0.981233 -0.0278124 -2.39991e-05 0.999613 -0.011582 0.00394821 0.999925 0.0720017 -0.00521145 0.997391 0.206989 -0.179021 0.961825 0.285704 -0.240151 0.92774 0.282743 -0.233355 0.930377 0.206989 -0.179021 0.961825 0.282743 -0.233355 0.930377 0.198707 -0.158434 0.967168 -0.571096 0.446847 0.688605 -0.329367 0.250409 0.910392 -0.328345 0.274654 0.903745 -0.571096 0.446847 0.688605 -0.328345 0.274654 0.903745 -0.562182 0.459902 0.687343 -0.329367 0.250409 0.910392 -0.106349 0.0688463 0.991942 -0.122827 0.10719 0.986622 -0.329367 0.250409 0.910392 -0.122827 0.10719 0.986622 -0.328345 0.274654 0.903745 -0.106349 0.0688463 0.991942 0.0802603 -0.0805517 0.993514 0.0574797 -0.0402954 0.997533 -0.106349 0.0688463 0.991942 0.0574797 -0.0402954 0.997533 -0.122827 0.10719 0.986622 0.285704 -0.240151 0.92774 0.322916 -0.267303 0.907895 0.282743 -0.233355 0.930377 0.0802603 -0.0805517 0.993514 0.206989 -0.179021 0.961825 0.198707 -0.158434 0.967168 0.0802603 -0.0805517 0.993514 0.198707 -0.158434 0.967168 0.0574797 -0.0402954 0.997533 -0.6415 0.594449 0.48488 -0.571096 0.446847 0.688605 -0.562182 0.459902 0.687343 -0.6415 0.594449 0.48488 -0.562182 0.459902 0.687343 -0.63425 0.606485 0.479482 0.0483334 0.0875085 0.99499 0.0547946 0.0779765 0.995448 0.0989409 -0.100961 0.989958 0.0483334 0.0875085 0.99499 0.0989409 -0.100961 0.989958 0.0895172 -0.0881007 0.992081 -0.131247 0.769564 0.624937 -0.12848 0.769467 0.625631 -0.0805036 0.606654 0.790879 -0.131247 0.769564 0.624937 -0.0805036 0.606654 0.790879 -0.0951987 0.641598 0.761111 -0.0951987 0.641598 0.761111 -0.0805036 0.606654 0.790879 -0.00814162 0.329716 0.944045 -0.0951987 0.641598 0.761111 -0.00814162 0.329716 0.944045 -0.00950188 0.332253 0.943142 -0.00950188 0.332253 0.943142 -0.00814162 0.329716 0.944045 0.0547946 0.0779765 0.995448 -0.00950188 0.332253 0.943142 0.0547946 0.0779765 0.995448 0.0483334 0.0875085 0.99499 0.0895172 -0.0881007 0.992081 0.0989409 -0.100961 0.989958 0.126871 -0.184346 0.974639 -0.147121 -0.0237921 0.988832 -0.248 -0.0455339 0.967689 -0.240605 -0.0475786 0.969456 -0.147121 -0.0237921 0.988832 -0.240605 -0.0475786 0.969456 -0.125503 -0.0305602 0.991622 0.789802 0.164732 0.590826 0.514392 0.110279 0.850435 0.531381 0.0937862 0.841925 0.789802 0.164732 0.590826 0.531381 0.0937862 0.841925 0.793925 0.149492 0.589352 0.514392 0.110279 0.850435 0.244599 0.0577041 0.967906 0.283615 0.0455925 0.957854 0.514392 0.110279 0.850435 0.283615 0.0455925 0.957854 0.531381 0.0937862 0.841925 0.244599 0.0577041 0.967906 0.012401 0.0107124 0.999866 0.058048 0.0023947 0.998311 0.244599 0.0577041 0.967906 0.058048 0.0023947 0.998311 0.283615 0.0455925 0.957854 -0.248 -0.0455339 0.967689 -0.294822 -0.0570137 0.95385 -0.240605 -0.0475786 0.969456 0.012401 0.0107124 0.999866 -0.147121 -0.0237921 0.988832 -0.125503 -0.0305602 0.991622 0.012401 0.0107124 0.999866 -0.125503 -0.0305602 0.991622 0.058048 0.0023947 0.998311 0.921401 0.119709 0.369717 0.789802 0.164732 0.590826 0.793925 0.149492 0.589352 0.921401 0.119709 0.369717 0.793925 0.149492 0.589352 0.925286 0.106317 0.364063 0.12057 0.0876013 0.988832 0.200796 0.152511 0.967689 0.19327 0.151001 0.969456 0.12057 0.0876013 0.988832 0.19327 0.151001 0.969456 0.0982198 0.0838891 0.991623 -0.630539 -0.503328 0.590831 -0.409317 -0.330485 0.850435 -0.431926 -0.323431 0.841922 -0.630539 -0.503328 0.590831 -0.431926 -0.323431 0.841922 -0.641103 -0.491592 0.589342 -0.409317 -0.330485 0.850435 -0.192256 -0.161849 0.967906 -0.232539 -0.168641 0.957855 -0.409317 -0.330485 0.850435 -0.232539 -0.168641 0.957855 -0.431926 -0.323431 0.841922 -0.192256 -0.161849 0.967906 -0.00623299 -0.0151582 0.999866 -0.0507229 -0.0283278 0.998311 -0.192256 -0.161849 0.967906 -0.0507229 -0.0283278 0.998311 -0.232539 -0.168641 0.957855 0.200796 0.152511 0.967689 0.237396 0.183873 0.953852 0.19327 0.151001 0.969456 -0.00623299 -0.0151582 0.999866 0.12057 0.0876013 0.988832 0.0982198 0.0838891 0.991623 -0.00623299 -0.0151582 0.999866 0.0982198 0.0838891 0.991623 -0.0507229 -0.0283278 0.998311 -0.768309 -0.522509 0.369711 -0.630539 -0.503328 0.590831 -0.641103 -0.491592 0.589342 -0.768309 -0.522509 0.369711 -0.641103 -0.491592 0.589342 -0.77782 -0.512308 0.364056 -0.0530679 0.139267 0.988832 -0.0947768 0.233657 0.967689 -0.0952824 0.226001 0.969456 -0.0530679 0.139267 0.988832 -0.0952824 0.226001 0.969456 -0.0553213 0.116724 0.991622 0.321184 -0.740102 0.590839 0.212092 -0.481437 0.850433 0.199378 -0.501417 0.84192 0.321184 -0.740102 0.590839 0.199378 -0.501417 0.84192 0.3071 -0.747226 0.589359 0.212092 -0.481437 0.850433 0.106015 -0.227855 0.967907 0.102047 -0.268515 0.957855 0.212092 -0.481437 0.850433 0.102047 -0.268515 0.957855 0.199378 -0.501417 0.84192 0.106015 -0.227855 0.967907 0.0130053 -0.00997532 0.999866 0.014097 -0.0563621 0.998311 0.106015 -0.227855 0.967907 0.014097 -0.0563621 0.998311 0.102047 -0.268515 0.957855 -0.0947768 0.233657 0.967689 -0.115495 0.277185 0.95385 -0.0952824 0.226001 0.969456 0.0130053 -0.00997532 0.999866 -0.0530679 0.139267 0.988832 -0.0553213 0.116724 0.991622 0.0130053 -0.00997532 0.999866 -0.0553213 0.116724 0.991622 0.014097 -0.0563621 0.998311 0.303712 -0.878106 0.369716 0.321184 -0.740102 0.590839 0.3071 -0.747226 0.589359 0.303712 -0.878106 0.369716 0.3071 -0.747226 0.589359 0.29138 -0.884623 0.36406 0.0793785 0.0500131 0.995589 0.0692667 0.0445774 0.996602 -0.113073 0.017374 0.993435 0.0793785 0.0500131 0.995589 -0.113073 0.017374 0.993435 -0.0993725 0.0256979 0.994718 0.776697 0.123133 0.617722 0.776332 0.120479 0.618704 0.609143 0.10617 0.785921 0.776697 0.123133 0.617722 0.609143 0.10617 0.785921 0.64543 0.114202 0.755234 0.64543 0.114202 0.755234 0.609143 0.10617 0.785921 0.326052 0.0773457 0.942182 0.64543 0.114202 0.755234 0.326052 0.0773457 0.942182 0.328714 0.0783559 0.941174 0.328714 0.0783559 0.941174 0.326052 0.0773457 0.942182 0.0692667 0.0445774 0.996602 0.328714 0.0783559 0.941174 0.0692667 0.0445774 0.996602 0.0793785 0.0500131 0.995589 -0.0993725 0.0256979 0.994718 -0.113073 0.017374 0.993435 -0.198709 -0.00394683 0.980051 -0.113238 -0.0917615 0.989321 -0.10536 -0.0835015 0.990922 0.0596407 -0.00153793 0.998219 -0.113238 -0.0917615 0.989321 0.0596407 -0.00153793 0.998219 0.0491203 -0.0136947 0.998699 -0.732914 -0.368075 0.572152 -0.733439 -0.365447 0.573164 -0.58796 -0.303838 0.749657 -0.732914 -0.368075 0.572152 -0.58796 -0.303838 0.749657 -0.618318 -0.322017 0.71693 -0.618318 -0.322017 0.71693 -0.58796 -0.303838 0.749657 -0.336282 -0.1925 0.921878 -0.618318 -0.322017 0.71693 -0.336282 -0.1925 0.921878 -0.338446 -0.194255 0.920717 -0.338446 -0.194255 0.920717 -0.336282 -0.1925 0.921878 -0.10536 -0.0835015 0.990922 -0.338446 -0.194255 0.920717 -0.10536 -0.0835015 0.990922 -0.113238 -0.0917615 0.989321 0.0491203 -0.0136947 0.998699 0.0596407 -0.00153793 0.998219 0.13514 0.0453237 0.989789 -0.100006 -0.110502 0.988832 -0.16517 -0.190512 0.96769 -0.158124 -0.187488 0.969456 -0.100006 -0.110502 0.988832 -0.158124 -0.187488 0.969456 -0.0788982 -0.102278 0.991622 0.513683 0.622129 0.590834 0.332704 0.407519 0.850433 0.356277 0.40526 0.841921 0.513683 0.622129 0.590834 0.356277 0.40526 0.841921 0.526426 0.612811 0.589354 0.332704 0.407519 0.850433 0.15491 0.197893 0.967906 0.192941 0.212815 0.957854 0.332704 0.407519 0.850433 0.192941 0.212815 0.957854 0.356277 0.40526 0.841921 0.15491 0.197893 0.967906 0.0029824 0.0161143 0.999866 0.0438211 0.0381434 0.998311 0.15491 0.197893 0.967906 0.0438211 0.0381434 0.998311 0.192941 0.212815 0.957854 -0.16517 -0.190512 0.96769 -0.194557 -0.228737 0.953849 -0.158124 -0.187488 0.969456 0.0029824 0.0161143 0.999866 -0.100006 -0.110502 0.988832 -0.0788982 -0.102278 0.991622 0.0029824 0.0161143 0.999866 -0.0788982 -0.102278 0.991622 0.0438211 0.0381434 0.998311 0.644583 0.669198 0.369712 0.513683 0.622129 0.590834 0.526426 0.612811 0.589354 0.644583 0.669198 0.369712 0.526426 0.612811 0.589354 0.655988 0.661167 0.364057 0.394093 -0.109468 0.912528 0.41438 -0.116112 0.902667 0.290704 0.0854056 0.952994 0.394093 -0.109468 0.912528 0.290704 0.0854056 0.952994 0.278655 0.0876717 0.956381 0.596474 -0.505542 0.623415 0.596727 -0.502019 0.626014 0.586011 -0.44642 0.67624 0.596474 -0.505542 0.623415 0.586011 -0.44642 0.67624 0.577989 -0.450317 0.680546 0.577989 -0.450317 0.680546 0.586011 -0.44642 0.67624 0.515525 -0.311647 0.798192 0.577989 -0.450317 0.680546 0.515525 -0.311647 0.798192 0.499924 -0.308056 0.809431 0.499924 -0.308056 0.809431 0.515525 -0.311647 0.798192 0.41438 -0.116112 0.902667 0.499924 -0.308056 0.809431 0.41438 -0.116112 0.902667 0.394093 -0.109468 0.912528 0.278655 0.0876717 0.956381 0.290704 0.0854056 0.952994 0.213373 0.211747 0.953748 0.598913 -0.517796 0.610894 0.598447 -0.519799 0.609648 0.598851 -0.523708 0.605894 0.598913 -0.517796 0.610894 0.598851 -0.523708 0.605894 0.599062 -0.523921 0.605501 0.596727 -0.502019 0.626014 0.596474 -0.505542 0.623415 0.598447 -0.519799 0.609648 0.596727 -0.502019 0.626014 0.598447 -0.519799 0.609648 0.598913 -0.517796 0.610894 -0.149115 0.122259 0.981233 -0.13623 0.118641 0.983548 -0.00827131 0.0090176 0.999925 -0.149115 0.122259 0.981233 -0.00827131 0.0090176 0.999925 -0.0244192 0.0133129 0.999613 -0.621609 0.533427 0.573636 -0.619431 0.534997 0.574528 -0.504715 0.437833 0.744019 -0.621609 0.533427 0.573636 -0.504715 0.437833 0.744019 -0.534056 0.455944 0.711969 -0.534056 0.455944 0.711969 -0.504715 0.437833 0.744019 -0.311857 0.270315 0.910865 -0.534056 0.455944 0.711969 -0.311857 0.270315 0.910865 -0.316489 0.271768 0.908833 -0.316489 0.271768 0.908833 -0.311857 0.270315 0.910865 -0.13623 0.118641 0.983548 -0.316489 0.271768 0.908833 -0.13623 0.118641 0.983548 -0.149115 0.122259 0.981233 -0.0244192 0.0133129 0.999613 -0.00827131 0.0090176 0.999925 0.060689 -0.0390929 0.997391 0.0958224 -0.256342 0.961825 0.135594 -0.347726 0.92774 0.136254 -0.340343 0.930377 0.0958224 -0.256342 0.961825 0.136254 -0.340343 0.930377 0.0984248 -0.234304 0.967168 -0.286954 0.665944 0.688605 -0.168994 0.377661 0.910392 -0.156474 0.398448 0.903745 -0.286954 0.665944 0.688605 -0.156474 0.398448 0.903745 -0.272873 0.673127 0.687343 -0.168994 0.377661 0.910392 -0.0603237 0.111405 0.991942 -0.056401 0.152955 0.986622 -0.168994 0.377661 0.910392 -0.056401 0.152955 0.986622 -0.156474 0.398448 0.903745 -0.0603237 0.111405 0.991942 0.0318165 -0.10917 0.993514 0.0311245 -0.0629198 0.997533 -0.0603237 0.111405 0.991942 0.0311245 -0.0629198 0.997533 -0.056401 0.152955 0.986622 0.135594 -0.347726 0.92774 0.155234 -0.389395 0.907895 0.136254 -0.340343 0.930377 0.0318165 -0.10917 0.993514 0.0958224 -0.256342 0.961825 0.0984248 -0.234304 0.967168 0.0318165 -0.10917 0.993514 0.0984248 -0.234304 0.967168 0.0311245 -0.0629198 0.997533 -0.277975 0.82923 0.48488 -0.286954 0.665944 0.688605 -0.272873 0.673127 0.687343 -0.277975 0.82923 0.48488 -0.272873 0.673127 0.687343 -0.265842 0.836317 0.479482 0.0843704 0.0536237 0.99499 0.0854707 0.0421609 0.995448 0.0384256 -0.136036 0.989958 0.0843704 0.0536237 0.99499 0.0384256 -0.136036 0.989958 0.036321 -0.120232 0.992081 0.253768 0.738279 0.624937 0.256151 0.736867 0.625631 0.220197 0.570985 0.790879 0.253768 0.738279 0.624937 0.220197 0.570985 0.790879 0.224054 0.608696 0.761111 0.224054 0.608696 0.761111 0.220197 0.570985 0.790879 0.150929 0.293256 0.944045 0.224054 0.608696 0.761111 0.150929 0.293256 0.944045 0.150952 0.296135 0.943142 0.150952 0.296135 0.943142 0.150929 0.293256 0.944045 0.0854707 0.0421609 0.995448 0.150952 0.296135 0.943142 0.0854707 0.0421609 0.995448 0.0843704 0.0536237 0.99499 0.036321 -0.120232 0.992081 0.0384256 -0.136036 0.989958 0.02296 -0.222604 0.974639 -0.140517 0.0496539 0.988832 -0.23947 0.0789377 0.967689 -0.233961 0.073598 0.969456 -0.140517 0.0496539 0.988832 -0.233961 0.073598 0.969456 -0.124791 0.0333502 0.991622 0.772093 -0.234086 0.590826 0.504292 -0.149834 0.850435 0.511295 -0.172453 0.841925 0.772093 -0.234086 0.590826 0.511295 -0.172453 0.841925 0.768405 -0.249437 0.589352 0.504292 -0.149834 0.850435 0.242321 -0.066627 0.967906 0.270754 -0.0959611 0.957854 0.504292 -0.149834 0.850435 0.270754 -0.0959611 0.957854 0.511295 -0.172453 0.841925 0.242321 -0.066627 0.967906 0.0160187 0.00345562 0.999866 0.05209 -0.0257282 0.998311 0.242321 -0.066627 0.967906 0.05209 -0.0257282 0.998311 0.270754 -0.0959611 0.957854 -0.23947 0.0789377 0.967689 -0.286065 0.0913111 0.95385 -0.233961 0.073598 0.969456 0.0160187 0.00345562 0.999866 -0.140517 0.0496539 0.988832 -0.124791 0.0333502 0.991622 0.0160187 0.00345562 0.999866 -0.124791 0.0333502 0.991622 0.05209 -0.0257282 0.998311 0.865997 -0.336689 0.369717 0.772093 -0.234086 0.590826 0.768405 -0.249437 0.589352 0.865997 -0.336689 0.369717 0.768405 -0.249437 0.589352 0.862986 -0.350304 0.364063 0.147809 0.019073 0.988832 0.249333 0.0375746 0.967689 0.242004 0.0398574 0.969456 0.147809 0.019073 0.988832 0.242004 0.0398574 0.969456 0.126415 0.0265305 0.991623 -0.794659 -0.139416 0.590831 -0.517652 -0.0937905 0.850435 -0.534111 -0.0767612 0.841922 -0.794659 -0.139416 0.590831 -0.534111 -0.0767612 0.841922 -0.798303 -0.124052 0.589342 -0.517652 -0.0937905 0.850435 -0.246315 -0.0498635 0.967906 -0.284923 -0.0365107 0.957855 -0.517652 -0.0937905 0.850435 -0.284923 -0.0365107 0.957855 -0.534111 -0.0767612 0.841922 -0.246315 -0.0498635 0.967906 -0.0127372 -0.0103143 0.999866 -0.0580946 -0.000542114 0.998311 -0.246315 -0.0498635 0.967906 -0.0580946 -0.000542114 0.998311 -0.284923 -0.0365107 0.957855 0.249333 0.0375746 0.967689 0.296488 0.0475506 0.953852 0.242004 0.0398574 0.969456 -0.0127372 -0.0103143 0.999866 0.147809 0.019073 0.988832 0.126415 0.0265305 0.991623 -0.0127372 -0.0103143 0.999866 0.126415 0.0265305 0.991623 -0.0580946 -0.000542114 0.998311 -0.924758 -0.0901981 0.369711 -0.794659 -0.139416 0.590831 -0.798303 -0.124052 0.589342 -0.924758 -0.0901981 0.369711 -0.798303 -0.124052 0.589342 -0.928215 -0.0766854 0.364056 0.0201967 0.147661 0.988832 0.0288465 0.250491 0.967689 0.0247325 0.244016 0.969456 0.0201967 0.147661 0.988832 0.0247325 0.244016 0.969456 0.00741135 0.128957 0.991622 -0.0729583 -0.803484 0.590839 -0.0446846 -0.524183 0.850433 -0.0654218 -0.535622 0.84192 -0.0729583 -0.803484 0.590839 -0.0654218 -0.535622 0.84192 -0.0887335 -0.802984 0.589359 -0.0446846 -0.524183 0.850433 -0.0162029 -0.250787 0.967907 -0.0391781 -0.284568 0.957855 -0.0446846 -0.524183 0.850433 -0.0391781 -0.284568 0.957855 -0.0654218 -0.535622 0.84192 -0.0162029 -0.250787 0.967907 0.00663077 -0.0149892 0.999866 -0.0146501 -0.0562208 0.998311 -0.0162029 -0.250787 0.967907 -0.0146501 -0.0562208 0.998311 -0.0391781 -0.284568 0.957855 0.0288465 0.250491 0.967689 0.0315337 0.298624 0.95385 0.0247325 0.244016 0.969456 0.00663077 -0.0149892 0.999866 0.0201967 0.147661 0.988832 0.00741135 0.128957 0.991622 0.00663077 -0.0149892 0.999866 0.00741135 0.128957 0.991622 -0.0146501 -0.0562208 0.998311 -0.154454 -0.916218 0.369716 -0.0729583 -0.803484 0.590839 -0.0887335 -0.802984 0.589359 -0.154454 -0.916218 0.369716 -0.0887335 -0.802984 0.589359 -0.168401 -0.916025 0.36406 0.0936388 0.00583452 0.995589 0.0821589 0.00591215 0.996602 -0.0909015 0.0694573 0.993435 0.0936388 0.00583452 0.995589 -0.0909015 0.0694573 0.993435 -0.0748873 0.0701938 0.994718 0.740649 -0.264309 0.617722 0.739056 -0.266463 0.618704 0.585474 -0.198866 0.785921 0.740649 -0.264309 0.617722 0.585474 -0.198866 0.785921 0.621169 -0.209214 0.755234 0.621169 -0.209214 0.755234 0.585474 -0.198866 0.785921 0.323219 -0.0884407 0.942182 0.621169 -0.209214 0.755234 0.323219 -0.0884407 0.942182 0.326039 -0.0888299 0.941174 0.326039 -0.0888299 0.941174 0.323219 -0.0884407 0.942182 0.0821589 0.00591215 0.996602 0.326039 -0.0888299 0.941174 0.0821589 0.00591215 0.996602 0.0936388 0.00583452 0.995589 -0.0748873 0.0701938 0.994718 -0.0909015 0.0694573 0.993435 -0.176276 0.0918025 0.980051 -0.143368 -0.0262393 0.989321 -0.132495 -0.0227672 0.990922 0.0516023 -0.0299429 0.998219 -0.143368 -0.0262393 0.989321 0.0516023 -0.0299429 0.998219 0.0365415 -0.0355677 0.998699 -0.819657 0.0283613 0.572152 -0.818857 0.0309196 0.573164 -0.661651 0.0152398 0.749657 -0.819657 0.0283613 0.572152 -0.661651 0.0152398 0.749657 -0.697008 0.0138408 0.71693 -0.697008 0.0138408 0.71693 -0.661651 0.0152398 0.749657 -0.387404 -0.00771215 0.921878 -0.697008 0.0138408 0.71693 -0.387404 -0.00771215 0.921878 -0.390145 -0.00821525 0.920717 -0.390145 -0.00821525 0.920717 -0.387404 -0.00771215 0.921878 -0.132495 -0.0227672 0.990922 -0.390145 -0.00821525 0.920717 -0.132495 -0.0227672 0.990922 -0.143368 -0.0262393 0.989321 0.0365415 -0.0355677 0.998699 0.0516023 -0.0299429 0.998219 0.140326 -0.0250143 0.989789 -0.140741 -0.0490297 0.988832 -0.236286 -0.0880031 0.96769 -0.228653 -0.0887274 0.969456 -0.140741 -0.0490297 0.988832 -0.228653 -0.0887274 0.969456 -0.118274 -0.0519316 0.991622 0.749064 0.299697 0.590834 0.487351 0.198125 0.850433 0.506955 0.18484 0.841921 0.749064 0.299697 0.590834 0.506955 0.18484 0.841921 0.75578 0.28541 0.589354 0.487351 0.198125 0.850433 0.230821 0.0993995 0.967906 0.27135 0.094262 0.957854 0.487351 0.198125 0.850433 0.27135 0.094262 0.957854 0.506955 0.18484 0.841921 0.230821 0.0993995 0.967906 0.0103429 0.0127118 0.999866 0.0567435 0.012465 0.998311 0.230821 0.0993995 0.967906 0.0567435 0.012465 0.998311 0.27135 0.094262 0.957854 -0.236286 -0.0880031 0.96769 -0.280402 -0.10746 0.953849 -0.228653 -0.0887274 0.969456 0.0103429 0.0127118 0.999866 -0.140741 -0.0490297 0.988832 -0.118274 -0.0519316 0.991622 0.0103429 0.0127118 0.999866 -0.118274 -0.0519316 0.991622 0.0567435 0.012465 0.998311 0.886506 0.278246 0.369712 0.749064 0.299697 0.590834 0.75578 0.28541 0.589354 0.886506 0.278246 0.369712 0.75578 0.28541 0.589354 0.892664 0.265731 0.364057 0.293367 -0.285006 0.912528 0.307986 -0.300563 0.902667 0.296062 -0.0644205 0.952994 0.293367 -0.285006 0.912528 0.296062 -0.0644205 0.952994 0.286575 -0.0566553 0.956381 0.281086 -0.729619 0.623415 0.282997 -0.726649 0.626014 0.300248 -0.672719 0.67624 0.281086 -0.729619 0.623415 0.300248 -0.672719 0.67624 0.29134 -0.672293 0.680546 0.29134 -0.672293 0.680546 0.300248 -0.672719 0.67624 0.303004 -0.520652 0.798192 0.29134 -0.672293 0.680546 0.303004 -0.520652 0.798192 0.291034 -0.510021 0.809431 0.291034 -0.510021 0.809431 0.303004 -0.520652 0.798192 0.307986 -0.300563 0.902667 0.291034 -0.510021 0.809431 0.307986 -0.300563 0.902667 0.293367 -0.285006 0.912528 0.286575 -0.0566553 0.956381 0.296062 -0.0644205 0.952994 0.288769 0.0835288 0.953748 0.277351 -0.741543 0.610894 0.275982 -0.743077 0.609648 0.274463 -0.746701 0.605894 0.277351 -0.741543 0.610894 0.274463 -0.746701 0.605894 0.274545 -0.74699 0.605501 0.282997 -0.726649 0.626014 0.281086 -0.729619 0.623415 0.275982 -0.743077 0.609648 0.282997 -0.726649 0.626014 0.275982 -0.743077 0.609648 0.277351 -0.741543 0.610894 -0.0722465 0.178782 0.981233 -0.0626736 0.16943 0.983548 -0.00293549 0.0118792 0.999925 -0.0722465 0.178782 0.981233 -0.00293549 0.0118792 0.999925 -0.0150473 0.0233904 0.999613 -0.289775 0.766141 0.573636 -0.287111 0.766476 0.574528 -0.233021 0.626208 0.744019 -0.289775 0.766141 0.573636 -0.233021 0.626208 0.744019 -0.250087 0.656168 0.711969 -0.250087 0.656168 0.711969 -0.233021 0.626208 0.744019 -0.144084 0.386736 0.910865 -0.250087 0.656168 0.711969 -0.144084 0.386736 0.910865 -0.147453 0.390232 0.908833 -0.147453 0.390232 0.908833 -0.144084 0.386736 0.910865 -0.0626736 0.16943 0.983548 -0.147453 0.390232 0.908833 -0.0626736 0.16943 0.983548 -0.0722465 0.178782 0.981233 -0.0150473 0.0233904 0.999613 -0.00293549 0.0118792 0.999925 0.0345174 -0.0634031 0.997391 -0.0388047 -0.270901 0.961825 -0.0477136 -0.370166 0.92774 -0.0435946 -0.364002 0.930377 -0.0388047 -0.270901 0.961825 -0.0435946 -0.364002 0.930377 -0.0259553 -0.252808 0.967168 0.0674446 0.721993 0.688605 0.0327543 0.412449 0.910392 0.0537079 0.424689 0.903745 0.0674446 0.721993 0.688605 0.0537079 0.424689 0.903745 0.0832459 0.721546 0.687343 0.0327543 0.412449 0.910392 0.000471358 0.126688 0.991942 0.0238339 0.16127 0.986622 0.0327543 0.412449 0.910392 0.0238339 0.16127 0.986622 0.0537079 0.424689 0.903745 0.000471358 0.126688 0.991942 -0.024417 -0.111059 0.993514 -0.00285103 -0.0701392 0.997533 0.000471358 0.126688 0.991942 -0.00285103 -0.0701392 0.997533 0.0238339 0.16127 0.986622 -0.0477136 -0.370166 0.92774 -0.0504553 -0.416149 0.907895 -0.0435946 -0.364002 0.930377 -0.024417 -0.111059 0.993514 -0.0388047 -0.270901 0.961825 -0.0259553 -0.252808 0.967168 -0.024417 -0.111059 0.993514 -0.0259553 -0.252808 0.967168 -0.00285103 -0.0701392 0.997533 0.153608 0.860986 0.48488 0.0674446 0.721993 0.688605 0.0832459 0.721546 0.687343 0.153608 0.860986 0.48488 0.0832459 0.721546 0.687343 0.167653 0.861388 0.479482 0.0997505 0.00660987 0.99499 0.0952206 -0.00397718 0.995448 -0.0314977 -0.137805 0.989958 0.0997505 0.00660987 0.99499 -0.0314977 -0.137805 0.989958 -0.0257678 -0.122927 0.992081 0.576653 0.526238 0.624937 0.578066 0.523857 0.625631 0.466985 0.395518 0.790879 0.576653 0.526238 0.624937 0.466985 0.395518 0.790879 0.48845 0.426764 0.761111 0.48845 0.426764 0.761111 0.466985 0.395518 0.790879 0.273047 0.184997 0.944045 0.48845 0.426764 0.761111 0.273047 0.184997 0.944045 0.274448 0.187513 0.943142 0.274448 0.187513 0.943142 0.273047 0.184997 0.944045 0.0952206 -0.00397718 0.995448 0.274448 0.187513 0.943142 0.0952206 -0.00397718 0.995448 0.0997505 0.00660987 0.99499 -0.0257678 -0.122927 0.992081 -0.0314977 -0.137805 0.989958 -0.0865727 -0.206361 0.974639 -0.0995101 0.110943 0.988832 -0.17231 0.184083 0.967689 -0.170035 0.176755 0.969456 -0.0995101 0.110943 0.988832 -0.170035 0.176755 0.969456 -0.0935251 0.0890954 0.991622 0.565349 -0.575591 0.590826 0.370724 -0.373262 0.850435 0.366025 -0.396469 0.841925 0.565349 -0.575591 0.590826 0.366025 -0.396469 0.841925 0.554752 -0.587294 0.589352 0.370724 -0.373262 0.850435 0.180714 -0.174646 0.967906 0.191603 -0.21402 0.957854 0.370724 -0.373262 0.850435 0.191603 -0.21402 0.957854 0.366025 -0.396469 0.841925 0.180714 -0.174646 0.967906 0.0157144 -0.00464718 0.999866 0.0333786 -0.0475519 0.998311 0.180714 -0.174646 0.967906 0.0333786 -0.0475519 0.998311 0.191603 -0.21402 0.957854 -0.17231 0.184083 0.967689 -0.207269 0.21728 0.95385 -0.170035 0.176755 0.969456 0.0157144 -0.00464718 0.999866 -0.0995101 0.110943 0.988832 -0.0935251 0.0890954 0.991622 0.0157144 -0.00464718 0.999866 -0.0935251 0.0890954 0.991622 0.0333786 -0.0475519 0.998311 0.598566 -0.710653 0.369717 0.565349 -0.575591 0.590826 0.554752 -0.587294 0.589352 0.598566 -0.710653 0.369717 0.554752 -0.587294 0.589352 0.589397 -0.721158 0.364063 0.138858 -0.054125 0.988832 0.236825 -0.0865618 0.967689 0.231487 -0.0810448 0.969456 0.138858 -0.054125 0.988832 0.231487 -0.0810448 0.969456 0.123659 -0.0373236 0.991623 -0.764218 0.258631 0.590831 -0.499248 0.165867 0.850435 -0.505528 0.188702 0.841922 -0.764218 0.258631 0.590831 -0.505528 0.188702 0.841922 -0.76005 0.273861 0.589342 -0.499248 0.165867 0.850435 -0.240067 0.0743303 0.967906 -0.267548 0.104558 0.957855 -0.499248 0.165867 0.850435 -0.267548 0.104558 0.957855 -0.505528 0.188702 0.841922 -0.240067 0.0743303 0.967906 -0.0161229 -0.00294512 0.999866 -0.0512427 0.0273763 0.998311 -0.240067 0.0743303 0.967906 -0.0512427 0.0273763 0.998311 -0.267548 0.104558 0.957855 0.236825 -0.0865618 0.967689 0.28299 -0.100414 0.953852 0.231487 -0.0810448 0.969456 -0.0161229 -0.00294512 0.999866 0.138858 -0.054125 0.988832 0.123659 -0.0373236 0.991623 -0.0161229 -0.00294512 0.999866 0.123659 -0.0373236 0.991623 -0.0512427 0.0273763 0.998311 -0.854795 0.364196 0.369711 -0.764218 0.258631 0.590831 -0.76005 0.273861 0.589342 -0.854795 0.364196 0.369711 -0.76005 0.273861 0.589342 -0.85135 0.377712 0.364056 0.0885165 0.119901 0.988832 0.145407 0.205997 0.967689 0.138692 0.202286 0.969456 0.0885165 0.119901 0.988832 0.138692 0.202286 0.969456 0.0683294 0.109617 0.991622 -0.449238 -0.670146 0.590839 -0.290521 -0.438591 0.850433 -0.314204 -0.438688 0.84192 -0.449238 -0.670146 0.590839 -0.314204 -0.438688 0.84192 -0.462842 -0.662143 0.589359 -0.290521 -0.438591 0.850433 -0.134453 -0.212319 0.967907 -0.170811 -0.230949 0.957855 -0.290521 -0.438591 0.850433 -0.170811 -0.230949 0.957855 -0.314204 -0.438688 0.84192 -0.134453 -0.212319 0.967907 -0.00136717 -0.0163332 0.999866 -0.0398104 -0.0423148 0.998311 -0.134453 -0.212319 0.967907 -0.0398104 -0.0423148 0.998311 -0.170811 -0.230949 0.957855 0.145407 0.205997 0.967689 0.170841 0.246949 0.95385 0.138692 0.202286 0.969456 -0.00136717 -0.0163332 0.999866 0.0885165 0.119901 0.988832 0.0683294 0.109617 0.991622 -0.00136717 -0.0163332 0.999866 0.0683294 0.109617 0.991622 -0.0398104 -0.0423148 0.998311 -0.574804 -0.730007 0.369716 -0.449238 -0.670146 0.590839 -0.462842 -0.662143 0.589359 -0.574804 -0.730007 0.369716 -0.462842 -0.662143 0.589359 -0.586951 -0.723152 0.36406 0.084973 -0.0397726 0.995589 0.0749356 -0.0342007 0.996602 -0.046474 0.104535 0.993435 0.084973 -0.0397726 0.995589 -0.046474 0.104535 0.993435 -0.0320671 0.0975037 0.994718 0.523264 -0.587039 0.617722 0.520833 -0.588166 0.618704 0.418461 -0.455213 0.785921 0.523264 -0.587039 0.617722 0.418461 -0.455213 0.785921 0.444825 -0.481407 0.755234 0.444825 -0.481407 0.755234 0.418461 -0.455213 0.785921 0.241251 -0.232574 0.942182 0.444825 -0.481407 0.755234 0.241251 -0.232574 0.942182 0.243539 -0.234267 0.941174 0.243539 -0.234267 0.941174 0.241251 -0.232574 0.942182 0.0749356 -0.0342007 0.996602 0.243539 -0.234267 0.941174 0.0749356 -0.0342007 0.996602 0.084973 -0.0397726 0.995589 -0.0320671 0.0975037 0.994718 -0.046474 0.104535 0.993435 -0.110684 0.165075 0.980051 -0.138397 0.0457072 0.989321 -0.12719 0.0435413 0.990922 0.0309299 -0.0510169 0.998219 -0.138397 0.0457072 0.989321 0.0309299 -0.0510169 0.998219 0.0150161 -0.0487325 0.998699 -0.705719 0.417854 0.572152 -0.703791 0.419716 0.573164 -0.573347 0.330587 0.749657 -0.705719 0.417854 0.572152 -0.573347 0.330587 0.749657 -0.605047 0.34631 0.71693 -0.605047 0.34631 0.71693 -0.573347 0.330587 0.749657 -0.343677 0.178964 0.921878 -0.605047 0.34631 0.71693 -0.343677 0.178964 0.921878 -0.346323 0.179836 0.920717 -0.346323 0.179836 0.920717 -0.343677 0.178964 0.921878 -0.12719 0.0435413 0.990922 -0.346323 0.179836 0.920717 -0.12719 0.0435413 0.990922 -0.138397 0.0457072 0.989321 0.0150161 -0.0487325 0.998699 0.0309299 -0.0510169 0.998219 0.111155 -0.0892278 0.989789 -0.147018 0.0244472 0.988832 -0.249552 0.0360517 0.96769 -0.2432 0.0317566 0.969456 -0.147018 0.0244472 0.988832 -0.2432 0.0317566 0.969456 -0.128693 0.0111295 0.991622 0.801048 -0.0961115 0.590834 0.522676 -0.0597777 0.850433 0.533512 -0.0808343 0.841921 0.801048 -0.0961115 0.590834 0.533512 -0.0808343 0.841921 0.800092 -0.111869 0.589354 0.522676 -0.0597777 0.850433 0.250219 -0.0234303 0.967906 0.283324 -0.0473696 0.957854 0.522676 -0.0597777 0.850433 0.283324 -0.0473696 0.957854 0.533512 -0.0808343 0.841921 0.250219 -0.0234303 0.967906 0.0151711 0.00619699 0.999866 0.0557732 -0.0162652 0.998311 0.250219 -0.0234303 0.967906 0.0557732 -0.0162652 0.998311 0.283324 -0.0473696 0.957854 -0.249552 0.0360517 0.96769 -0.297595 0.0401271 0.953849 -0.2432 0.0317566 0.969456 0.0151711 0.00619699 0.999866 -0.147018 0.0244472 0.988832 -0.128693 0.0111295 0.991622 0.0151711 0.00619699 0.999866 -0.128693 0.0111295 0.991622 0.0557732 -0.0162652 0.998311 0.91138 -0.180829 0.369712 0.801048 -0.0961115 0.590834 0.800092 -0.111869 0.589354 0.91138 -0.180829 0.369712 0.800092 -0.111869 0.589354 0.910785 -0.194765 0.364057 0.120815 -0.390764 0.912528 0.126185 -0.411425 0.902667 0.228934 -0.198474 0.952994 0.120815 -0.390764 0.912528 0.228934 -0.198474 0.952994 0.224331 -0.187111 0.956381 -0.103122 -0.775061 0.623415 -0.100021 -0.77337 0.626014 -0.0590261 -0.734313 0.67624 -0.103122 -0.775061 0.623415 -0.0590261 -0.734313 0.67624 -0.0666399 -0.729668 0.680546 -0.0666399 -0.729668 0.680546 -0.0590261 -0.734313 0.67624 0.0162976 -0.602183 0.798192 -0.0666399 -0.729668 0.680546 0.0162976 -0.602183 0.798192 0.0108898 -0.587115 0.809431 0.0108898 -0.587115 0.809431 0.0162976 -0.602183 0.798192 0.126185 -0.411425 0.902667 0.0108898 -0.587115 0.809431 0.126185 -0.411425 0.902667 0.120815 -0.390764 0.912528 0.224331 -0.187111 0.956381 0.228934 -0.198474 0.952994 0.293465 -0.0651399 0.953748 -0.112116 -0.783734 0.610894 -0.114053 -0.784424 0.609648 -0.117124 -0.786877 0.605894 -0.112116 -0.783734 0.610894 -0.117124 -0.786877 0.605894 -0.11719 -0.787169 0.605501 -0.100021 -0.77337 0.626014 -0.103122 -0.775061 0.623415 -0.114053 -0.784424 0.609648 -0.100021 -0.77337 0.626014 -0.114053 -0.784424 0.609648 -0.112116 -0.783734 0.610894 0.0223104 0.191533 0.981233 0.0262276 0.178736 0.983548 0.00311904 0.0118323 0.999925 0.0223104 0.191533 0.981233 0.00311904 0.0118323 0.999925 -0.00199131 0.027741 0.999613 0.113006 0.811278 0.573636 0.115505 0.810294 0.574528 0.0957251 0.661265 0.744019 0.113006 0.811278 0.573636 0.0957251 0.661265 0.744019 0.0951116 0.69574 0.711969 0.0951116 0.69574 0.711969 0.0957251 0.661265 0.744019 0.0589652 0.408471 0.910865 0.0951116 0.69574 0.711969 0.0589652 0.408471 0.910865 0.0576853 0.413154 0.908833 0.0576853 0.413154 0.908833 0.0589652 0.408471 0.910865 0.0262276 0.178736 0.983548 0.0576853 0.413154 0.908833 0.0262276 0.178736 0.983548 0.0223104 0.191533 0.981233 -0.00199131 0.027741 0.999613 0.00311904 0.0118323 0.999925 -0.000105197 -0.07219 0.997391 -0.163931 -0.219134 0.961825 -0.21934 -0.301976 0.92774 -0.21277 -0.298542 0.930377 -0.163931 -0.219134 0.961825 -0.21277 -0.298542 0.930377 -0.143981 -0.209417 0.967168 0.40533 0.601274 0.688605 0.226483 0.346255 0.910392 0.25074 0.346951 0.903745 0.40533 0.601274 0.688605 0.25074 0.346951 0.903745 0.418983 0.593306 0.687343 0.226483 0.346255 0.910392 0.061151 0.110953 0.991942 0.0982334 0.130102 0.986622 0.226483 0.346255 0.910392 0.0982334 0.130102 0.986622 0.25074 0.346951 0.903745 0.061151 0.110953 0.991942 -0.0746725 -0.0857573 0.993514 -0.0361286 -0.0601861 0.997533 0.061151 0.110953 0.991942 -0.0361286 -0.0601861 0.997533 0.0982334 0.130102 0.986622 -0.21934 -0.301976 0.92774 -0.243791 -0.341016 0.907895 -0.21277 -0.298542 0.930377 -0.0746725 -0.0857573 0.993514 -0.163931 -0.219134 0.961825 -0.143981 -0.209417 0.967168 -0.0746725 -0.0857573 0.993514 -0.143981 -0.209417 0.967168 -0.0361286 -0.0601861 0.997533 0.547582 0.681943 0.48488 0.40533 0.601274 0.688605 0.418983 0.593306 0.687343 0.547582 0.681943 0.48488 0.418983 0.593306 0.687343 0.560101 0.675562 0.479482 0.0907083 -0.0420222 0.99499 0.0816571 -0.0491415 0.995448 -0.0937091 -0.105835 0.989958 0.0907083 -0.0420222 0.99499 -0.0937091 -0.105835 0.989958 -0.0815478 -0.095525 0.992081 0.758352 0.185355 0.624937 0.758451 0.182588 0.625631 0.59944 0.123215 0.790879 0.758352 0.185355 0.624937 0.59944 0.123215 0.790879 0.633256 0.140345 0.761111 0.633256 0.140345 0.761111 0.59944 0.123215 0.790879 0.328314 0.0314444 0.944045 0.633256 0.140345 0.761111 0.328314 0.0314444 0.944045 0.330749 0.0329808 0.943142 0.330749 0.0329808 0.943142 0.328314 0.0314444 0.944045 0.0816571 -0.0491415 0.995448 0.330749 0.0329808 0.943142 0.0816571 -0.0491415 0.995448 0.0907083 -0.0420222 0.99499 -0.0815478 -0.095525 0.992081 -0.0937091 -0.105835 0.989958 -0.174909 -0.139594 0.974639 -0.0341394 0.145069 0.988832 -0.0629626 0.244158 0.967689 -0.0644791 0.236637 0.969456 -0.0341394 0.145069 0.988832 -0.0644791 0.236637 0.969456 -0.0393614 0.123027 0.991622 0.220187 -0.776171 0.590826 0.146389 -0.505302 0.850435 0.13114 -0.523416 0.841925 0.220187 -0.776171 0.590826 0.13114 -0.523416 0.841925 0.205277 -0.781362 0.589352 0.146389 -0.505302 0.850435 0.0748619 -0.239905 0.967906 0.0655405 -0.279679 0.957854 0.146389 -0.505302 0.850435 0.0655405 -0.279679 0.957854 0.13114 -0.523416 0.841925 0.0748619 -0.239905 0.967906 0.0115627 -0.0116122 0.999866 0.00649486 -0.0577332 0.998311 0.0748619 -0.239905 0.967906 0.00649486 -0.0577332 0.998311 0.0655405 -0.279679 0.957854 -0.0629626 0.244158 0.967689 -0.0777258 0.290051 0.95385 -0.0644791 0.236637 0.969456 0.0115627 -0.0116122 0.999866 -0.0341394 0.145069 0.988832 -0.0393614 0.123027 0.991622 0.0115627 -0.0116122 0.999866 -0.0393614 0.123027 0.991622 0.00649486 -0.0577332 0.998311 0.184586 -0.910625 0.369717 0.220187 -0.776171 0.590826 0.205277 -0.781362 0.589352 0.184586 -0.910625 0.369717 0.205277 -0.781362 0.589352 0.171503 -0.915448 0.364063 0.0959107 -0.114071 0.988832 0.166333 -0.189505 0.967689 0.164294 -0.182104 0.969456 0.0959107 -0.114071 0.988832 0.164294 -0.182104 0.969456 0.0906267 -0.0920397 0.991623 -0.54667 0.593356 0.590831 -0.358611 0.384914 0.850435 -0.353174 0.407965 0.841922 -0.54667 0.593356 0.590831 -0.353174 0.407965 0.841922 -0.535711 0.604723 0.589342 -0.358611 0.384914 0.850435 -0.175043 0.180325 0.967906 -0.184667 0.220028 0.957855 -0.358611 0.384914 0.850435 -0.184667 0.220028 0.957855 -0.353174 0.407965 0.841922 -0.175043 0.180325 0.967906 -0.0155611 0.00514513 0.999866 -0.0318448 0.048592 0.998311 -0.175043 0.180325 0.967906 -0.0318448 0.048592 0.998311 -0.184667 0.220028 0.957855 0.166333 -0.189505 0.967689 0.200206 -0.223794 0.953852 0.164294 -0.182104 0.969456 -0.0155611 0.00514513 0.999866 0.0959107 -0.114071 0.988832 0.0906267 -0.0920397 0.991623 -0.0155611 0.00514513 0.999866 0.0906267 -0.0920397 0.991623 -0.0318448 0.048592 0.998311 -0.575548 0.729423 0.369711 -0.54667 0.593356 0.590831 -0.535711 0.604723 0.589342 -0.575548 0.729423 0.369711 -0.535711 0.604723 0.589342 -0.566045 0.739633 0.364056 0.135164 0.0627864 0.988832 0.226367 0.111068 0.967689 0.218695 0.11103 0.969456 0.135164 0.0627864 0.988832 0.218695 0.11103 0.969456 0.112518 0.0634394 0.991622 -0.715528 -0.372732 0.590839 -0.465228 -0.245617 0.850433 -0.486058 -0.234347 0.84192 -0.715528 -0.372732 0.590839 -0.486058 -0.234347 0.84192 -0.72363 -0.359187 0.589359 -0.465228 -0.245617 0.850433 -0.219785 -0.121867 0.967907 -0.260624 -0.120786 0.957855 -0.465228 -0.245617 0.850433 -0.260624 -0.120786 0.957855 -0.486058 -0.234347 0.84192 -0.219785 -0.121867 0.967907 -0.00903037 -0.0136783 0.999866 -0.0552237 -0.0180486 0.998311 -0.219785 -0.121867 0.967907 -0.0552237 -0.0180486 0.998311 -0.260624 -0.120786 0.957855 0.226367 0.111068 0.967689 0.268321 0.134813 0.95385 0.218695 0.11103 0.969456 -0.00903037 -0.0136783 0.999866 0.135164 0.0627864 0.988832 0.112518 0.0634394 0.991622 -0.00903037 -0.0136783 0.999866 0.112518 0.0634394 0.991622 -0.0552237 -0.0180486 0.998311 -0.854422 -0.365066 0.369716 -0.715528 -0.372732 0.590839 -0.72363 -0.359187 0.589359 -0.854422 -0.365066 0.369716 -0.72363 -0.359187 0.589359 -0.861796 -0.353226 0.36406 0.0555028 -0.0756419 0.995589 0.0493655 -0.0659399 0.996602 0.00933204 0.114019 0.993435 0.0555028 -0.0756419 0.995589 0.00933204 0.114019 0.993435 0.0186042 0.100941 0.994718 0.177766 -0.766041 0.617722 0.175093 -0.765865 0.618704 0.148993 -0.600107 0.785921 0.177766 -0.766041 0.617722 0.148993 -0.600107 0.785921 0.159572 -0.635734 0.755234 0.159572 -0.635734 0.755234 0.148993 -0.600107 0.785921 0.100216 -0.319764 0.942182 0.159572 -0.635734 0.755234 0.100216 -0.319764 0.942182 0.101412 -0.322347 0.941174 0.101412 -0.322347 0.941174 0.100216 -0.319764 0.942182 0.0493655 -0.0659399 0.996602 0.101412 -0.322347 0.941174 0.0493655 -0.0659399 0.996602 0.0555028 -0.0756419 0.995589 0.0186042 0.100941 0.994718 0.00933204 0.114019 0.993435 -0.0179931 0.197932 0.980051 -0.0995418 0.106463 0.989321 -0.0907452 0.0991893 0.990922 0.00268474 -0.0596001 0.998219 -0.0995418 0.106463 0.989321 0.00268474 -0.0596001 0.998219 -0.0101857 -0.0499659 0.998699 -0.418997 0.705041 0.572152 -0.416413 0.705751 0.573164 -0.344668 0.564994 0.749657 -0.418997 0.705041 0.572152 -0.344668 0.564994 0.749657 -0.364949 0.59399 0.71693 -0.364949 0.59399 0.71693 -0.344668 0.564994 0.749657 -0.215805 0.321823 0.921878 -0.364949 0.59399 0.71693 -0.215805 0.321823 0.921878 -0.217709 0.323857 0.920717 -0.217709 0.323857 0.920717 -0.215805 0.321823 0.921878 -0.0907452 0.0991893 0.990922 -0.217709 0.323857 0.920717 -0.0907452 0.0991893 0.990922 -0.0995418 0.106463 0.989321 -0.0101857 -0.0499659 0.998699 0.00268474 -0.0596001 0.998219 0.0547695 -0.131595 0.989789 -0.1173 0.0919386 0.988832 -0.201718 0.15128 0.96769 -0.198203 0.144465 0.969456 -0.1173 0.0919386 0.988832 -0.198203 0.144465 0.969456 -0.107603 0.0714657 0.991622 0.656907 -0.468389 0.590834 0.430033 -0.303044 0.850433 0.429447 -0.326718 0.841921 0.656907 -0.468389 0.590834 0.429447 -0.326718 0.841921 0.648514 -0.481759 0.589354 0.430033 -0.303044 0.850433 0.208355 -0.140523 0.967906 0.22593 -0.177404 0.957854 0.430033 -0.303044 0.850433 0.22593 -0.177404 0.957854 0.429447 -0.326718 0.841921 0.208355 -0.140523 0.967906 0.0162849 -0.00183505 0.999866 0.0411476 -0.0410131 0.998311 0.208355 -0.140523 0.967906 0.0411476 -0.0410131 0.998311 0.22593 -0.177404 0.957854 -0.201718 0.15128 0.96769 -0.241926 0.177889 0.953849 -0.198203 0.144465 0.969456 0.0162849 -0.00183505 0.999866 -0.1173 0.0919386 0.988832 -0.107603 0.0714657 0.991622 0.0162849 -0.00183505 0.999866 -0.107603 0.0714657 0.991622 0.0411476 -0.0410131 0.998311 0.713117 -0.595632 0.369712 0.656907 -0.468389 0.590834 0.648514 -0.481759 0.589354 0.713117 -0.595632 0.369712 0.648514 -0.481759 0.589354 0.705914 -0.607576 0.364057 -0.081317 -0.400849 0.912528 -0.0865095 -0.421556 0.902667 0.105755 -0.283934 0.952994 -0.081317 -0.400849 0.912528 0.105755 -0.283934 0.952994 0.107163 -0.271756 0.956381 -0.462082 -0.630741 0.623415 -0.45855 -0.630744 0.626014 -0.403849 -0.616121 0.67624 -0.462082 -0.630741 0.623415 -0.403849 -0.616121 0.67624 -0.408304 -0.608395 0.680546 -0.408304 -0.608395 0.680546 -0.403849 -0.616121 0.67624 -0.274399 -0.536279 0.798192 -0.408304 -0.608395 0.680546 -0.274399 -0.536279 0.798192 -0.271921 -0.520462 0.809431 -0.271921 -0.520462 0.809431 -0.274399 -0.536279 0.798192 -0.0865095 -0.421556 0.902667 -0.271921 -0.520462 0.809431 -0.0865095 -0.421556 0.902667 -0.081317 -0.400849 0.912528 0.107163 -0.271756 0.956381 0.105755 -0.283934 0.952994 0.22631 -0.19786 0.953748 -0.474134 -0.63404 0.610894 -0.476164 -0.633717 0.609648 -0.480035 -0.634397 0.605894 -0.474134 -0.63404 0.610894 -0.480035 -0.634397 0.605894 -0.480233 -0.634622 0.605501 -0.45855 -0.630744 0.626014 -0.462082 -0.630741 0.623415 -0.476164 -0.633717 0.609648 -0.45855 -0.630744 0.626014 -0.476164 -0.633717 0.609648 -0.474134 -0.63404 0.610894 0.111405 0.15739 0.981233 0.108707 0.144281 0.983548 0.00840992 0.00888847 0.999925 0.111405 0.15739 0.981233 0.00840992 0.00888847 0.999925 0.0115522 0.0252997 0.999613 0.488119 0.657785 0.573636 0.48984 0.655724 0.574528 0.401034 0.534422 0.744019 0.488119 0.657785 0.573636 0.401034 0.534422 0.744019 0.417024 0.56497 0.711969 0.417024 0.56497 0.711969 0.401034 0.534422 0.744019 0.247578 0.330197 0.910865 0.417024 0.56497 0.711969 0.247578 0.330197 0.910865 0.2487 0.334921 0.908833 0.2487 0.334921 0.908833 0.247578 0.330197 0.910865 0.108707 0.144281 0.983548 0.2487 0.334921 0.908833 0.108707 0.144281 0.983548 0.111405 0.15739 0.981233 0.0115522 0.0252997 0.999613 0.00840992 0.00888847 0.999925 -0.0347021 -0.0633023 0.997391 -0.248921 -0.113715 0.961825 -0.337263 -0.159852 0.92774 -0.329852 -0.159988 0.930377 -0.248921 -0.113715 0.961825 -0.329852 -0.159988 0.930377 -0.226755 -0.114752 0.967168 0.643977 0.333342 0.688605 0.364761 0.195285 0.910392 0.386382 0.184267 0.903745 0.643977 0.333342 0.688605 0.386382 0.184267 0.903745 0.652138 0.319804 0.687343 0.364761 0.195285 0.910392 0.106859 0.068053 0.991942 0.148582 0.0670793 0.986622 0.364761 0.195285 0.910392 0.148582 0.0670793 0.986622 0.386382 0.184267 0.903745 0.106859 0.068053 0.991942 -0.106646 -0.0394592 0.993514 -0.0605605 -0.0354973 0.997533 0.106859 0.068053 0.991942 -0.0605605 -0.0354973 0.997533 0.148582 0.0670793 0.986622 -0.337263 -0.159852 0.92774 -0.377439 -0.18239 0.907895 -0.329852 -0.159988 0.930377 -0.106646 -0.0394592 0.993514 -0.248921 -0.113715 0.961825 -0.226755 -0.114752 0.967168 -0.106646 -0.0394592 0.993514 -0.226755 -0.114752 0.967168 -0.0605605 -0.0354973 0.997533 0.807489 0.335936 0.48488 0.643977 0.333342 0.688605 0.652138 0.319804 0.687343 0.807489 0.335936 0.48488 0.652138 0.319804 0.687343 0.815417 0.324335 0.479482 0.0594575 -0.0803659 0.99499 0.0481012 -0.0822742 0.995448 -0.132977 -0.0479521 0.989958 0.0594575 -0.0803659 0.99499 -0.132977 -0.0479521 0.989958 -0.117362 -0.044735 0.992081 0.75438 -0.200909 0.624937 0.753141 -0.203385 0.625631 0.58513 -0.179255 0.790879 0.75438 -0.200909 0.624937 0.58513 -0.179255 0.790879 0.62302 -0.180435 0.761111 0.62302 -0.180435 0.761111 0.58513 -0.179255 0.790879 0.303198 -0.129807 0.944045 0.62302 -0.180435 0.761111 0.303198 -0.129807 0.944045 0.306071 -0.129626 0.943142 0.306071 -0.129626 0.943142 0.303198 -0.129807 0.944045 0.0481012 -0.0822742 0.995448 0.306071 -0.129626 0.943142 0.0481012 -0.0822742 0.995448 0.0594575 -0.0803659 0.99499 -0.117362 -0.044735 0.992081 -0.132977 -0.0479521 0.989958 -0.220422 -0.0386488 0.974639 0.0395898 0.143678 0.988832 0.0618005 0.244454 0.967689 0.0568639 0.238581 0.969456 0.0395898 0.143678 0.988832 0.0568639 0.238581 0.969456 0.0244393 0.126837 0.991622 -0.178884 -0.786718 0.590826 -0.113786 -0.513627 0.850435 -0.135853 -0.522213 0.841925 -0.178884 -0.786718 0.590826 -0.135853 -0.522213 0.841925 -0.194457 -0.784124 0.589352 -0.113786 -0.513627 0.850435 -0.049319 -0.246427 0.967906 -0.0765683 -0.276864 0.957854 -0.113786 -0.513627 0.850435 -0.0765683 -0.276864 0.957854 -0.135853 -0.522213 0.841925 -0.049319 -0.246427 0.967906 0.00458008 -0.0157341 0.999866 -0.021979 -0.0537795 0.998311 -0.049319 -0.246427 0.967906 -0.021979 -0.0537795 0.998311 -0.0765683 -0.276864 0.957854 0.0618005 0.244454 0.967689 0.070847 0.291807 0.95385 0.0568639 0.238581 0.969456 0.00458008 -0.0157341 0.999866 0.0395898 0.143678 0.988832 0.0244393 0.126837 0.991622 0.00458008 -0.0157341 0.999866 0.0244393 0.126837 0.991622 -0.021979 -0.0537795 0.998311 -0.274587 -0.887644 0.369717 -0.178884 -0.786718 0.590826 -0.194457 -0.784124 0.589352 -0.274587 -0.887644 0.369717 -0.194457 -0.784124 0.589352 -0.288381 -0.885604 0.364063 0.0294808 -0.146089 0.988832 0.0551176 -0.246051 0.967689 0.0568762 -0.238578 0.969456 0.0294808 -0.146089 0.988832 0.0568762 -0.238578 0.969456 0.0354063 -0.124221 0.991623 -0.195278 0.782806 0.590831 -0.130173 0.509721 0.850435 -0.11435 0.527344 0.841922 -0.195278 0.782806 0.590831 -0.11435 0.527344 0.841922 -0.180211 0.787528 0.589342 -0.130173 0.509721 0.850435 -0.0671622 0.242171 0.967906 -0.0565739 0.281627 0.957855 -0.130173 0.509721 0.850435 -0.0565739 0.281627 0.957855 -0.11435 0.527344 0.841922 -0.0671622 0.242171 0.967906 -0.0111895 0.0119757 0.999866 -0.0046502 0.0579107 0.998311 -0.0671622 0.242171 0.967906 -0.0046502 0.0579107 0.998311 -0.0565739 0.281627 0.957855 0.0551176 -0.246051 0.967689 0.0684042 -0.292382 0.953852 0.0568762 -0.238578 0.969456 -0.0111895 0.0119757 0.999866 0.0294808 -0.146089 0.988832 0.0354063 -0.124221 0.991623 -0.0111895 0.0119757 0.999866 0.0354063 -0.124221 0.991623 -0.0046502 0.0579107 0.998311 -0.155387 0.916061 0.369711 -0.195278 0.782806 0.590831 -0.180211 0.787528 0.589342 -0.155387 0.916061 0.369711 -0.180211 0.787528 0.589342 -0.142153 0.920465 0.364056 0.148719 -0.00970103 0.988832 0.251904 -0.0110552 0.967689 0.245154 -0.00740961 0.969456 0.148719 -0.00970103 0.988832 0.245154 -0.00740961 0.969456 0.129158 0.00172928 0.991622 -0.806632 0.0159393 0.590839 -0.526031 0.00749341 0.850433 -0.538908 0.0273695 0.84192 -0.806632 0.0159393 0.590839 -0.538908 0.0273695 0.84192 -0.807249 0.0317104 0.589359 -0.526031 0.00749341 0.850433 -0.251305 -0.00157765 0.967907 -0.286627 0.0189504 0.957855 -0.526031 0.00749341 0.850433 -0.286627 0.0189504 0.957855 -0.538908 0.0273695 0.84192 -0.251305 -0.00157765 0.967907 -0.0144826 -0.00767446 0.999866 -0.0571163 0.0106365 0.998311 -0.251305 -0.00157765 0.967907 -0.0571163 0.0106365 0.998311 -0.286627 0.0189504 0.957855 0.251904 -0.0110552 0.967689 0.300106 -0.0103309 0.95385 0.245154 -0.00740961 0.969456 -0.0144826 -0.00767446 0.999866 0.148719 -0.00970103 0.988832 0.129158 0.00172928 0.991622 -0.0144826 -0.00767446 0.999866 0.129158 0.00172928 0.991622 -0.0571163 0.0106365 0.998311 -0.924848 0.0892563 0.369716 -0.806632 0.0159393 0.590839 -0.807249 0.0317104 0.589359 -0.924848 0.0892563 0.369716 -0.807249 0.0317104 0.589359 -0.925642 0.103182 0.36406 0.0124437 -0.0929915 0.995589 0.011709 -0.0815348 0.996602 0.0628532 0.095587 0.993435 0.0124437 -0.0929915 0.995589 0.0628532 0.095587 0.993435 0.0647206 0.079665 0.994718 -0.211255 -0.75749 0.617722 -0.213517 -0.756053 0.618704 -0.156953 -0.598075 0.785921 -0.211255 -0.75749 0.617722 -0.156953 -0.598075 0.785921 -0.16475 -0.634412 0.755234 -0.16475 -0.634412 0.755234 -0.156953 -0.598075 0.785921 -0.0653555 -0.328666 0.942182 -0.16475 -0.634412 0.755234 -0.0653555 -0.328666 0.942182 -0.0655443 -0.331506 0.941174 -0.0655443 -0.331506 0.941174 -0.0653555 -0.328666 0.942182 0.011709 -0.0815348 0.996602 -0.0655443 -0.331506 0.941174 0.011709 -0.0815348 0.996602 0.0124437 -0.0929915 0.995589 0.0647206 0.079665 0.994718 0.0628532 0.095587 0.993435 0.0791033 0.182328 0.980051 -0.0363151 0.141153 0.989321 -0.0320825 0.130552 0.990922 -0.0262177 -0.0535911 0.998219 -0.0363151 0.141153 0.989321 -0.0262177 -0.0535911 0.998219 -0.0328938 -0.0389659 0.998699 -0.02969 0.81961 0.572152 -0.0270816 0.818993 0.573164 -0.0316017 0.661072 0.749657 -0.02969 0.81961 0.572152 -0.0316017 0.661072 0.749657 -0.0354983 0.696241 0.71693 -0.0354983 0.696241 0.71693 -0.0316017 0.661072 0.749657 -0.0350967 0.385888 0.921878 -0.0354983 0.696241 0.71693 -0.0350967 0.385888 0.921878 -0.0357924 0.388586 0.920717 -0.0357924 0.388586 0.920717 -0.0350967 0.385888 0.921878 -0.0320825 0.130552 0.990922 -0.0357924 0.388586 0.920717 -0.0320825 0.130552 0.990922 -0.0363151 0.141153 0.989321 -0.0328938 -0.0389659 0.998699 -0.0262177 -0.0535911 0.998219 -0.0150254 -0.141744 0.989789 -0.0588625 0.13692 0.988832 -0.104497 0.229469 0.96769 -0.104679 0.221804 0.969456 -0.0588625 0.13692 0.988832 -0.104679 0.221804 0.969456 -0.0601679 0.114305 0.991622 0.351933 -0.725988 0.590834 0.232102 -0.472115 0.850433 0.220238 -0.49261 0.841921 0.351933 -0.725988 0.590834 0.220238 -0.49261 0.841921 0.338157 -0.733697 0.589354 0.232102 -0.472115 0.850433 0.115478 -0.223212 0.967906 0.11322 -0.264003 0.957854 0.232102 -0.472115 0.850433 0.11322 -0.264003 0.957854 0.220238 -0.49261 0.841921 0.115478 -0.223212 0.967906 0.0134116 -0.0094178 0.999866 0.0164477 -0.0557196 0.998311 0.115478 -0.223212 0.967906 0.0164477 -0.0557196 0.998311 0.11322 -0.264003 0.957854 -0.104497 0.229469 0.96769 -0.127025 0.272098 0.953849 -0.104679 0.221804 0.969456 0.0134116 -0.0094178 0.999866 -0.0588625 0.13692 0.988832 -0.0601679 0.114305 0.991622 0.0134116 -0.0094178 0.999866 -0.0601679 0.114305 0.991622 0.0164477 -0.0557196 0.998311 0.340258 -0.864602 0.369712 0.351933 -0.725988 0.590834 0.338157 -0.733697 0.589354 0.340258 -0.864602 0.369712 0.338157 -0.733697 0.589354 0.32821 -0.871631 0.364057 -0.26354 -0.312793 0.912528 -0.278024 -0.328475 0.902667 -0.0433165 -0.299878 0.952994 -0.26354 -0.312793 0.912528 -0.0433165 -0.299878 0.952994 -0.0362419 -0.289865 0.956381 -0.707909 -0.331993 0.623415 -0.70481 -0.333689 0.626014 -0.649795 -0.347082 0.67624 -0.707909 -0.331993 0.623415 -0.649795 -0.347082 0.67624 -0.65 -0.338166 0.680546 -0.65 -0.338166 0.680546 -0.649795 -0.347082 0.67624 -0.497914 -0.339075 0.798192 -0.65 -0.338166 0.680546 -0.497914 -0.339075 0.798192 -0.488156 -0.326383 0.809431 -0.488156 -0.326383 0.809431 -0.497914 -0.339075 0.798192 -0.278024 -0.328475 0.902667 -0.488156 -0.326383 0.809431 -0.278024 -0.328475 0.902667 -0.26354 -0.312793 0.912528 -0.0362419 -0.289865 0.956381 -0.0433165 -0.299878 0.952994 0.103746 -0.282137 0.953748 -0.720066 -0.329111 0.610894 -0.721693 -0.327853 0.609648 -0.725416 -0.326595 0.605894 -0.720066 -0.329111 0.610894 -0.725416 -0.326595 0.605894 -0.725698 -0.326698 0.605501 -0.70481 -0.333689 0.626014 -0.707909 -0.331993 0.623415 -0.721693 -0.327853 0.609648 -0.70481 -0.333689 0.626014 -0.721693 -0.327853 0.609648 -0.720066 -0.329111 0.610894 0.173224 0.084712 0.981233 0.164572 0.0745016 0.983548 0.0116418 0.00376843 0.999925 0.173224 0.084712 0.981233 0.0116418 0.00376843 0.999925 0.0222674 0.0166642 0.999613 0.743724 0.343244 0.573636 0.744246 0.34061 0.574528 0.608156 0.276733 0.744019 0.743724 0.343244 0.573636 0.608156 0.276733 0.744019 0.636834 0.295876 0.711969 0.636834 0.295876 0.711969 0.608156 0.276733 0.744019 0.375575 0.17108 0.910865 0.636834 0.295876 0.711969 0.375575 0.17108 0.910865 0.378824 0.174687 0.908833 0.378824 0.174687 0.908833 0.375575 0.17108 0.910865 0.164572 0.0745016 0.983548 0.378824 0.174687 0.908833 0.164572 0.0745016 0.983548 0.173224 0.084712 0.981233 0.0222674 0.0166642 0.999613 0.0116418 0.00376843 0.999925 -0.0608026 -0.0389159 0.997391 -0.272967 0.0195448 0.961825 -0.372614 0.0214096 0.92774 -0.366174 0.0177369 0.930377 -0.272967 0.0195448 0.961825 -0.366174 0.0177369 0.930377 -0.254011 0.00800735 0.967168 0.724956 -0.0162039 0.688605 0.413733 -0.00349677 0.910392 0.427424 -0.0235321 0.903745 0.724956 -0.0162039 0.688605 0.427424 -0.0235321 0.903745 0.725628 -0.0319972 0.687343 0.413733 -0.00349677 0.910392 0.126404 0.00849136 0.991942 0.162552 -0.0123664 0.986622 0.413733 -0.00349677 0.910392 0.162552 -0.0123664 0.986622 0.427424 -0.0235321 0.903745 0.126404 0.00849136 0.991942 -0.112508 0.0164999 0.993514 -0.0701652 -0.00211756 0.997533 0.126404 0.00849136 0.991942 -0.0701652 -0.00211756 0.997533 0.162552 -0.0123664 0.986622 -0.372614 0.0214096 0.92774 -0.418676 0.0208916 0.907895 -0.366174 0.0177369 0.930377 -0.112508 0.0164999 0.993514 -0.272967 0.0195448 0.961825 -0.254011 0.00800735 0.967168 -0.112508 0.0164999 0.993514 -0.254011 0.00800735 0.967168 -0.0701652 -0.00211756 0.997533 0.869695 -0.0923193 0.48488 0.724956 -0.0162039 0.688605 0.725628 -0.0319972 0.687343 0.869695 -0.0923193 0.48488 0.725628 -0.0319972 0.687343 0.87109 -0.106301 0.479482 0.0136494 -0.0990331 0.99499 0.00276842 -0.0952634 0.995448 -0.139688 0.0216708 0.989958 0.0136494 -0.0990331 0.99499 -0.139688 0.0216708 0.989958 -0.124442 0.0170077 0.992081 0.56571 -0.537983 0.624937 0.563435 -0.539562 0.625631 0.427561 -0.437838 0.790879 0.56571 -0.537983 0.624937 0.427561 -0.437838 0.790879 0.460246 -0.457038 0.761111 0.460246 -0.457038 0.761111 0.427561 -0.437838 0.790879 0.203848 -0.259277 0.944045 0.460246 -0.457038 0.761111 0.203848 -0.259277 0.944045 0.206457 -0.260496 0.943142 0.206457 -0.260496 0.943142 0.203848 -0.259277 0.944045 0.00276842 -0.0952634 0.995448 0.206457 -0.260496 0.943142 0.00276842 -0.0952634 0.995448 0.0136494 -0.0990331 0.99499 -0.124442 0.0170077 0.992081 -0.139688 0.0216708 0.989958 -0.211968 0.0717585 0.974639 0.103626 0.107109 0.988832 0.171433 0.1849 0.967689 0.164285 0.182113 0.969456 0.103626 0.107109 0.988832 0.164285 0.182113 0.969456 0.0822565 0.0995932 0.991622 -0.534158 -0.604648 0.590826 -0.346103 -0.396198 0.850435 -0.369584 -0.393153 0.841925 -0.534158 -0.604648 0.590826 -0.369584 -0.393153 0.841925 -0.546581 -0.594906 0.589352 -0.346103 -0.396198 0.850435 -0.161425 -0.192615 0.967906 -0.199931 -0.206262 0.957854 -0.346103 -0.396198 0.850435 -0.199931 -0.206262 0.957854 -0.369584 -0.393153 0.841925 -0.161425 -0.192615 0.967906 -0.00352394 -0.0160038 0.999866 -0.0450716 -0.0366586 0.998311 -0.161425 -0.192615 0.967906 -0.0450716 -0.0366586 0.998311 -0.199931 -0.206262 0.957854 0.171433 0.1849 0.967689 0.202074 0.222119 0.95385 0.164285 0.182113 0.969456 -0.00352394 -0.0160038 0.999866 0.103626 0.107109 0.988832 0.0822565 0.0995932 0.991622 -0.00352394 -0.0160038 0.999866 0.0822565 0.0995932 0.991622 -0.0450716 -0.0366586 0.998311 -0.666532 -0.647336 0.369717 -0.534158 -0.604648 0.590826 -0.546581 -0.594906 0.589352 -0.666532 -0.647336 0.369717 -0.546581 -0.594906 0.589352 -0.677659 -0.638933 0.364063 -0.044167 -0.142339 0.988832 -0.0695927 -0.242354 0.967689 -0.064467 -0.23664 0.969456 -0.044167 -0.142339 0.988832 -0.064467 -0.23664 0.969456 -0.0284829 -0.125989 0.991623 0.203924 0.780599 0.590831 0.130136 0.50973 0.850435 0.15247 0.51761 0.841922 0.203924 0.780599 0.590831 0.15247 0.51761 0.841922 0.219411 0.777519 0.589342 0.130136 0.50973 0.850435 0.0571624 0.244724 0.967906 0.0853707 0.274274 0.957855 0.130136 0.50973 0.850435 0.0853707 0.274274 0.957855 0.15247 0.51761 0.841922 0.0571624 0.244724 0.967906 -0.00407823 0.0158741 0.999866 0.0236829 0.0530508 0.998311 0.0571624 0.244724 0.967906 0.0236829 0.0530508 0.998311 0.0853707 0.274274 0.957855 -0.0695927 -0.242354 0.967689 -0.0801449 -0.289384 0.953852 -0.064467 -0.23664 0.969456 -0.00407823 0.0158741 0.999866 -0.044167 -0.142339 0.988832 -0.0284829 -0.125989 0.991623 -0.00407823 0.0158741 0.999866 -0.0284829 -0.125989 0.991623 0.0236829 0.0530508 0.998311 0.302818 0.878416 0.369711 0.203924 0.780599 0.590831 0.219411 0.777519 0.589342 0.302818 0.878416 0.369711 0.219411 0.777519 0.589342 0.316544 0.875936 0.364056 0.125863 -0.0798133 0.988832 0.215767 -0.130471 0.967689 0.21159 -0.124036 0.969456 0.125863 -0.0798133 0.988832 0.21159 -0.124036 0.969456 0.114176 -0.0604042 0.991622 -0.700245 0.400708 0.590839 -0.458043 0.258769 0.850433 -0.459815 0.282385 0.84192 -0.700245 0.400708 0.590839 -0.459815 0.282385 0.84192 -0.693225 0.414844 0.589359 -0.458043 0.258769 0.850433 -0.221298 0.119098 0.967907 -0.242454 0.154047 0.957855 -0.458043 0.258769 0.850433 -0.242454 0.154047 0.957855 -0.459815 0.282385 0.84192 -0.221298 0.119098 0.967907 -0.016389 0.000208373 0.999866 -0.0450249 0.0367174 0.998311 -0.221298 0.119098 0.967907 -0.0450249 0.0367174 0.998311 -0.242454 0.154047 0.957855 0.215767 -0.130471 0.967689 0.258415 -0.152945 0.95385 0.21159 -0.124036 0.969456 -0.016389 0.000208373 0.999866 0.125863 -0.0798133 0.988832 0.114176 -0.0604042 0.991622 -0.016389 0.000208373 0.999866 0.114176 -0.0604042 0.991622 -0.0450249 0.0367174 0.998311 -0.768839 0.521726 0.369716 -0.700245 0.400708 0.590839 -0.693225 0.414844 0.589359 -0.768839 0.521726 0.369716 -0.693225 0.414844 0.589359 -0.76286 0.534327 0.36406 -0.0336622 -0.0875735 0.995589 -0.0288142 -0.0771672 0.996602 0.100986 0.0537521 0.993435 -0.0336622 -0.0875735 0.995589 0.100986 0.0537521 0.993435 0.0949911 0.0388839 0.994718 -0.548554 -0.563478 0.617722 -0.54985 -0.561134 0.618704 -0.424472 -0.449613 0.785921 -0.548554 -0.563478 0.617722 -0.424472 -0.449613 0.785921 -0.448735 -0.477764 0.755234 -0.448735 -0.477764 0.755234 -0.424472 -0.449613 0.785921 -0.214926 -0.257098 0.942182 -0.448735 -0.477764 0.755234 -0.214926 -0.257098 0.942182 -0.216453 -0.2595 0.941174 -0.216453 -0.2595 0.941174 -0.214926 -0.257098 0.942182 -0.0288142 -0.0771672 0.996602 -0.216453 -0.2595 0.941174 -0.0288142 -0.0771672 0.996602 -0.0336622 -0.0875735 0.995589 0.0949911 0.0388839 0.994718 0.100986 0.0537521 0.993435 0.156832 0.122084 0.980051 0.0358029 0.141284 0.989321 0.0344351 0.129952 0.990922 -0.0487012 -0.0344612 0.998219 0.0358029 0.141284 0.989321 -0.0487012 -0.0344612 0.998219 -0.0475483 -0.0184257 0.998699 0.366886 0.733509 0.572152 0.36888 0.731718 0.573164 0.289201 0.595296 0.749657 0.366886 0.733509 0.572152 0.289201 0.595296 0.749657 0.302643 0.628028 0.71693 0.302643 0.628028 0.71693 0.289201 0.595296 0.749657 0.154205 0.355475 0.921878 0.302643 0.628028 0.71693 0.154205 0.355475 0.921878 0.154887 0.358176 0.920717 0.154887 0.358176 0.920717 0.154205 0.355475 0.921878 0.0344351 0.129952 0.990922 0.154887 0.358176 0.920717 0.0344351 0.129952 0.990922 0.0358029 0.141284 0.989321 -0.0475483 -0.0184257 0.998699 -0.0487012 -0.0344612 0.998219 -0.0811415 -0.117188 0.989789 0.0139863 0.148379 0.988832 0.0183088 0.251477 0.96769 0.0144737 0.244837 0.969456 0.0139863 0.148379 0.988832 0.0144737 0.244837 0.969456 0.00199824 0.129158 0.991622 -0.0392069 -0.80584 0.590834 -0.0226553 -0.525596 0.850433 -0.0428927 -0.537893 0.841921 -0.0392069 -0.80584 0.590834 -0.0428927 -0.537893 0.841921 -0.0549925 -0.806001 0.589354 -0.0226553 -0.525596 0.850433 -0.00567179 -0.25125 0.967906 -0.0272094 -0.285965 0.957854 -0.0226553 -0.525596 0.850433 -0.0272094 -0.285965 0.957854 -0.0428927 -0.537893 0.841921 -0.00567179 -0.25125 0.967906 0.00725463 -0.0146948 0.999866 -0.0122792 -0.056784 0.998311 -0.00567179 -0.25125 0.967906 -0.0122792 -0.056784 0.998311 -0.0272094 -0.285965 0.957854 0.0183088 0.251477 0.96769 0.0189756 0.299688 0.953849 0.0144737 0.244837 0.969456 0.00725463 -0.0146948 0.999866 0.0139863 0.148379 0.988832 0.00199824 0.129158 0.991622 0.00725463 -0.0146948 0.999866 0.00199824 0.129158 0.991622 -0.0122792 -0.056784 0.998311 -0.115908 -0.921889 0.369712 -0.0392069 -0.80584 0.590834 -0.0549925 -0.806001 0.589354 -0.115908 -0.921889 0.369712 -0.0549925 -0.806001 0.589354 -0.129851 -0.922281 0.364057 -0.381239 -0.148154 0.912528 -0.401468 -0.154972 0.902667 -0.181783 -0.2424 0.952994 -0.381239 -0.148154 0.912528 -0.181783 -0.2424 0.952994 -0.170774 -0.237005 0.956381 -0.780414 0.048038 0.623415 -0.778508 0.0450645 0.626014 -0.736649 0.00693503 0.67624 -0.780414 0.048038 0.623415 -0.736649 0.00693503 0.67624 -0.732554 0.0148583 0.680546 -0.732554 0.0148583 0.680546 -0.736649 0.00693503 0.67624 -0.599522 -0.0588536 0.798192 -0.732554 0.0148583 0.680546 -0.599522 -0.0588536 0.798192 -0.584874 -0.0523934 0.809431 -0.584874 -0.0523934 0.809431 -0.599522 -0.0588536 0.798192 -0.401468 -0.154972 0.902667 -0.584874 -0.0523934 0.809431 -0.401468 -0.154972 0.902667 -0.381239 -0.148154 0.912528 -0.170774 -0.237005 0.956381 -0.181783 -0.2424 0.952994 -0.0442178 -0.297337 0.953748 -0.789702 0.0563964 0.610894 -0.790527 0.0582798 0.609648 -0.79319 0.0611693 0.605894 -0.789702 0.0563964 0.610894 -0.79319 0.0611693 0.605894 -0.793487 0.0612141 0.605501 -0.778508 0.0450645 0.626014 -0.780414 0.048038 0.623415 -0.790527 0.0582798 0.609648 -0.778508 0.0450645 0.626014 -0.790527 0.0582798 0.609648 -0.789702 0.0563964 0.610894 0.192631 -0.008706 0.981233 0.180143 -0.0135186 0.983548 0.0120233 -0.00227424 0.999925 0.192631 -0.008706 0.981233 0.0120233 -0.00227424 0.999925 0.0275307 0.00394865 0.999613 0.817239 -0.0553355 0.573636 0.816434 -0.0578973 0.574528 0.66638 -0.0487092 0.744019 0.817239 -0.0553355 0.573636 0.66638 -0.0487092 0.744019 0.700725 -0.0456586 0.711969 0.700725 -0.0456586 0.711969 0.66638 -0.0487092 0.744019 0.411618 -0.0299234 0.910865 0.700725 -0.0456586 0.711969 0.411618 -0.0299234 0.910865 0.416199 -0.0283155 0.908833 0.416199 -0.0283155 0.908833 0.411618 -0.0299234 0.910865 0.180143 -0.0135186 0.983548 0.416199 -0.0283155 0.908833 0.180143 -0.0135186 0.983548 0.192631 -0.008706 0.981233 0.0275307 0.00394865 0.999613 0.0120233 -0.00227424 0.999925 -0.0720166 -0.00500159 0.997391 -0.230181 0.14802 0.961825 -0.316735 0.197429 0.92774 -0.312845 0.191119 0.930377 -0.230181 0.14802 0.961825 -0.312845 0.191119 0.930377 -0.219077 0.128807 0.967168 0.62844 -0.361783 0.688605 0.361408 -0.201423 0.910392 0.363818 -0.225569 0.903745 0.62844 -0.361783 0.688605 0.363818 -0.225569 0.903745 0.621458 -0.375965 0.687343 0.361408 -0.201423 0.910392 0.115001 -0.0531493 0.991942 0.136724 -0.0887843 0.986622 0.361408 -0.201423 0.910392 0.136724 -0.0887843 0.986622 0.363818 -0.225569 0.903745 0.115001 -0.0531493 0.991942 -0.0908246 0.0684192 0.993514 -0.062591 0.0317807 0.997533 0.115001 -0.0531493 0.991942 -0.062591 0.0317807 0.997533 0.136724 -0.0887843 0.986622 -0.316735 0.197429 0.92774 -0.357407 0.219058 0.907895 -0.312845 0.191119 0.930377 -0.0908246 0.0684192 0.993514 -0.230181 0.14802 0.961825 -0.219077 0.128807 0.967168 -0.0908246 0.0684192 0.993514 -0.219077 0.128807 0.967168 -0.062591 0.0317807 0.997533 0.718969 -0.497972 0.48488 0.62844 -0.361783 0.688605 0.621458 -0.375965 0.687343 0.718969 -0.497972 0.48488 0.621458 -0.375965 0.687343 0.71349 -0.510911 0.479482 -0.0355005 -0.0934536 0.99499 -0.0432422 -0.0849287 0.995448 -0.112198 0.085988 0.989958 -0.0355005 -0.0934536 0.99499 -0.112198 0.085988 0.989958 -0.101054 0.0745863 0.992081 0.238534 -0.743341 0.624937 0.235781 -0.743635 0.625631 0.165309 -0.589222 0.790879 0.238534 -0.743341 0.624937 0.165309 -0.589222 0.790879 0.184788 -0.621742 0.761111 0.184788 -0.621742 0.761111 0.165309 -0.589222 0.790879 0.0545897 -0.325267 0.944045 0.184788 -0.621742 0.761111 0.0545897 -0.325267 0.944045 0.0562944 -0.327588 0.943142 0.0562944 -0.327588 0.943142 0.0545897 -0.325267 0.944045 -0.0432422 -0.0849287 0.995448 0.0562944 -0.327588 0.943142 -0.0432422 -0.0849287 0.995448 -0.0355005 -0.0934536 0.99499 -0.101054 0.0745863 0.992081 -0.112198 0.085988 0.989958 -0.151616 0.164597 0.974639 0.142291 0.0443157 0.988832 0.239092 0.0800759 0.967689 0.231483 0.0810566 0.969456 0.142291 0.0443157 0.988832 0.231483 0.0810566 0.969456 0.119934 0.0479654 0.991622 -0.758652 -0.27454 0.590826 -0.493681 -0.181766 0.850435 -0.512829 -0.167836 0.841925 -0.758652 -0.27454 0.590826 -0.512829 -0.167836 0.841925 -0.764884 -0.260034 0.589352 -0.493681 -0.181766 0.850435 -0.234008 -0.0916445 0.967906 -0.274343 -0.08516 0.957854 -0.493681 -0.181766 0.850435 -0.274343 -0.08516 0.957854 -0.512829 -0.167836 0.841925 -0.234008 -0.0916445 0.967906 -0.0107652 -0.0123552 0.999866 -0.0571292 -0.0105625 0.998311 -0.234008 -0.0916445 0.967906 -0.0571292 -0.0105625 0.998311 -0.274343 -0.08516 0.957854 0.239092 0.0800759 0.967689 0.283826 0.0980484 0.95385 0.231483 0.0810566 0.969456 -0.0107652 -0.0123552 0.999866 0.142291 0.0443157 0.988832 0.119934 0.0479654 0.991622 -0.0107652 -0.0123552 0.999866 0.119934 0.0479654 0.991622 -0.0571292 -0.0105625 0.998311 -0.895287 -0.248539 0.369717 -0.758652 -0.27454 0.590826 -0.764884 -0.260034 0.589352 -0.895287 -0.248539 0.369717 -0.764884 -0.260034 0.589352 -0.901023 -0.23583 0.364063 -0.107001 -0.10374 0.988832 -0.177264 -0.179321 0.967689 -0.170026 -0.176764 0.969456 -0.107001 -0.10374 0.988832 -0.170026 -0.176764 0.969456 -0.0853984 -0.0969103 0.991623 0.553199 0.587273 0.590831 0.358583 0.38494 0.850435 0.381961 0.381148 0.841922 0.553199 0.587273 0.590831 0.381961 0.381148 0.841922 0.565314 0.577145 0.589342 0.358583 0.38494 0.850435 0.167492 0.18736 0.967906 0.206414 0.199769 0.957855 0.358583 0.38494 0.850435 0.206414 0.199769 0.957855 0.381961 0.381148 0.841922 0.167492 0.18736 0.967906 0.00403149 0.0158861 0.999866 0.0462176 0.0352023 0.998311 0.167492 0.18736 0.967906 0.0462176 0.0352023 0.998311 0.206414 0.199769 0.957855 -0.177264 -0.179321 0.967689 -0.209072 -0.215535 0.953852 -0.170026 -0.176764 0.969456 0.00403149 0.0158861 0.999866 -0.107001 -0.10374 0.988832 -0.0853984 -0.0969103 0.991623 0.00403149 0.0158861 0.999866 -0.0853984 -0.0969103 0.991623 0.0462176 0.0352023 0.998311 0.686883 0.625704 0.369711 0.553199 0.587273 0.590831 0.565314 0.577145 0.589342 0.686883 0.625704 0.369711 0.565314 0.577145 0.589342 0.697739 0.616947 0.364056 0.0721902 -0.130384 0.988832 0.126802 -0.217943 0.967689 0.126222 -0.210293 0.969456 0.0721902 -0.130384 0.988832 0.126222 -0.210293 0.969456 0.0712397 -0.107749 0.991622 -0.422413 0.68737 0.590839 -0.27791 0.446688 0.850433 -0.268143 0.468263 0.84192 -0.422413 0.68737 0.590839 -0.268143 0.468263 0.84192 -0.409475 0.69641 0.589359 -0.27791 0.446688 0.850433 -0.137108 0.210614 0.967907 -0.138919 0.251427 0.957855 -0.27791 0.446688 0.850433 -0.138919 0.251427 0.957855 -0.268143 0.468263 0.84192 -0.137108 0.210614 0.967907 -0.0142828 0.00804019 0.999866 -0.0219098 0.0538087 0.998311 -0.137108 0.210614 0.967907 -0.0219098 0.0538087 0.998311 -0.138919 0.251427 0.957855 0.126802 -0.217943 0.967689 0.153455 -0.258113 0.95385 0.126222 -0.210293 0.969456 -0.0142828 0.00804019 0.999866 0.0721902 -0.130384 0.988832 0.0712397 -0.107749 0.991622 -0.0142828 0.00804019 0.999866 0.0712397 -0.107749 0.991622 -0.0219098 0.0538087 0.998311 -0.424591 0.826458 0.369716 -0.422413 0.68737 0.590839 -0.409475 0.69641 0.589359 -0.424591 0.826458 0.369716 -0.409475 0.69641 0.589359 -0.413302 0.834651 0.36406 -0.0715263 -0.0607145 0.995589 -0.0622828 -0.0539063 0.996602 0.114393 -0.00124328 0.993435 -0.0715263 -0.0607145 0.995589 0.114393 -0.00124328 0.993435 0.102005 -0.0114173 0.994718 -0.751547 -0.231508 0.617722 -0.751561 -0.228829 0.618704 -0.588065 -0.19107 0.785921 -0.751547 -0.231508 0.617722 -0.588065 -0.19107 0.785921 -0.622854 -0.204142 0.755234 -0.622854 -0.204142 0.755234 -0.588065 -0.19107 0.785921 -0.311874 -0.122584 0.942182 -0.622854 -0.204142 0.755234 -0.311874 -0.122584 0.942182 -0.314366 -0.12396 0.941174 -0.314366 -0.12396 0.941174 -0.311874 -0.122584 0.942182 -0.0622828 -0.0539063 0.996602 -0.314366 -0.12396 0.941174 -0.0622828 -0.0539063 0.996602 -0.0715263 -0.0607145 0.995589 0.102005 -0.0114173 0.994718 0.114393 -0.00124328 0.993435 0.196163 0.0319491 0.980051 0.099155 0.106823 0.989321 0.0925218 0.0975343 0.990922 -0.0592609 -0.00689396 0.998219 0.099155 0.106823 0.989321 -0.0592609 -0.00689396 0.998219 -0.0505613 0.00662576 0.998699 0.673636 0.46782 0.572152 0.674527 0.465292 0.573164 0.539198 0.38377 0.749657 0.673636 0.46782 0.572152 0.539198 0.38377 0.749657 0.566687 0.406052 0.71693 0.566687 0.406052 0.71693 0.539198 0.38377 0.749657 0.305751 0.238029 0.921878 0.566687 0.406052 0.71693 0.305751 0.238029 0.921878 0.307645 0.240072 0.920717 0.307645 0.240072 0.920717 0.305751 0.238029 0.921878 0.0925218 0.0975343 0.990922 0.307645 0.240072 0.920717 0.0925218 0.0975343 0.990922 0.099155 0.106823 0.989321 -0.0505613 0.00662576 0.998699 -0.0592609 -0.00689396 0.998219 -0.127391 -0.063941 0.989789 0.0834108 0.123509 0.988832 0.136632 0.211914 0.96769 0.130083 0.207926 0.969456 0.0834108 0.123509 0.988832 0.130083 0.207926 0.969456 0.0636751 0.112389 0.991622 -0.420747 -0.688394 0.590834 -0.271866 -0.450392 0.850433 -0.295522 -0.451482 0.841921 -0.420747 -0.688394 0.590834 -0.295522 -0.451482 0.841921 -0.434678 -0.680968 0.589354 -0.271866 -0.450392 0.850433 -0.125433 -0.217773 0.967906 -0.160977 -0.237913 0.957854 -0.271866 -0.450392 0.850433 -0.160977 -0.237913 0.957854 -0.295522 -0.451482 0.841921 -0.125433 -0.217773 0.967906 -0.0006785 -0.0163739 0.999866 -0.0379997 -0.0439457 0.998311 -0.125433 -0.217773 0.967906 -0.0379997 -0.0439457 0.998311 -0.160977 -0.237913 0.957854 0.136632 0.211914 0.96769 0.160331 0.253903 0.953849 0.130083 0.207926 0.969456 -0.0006785 -0.0163739 0.999866 0.0834108 0.123509 0.988832 0.0636751 0.112389 0.991622 -0.0006785 -0.0163739 0.999866 0.0636751 0.112389 0.991622 -0.0379997 -0.0439457 0.998311 -0.543696 -0.753464 0.369712 -0.420747 -0.688394 0.590834 -0.434678 -0.680968 0.589354 -0.543696 -0.753464 0.369712 -0.434678 -0.680968 0.589354 -0.55612 -0.747124 0.364057 -0.405597 0.0527583 0.912528 -0.426619 0.0564731 0.902667 -0.275742 -0.125575 0.952994 -0.405597 0.0527583 0.912528 -0.275742 -0.125575 0.952994 -0.263494 -0.126118 0.956381 -0.661847 0.416308 0.623415 -0.6616 0.412785 0.626014 -0.643145 0.359254 0.67624 -0.661847 0.416308 0.623415 -0.643145 0.359254 0.67624 -0.635753 0.364245 0.680546 -0.635753 0.364245 0.680546 -0.643145 0.359254 0.67624 -0.554346 0.235777 0.798192 -0.635753 0.364245 0.680546 -0.554346 0.235777 0.798192 -0.538394 0.234424 0.809431 -0.538394 0.234424 0.809431 -0.554346 0.235777 0.798192 -0.426619 0.0564731 0.902667 -0.538394 0.234424 0.809431 -0.426619 0.0564731 0.902667 -0.405597 0.0527583 0.912528 -0.263494 -0.126118 0.956381 -0.275742 -0.125575 0.952994 -0.181356 -0.239739 0.953748 -0.665991 0.428096 0.610894 -0.665812 0.430144 0.609648 -0.666764 0.433957 0.605894 -0.665991 0.428096 0.610894 -0.666764 0.433957 0.605894 -0.667003 0.434138 0.605501 -0.6616 0.412785 0.626014 -0.661847 0.416308 0.623415 -0.665812 0.430144 0.609648 -0.6616 0.412785 0.626014 -0.665812 0.430144 0.609648 -0.665991 0.428096 0.610894 0.164876 -0.0999925 0.981233 0.151609 -0.098229 0.983548 0.00946109 -0.00776011 0.999925 0.164876 -0.0999925 0.981233 0.00946109 -0.00776011 0.999925 0.0260535 -0.00973365 0.999613 0.690666 -0.440367 0.573636 0.688731 -0.442229 0.574528 0.561451 -0.362226 0.744019 0.690666 -0.440367 0.573636 0.561451 -0.362226 0.744019 0.593054 -0.376015 0.711969 0.593054 -0.376015 0.711969 0.561451 -0.362226 0.744019 0.346883 -0.223601 0.910865 0.593054 -0.376015 0.711969 0.346883 -0.223601 0.910865 0.351674 -0.224386 0.908833 0.351674 -0.224386 0.908833 0.346883 -0.223601 0.910865 0.151609 -0.098229 0.983548 0.351674 -0.224386 0.908833 0.151609 -0.098229 0.983548 0.164876 -0.0999925 0.981233 0.0260535 -0.00973365 0.999613 0.00946109 -0.00776011 0.999925 -0.0655984 0.0301373 0.997391</float_array>
          <technique_common><accessor source="#farm_unknown_weed_normals_array" count="10260" stride="3"><param name="X" type="float"/><param name="Y" type="float"/><param name="Z" type="float"/></accessor></technique_common>
        </source>
        <source id="farm_unknown_weed_uv">
          <float_array id="farm_unknown_weed_uv_array" count="20520">0.709755 0.936279 0.808781 0.919817 0.8285 0.782132 0.709755 0.936279 0.8285 0.782132 0.729899 0.714366 0.17706 0.817314 0.299423 0.839575 0.303825 0.750031 0.17706 0.817314 0.303825 0.750031 0.179016 0.768401 0.299423 0.839575 0.429438 0.909303 0.43444 0.686137 0.299423 0.839575 0.43444 0.686137 0.303825 0.750031 0.429438 0.909303 0.583042 0.939243 0.585893 0.684207 0.429438 0.909303 0.585893 0.684207 0.43444 0.686137 0.808781 0.919817 0.914355 0.888807 0.8285 0.782132 0.583042 0.939243 0.709755 0.936279 0.729899 0.714366 0.583042 0.939243 0.729899 0.714366 0.585893 0.684207 -0.00204492 0.807198 0.17706 0.817314 0.179016 0.768401 -0.00204492 0.807198 0.179016 0.768401 -0.00204492 0.763003 0.591493 0.387369 0.599092 0.583986 0.760145 0.567449 0.591493 0.387369 0.760145 0.567449 0.741914 0.392472 0.060386 0.394407 0.060386 0.437904 0.261091 0.508143 0.060386 0.394407 0.261091 0.508143 0.257446 0.43207 0.257446 0.43207 0.261091 0.508143 0.4266 0.56595 0.257446 0.43207 0.4266 0.56595 0.428334 0.393641 0.428334 0.393641 0.4266 0.56595 0.599092 0.583986 0.428334 0.393641 0.599092 0.583986 0.591493 0.387369 0.741914 0.392472 0.760145 0.567449 0.878428 0.464202 0.709755 0.936279 0.808781 0.919817 0.8285 0.782132 0.709755 0.936279 0.8285 0.782132 0.729899 0.714366 0.17706 0.817314 0.299423 0.839575 0.303825 0.750031 0.17706 0.817314 0.303825 0.750031 0.179016 0.768401 0.299423 0.839575 0.429438 0.909303 0.43444 0.686137 0.299423 0.839575 0.43444 0.686137 0.303825 0.750031 0.429438 0.909303 0.583042 0.939243 0.585893 0.684207 0.429438 0.909303 0.585893 0.684207 0.43444 0.686137 0.808781 0.919817 0.914355 0.888807 0.8285 0.782132 0.583042 0.939243 0.709755 0.936279 0.729899 0.714366 0.583042 0.939243 0.729899 0.714366 0.585893 0.684207 -0.00204492 0.807198 0.17706 0.817314 0.179016 0.768401 -0.00204492 0.807198 0.179016 0.768401 -0.00204492 0.763003 0.709755 0.936279 0.808781 0.919817 0.8285 0.782132 0.709755 0.936279 0.8285 0.782132 0.729899 0.714366 0.17706 0.817314 0.299423 0.839575 0.303825 0.750031 0.17706 0.817314 0.303825 0.750031 0.179016 0.768401 0.299423 0.839575 0.429438 0.909303 0.43444 0.686137 0.299423 0.839575 0.43444 0.686137 0.303825 0.750031 0.429438 0.909303 0.583042 0.939243 0.585893 0.684207 0.429438 0.909303 0.585893 0.684207 0.43444 0.686137 0.808781 0.919817 0.914355 0.888807 0.8285 0.782132 0.583042 0.939243 0.709755 0.936279 0.729899 0.714366 0.583042 0.939243 0.729899 0.714366 0.585893 0.684207 -0.00204492 0.807198 0.17706 0.817314 0.179016 0.768401 -0.00204492 0.807198 0.179016 0.768401 -0.00204492 0.763003 0.709755 0.936279 0.808781 0.919817 0.8285 0.782132 0.709755 0.936279 0.8285 0.782132 0.729899 0.714366 0.17706 0.817314 0.299423 0.839575 0.303825 0.750031 0.17706 0.817314 0.303825 0.750031 0.179016 0.768401 0.299423 0.839575 0.429438 0.909303 0.43444 0.686137 0.299423 0.839575 0.43444 0.686137 0.303825 0.750031 0.429438 0.909303 0.583042 0.939243 0.585893 0.684207 0.429438 0.909303 0.585893 0.684207 0.43444 0.686137 0.808781 0.919817 0.914355 0.888807 0.8285 0.782132 0.583042 0.939243 0.709755 0.936279 0.729899 0.714366 0.583042 0.939243 0.729899 0.714366 0.585893 0.684207 -0.00204492 0.807198 0.17706 0.817314 0.179016 0.768401 -0.00204492 0.807198 0.179016 0.768401 -0.00204492 0.763003 0.591493 0.387369 0.599092 0.583986 0.760145 0.567449 0.591493 0.387369 0.760145 0.567449 0.741914 0.392472 0.060386 0.394407 0.060386 0.437904 0.261091 0.508143 0.060386 0.394407 0.261091 0.508143 0.257446 0.43207 0.257446 0.43207 0.261091 0.508143 0.4266 0.56595 0.257446 0.43207 0.4266 0.56595 0.428334 0.393641 0.428334 0.393641 0.4266 0.56595 0.599092 0.583986 0.428334 0.393641 0.599092 0.583986 0.591493 0.387369 0.741914 0.392472 0.760145 0.567449 0.878428 0.464202 0.591493 0.387369 0.599092 0.583986 0.760145 0.567449 0.591493 0.387369 0.760145 0.567449 0.741914 0.392472 0.060386 0.394407 0.060386 0.437904 0.261091 0.508143 0.060386 0.394407 0.261091 0.508143 0.257446 0.43207 0.257446 0.43207 0.261091 0.508143 0.4266 0.56595 0.257446 0.43207 0.4266 0.56595 0.428334 0.393641 0.428334 0.393641 0.4266 0.56595 0.599092 0.583986 0.428334 0.393641 0.599092 0.583986 0.591493 0.387369 0.741914 0.392472 0.760145 0.567449 0.878428 0.464202 0.709755 0.936279 0.808781 0.919817 0.8285 0.782132 0.709755 0.936279 0.8285 0.782132 0.729899 0.714366 0.17706 0.817314 0.299423 0.839575 0.303825 0.750031 0.17706 0.817314 0.303825 0.750031 0.179016 0.768401 0.299423 0.839575 0.429438 0.909303 0.43444 0.686137 0.299423 0.839575 0.43444 0.686137 0.303825 0.750031 0.429438 0.909303 0.583042 0.939243 0.585893 0.684207 0.429438 0.909303 0.585893 0.684207 0.43444 0.686137 0.808781 0.919817 0.914355 0.888807 0.8285 0.782132 0.583042 0.939243 0.709755 0.936279 0.729899 0.714366 0.583042 0.939243 0.729899 0.714366 0.585893 0.684207 -0.00204492 0.807198 0.17706 0.817314 0.179016 0.768401 -0.00204492 0.807198 0.179016 0.768401 -0.00204492 0.763003 0.621477 0.060627 0.624334 0.359182 0.828341 0.325066 0.621477 0.060627 0.828341 0.325066 0.819538 0.092405 0.125212 0.184124 0.125212 0.218603 0.190253 0.238508 0.125212 0.184124 0.190253 0.238508 0.19101 0.187549 0.19101 0.187549 0.190253 0.238508 0.429177 0.340818 0.19101 0.187549 0.429177 0.340818 0.427038 0.097583 0.427038 0.097583 0.429177 0.340818 0.624334 0.359182 0.427038 0.097583 0.624334 0.359182 0.621477 0.060627 0.819538 0.092405 0.828341 0.325066 0.97611 0.182722 0.0483499 0.171171 0.0532889 0.140025 -0.00607598 0.026743 0.0483499 0.171171 -0.00607598 0.026743 -0.007177 0.108312 0.125212 0.218603 0.125212 0.184124 0.0532889 0.140025 0.125212 0.218603 0.0532889 0.140025 0.0483499 0.171171 0.591493 0.387369 0.599092 0.583986 0.760145 0.567449 0.591493 0.387369 0.760145 0.567449 0.741914 0.392472 0.060386 0.394407 0.060386 0.437904 0.261091 0.508143 0.060386 0.394407 0.261091 0.508143 0.257446 0.43207 0.257446 0.43207 0.261091 0.508143 0.4266 0.56595 0.257446 0.43207 0.4266 0.56595 0.428334 0.393641 0.428334 0.393641 0.4266 0.56595 0.599092 0.583986 0.428334 0.393641 0.599092 0.583986 0.591493 0.387369 0.741914 0.392472 0.760145 0.567449 0.878428 0.464202 0.709755 0.936279 0.808781 0.919817 0.8285 0.782132 0.709755 0.936279 0.8285 0.782132 0.729899 0.714366 0.17706 0.817314 0.299423 0.839575 0.303825 0.750031 0.17706 0.817314 0.303825 0.750031 0.179016 0.768401 0.299423 0.839575 0.429438 0.909303 0.43444 0.686137 0.299423 0.839575 0.43444 0.686137 0.303825 0.750031 0.429438 0.909303 0.583042 0.939243 0.585893 0.684207 0.429438 0.909303 0.585893 0.684207 0.43444 0.686137 0.808781 0.919817 0.914355 0.888807 0.8285 0.782132 0.583042 0.939243 0.709755 0.936279 0.729899 0.714366 0.583042 0.939243 0.729899 0.714366 0.585893 0.684207 -0.00204492 0.807198 0.17706 0.817314 0.179016 0.768401 -0.00204492 0.807198 0.179016 0.768401 -0.00204492 0.763003 0.591493 0.387369 0.599092 0.583986 0.760145 0.567449 0.591493 0.387369 0.760145 0.567449 0.741914 0.392472 0.060386 0.394407 0.060386 0.437904 0.261091 0.508143 0.060386 0.394407 0.261091 0.508143 0.257446 0.43207 0.257446 0.43207 0.261091 0.508143 0.4266 0.56595 0.257446 0.43207 0.4266 0.56595 0.428334 0.393641 0.428334 0.393641 0.4266 0.56595 0.599092 0.583986 0.428334 0.393641 0.599092 0.583986 0.591493 0.387369 0.741914 0.392472 0.760145 0.567449 0.878428 0.464202 0.709755 0.936279 0.808781 0.919817 0.8285 0.782132 0.709755 0.936279 0.8285 0.782132 0.729899 0.714366 0.17706 0.817314 0.299423 0.839575 0.303825 0.750031 0.17706 0.817314 0.303825 0.750031 0.179016 0.768401 0.299423 0.839575 0.429438 0.909303 0.43444 0.686137 0.299423 0.839575 0.43444 0.686137 0.303825 0.750031 0.429438 0.909303 0.583042 0.939243 0.585893 0.684207 0.429438 0.909303 0.585893 0.684207 0.43444 0.686137 0.808781 0.919817 0.914355 0.888807 0.8285 0.782132 0.583042 0.939243 0.709755 0.936279 0.729899 0.714366 0.583042 0.939243 0.729899 0.714366 0.585893 0.684207 -0.00204492 0.807198 0.17706 0.817314 0.179016 0.768401 -0.00204492 0.807198 0.179016 0.768401 -0.00204492 0.763003 0.709755 0.936279 0.808781 0.919817 0.8285 0.782132 0.709755 0.936279 0.8285 0.782132 0.729899 0.714366 0.17706 0.817314 0.299423 0.839575 0.303825 0.750031 0.17706 0.817314 0.303825 0.750031 0.179016 0.768401 0.299423 0.839575 0.429438 0.909303 0.43444 0.686137 0.299423 0.839575 0.43444 0.686137 0.303825 0.750031 0.429438 0.909303 0.583042 0.939243 0.585893 0.684207 0.429438 0.909303 0.585893 0.684207 0.43444 0.686137 0.808781 0.919817 0.914355 0.888807 0.8285 0.782132 0.583042 0.939243 0.709755 0.936279 0.729899 0.714366 0.583042 0.939243 0.729899 0.714366 0.585893 0.684207 -0.00204492 0.807198 0.17706 0.817314 0.179016 0.768401 -0.00204492 0.807198 0.179016 0.768401 -0.00204492 0.763003 0.709755 0.936279 0.808781 0.919817 0.8285 0.782132 0.709755 0.936279 0.8285 0.782132 0.729899 0.714366 0.17706 0.817314 0.299423 0.839575 0.303825 0.750031 0.17706 0.817314 0.303825 0.750031 0.179016 0.768401 0.299423 0.839575 0.429438 0.909303 0.43444 0.686137 0.299423 0.839575 0.43444 0.686137 0.303825 0.750031 0.429438 0.909303 0.583042 0.939243 0.585893 0.684207 0.429438 0.909303 0.585893 0.684207 0.43444 0.686137 0.808781 0.919817 0.914355 0.888807 0.8285 0.782132 0.583042 0.939243 0.709755 0.936279 0.729899 0.714366 0.583042 0.939243 0.729899 0.714366 0.585893 0.684207 -0.00204492 0.807198 0.17706 0.817314 0.179016 0.768401 -0.00204492 0.807198 0.179016 0.768401 -0.00204492 0.763003 0.591493 0.387369 0.599092 0.583986 0.760145 0.567449 0.591493 0.387369 0.760145 0.567449 0.741914 0.392472 0.060386 0.394407 0.060386 0.437904 0.261091 0.508143 0.060386 0.394407 0.261091 0.508143 0.257446 0.43207 0.257446 0.43207 0.261091 0.508143 0.4266 0.56595 0.257446 0.43207 0.4266 0.56595 0.428334 0.393641 0.428334 0.393641 0.4266 0.56595 0.599092 0.583986 0.428334 0.393641 0.599092 0.583986 0.591493 0.387369 0.741914 0.392472 0.760145 0.567449 0.878428 0.464202 0.591493 0.387369 0.599092 0.583986 0.760145 0.567449 0.591493 0.387369 0.760145 0.567449 0.741914 0.392472 0.060386 0.394407 0.060386 0.437904 0.261091 0.508143 0.060386 0.394407 0.261091 0.508143 0.257446 0.43207 0.257446 0.43207 0.261091 0.508143 0.4266 0.56595 0.257446 0.43207 0.4266 0.56595 0.428334 0.393641 0.428334 0.393641 0.4266 0.56595 0.599092 0.583986 0.428334 0.393641 0.599092 0.583986 0.591493 0.387369 0.741914 0.392472 0.760145 0.567449 0.878428 0.464202 0.709755 0.936279 0.808781 0.919817 0.8285 0.782132 0.709755 0.936279 0.8285 0.782132 0.729899 0.714366 0.17706 0.817314 0.299423 0.839575 0.303825 0.750031 0.17706 0.817314 0.303825 0.750031 0.179016 0.768401 0.299423 0.839575 0.429438 0.909303 0.43444 0.686137 0.299423 0.839575 0.43444 0.686137 0.303825 0.750031 0.429438 0.909303 0.583042 0.939243 0.585893 0.684207 0.429438 0.909303 0.585893 0.684207 0.43444 0.686137 0.808781 0.919817 0.914355 0.888807 0.8285 0.782132 0.583042 0.939243 0.709755 0.936279 0.729899 0.714366 0.583042 0.939243 0.729899 0.714366 0.585893 0.684207 -0.00204492 0.807198 0.17706 0.817314 0.179016 0.768401 -0.00204492 0.807198 0.179016 0.768401 -0.00204492 0.763003 0.621477 0.060627 0.624334 0.359182 0.828341 0.325066 0.621477 0.060627 0.828341 0.325066 0.819538 0.092405 0.125212 0.184124 0.125212 0.218603 0.190253 0.238508 0.125212 0.184124 0.190253 0.238508 0.19101 0.187549 0.19101 0.187549 0.190253 0.238508 0.429177 0.340818 0.19101 0.187549 0.429177 0.340818 0.427038 0.097583 0.427038 0.097583 0.429177 0.340818 0.624334 0.359182 0.427038 0.097583 0.624334 0.359182 0.621477 0.060627 0.819538 0.092405 0.828341 0.325066 0.97611 0.182722 0.0483499 0.171171 0.0532889 0.140025 -0.00607598 0.026743 0.0483499 0.171171 -0.00607598 0.026743 -0.007177 0.108312 0.125212 0.218603 0.125212 0.184124 0.0532889 0.140025 0.125212 0.218603 0.0532889 0.140025 0.0483499 0.171171 0.591493 0.387369 0.599092 0.583986 0.760145 0.567449 0.591493 0.387369 0.760145 0.567449 0.741914 0.392472 0.060386 0.394407 0.060386 0.437904 0.261091 0.508143 0.060386 0.394407 0.261091 0.508143 0.257446 0.43207 0.257446 0.43207 0.261091 0.508143 0.4266 0.56595 0.257446 0.43207 0.4266 0.56595 0.428334 0.393641 0.428334 0.393641 0.4266 0.56595 0.599092 0.583986 0.428334 0.393641 0.599092 0.583986 0.591493 0.387369 0.741914 0.392472 0.760145 0.567449 0.878428 0.464202 0.709755 0.936279 0.808781 0.919817 0.8285 0.782132 0.709755 0.936279 0.8285 0.782132 0.729899 0.714366 0.17706 0.817314 0.299423 0.839575 0.303825 0.750031 0.17706 0.817314 0.303825 0.750031 0.179016 0.768401 0.299423 0.839575 0.429438 0.909303 0.43444 0.686137 0.299423 0.839575 0.43444 0.686137 0.303825 0.750031 0.429438 0.909303 0.583042 0.939243 0.585893 0.684207 0.429438 0.909303 0.585893 0.684207 0.43444 0.686137 0.808781 0.919817 0.914355 0.888807 0.8285 0.782132 0.583042 0.939243 0.709755 0.936279 0.729899 0.714366 0.583042 0.939243 0.729899 0.714366 0.585893 0.684207 -0.00204492 0.807198 0.17706 0.817314 0.179016 0.768401 -0.00204492 0.807198 0.179016 0.768401 -0.00204492 0.763003 0.591493 0.387369 0.599092 0.583986 0.760145 0.567449 0.591493 0.387369 0.760145 0.567449 0.741914 0.392472 0.060386 0.394407 0.060386 0.437904 0.261091 0.508143 0.060386 0.394407 0.261091 0.508143 0.257446 0.43207 0.257446 0.43207 0.261091 0.508143 0.4266 0.56595 0.257446 0.43207 0.4266 0.56595 0.428334 0.393641 0.428334 0.393641 0.4266 0.56595 0.599092 0.583986 0.428334 0.393641 0.599092 0.583986 0.591493 0.387369 0.741914 0.392472 0.760145 0.567449 0.878428 0.464202 0.709755 0.936279 0.808781 0.919817 0.8285 0.782132 0.709755 0.936279 0.8285 0.782132 0.729899 0.714366 0.17706 0.817314 0.299423 0.839575 0.303825 0.750031 0.17706 0.817314 0.303825 0.750031 0.179016 0.768401 0.299423 0.839575 0.429438 0.909303 0.43444 0.686137 0.299423 0.839575 0.43444 0.686137 0.303825 0.750031 0.429438 0.909303 0.583042 0.939243 0.585893 0.684207 0.429438 0.909303 0.585893 0.684207 0.43444 0.686137 0.808781 0.919817 0.914355 0.888807 0.8285 0.782132 0.583042 0.939243 0.709755 0.936279 0.729899 0.714366 0.583042 0.939243 0.729899 0.714366 0.585893 0.684207 -0.00204492 0.807198 0.17706 0.817314 0.179016 0.768401 -0.00204492 0.807198 0.179016 0.768401 -0.00204492 0.763003 0.709755 0.936279 0.808781 0.919817 0.8285 0.782132 0.709755 0.936279 0.8285 0.782132 0.729899 0.714366 0.17706 0.817314 0.299423 0.839575 0.303825 0.750031 0.17706 0.817314 0.303825 0.750031 0.179016 0.768401 0.299423 0.839575 0.429438 0.909303 0.43444 0.686137 0.299423 0.839575 0.43444 0.686137 0.303825 0.750031 0.429438 0.909303 0.583042 0.939243 0.585893 0.684207 0.429438 0.909303 0.585893 0.684207 0.43444 0.686137 0.808781 0.919817 0.914355 0.888807 0.8285 0.782132 0.583042 0.939243 0.709755 0.936279 0.729899 0.714366 0.583042 0.939243 0.729899 0.714366 0.585893 0.684207 -0.00204492 0.807198 0.17706 0.817314 0.179016 0.768401 -0.00204492 0.807198 0.179016 0.768401 -0.00204492 0.763003 0.709755 0.936279 0.808781 0.919817 0.8285 0.782132 0.709755 0.936279 0.8285 0.782132 0.729899 0.714366 0.17706 0.817314 0.299423 0.839575 0.303825 0.750031 0.17706 0.817314 0.303825 0.750031 0.179016 0.768401 0.299423 0.839575 0.429438 0.909303 0.43444 0.686137 0.299423 0.839575 0.43444 0.686137 0.303825 0.750031 0.429438 0.909303 0.583042 0.939243 0.585893 0.684207 0.429438 0.909303 0.585893 0.684207 0.43444 0.686137 0.808781 0.919817 0.914355 0.888807 0.8285 0.782132 0.583042 0.939243 0.709755 0.936279 0.729899 0.714366 0.583042 0.939243 0.729899 0.714366 0.585893 0.684207 -0.00204492 0.807198 0.17706 0.817314 0.179016 0.768401 -0.00204492 0.807198 0.179016 0.768401 -0.00204492 0.763003 0.591493 0.387369 0.599092 0.583986 0.760145 0.567449 0.591493 0.387369 0.760145 0.567449 0.741914 0.392472 0.060386 0.394407 0.060386 0.437904 0.261091 0.508143 0.060386 0.394407 0.261091 0.508143 0.257446 0.43207 0.257446 0.43207 0.261091 0.508143 0.4266 0.56595 0.257446 0.43207 0.4266 0.56595 0.428334 0.393641 0.428334 0.393641 0.4266 0.56595 0.599092 0.583986 0.428334 0.393641 0.599092 0.583986 0.591493 0.387369 0.741914 0.392472 0.760145 0.567449 0.878428 0.464202 0.591493 0.387369 0.599092 0.583986 0.760145 0.567449 0.591493 0.387369 0.760145 0.567449 0.741914 0.392472 0.060386 0.394407 0.060386 0.437904 0.261091 0.508143 0.060386 0.394407 0.261091 0.508143 0.257446 0.43207 0.257446 0.43207 0.261091 0.508143 0.4266 0.56595 0.257446 0.43207 0.4266 0.56595 0.428334 0.393641 0.428334 0.393641 0.4266 0.56595 0.599092 0.583986 0.428334 0.393641 0.599092 0.583986 0.591493 0.387369 0.741914 0.392472 0.760145 0.567449 0.878428 0.464202 0.709755 0.936279 0.808781 0.919817 0.8285 0.782132 0.709755 0.936279 0.8285 0.782132 0.729899 0.714366 0.17706 0.817314 0.299423 0.839575 0.303825 0.750031 0.17706 0.817314 0.303825 0.750031 0.179016 0.768401 0.299423 0.839575 0.429438 0.909303 0.43444 0.686137 0.299423 0.839575 0.43444 0.686137 0.303825 0.750031 0.429438 0.909303 0.583042 0.939243 0.585893 0.684207 0.429438 0.909303 0.585893 0.684207 0.43444 0.686137 0.808781 0.919817 0.914355 0.888807 0.8285 0.782132 0.583042 0.939243 0.709755 0.936279 0.729899 0.714366 0.583042 0.939243 0.729899 0.714366 0.585893 0.684207 -0.00204492 0.807198 0.17706 0.817314 0.179016 0.768401 -0.00204492 0.807198 0.179016 0.768401 -0.00204492 0.763003 0.621477 0.060627 0.624334 0.359182 0.828341 0.325066 0.621477 0.060627 0.828341 0.325066 0.819538 0.092405 0.125212 0.184124 0.125212 0.218603 0.190253 0.238508 0.125212 0.184124 0.190253 0.238508 0.19101 0.187549 0.19101 0.187549 0.190253 0.238508 0.429177 0.340818 0.19101 0.187549 0.429177 0.340818 0.427038 0.097583 0.427038 0.097583 0.429177 0.340818 0.624334 0.359182 0.427038 0.097583 0.624334 0.359182 0.621477 0.060627 0.819538 0.092405 0.828341 0.325066 0.97611 0.182722 0.0483499 0.171171 0.0532889 0.140025 -0.00607598 0.026743 0.0483499 0.171171 -0.00607598 0.026743 -0.007177 0.108312 0.125212 0.218603 0.125212 0.184124 0.0532889 0.140025 0.125212 0.218603 0.0532889 0.140025 0.0483499 0.171171 0.591493 0.387369 0.599092 0.583986 0.760145 0.567449 0.591493 0.387369 0.760145 0.567449 0.741914 0.392472 0.060386 0.394407 0.060386 0.437904 0.261091 0.508143 0.060386 0.394407 0.261091 0.508143 0.257446 0.43207 0.257446 0.43207 0.261091 0.508143 0.4266 0.56595 0.257446 0.43207 0.4266 0.56595 0.428334 0.393641 0.428334 0.393641 0.4266 0.56595 0.599092 0.583986 0.428334 0.393641 0.599092 0.583986 0.591493 0.387369 0.741914 0.392472 0.760145 0.567449 0.878428 0.464202 0.709755 0.936279 0.808781 0.919817 0.8285 0.782132 0.709755 0.936279 0.8285 0.782132 0.729899 0.714366 0.17706 0.817314 0.299423 0.839575 0.303825 0.750031 0.17706 0.817314 0.303825 0.750031 0.179016 0.768401 0.299423 0.839575 0.429438 0.909303 0.43444 0.686137 0.299423 0.839575 0.43444 0.686137 0.303825 0.750031 0.429438 0.909303 0.583042 0.939243 0.585893 0.684207 0.429438 0.909303 0.585893 0.684207 0.43444 0.686137 0.808781 0.919817 0.914355 0.888807 0.8285 0.782132 0.583042 0.939243 0.709755 0.936279 0.729899 0.714366 0.583042 0.939243 0.729899 0.714366 0.585893 0.684207 -0.00204492 0.807198 0.17706 0.817314 0.179016 0.768401 -0.00204492 0.807198 0.179016 0.768401 -0.00204492 0.763003 0.591493 0.387369 0.599092 0.583986 0.760145 0.567449 0.591493 0.387369 0.760145 0.567449 0.741914 0.392472 0.060386 0.394407 0.060386 0.437904 0.261091 0.508143 0.060386 0.394407 0.261091 0.508143 0.257446 0.43207 0.257446 0.43207 0.261091 0.508143 0.4266 0.56595 0.257446 0.43207 0.4266 0.56595 0.428334 0.393641 0.428334 0.393641 0.4266 0.56595 0.599092 0.583986 0.428334 0.393641 0.599092 0.583986 0.591493 0.387369 0.741914 0.392472 0.760145 0.567449 0.878428 0.464202 0.709755 0.936279 0.808781 0.919817 0.8285 0.782132 0.709755 0.936279 0.8285 0.782132 0.729899 0.714366 0.17706 0.817314 0.299423 0.839575 0.303825 0.750031 0.17706 0.817314 0.303825 0.750031 0.179016 0.768401 0.299423 0.839575 0.429438 0.909303 0.43444 0.686137 0.299423 0.839575 0.43444 0.686137 0.303825 0.750031 0.429438 0.909303 0.583042 0.939243 0.585893 0.684207 0.429438 0.909303 0.585893 0.684207 0.43444 0.686137 0.808781 0.919817 0.914355 0.888807 0.8285 0.782132 0.583042 0.939243 0.709755 0.936279 0.729899 0.714366 0.583042 0.939243 0.729899 0.714366 0.585893 0.684207 -0.00204492 0.807198 0.17706 0.817314 0.179016 0.768401 -0.00204492 0.807198 0.179016 0.768401 -0.00204492 0.763003 0.709755 0.936279 0.808781 0.919817 0.8285 0.782132 0.709755 0.936279 0.8285 0.782132 0.729899 0.714366 0.17706 0.817314 0.299423 0.839575 0.303825 0.750031 0.17706 0.817314 0.303825 0.750031 0.179016 0.768401 0.299423 0.839575 0.429438 0.909303 0.43444 0.686137 0.299423 0.839575 0.43444 0.686137 0.303825 0.750031 0.429438 0.909303 0.583042 0.939243 0.585893 0.684207 0.429438 0.909303 0.585893 0.684207 0.43444 0.686137 0.808781 0.919817 0.914355 0.888807 0.8285 0.782132 0.583042 0.939243 0.709755 0.936279 0.729899 0.714366 0.583042 0.939243 0.729899 0.714366 0.585893 0.684207 -0.00204492 0.807198 0.17706 0.817314 0.179016 0.768401 -0.00204492 0.807198 0.179016 0.768401 -0.00204492 0.763003 0.709755 0.936279 0.808781 0.919817 0.8285 0.782132 0.709755 0.936279 0.8285 0.782132 0.729899 0.714366 0.17706 0.817314 0.299423 0.839575 0.303825 0.750031 0.17706 0.817314 0.303825 0.750031 0.179016 0.768401 0.299423 0.839575 0.429438 0.909303 0.43444 0.686137 0.299423 0.839575 0.43444 0.686137 0.303825 0.750031 0.429438 0.909303 0.583042 0.939243 0.585893 0.684207 0.429438 0.909303 0.585893 0.684207 0.43444 0.686137 0.808781 0.919817 0.914355 0.888807 0.8285 0.782132 0.583042 0.939243 0.709755 0.936279 0.729899 0.714366 0.583042 0.939243 0.729899 0.714366 0.585893 0.684207 -0.00204492 0.807198 0.17706 0.817314 0.179016 0.768401 -0.00204492 0.807198 0.179016 0.768401 -0.00204492 0.763003 0.591493 0.387369 0.599092 0.583986 0.760145 0.567449 0.591493 0.387369 0.760145 0.567449 0.741914 0.392472 0.060386 0.394407 0.060386 0.437904 0.261091 0.508143 0.060386 0.394407 0.261091 0.508143 0.257446 0.43207 0.257446 0.43207 0.261091 0.508143 0.4266 0.56595 0.257446 0.43207 0.4266 0.56595 0.428334 0.393641 0.428334 0.393641 0.4266 0.56595 0.599092 0.583986 0.428334 0.393641 0.599092 0.583986 0.591493 0.387369 0.741914 0.392472 0.760145 0.567449 0.878428 0.464202 0.591493 0.387369 0.599092 0.583986 0.760145 0.567449 0.591493 0.387369 0.760145 0.567449 0.741914 0.392472 0.060386 0.394407 0.060386 0.437904 0.261091 0.508143 0.060386 0.394407 0.261091 0.508143 0.257446 0.43207 0.257446 0.43207 0.261091 0.508143 0.4266 0.56595 0.257446 0.43207 0.4266 0.56595 0.428334 0.393641 0.428334 0.393641 0.4266 0.56595 0.599092 0.583986 0.428334 0.393641 0.599092 0.583986 0.591493 0.387369 0.741914 0.392472 0.760145 0.567449 0.878428 0.464202 0.709755 0.936279 0.808781 0.919817 0.8285 0.782132 0.709755 0.936279 0.8285 0.782132 0.729899 0.714366 0.17706 0.817314 0.299423 0.839575 0.303825 0.750031 0.17706 0.817314 0.303825 0.750031 0.179016 0.768401 0.299423 0.839575 0.429438 0.909303 0.43444 0.686137 0.299423 0.839575 0.43444 0.686137 0.303825 0.750031 0.429438 0.909303 0.583042 0.939243 0.585893 0.684207 0.429438 0.909303 0.585893 0.684207 0.43444 0.686137 0.808781 0.919817 0.914355 0.888807 0.8285 0.782132 0.583042 0.939243 0.709755 0.936279 0.729899 0.714366 0.583042 0.939243 0.729899 0.714366 0.585893 0.684207 -0.00204492 0.807198 0.17706 0.817314 0.179016 0.768401 -0.00204492 0.807198 0.179016 0.768401 -0.00204492 0.763003 0.621477 0.060627 0.624334 0.359182 0.828341 0.325066 0.621477 0.060627 0.828341 0.325066 0.819538 0.092405 0.125212 0.184124 0.125212 0.218603 0.190253 0.238508 0.125212 0.184124 0.190253 0.238508 0.19101 0.187549 0.19101 0.187549 0.190253 0.238508 0.429177 0.340818 0.19101 0.187549 0.429177 0.340818 0.427038 0.097583 0.427038 0.097583 0.429177 0.340818 0.624334 0.359182 0.427038 0.097583 0.624334 0.359182 0.621477 0.060627 0.819538 0.092405 0.828341 0.325066 0.97611 0.182722 0.0483499 0.171171 0.0532889 0.140025 -0.00607598 0.026743 0.0483499 0.171171 -0.00607598 0.026743 -0.007177 0.108312 0.125212 0.218603 0.125212 0.184124 0.0532889 0.140025 0.125212 0.218603 0.0532889 0.140025 0.0483499 0.171171 0.591493 0.387369 0.599092 0.583986 0.760145 0.567449 0.591493 0.387369 0.760145 0.567449 0.741914 0.392472 0.060386 0.394407 0.060386 0.437904 0.261091 0.508143 0.060386 0.394407 0.261091 0.508143 0.257446 0.43207 0.257446 0.43207 0.261091 0.508143 0.4266 0.56595 0.257446 0.43207 0.4266 0.56595 0.428334 0.393641 0.428334 0.393641 0.4266 0.56595 0.599092 0.583986 0.428334 0.393641 0.599092 0.583986 0.591493 0.387369 0.741914 0.392472 0.760145 0.567449 0.878428 0.464202 0.709755 0.936279 0.808781 0.919817 0.8285 0.782132 0.709755 0.936279 0.8285 0.782132 0.729899 0.714366 0.17706 0.817314 0.299423 0.839575 0.303825 0.750031 0.17706 0.817314 0.303825 0.750031 0.179016 0.768401 0.299423 0.839575 0.429438 0.909303 0.43444 0.686137 0.299423 0.839575 0.43444 0.686137 0.303825 0.750031 0.429438 0.909303 0.583042 0.939243 0.585893 0.684207 0.429438 0.909303 0.585893 0.684207 0.43444 0.686137 0.808781 0.919817 0.914355 0.888807 0.8285 0.782132 0.583042 0.939243 0.709755 0.936279 0.729899 0.714366 0.583042 0.939243 0.729899 0.714366 0.585893 0.684207 -0.00204492 0.807198 0.17706 0.817314 0.179016 0.768401 -0.00204492 0.807198 0.179016 0.768401 -0.00204492 0.763003 0.591493 0.387369 0.599092 0.583986 0.760145 0.567449 0.591493 0.387369 0.760145 0.567449 0.741914 0.392472 0.060386 0.394407 0.060386 0.437904 0.261091 0.508143 0.060386 0.394407 0.261091 0.508143 0.257446 0.43207 0.257446 0.43207 0.261091 0.508143 0.4266 0.56595 0.257446 0.43207 0.4266 0.56595 0.428334 0.393641 0.428334 0.393641 0.4266 0.56595 0.599092 0.583986 0.428334 0.393641 0.599092 0.583986 0.591493 0.387369 0.741914 0.392472 0.760145 0.567449 0.878428 0.464202 0.709755 0.936279 0.808781 0.919817 0.8285 0.782132 0.709755 0.936279 0.8285 0.782132 0.729899 0.714366 0.17706 0.817314 0.299423 0.839575 0.303825 0.750031 0.17706 0.817314 0.303825 0.750031 0.179016 0.768401 0.299423 0.839575 0.429438 0.909303 0.43444 0.686137 0.299423 0.839575 0.43444 0.686137 0.303825 0.750031 0.429438 0.909303 0.583042 0.939243 0.585893 0.684207 0.429438 0.909303 0.585893 0.684207 0.43444 0.686137 0.808781 0.919817 0.914355 0.888807 0.8285 0.782132 0.583042 0.939243 0.709755 0.936279 0.729899 0.714366 0.583042 0.939243 0.729899 0.714366 0.585893 0.684207 -0.00204492 0.807198 0.17706 0.817314 0.179016 0.768401 -0.00204492 0.807198 0.179016 0.768401 -0.00204492 0.763003 0.709755 0.936279 0.808781 0.919817 0.8285 0.782132 0.709755 0.936279 0.8285 0.782132 0.729899 0.714366 0.17706 0.817314 0.299423 0.839575 0.303825 0.750031 0.17706 0.817314 0.303825 0.750031 0.179016 0.768401 0.299423 0.839575 0.429438 0.909303 0.43444 0.686137 0.299423 0.839575 0.43444 0.686137 0.303825 0.750031 0.429438 0.909303 0.583042 0.939243 0.585893 0.684207 0.429438 0.909303 0.585893 0.684207 0.43444 0.686137 0.808781 0.919817 0.914355 0.888807 0.8285 0.782132 0.583042 0.939243 0.709755 0.936279 0.729899 0.714366 0.583042 0.939243 0.729899 0.714366 0.585893 0.684207 -0.00204492 0.807198 0.17706 0.817314 0.179016 0.768401 -0.00204492 0.807198 0.179016 0.768401 -0.00204492 0.763003 0.709755 0.936279 0.808781 0.919817 0.8285 0.782132 0.709755 0.936279 0.8285 0.782132 0.729899 0.714366 0.17706 0.817314 0.299423 0.839575 0.303825 0.750031 0.17706 0.817314 0.303825 0.750031 0.179016 0.768401 0.299423 0.839575 0.429438 0.909303 0.43444 0.686137 0.299423 0.839575 0.43444 0.686137 0.303825 0.750031 0.429438 0.909303 0.583042 0.939243 0.585893 0.684207 0.429438 0.909303 0.585893 0.684207 0.43444 0.686137 0.808781 0.919817 0.914355 0.888807 0.8285 0.782132 0.583042 0.939243 0.709755 0.936279 0.729899 0.714366 0.583042 0.939243 0.729899 0.714366 0.585893 0.684207 -0.00204492 0.807198 0.17706 0.817314 0.179016 0.768401 -0.00204492 0.807198 0.179016 0.768401 -0.00204492 0.763003 0.591493 0.387369 0.599092 0.583986 0.760145 0.567449 0.591493 0.387369 0.760145 0.567449 0.741914 0.392472 0.060386 0.394407 0.060386 0.437904 0.261091 0.508143 0.060386 0.394407 0.261091 0.508143 0.257446 0.43207 0.257446 0.43207 0.261091 0.508143 0.4266 0.56595 0.257446 0.43207 0.4266 0.56595 0.428334 0.393641 0.428334 0.393641 0.4266 0.56595 0.599092 0.583986 0.428334 0.393641 0.599092 0.583986 0.591493 0.387369 0.741914 0.392472 0.760145 0.567449 0.878428 0.464202 0.591493 0.387369 0.599092 0.583986 0.760145 0.567449 0.591493 0.387369 0.760145 0.567449 0.741914 0.392472 0.060386 0.394407 0.060386 0.437904 0.261091 0.508143 0.060386 0.394407 0.261091 0.508143 0.257446 0.43207 0.257446 0.43207 0.261091 0.508143 0.4266 0.56595 0.257446 0.43207 0.4266 0.56595 0.428334 0.393641 0.428334 0.393641 0.4266 0.56595 0.599092 0.583986 0.428334 0.393641 0.599092 0.583986 0.591493 0.387369 0.741914 0.392472 0.760145 0.567449 0.878428 0.464202 0.709755 0.936279 0.808781 0.919817 0.8285 0.782132 0.709755 0.936279 0.8285 0.782132 0.729899 0.714366 0.17706 0.817314 0.299423 0.839575 0.303825 0.750031 0.17706 0.817314 0.303825 0.750031 0.179016 0.768401 0.299423 0.839575 0.429438 0.909303 0.43444 0.686137 0.299423 0.839575 0.43444 0.686137 0.303825 0.750031 0.429438 0.909303 0.583042 0.939243 0.585893 0.684207 0.429438 0.909303 0.585893 0.684207 0.43444 0.686137 0.808781 0.919817 0.914355 0.888807 0.8285 0.782132 0.583042 0.939243 0.709755 0.936279 0.729899 0.714366 0.583042 0.939243 0.729899 0.714366 0.585893 0.684207 -0.00204492 0.807198 0.17706 0.817314 0.179016 0.768401 -0.00204492 0.807198 0.179016 0.768401 -0.00204492 0.763003 0.621477 0.060627 0.624334 0.359182 0.828341 0.325066 0.621477 0.060627 0.828341 0.325066 0.819538 0.092405 0.125212 0.184124 0.125212 0.218603 0.190253 0.238508 0.125212 0.184124 0.190253 0.238508 0.19101 0.187549 0.19101 0.187549 0.190253 0.238508 0.429177 0.340818 0.19101 0.187549 0.429177 0.340818 0.427038 0.097583 0.427038 0.097583 0.429177 0.340818 0.624334 0.359182 0.427038 0.097583 0.624334 0.359182 0.621477 0.060627 0.819538 0.092405 0.828341 0.325066 0.97611 0.182722 0.0483499 0.171171 0.0532889 0.140025 -0.00607598 0.026743 0.0483499 0.171171 -0.00607598 0.026743 -0.007177 0.108312 0.125212 0.218603 0.125212 0.184124 0.0532889 0.140025 0.125212 0.218603 0.0532889 0.140025 0.0483499 0.171171 0.591493 0.387369 0.599092 0.583986 0.760145 0.567449 0.591493 0.387369 0.760145 0.567449 0.741914 0.392472 0.060386 0.394407 0.060386 0.437904 0.261091 0.508143 0.060386 0.394407 0.261091 0.508143 0.257446 0.43207 0.257446 0.43207 0.261091 0.508143 0.4266 0.56595 0.257446 0.43207 0.4266 0.56595 0.428334 0.393641 0.428334 0.393641 0.4266 0.56595 0.599092 0.583986 0.428334 0.393641 0.599092 0.583986 0.591493 0.387369 0.741914 0.392472 0.760145 0.567449 0.878428 0.464202 0.709755 0.936279 0.808781 0.919817 0.8285 0.782132 0.709755 0.936279 0.8285 0.782132 0.729899 0.714366 0.17706 0.817314 0.299423 0.839575 0.303825 0.750031 0.17706 0.817314 0.303825 0.750031 0.179016 0.768401 0.299423 0.839575 0.429438 0.909303 0.43444 0.686137 0.299423 0.839575 0.43444 0.686137 0.303825 0.750031 0.429438 0.909303 0.583042 0.939243 0.585893 0.684207 0.429438 0.909303 0.585893 0.684207 0.43444 0.686137 0.808781 0.919817 0.914355 0.888807 0.8285 0.782132 0.583042 0.939243 0.709755 0.936279 0.729899 0.714366 0.583042 0.939243 0.729899 0.714366 0.585893 0.684207 -0.00204492 0.807198 0.17706 0.817314 0.179016 0.768401 -0.00204492 0.807198 0.179016 0.768401 -0.00204492 0.763003 0.591493 0.387369 0.599092 0.583986 0.760145 0.567449 0.591493 0.387369 0.760145 0.567449 0.741914 0.392472 0.060386 0.394407 0.060386 0.437904 0.261091 0.508143 0.060386 0.394407 0.261091 0.508143 0.257446 0.43207 0.257446 0.43207 0.261091 0.508143 0.4266 0.56595 0.257446 0.43207 0.4266 0.56595 0.428334 0.393641 0.428334 0.393641 0.4266 0.56595 0.599092 0.583986 0.428334 0.393641 0.599092 0.583986 0.591493 0.387369 0.741914 0.392472 0.760145 0.567449 0.878428 0.464202 0.709755 0.936279 0.808781 0.919817 0.8285 0.782132 0.709755 0.936279 0.8285 0.782132 0.729899 0.714366 0.17706 0.817314 0.299423 0.839575 0.303825 0.750031 0.17706 0.817314 0.303825 0.750031 0.179016 0.768401 0.299423 0.839575 0.429438 0.909303 0.43444 0.686137 0.299423 0.839575 0.43444 0.686137 0.303825 0.750031 0.429438 0.909303 0.583042 0.939243 0.585893 0.684207 0.429438 0.909303 0.585893 0.684207 0.43444 0.686137 0.808781 0.919817 0.914355 0.888807 0.8285 0.782132 0.583042 0.939243 0.709755 0.936279 0.729899 0.714366 0.583042 0.939243 0.729899 0.714366 0.585893 0.684207 -0.00204492 0.807198 0.17706 0.817314 0.179016 0.768401 -0.00204492 0.807198 0.179016 0.768401 -0.00204492 0.763003 0.709755 0.936279 0.808781 0.919817 0.8285 0.782132 0.709755 0.936279 0.8285 0.782132 0.729899 0.714366 0.17706 0.817314 0.299423 0.839575 0.303825 0.750031 0.17706 0.817314 0.303825 0.750031 0.179016 0.768401 0.299423 0.839575 0.429438 0.909303 0.43444 0.686137 0.299423 0.839575 0.43444 0.686137 0.303825 0.750031 0.429438 0.909303 0.583042 0.939243 0.585893 0.684207 0.429438 0.909303 0.585893 0.684207 0.43444 0.686137 0.808781 0.919817 0.914355 0.888807 0.8285 0.782132 0.583042 0.939243 0.709755 0.936279 0.729899 0.714366 0.583042 0.939243 0.729899 0.714366 0.585893 0.684207 -0.00204492 0.807198 0.17706 0.817314 0.179016 0.768401 -0.00204492 0.807198 0.179016 0.768401 -0.00204492 0.763003 0.709755 0.936279 0.808781 0.919817 0.8285 0.782132 0.709755 0.936279 0.8285 0.782132 0.729899 0.714366 0.17706 0.817314 0.299423 0.839575 0.303825 0.750031 0.17706 0.817314 0.303825 0.750031 0.179016 0.768401 0.299423 0.839575 0.429438 0.909303 0.43444 0.686137 0.299423 0.839575 0.43444 0.686137 0.303825 0.750031 0.429438 0.909303 0.583042 0.939243 0.585893 0.684207 0.429438 0.909303 0.585893 0.684207 0.43444 0.686137 0.808781 0.919817 0.914355 0.888807 0.8285 0.782132 0.583042 0.939243 0.709755 0.936279 0.729899 0.714366 0.583042 0.939243 0.729899 0.714366 0.585893 0.684207 -0.00204492 0.807198 0.17706 0.817314 0.179016 0.768401 -0.00204492 0.807198 0.179016 0.768401 -0.00204492 0.763003 0.591493 0.387369 0.599092 0.583986 0.760145 0.567449 0.591493 0.387369 0.760145 0.567449 0.741914 0.392472 0.060386 0.394407 0.060386 0.437904 0.261091 0.508143 0.060386 0.394407 0.261091 0.508143 0.257446 0.43207 0.257446 0.43207 0.261091 0.508143 0.4266 0.56595 0.257446 0.43207 0.4266 0.56595 0.428334 0.393641 0.428334 0.393641 0.4266 0.56595 0.599092 0.583986 0.428334 0.393641 0.599092 0.583986 0.591493 0.387369 0.741914 0.392472 0.760145 0.567449 0.878428 0.464202 0.591493 0.387369 0.599092 0.583986 0.760145 0.567449 0.591493 0.387369 0.760145 0.567449 0.741914 0.392472 0.060386 0.394407 0.060386 0.437904 0.261091 0.508143 0.060386 0.394407 0.261091 0.508143 0.257446 0.43207 0.257446 0.43207 0.261091 0.508143 0.4266 0.56595 0.257446 0.43207 0.4266 0.56595 0.428334 0.393641 0.428334 0.393641 0.4266 0.56595 0.599092 0.583986 0.428334 0.393641 0.599092 0.583986 0.591493 0.387369 0.741914 0.392472 0.760145 0.567449 0.878428 0.464202 0.709755 0.936279 0.808781 0.919817 0.8285 0.782132 0.709755 0.936279 0.8285 0.782132 0.729899 0.714366 0.17706 0.817314 0.299423 0.839575 0.303825 0.750031 0.17706 0.817314 0.303825 0.750031 0.179016 0.768401 0.299423 0.839575 0.429438 0.909303 0.43444 0.686137 0.299423 0.839575 0.43444 0.686137 0.303825 0.750031 0.429438 0.909303 0.583042 0.939243 0.585893 0.684207 0.429438 0.909303 0.585893 0.684207 0.43444 0.686137 0.808781 0.919817 0.914355 0.888807 0.8285 0.782132 0.583042 0.939243 0.709755 0.936279 0.729899 0.714366 0.583042 0.939243 0.729899 0.714366 0.585893 0.684207 -0.00204492 0.807198 0.17706 0.817314 0.179016 0.768401 -0.00204492 0.807198 0.179016 0.768401 -0.00204492 0.763003 0.621477 0.060627 0.624334 0.359182 0.828341 0.325066 0.621477 0.060627 0.828341 0.325066 0.819538 0.092405 0.125212 0.184124 0.125212 0.218603 0.190253 0.238508 0.125212 0.184124 0.190253 0.238508 0.19101 0.187549 0.19101 0.187549 0.190253 0.238508 0.429177 0.340818 0.19101 0.187549 0.429177 0.340818 0.427038 0.097583 0.427038 0.097583 0.429177 0.340818 0.624334 0.359182 0.427038 0.097583 0.624334 0.359182 0.621477 0.060627 0.819538 0.092405 0.828341 0.325066 0.97611 0.182722 0.0483499 0.171171 0.0532889 0.140025 -0.00607598 0.026743 0.0483499 0.171171 -0.00607598 0.026743 -0.007177 0.108312 0.125212 0.218603 0.125212 0.184124 0.0532889 0.140025 0.125212 0.218603 0.0532889 0.140025 0.0483499 0.171171 0.591493 0.387369 0.599092 0.583986 0.760145 0.567449 0.591493 0.387369 0.760145 0.567449 0.741914 0.392472 0.060386 0.394407 0.060386 0.437904 0.261091 0.508143 0.060386 0.394407 0.261091 0.508143 0.257446 0.43207 0.257446 0.43207 0.261091 0.508143 0.4266 0.56595 0.257446 0.43207 0.4266 0.56595 0.428334 0.393641 0.428334 0.393641 0.4266 0.56595 0.599092 0.583986 0.428334 0.393641 0.599092 0.583986 0.591493 0.387369 0.741914 0.392472 0.760145 0.567449 0.878428 0.464202 0.709755 0.936279 0.808781 0.919817 0.8285 0.782132 0.709755 0.936279 0.8285 0.782132 0.729899 0.714366 0.17706 0.817314 0.299423 0.839575 0.303825 0.750031 0.17706 0.817314 0.303825 0.750031 0.179016 0.768401 0.299423 0.839575 0.429438 0.909303 0.43444 0.686137 0.299423 0.839575 0.43444 0.686137 0.303825 0.750031 0.429438 0.909303 0.583042 0.939243 0.585893 0.684207 0.429438 0.909303 0.585893 0.684207 0.43444 0.686137 0.808781 0.919817 0.914355 0.888807 0.8285 0.782132 0.583042 0.939243 0.709755 0.936279 0.729899 0.714366 0.583042 0.939243 0.729899 0.714366 0.585893 0.684207 -0.00204492 0.807198 0.17706 0.817314 0.179016 0.768401 -0.00204492 0.807198 0.179016 0.768401 -0.00204492 0.763003 0.591493 0.387369 0.599092 0.583986 0.760145 0.567449 0.591493 0.387369 0.760145 0.567449 0.741914 0.392472 0.060386 0.394407 0.060386 0.437904 0.261091 0.508143 0.060386 0.394407 0.261091 0.508143 0.257446 0.43207 0.257446 0.43207 0.261091 0.508143 0.4266 0.56595 0.257446 0.43207 0.4266 0.56595 0.428334 0.393641 0.428334 0.393641 0.4266 0.56595 0.599092 0.583986 0.428334 0.393641 0.599092 0.583986 0.591493 0.387369 0.741914 0.392472 0.760145 0.567449 0.878428 0.464202 0.709755 0.936279 0.808781 0.919817 0.8285 0.782132 0.709755 0.936279 0.8285 0.782132 0.729899 0.714366 0.17706 0.817314 0.299423 0.839575 0.303825 0.750031 0.17706 0.817314 0.303825 0.750031 0.179016 0.768401 0.299423 0.839575 0.429438 0.909303 0.43444 0.686137 0.299423 0.839575 0.43444 0.686137 0.303825 0.750031 0.429438 0.909303 0.583042 0.939243 0.585893 0.684207 0.429438 0.909303 0.585893 0.684207 0.43444 0.686137 0.808781 0.919817 0.914355 0.888807 0.8285 0.782132 0.583042 0.939243 0.709755 0.936279 0.729899 0.714366 0.583042 0.939243 0.729899 0.714366 0.585893 0.684207 -0.00204492 0.807198 0.17706 0.817314 0.179016 0.768401 -0.00204492 0.807198 0.179016 0.768401 -0.00204492 0.763003 0.709755 0.936279 0.808781 0.919817 0.8285 0.782132 0.709755 0.936279 0.8285 0.782132 0.729899 0.714366 0.17706 0.817314 0.299423 0.839575 0.303825 0.750031 0.17706 0.817314 0.303825 0.750031 0.179016 0.768401 0.299423 0.839575 0.429438 0.909303 0.43444 0.686137 0.299423 0.839575 0.43444 0.686137 0.303825 0.750031 0.429438 0.909303 0.583042 0.939243 0.585893 0.684207 0.429438 0.909303 0.585893 0.684207 0.43444 0.686137 0.808781 0.919817 0.914355 0.888807 0.8285 0.782132 0.583042 0.939243 0.709755 0.936279 0.729899 0.714366 0.583042 0.939243 0.729899 0.714366 0.585893 0.684207 -0.00204492 0.807198 0.17706 0.817314 0.179016 0.768401 -0.00204492 0.807198 0.179016 0.768401 -0.00204492 0.763003 0.709755 0.936279 0.808781 0.919817 0.8285 0.782132 0.709755 0.936279 0.8285 0.782132 0.729899 0.714366 0.17706 0.817314 0.299423 0.839575 0.303825 0.750031 0.17706 0.817314 0.303825 0.750031 0.179016 0.768401 0.299423 0.839575 0.429438 0.909303 0.43444 0.686137 0.299423 0.839575 0.43444 0.686137 0.303825 0.750031 0.429438 0.909303 0.583042 0.939243 0.585893 0.684207 0.429438 0.909303 0.585893 0.684207 0.43444 0.686137 0.808781 0.919817 0.914355 0.888807 0.8285 0.782132 0.583042 0.939243 0.709755 0.936279 0.729899 0.714366 0.583042 0.939243 0.729899 0.714366 0.585893 0.684207 -0.00204492 0.807198 0.17706 0.817314 0.179016 0.768401 -0.00204492 0.807198 0.179016 0.768401 -0.00204492 0.763003 0.591493 0.387369 0.599092 0.583986 0.760145 0.567449 0.591493 0.387369 0.760145 0.567449 0.741914 0.392472 0.060386 0.394407 0.060386 0.437904 0.261091 0.508143 0.060386 0.394407 0.261091 0.508143 0.257446 0.43207 0.257446 0.43207 0.261091 0.508143 0.4266 0.56595 0.257446 0.43207 0.4266 0.56595 0.428334 0.393641 0.428334 0.393641 0.4266 0.56595 0.599092 0.583986 0.428334 0.393641 0.599092 0.583986 0.591493 0.387369 0.741914 0.392472 0.760145 0.567449 0.878428 0.464202 0.591493 0.387369 0.599092 0.583986 0.760145 0.567449 0.591493 0.387369 0.760145 0.567449 0.741914 0.392472 0.060386 0.394407 0.060386 0.437904 0.261091 0.508143 0.060386 0.394407 0.261091 0.508143 0.257446 0.43207 0.257446 0.43207 0.261091 0.508143 0.4266 0.56595 0.257446 0.43207 0.4266 0.56595 0.428334 0.393641 0.428334 0.393641 0.4266 0.56595 0.599092 0.583986 0.428334 0.393641 0.599092 0.583986 0.591493 0.387369 0.741914 0.392472 0.760145 0.567449 0.878428 0.464202 0.709755 0.936279 0.808781 0.919817 0.8285 0.782132 0.709755 0.936279 0.8285 0.782132 0.729899 0.714366 0.17706 0.817314 0.299423 0.839575 0.303825 0.750031 0.17706 0.817314 0.303825 0.750031 0.179016 0.768401 0.299423 0.839575 0.429438 0.909303 0.43444 0.686137 0.299423 0.839575 0.43444 0.686137 0.303825 0.750031 0.429438 0.909303 0.583042 0.939243 0.585893 0.684207 0.429438 0.909303 0.585893 0.684207 0.43444 0.686137 0.808781 0.919817 0.914355 0.888807 0.8285 0.782132 0.583042 0.939243 0.709755 0.936279 0.729899 0.714366 0.583042 0.939243 0.729899 0.714366 0.585893 0.684207 -0.00204492 0.807198 0.17706 0.817314 0.179016 0.768401 -0.00204492 0.807198 0.179016 0.768401 -0.00204492 0.763003 0.621477 0.060627 0.624334 0.359182 0.828341 0.325066 0.621477 0.060627 0.828341 0.325066 0.819538 0.092405 0.125212 0.184124 0.125212 0.218603 0.190253 0.238508 0.125212 0.184124 0.190253 0.238508 0.19101 0.187549 0.19101 0.187549 0.190253 0.238508 0.429177 0.340818 0.19101 0.187549 0.429177 0.340818 0.427038 0.097583 0.427038 0.097583 0.429177 0.340818 0.624334 0.359182 0.427038 0.097583 0.624334 0.359182 0.621477 0.060627 0.819538 0.092405 0.828341 0.325066 0.97611 0.182722 0.0483499 0.171171 0.0532889 0.140025 -0.00607598 0.026743 0.0483499 0.171171 -0.00607598 0.026743 -0.007177 0.108312 0.125212 0.218603 0.125212 0.184124 0.0532889 0.140025 0.125212 0.218603 0.0532889 0.140025 0.0483499 0.171171 0.591493 0.387369 0.599092 0.583986 0.760145 0.567449 0.591493 0.387369 0.760145 0.567449 0.741914 0.392472 0.060386 0.394407 0.060386 0.437904 0.261091 0.508143 0.060386 0.394407 0.261091 0.508143 0.257446 0.43207 0.257446 0.43207 0.261091 0.508143 0.4266 0.56595 0.257446 0.43207 0.4266 0.56595 0.428334 0.393641 0.428334 0.393641 0.4266 0.56595 0.599092 0.583986 0.428334 0.393641 0.599092 0.583986 0.591493 0.387369 0.741914 0.392472 0.760145 0.567449 0.878428 0.464202 0.709755 0.936279 0.808781 0.919817 0.8285 0.782132 0.709755 0.936279 0.8285 0.782132 0.729899 0.714366 0.17706 0.817314 0.299423 0.839575 0.303825 0.750031 0.17706 0.817314 0.303825 0.750031 0.179016 0.768401 0.299423 0.839575 0.429438 0.909303 0.43444 0.686137 0.299423 0.839575 0.43444 0.686137 0.303825 0.750031 0.429438 0.909303 0.583042 0.939243 0.585893 0.684207 0.429438 0.909303 0.585893 0.684207 0.43444 0.686137 0.808781 0.919817 0.914355 0.888807 0.8285 0.782132 0.583042 0.939243 0.709755 0.936279 0.729899 0.714366 0.583042 0.939243 0.729899 0.714366 0.585893 0.684207 -0.00204492 0.807198 0.17706 0.817314 0.179016 0.768401 -0.00204492 0.807198 0.179016 0.768401 -0.00204492 0.763003 0.591493 0.387369 0.599092 0.583986 0.760145 0.567449 0.591493 0.387369 0.760145 0.567449 0.741914 0.392472 0.060386 0.394407 0.060386 0.437904 0.261091 0.508143 0.060386 0.394407 0.261091 0.508143 0.257446 0.43207 0.257446 0.43207 0.261091 0.508143 0.4266 0.56595 0.257446 0.43207 0.4266 0.56595 0.428334 0.393641 0.428334 0.393641 0.4266 0.56595 0.599092 0.583986 0.428334 0.393641 0.599092 0.583986 0.591493 0.387369 0.741914 0.392472 0.760145 0.567449 0.878428 0.464202 0.709755 0.936279 0.808781 0.919817 0.8285 0.782132 0.709755 0.936279 0.8285 0.782132 0.729899 0.714366 0.17706 0.817314 0.299423 0.839575 0.303825 0.750031 0.17706 0.817314 0.303825 0.750031 0.179016 0.768401 0.299423 0.839575 0.429438 0.909303 0.43444 0.686137 0.299423 0.839575 0.43444 0.686137 0.303825 0.750031 0.429438 0.909303 0.583042 0.939243 0.585893 0.684207 0.429438 0.909303 0.585893 0.684207 0.43444 0.686137 0.808781 0.919817 0.914355 0.888807 0.8285 0.782132 0.583042 0.939243 0.709755 0.936279 0.729899 0.714366 0.583042 0.939243 0.729899 0.714366 0.585893 0.684207 -0.00204492 0.807198 0.17706 0.817314 0.179016 0.768401 -0.00204492 0.807198 0.179016 0.768401 -0.00204492 0.763003 0.709755 0.936279 0.808781 0.919817 0.8285 0.782132 0.709755 0.936279 0.8285 0.782132 0.729899 0.714366 0.17706 0.817314 0.299423 0.839575 0.303825 0.750031 0.17706 0.817314 0.303825 0.750031 0.179016 0.768401 0.299423 0.839575 0.429438 0.909303 0.43444 0.686137 0.299423 0.839575 0.43444 0.686137 0.303825 0.750031 0.429438 0.909303 0.583042 0.939243 0.585893 0.684207 0.429438 0.909303 0.585893 0.684207 0.43444 0.686137 0.808781 0.919817 0.914355 0.888807 0.8285 0.782132 0.583042 0.939243 0.709755 0.936279 0.729899 0.714366 0.583042 0.939243 0.729899 0.714366 0.585893 0.684207 -0.00204492 0.807198 0.17706 0.817314 0.179016 0.768401 -0.00204492 0.807198 0.179016 0.768401 -0.00204492 0.763003 0.709755 0.936279 0.808781 0.919817 0.8285 0.782132 0.709755 0.936279 0.8285 0.782132 0.729899 0.714366 0.17706 0.817314 0.299423 0.839575 0.303825 0.750031 0.17706 0.817314 0.303825 0.750031 0.179016 0.768401 0.299423 0.839575 0.429438 0.909303 0.43444 0.686137 0.299423 0.839575 0.43444 0.686137 0.303825 0.750031 0.429438 0.909303 0.583042 0.939243 0.585893 0.684207 0.429438 0.909303 0.585893 0.684207 0.43444 0.686137 0.808781 0.919817 0.914355 0.888807 0.8285 0.782132 0.583042 0.939243 0.709755 0.936279 0.729899 0.714366 0.583042 0.939243 0.729899 0.714366 0.585893 0.684207 -0.00204492 0.807198 0.17706 0.817314 0.179016 0.768401 -0.00204492 0.807198 0.179016 0.768401 -0.00204492 0.763003 0.591493 0.387369 0.599092 0.583986 0.760145 0.567449 0.591493 0.387369 0.760145 0.567449 0.741914 0.392472 0.060386 0.394407 0.060386 0.437904 0.261091 0.508143 0.060386 0.394407 0.261091 0.508143 0.257446 0.43207 0.257446 0.43207 0.261091 0.508143 0.4266 0.56595 0.257446 0.43207 0.4266 0.56595 0.428334 0.393641 0.428334 0.393641 0.4266 0.56595 0.599092 0.583986 0.428334 0.393641 0.599092 0.583986 0.591493 0.387369 0.741914 0.392472 0.760145 0.567449 0.878428 0.464202 0.591493 0.387369 0.599092 0.583986 0.760145 0.567449 0.591493 0.387369 0.760145 0.567449 0.741914 0.392472 0.060386 0.394407 0.060386 0.437904 0.261091 0.508143 0.060386 0.394407 0.261091 0.508143 0.257446 0.43207 0.257446 0.43207 0.261091 0.508143 0.4266 0.56595 0.257446 0.43207 0.4266 0.56595 0.428334 0.393641 0.428334 0.393641 0.4266 0.56595 0.599092 0.583986 0.428334 0.393641 0.599092 0.583986 0.591493 0.387369 0.741914 0.392472 0.760145 0.567449 0.878428 0.464202 0.709755 0.936279 0.808781 0.919817 0.8285 0.782132 0.709755 0.936279 0.8285 0.782132 0.729899 0.714366 0.17706 0.817314 0.299423 0.839575 0.303825 0.750031 0.17706 0.817314 0.303825 0.750031 0.179016 0.768401 0.299423 0.839575 0.429438 0.909303 0.43444 0.686137 0.299423 0.839575 0.43444 0.686137 0.303825 0.750031 0.429438 0.909303 0.583042 0.939243 0.585893 0.684207 0.429438 0.909303 0.585893 0.684207 0.43444 0.686137 0.808781 0.919817 0.914355 0.888807 0.8285 0.782132 0.583042 0.939243 0.709755 0.936279 0.729899 0.714366 0.583042 0.939243 0.729899 0.714366 0.585893 0.684207 -0.00204492 0.807198 0.17706 0.817314 0.179016 0.768401 -0.00204492 0.807198 0.179016 0.768401 -0.00204492 0.763003 0.621477 0.060627 0.624334 0.359182 0.828341 0.325066 0.621477 0.060627 0.828341 0.325066 0.819538 0.092405 0.125212 0.184124 0.125212 0.218603 0.190253 0.238508 0.125212 0.184124 0.190253 0.238508 0.19101 0.187549 0.19101 0.187549 0.190253 0.238508 0.429177 0.340818 0.19101 0.187549 0.429177 0.340818 0.427038 0.097583 0.427038 0.097583 0.429177 0.340818 0.624334 0.359182 0.427038 0.097583 0.624334 0.359182 0.621477 0.060627 0.819538 0.092405 0.828341 0.325066 0.97611 0.182722 0.0483499 0.171171 0.0532889 0.140025 -0.00607598 0.026743 0.0483499 0.171171 -0.00607598 0.026743 -0.007177 0.108312 0.125212 0.218603 0.125212 0.184124 0.0532889 0.140025 0.125212 0.218603 0.0532889 0.140025 0.0483499 0.171171 0.591493 0.387369 0.599092 0.583986 0.760145 0.567449 0.591493 0.387369 0.760145 0.567449 0.741914 0.392472 0.060386 0.394407 0.060386 0.437904 0.261091 0.508143 0.060386 0.394407 0.261091 0.508143 0.257446 0.43207 0.257446 0.43207 0.261091 0.508143 0.4266 0.56595 0.257446 0.43207 0.4266 0.56595 0.428334 0.393641 0.428334 0.393641 0.4266 0.56595 0.599092 0.583986 0.428334 0.393641 0.599092 0.583986 0.591493 0.387369 0.741914 0.392472 0.760145 0.567449 0.878428 0.464202 0.709755 0.936279 0.808781 0.919817 0.8285 0.782132 0.709755 0.936279 0.8285 0.782132 0.729899 0.714366 0.17706 0.817314 0.299423 0.839575 0.303825 0.750031 0.17706 0.817314 0.303825 0.750031 0.179016 0.768401 0.299423 0.839575 0.429438 0.909303 0.43444 0.686137 0.299423 0.839575 0.43444 0.686137 0.303825 0.750031 0.429438 0.909303 0.583042 0.939243 0.585893 0.684207 0.429438 0.909303 0.585893 0.684207 0.43444 0.686137 0.808781 0.919817 0.914355 0.888807 0.8285 0.782132 0.583042 0.939243 0.709755 0.936279 0.729899 0.714366 0.583042 0.939243 0.729899 0.714366 0.585893 0.684207 -0.00204492 0.807198 0.17706 0.817314 0.179016 0.768401 -0.00204492 0.807198 0.179016 0.768401 -0.00204492 0.763003 0.591493 0.387369 0.599092 0.583986 0.760145 0.567449 0.591493 0.387369 0.760145 0.567449 0.741914 0.392472 0.060386 0.394407 0.060386 0.437904 0.261091 0.508143 0.060386 0.394407 0.261091 0.508143 0.257446 0.43207 0.257446 0.43207 0.261091 0.508143 0.4266 0.56595 0.257446 0.43207 0.4266 0.56595 0.428334 0.393641 0.428334 0.393641 0.4266 0.56595 0.599092 0.583986 0.428334 0.393641 0.599092 0.583986 0.591493 0.387369 0.741914 0.392472 0.760145 0.567449 0.878428 0.464202 0.709755 0.936279 0.808781 0.919817 0.8285 0.782132 0.709755 0.936279 0.8285 0.782132 0.729899 0.714366 0.17706 0.817314 0.299423 0.839575 0.303825 0.750031 0.17706 0.817314 0.303825 0.750031 0.179016 0.768401 0.299423 0.839575 0.429438 0.909303 0.43444 0.686137 0.299423 0.839575 0.43444 0.686137 0.303825 0.750031 0.429438 0.909303 0.583042 0.939243 0.585893 0.684207 0.429438 0.909303 0.585893 0.684207 0.43444 0.686137 0.808781 0.919817 0.914355 0.888807 0.8285 0.782132 0.583042 0.939243 0.709755 0.936279 0.729899 0.714366 0.583042 0.939243 0.729899 0.714366 0.585893 0.684207 -0.00204492 0.807198 0.17706 0.817314 0.179016 0.768401 -0.00204492 0.807198 0.179016 0.768401 -0.00204492 0.763003 0.709755 0.936279 0.808781 0.919817 0.8285 0.782132 0.709755 0.936279 0.8285 0.782132 0.729899 0.714366 0.17706 0.817314 0.299423 0.839575 0.303825 0.750031 0.17706 0.817314 0.303825 0.750031 0.179016 0.768401 0.299423 0.839575 0.429438 0.909303 0.43444 0.686137 0.299423 0.839575 0.43444 0.686137 0.303825 0.750031 0.429438 0.909303 0.583042 0.939243 0.585893 0.684207 0.429438 0.909303 0.585893 0.684207 0.43444 0.686137 0.808781 0.919817 0.914355 0.888807 0.8285 0.782132 0.583042 0.939243 0.709755 0.936279 0.729899 0.714366 0.583042 0.939243 0.729899 0.714366 0.585893 0.684207 -0.00204492 0.807198 0.17706 0.817314 0.179016 0.768401 -0.00204492 0.807198 0.179016 0.768401 -0.00204492 0.763003 0.709755 0.936279 0.808781 0.919817 0.8285 0.782132 0.709755 0.936279 0.8285 0.782132 0.729899 0.714366 0.17706 0.817314 0.299423 0.839575 0.303825 0.750031 0.17706 0.817314 0.303825 0.750031 0.179016 0.768401 0.299423 0.839575 0.429438 0.909303 0.43444 0.686137 0.299423 0.839575 0.43444 0.686137 0.303825 0.750031 0.429438 0.909303 0.583042 0.939243 0.585893 0.684207 0.429438 0.909303 0.585893 0.684207 0.43444 0.686137 0.808781 0.919817 0.914355 0.888807 0.8285 0.782132 0.583042 0.939243 0.709755 0.936279 0.729899 0.714366 0.583042 0.939243 0.729899 0.714366 0.585893 0.684207 -0.00204492 0.807198 0.17706 0.817314 0.179016 0.768401 -0.00204492 0.807198 0.179016 0.768401 -0.00204492 0.763003 0.591493 0.387369 0.599092 0.583986 0.760145 0.567449 0.591493 0.387369 0.760145 0.567449 0.741914 0.392472 0.060386 0.394407 0.060386 0.437904 0.261091 0.508143 0.060386 0.394407 0.261091 0.508143 0.257446 0.43207 0.257446 0.43207 0.261091 0.508143 0.4266 0.56595 0.257446 0.43207 0.4266 0.56595 0.428334 0.393641 0.428334 0.393641 0.4266 0.56595 0.599092 0.583986 0.428334 0.393641 0.599092 0.583986 0.591493 0.387369 0.741914 0.392472 0.760145 0.567449 0.878428 0.464202 0.591493 0.387369 0.599092 0.583986 0.760145 0.567449 0.591493 0.387369 0.760145 0.567449 0.741914 0.392472 0.060386 0.394407 0.060386 0.437904 0.261091 0.508143 0.060386 0.394407 0.261091 0.508143 0.257446 0.43207 0.257446 0.43207 0.261091 0.508143 0.4266 0.56595 0.257446 0.43207 0.4266 0.56595 0.428334 0.393641 0.428334 0.393641 0.4266 0.56595 0.599092 0.583986 0.428334 0.393641 0.599092 0.583986 0.591493 0.387369 0.741914 0.392472 0.760145 0.567449 0.878428 0.464202 0.709755 0.936279 0.808781 0.919817 0.8285 0.782132 0.709755 0.936279 0.8285 0.782132 0.729899 0.714366 0.17706 0.817314 0.299423 0.839575 0.303825 0.750031 0.17706 0.817314 0.303825 0.750031 0.179016 0.768401 0.299423 0.839575 0.429438 0.909303 0.43444 0.686137 0.299423 0.839575 0.43444 0.686137 0.303825 0.750031 0.429438 0.909303 0.583042 0.939243 0.585893 0.684207 0.429438 0.909303 0.585893 0.684207 0.43444 0.686137 0.808781 0.919817 0.914355 0.888807 0.8285 0.782132 0.583042 0.939243 0.709755 0.936279 0.729899 0.714366 0.583042 0.939243 0.729899 0.714366 0.585893 0.684207 -0.00204492 0.807198 0.17706 0.817314 0.179016 0.768401 -0.00204492 0.807198 0.179016 0.768401 -0.00204492 0.763003 0.621477 0.060627 0.624334 0.359182 0.828341 0.325066 0.621477 0.060627 0.828341 0.325066 0.819538 0.092405 0.125212 0.184124 0.125212 0.218603 0.190253 0.238508 0.125212 0.184124 0.190253 0.238508 0.19101 0.187549 0.19101 0.187549 0.190253 0.238508 0.429177 0.340818 0.19101 0.187549 0.429177 0.340818 0.427038 0.097583 0.427038 0.097583 0.429177 0.340818 0.624334 0.359182 0.427038 0.097583 0.624334 0.359182 0.621477 0.060627 0.819538 0.092405 0.828341 0.325066 0.97611 0.182722 0.0483499 0.171171 0.0532889 0.140025 -0.00607598 0.026743 0.0483499 0.171171 -0.00607598 0.026743 -0.007177 0.108312 0.125212 0.218603 0.125212 0.184124 0.0532889 0.140025 0.125212 0.218603 0.0532889 0.140025 0.0483499 0.171171 0.591493 0.387369 0.599092 0.583986 0.760145 0.567449 0.591493 0.387369 0.760145 0.567449 0.741914 0.392472 0.060386 0.394407 0.060386 0.437904 0.261091 0.508143 0.060386 0.394407 0.261091 0.508143 0.257446 0.43207 0.257446 0.43207 0.261091 0.508143 0.4266 0.56595 0.257446 0.43207 0.4266 0.56595 0.428334 0.393641 0.428334 0.393641 0.4266 0.56595 0.599092 0.583986 0.428334 0.393641 0.599092 0.583986 0.591493 0.387369 0.741914 0.392472 0.760145 0.567449 0.878428 0.464202 0.709755 0.936279 0.808781 0.919817 0.8285 0.782132 0.709755 0.936279 0.8285 0.782132 0.729899 0.714366 0.17706 0.817314 0.299423 0.839575 0.303825 0.750031 0.17706 0.817314 0.303825 0.750031 0.179016 0.768401 0.299423 0.839575 0.429438 0.909303 0.43444 0.686137 0.299423 0.839575 0.43444 0.686137 0.303825 0.750031 0.429438 0.909303 0.583042 0.939243 0.585893 0.684207 0.429438 0.909303 0.585893 0.684207 0.43444 0.686137 0.808781 0.919817 0.914355 0.888807 0.8285 0.782132 0.583042 0.939243 0.709755 0.936279 0.729899 0.714366 0.583042 0.939243 0.729899 0.714366 0.585893 0.684207 -0.00204492 0.807198 0.17706 0.817314 0.179016 0.768401 -0.00204492 0.807198 0.179016 0.768401 -0.00204492 0.763003 0.591493 0.387369 0.599092 0.583986 0.760145 0.567449 0.591493 0.387369 0.760145 0.567449 0.741914 0.392472 0.060386 0.394407 0.060386 0.437904 0.261091 0.508143 0.060386 0.394407 0.261091 0.508143 0.257446 0.43207 0.257446 0.43207 0.261091 0.508143 0.4266 0.56595 0.257446 0.43207 0.4266 0.56595 0.428334 0.393641 0.428334 0.393641 0.4266 0.56595 0.599092 0.583986 0.428334 0.393641 0.599092 0.583986 0.591493 0.387369 0.741914 0.392472 0.760145 0.567449 0.878428 0.464202 0.709755 0.936279 0.808781 0.919817 0.8285 0.782132 0.709755 0.936279 0.8285 0.782132 0.729899 0.714366 0.17706 0.817314 0.299423 0.839575 0.303825 0.750031 0.17706 0.817314 0.303825 0.750031 0.179016 0.768401 0.299423 0.839575 0.429438 0.909303 0.43444 0.686137 0.299423 0.839575 0.43444 0.686137 0.303825 0.750031 0.429438 0.909303 0.583042 0.939243 0.585893 0.684207 0.429438 0.909303 0.585893 0.684207 0.43444 0.686137 0.808781 0.919817 0.914355 0.888807 0.8285 0.782132 0.583042 0.939243 0.709755 0.936279 0.729899 0.714366 0.583042 0.939243 0.729899 0.714366 0.585893 0.684207 -0.00204492 0.807198 0.17706 0.817314 0.179016 0.768401 -0.00204492 0.807198 0.179016 0.768401 -0.00204492 0.763003 0.709755 0.936279 0.808781 0.919817 0.8285 0.782132 0.709755 0.936279 0.8285 0.782132 0.729899 0.714366 0.17706 0.817314 0.299423 0.839575 0.303825 0.750031 0.17706 0.817314 0.303825 0.750031 0.179016 0.768401 0.299423 0.839575 0.429438 0.909303 0.43444 0.686137 0.299423 0.839575 0.43444 0.686137 0.303825 0.750031 0.429438 0.909303 0.583042 0.939243 0.585893 0.684207 0.429438 0.909303 0.585893 0.684207 0.43444 0.686137 0.808781 0.919817 0.914355 0.888807 0.8285 0.782132 0.583042 0.939243 0.709755 0.936279 0.729899 0.714366 0.583042 0.939243 0.729899 0.714366 0.585893 0.684207 -0.00204492 0.807198 0.17706 0.817314 0.179016 0.768401 -0.00204492 0.807198 0.179016 0.768401 -0.00204492 0.763003 0.709755 0.936279 0.808781 0.919817 0.8285 0.782132 0.709755 0.936279 0.8285 0.782132 0.729899 0.714366 0.17706 0.817314 0.299423 0.839575 0.303825 0.750031 0.17706 0.817314 0.303825 0.750031 0.179016 0.768401 0.299423 0.839575 0.429438 0.909303 0.43444 0.686137 0.299423 0.839575 0.43444 0.686137 0.303825 0.750031 0.429438 0.909303 0.583042 0.939243 0.585893 0.684207 0.429438 0.909303 0.585893 0.684207 0.43444 0.686137 0.808781 0.919817 0.914355 0.888807 0.8285 0.782132 0.583042 0.939243 0.709755 0.936279 0.729899 0.714366 0.583042 0.939243 0.729899 0.714366 0.585893 0.684207 -0.00204492 0.807198 0.17706 0.817314 0.179016 0.768401 -0.00204492 0.807198 0.179016 0.768401 -0.00204492 0.763003 0.591493 0.387369 0.599092 0.583986 0.760145 0.567449 0.591493 0.387369 0.760145 0.567449 0.741914 0.392472 0.060386 0.394407 0.060386 0.437904 0.261091 0.508143 0.060386 0.394407 0.261091 0.508143 0.257446 0.43207 0.257446 0.43207 0.261091 0.508143 0.4266 0.56595 0.257446 0.43207 0.4266 0.56595 0.428334 0.393641 0.428334 0.393641 0.4266 0.56595 0.599092 0.583986 0.428334 0.393641 0.599092 0.583986 0.591493 0.387369 0.741914 0.392472 0.760145 0.567449 0.878428 0.464202 0.591493 0.387369 0.599092 0.583986 0.760145 0.567449 0.591493 0.387369 0.760145 0.567449 0.741914 0.392472 0.060386 0.394407 0.060386 0.437904 0.261091 0.508143 0.060386 0.394407 0.261091 0.508143 0.257446 0.43207 0.257446 0.43207 0.261091 0.508143 0.4266 0.56595 0.257446 0.43207 0.4266 0.56595 0.428334 0.393641 0.428334 0.393641 0.4266 0.56595 0.599092 0.583986 0.428334 0.393641 0.599092 0.583986 0.591493 0.387369 0.741914 0.392472 0.760145 0.567449 0.878428 0.464202 0.709755 0.936279 0.808781 0.919817 0.8285 0.782132 0.709755 0.936279 0.8285 0.782132 0.729899 0.714366 0.17706 0.817314 0.299423 0.839575 0.303825 0.750031 0.17706 0.817314 0.303825 0.750031 0.179016 0.768401 0.299423 0.839575 0.429438 0.909303 0.43444 0.686137 0.299423 0.839575 0.43444 0.686137 0.303825 0.750031 0.429438 0.909303 0.583042 0.939243 0.585893 0.684207 0.429438 0.909303 0.585893 0.684207 0.43444 0.686137 0.808781 0.919817 0.914355 0.888807 0.8285 0.782132 0.583042 0.939243 0.709755 0.936279 0.729899 0.714366 0.583042 0.939243 0.729899 0.714366 0.585893 0.684207 -0.00204492 0.807198 0.17706 0.817314 0.179016 0.768401 -0.00204492 0.807198 0.179016 0.768401 -0.00204492 0.763003 0.621477 0.060627 0.624334 0.359182 0.828341 0.325066 0.621477 0.060627 0.828341 0.325066 0.819538 0.092405 0.125212 0.184124 0.125212 0.218603 0.190253 0.238508 0.125212 0.184124 0.190253 0.238508 0.19101 0.187549 0.19101 0.187549 0.190253 0.238508 0.429177 0.340818 0.19101 0.187549 0.429177 0.340818 0.427038 0.097583 0.427038 0.097583 0.429177 0.340818 0.624334 0.359182 0.427038 0.097583 0.624334 0.359182 0.621477 0.060627 0.819538 0.092405 0.828341 0.325066 0.97611 0.182722 0.0483499 0.171171 0.0532889 0.140025 -0.00607598 0.026743 0.0483499 0.171171 -0.00607598 0.026743 -0.007177 0.108312 0.125212 0.218603 0.125212 0.184124 0.0532889 0.140025 0.125212 0.218603 0.0532889 0.140025 0.0483499 0.171171 0.591493 0.387369 0.599092 0.583986 0.760145 0.567449 0.591493 0.387369 0.760145 0.567449 0.741914 0.392472 0.060386 0.394407 0.060386 0.437904 0.261091 0.508143 0.060386 0.394407 0.261091 0.508143 0.257446 0.43207 0.257446 0.43207 0.261091 0.508143 0.4266 0.56595 0.257446 0.43207 0.4266 0.56595 0.428334 0.393641 0.428334 0.393641 0.4266 0.56595 0.599092 0.583986 0.428334 0.393641 0.599092 0.583986 0.591493 0.387369 0.741914 0.392472 0.760145 0.567449 0.878428 0.464202 0.709755 0.936279 0.808781 0.919817 0.8285 0.782132 0.709755 0.936279 0.8285 0.782132 0.729899 0.714366 0.17706 0.817314 0.299423 0.839575 0.303825 0.750031 0.17706 0.817314 0.303825 0.750031 0.179016 0.768401 0.299423 0.839575 0.429438 0.909303 0.43444 0.686137 0.299423 0.839575 0.43444 0.686137 0.303825 0.750031 0.429438 0.909303 0.583042 0.939243 0.585893 0.684207 0.429438 0.909303 0.585893 0.684207 0.43444 0.686137 0.808781 0.919817 0.914355 0.888807 0.8285 0.782132 0.583042 0.939243 0.709755 0.936279 0.729899 0.714366 0.583042 0.939243 0.729899 0.714366 0.585893 0.684207 -0.00204492 0.807198 0.17706 0.817314 0.179016 0.768401 -0.00204492 0.807198 0.179016 0.768401 -0.00204492 0.763003 0.591493 0.387369 0.599092 0.583986 0.760145 0.567449 0.591493 0.387369 0.760145 0.567449 0.741914 0.392472 0.060386 0.394407 0.060386 0.437904 0.261091 0.508143 0.060386 0.394407 0.261091 0.508143 0.257446 0.43207 0.257446 0.43207 0.261091 0.508143 0.4266 0.56595 0.257446 0.43207 0.4266 0.56595 0.428334 0.393641 0.428334 0.393641 0.4266 0.56595 0.599092 0.583986 0.428334 0.393641 0.599092 0.583986 0.591493 0.387369 0.741914 0.392472 0.760145 0.567449 0.878428 0.464202 0.709755 0.936279 0.808781 0.919817 0.8285 0.782132 0.709755 0.936279 0.8285 0.782132 0.729899 0.714366 0.17706 0.817314 0.299423 0.839575 0.303825 0.750031 0.17706 0.817314 0.303825 0.750031 0.179016 0.768401 0.299423 0.839575 0.429438 0.909303 0.43444 0.686137 0.299423 0.839575 0.43444 0.686137 0.303825 0.750031 0.429438 0.909303 0.583042 0.939243 0.585893 0.684207 0.429438 0.909303 0.585893 0.684207 0.43444 0.686137 0.808781 0.919817 0.914355 0.888807 0.8285 0.782132 0.583042 0.939243 0.709755 0.936279 0.729899 0.714366 0.583042 0.939243 0.729899 0.714366 0.585893 0.684207 -0.00204492 0.807198 0.17706 0.817314 0.179016 0.768401 -0.00204492 0.807198 0.179016 0.768401 -0.00204492 0.763003 0.709755 0.936279 0.808781 0.919817 0.8285 0.782132 0.709755 0.936279 0.8285 0.782132 0.729899 0.714366 0.17706 0.817314 0.299423 0.839575 0.303825 0.750031 0.17706 0.817314 0.303825 0.750031 0.179016 0.768401 0.299423 0.839575 0.429438 0.909303 0.43444 0.686137 0.299423 0.839575 0.43444 0.686137 0.303825 0.750031 0.429438 0.909303 0.583042 0.939243 0.585893 0.684207 0.429438 0.909303 0.585893 0.684207 0.43444 0.686137 0.808781 0.919817 0.914355 0.888807 0.8285 0.782132 0.583042 0.939243 0.709755 0.936279 0.729899 0.714366 0.583042 0.939243 0.729899 0.714366 0.585893 0.684207 -0.00204492 0.807198 0.17706 0.817314 0.179016 0.768401 -0.00204492 0.807198 0.179016 0.768401 -0.00204492 0.763003 0.709755 0.936279 0.808781 0.919817 0.8285 0.782132 0.709755 0.936279 0.8285 0.782132 0.729899 0.714366 0.17706 0.817314 0.299423 0.839575 0.303825 0.750031 0.17706 0.817314 0.303825 0.750031 0.179016 0.768401 0.299423 0.839575 0.429438 0.909303 0.43444 0.686137 0.299423 0.839575 0.43444 0.686137 0.303825 0.750031 0.429438 0.909303 0.583042 0.939243 0.585893 0.684207 0.429438 0.909303 0.585893 0.684207 0.43444 0.686137 0.808781 0.919817 0.914355 0.888807 0.8285 0.782132 0.583042 0.939243 0.709755 0.936279 0.729899 0.714366 0.583042 0.939243 0.729899 0.714366 0.585893 0.684207 -0.00204492 0.807198 0.17706 0.817314 0.179016 0.768401 -0.00204492 0.807198 0.179016 0.768401 -0.00204492 0.763003 0.591493 0.387369 0.599092 0.583986 0.760145 0.567449 0.591493 0.387369 0.760145 0.567449 0.741914 0.392472 0.060386 0.394407 0.060386 0.437904 0.261091 0.508143 0.060386 0.394407 0.261091 0.508143 0.257446 0.43207 0.257446 0.43207 0.261091 0.508143 0.4266 0.56595 0.257446 0.43207 0.4266 0.56595 0.428334 0.393641 0.428334 0.393641 0.4266 0.56595 0.599092 0.583986 0.428334 0.393641 0.599092 0.583986 0.591493 0.387369 0.741914 0.392472 0.760145 0.567449 0.878428 0.464202 0.591493 0.387369 0.599092 0.583986 0.760145 0.567449 0.591493 0.387369 0.760145 0.567449 0.741914 0.392472 0.060386 0.394407 0.060386 0.437904 0.261091 0.508143 0.060386 0.394407 0.261091 0.508143 0.257446 0.43207 0.257446 0.43207 0.261091 0.508143 0.4266 0.56595 0.257446 0.43207 0.4266 0.56595 0.428334 0.393641 0.428334 0.393641 0.4266 0.56595 0.599092 0.583986 0.428334 0.393641 0.599092 0.583986 0.591493 0.387369 0.741914 0.392472 0.760145 0.567449 0.878428 0.464202 0.709755 0.936279 0.808781 0.919817 0.8285 0.782132 0.709755 0.936279 0.8285 0.782132 0.729899 0.714366 0.17706 0.817314 0.299423 0.839575 0.303825 0.750031 0.17706 0.817314 0.303825 0.750031 0.179016 0.768401 0.299423 0.839575 0.429438 0.909303 0.43444 0.686137 0.299423 0.839575 0.43444 0.686137 0.303825 0.750031 0.429438 0.909303 0.583042 0.939243 0.585893 0.684207 0.429438 0.909303 0.585893 0.684207 0.43444 0.686137 0.808781 0.919817 0.914355 0.888807 0.8285 0.782132 0.583042 0.939243 0.709755 0.936279 0.729899 0.714366 0.583042 0.939243 0.729899 0.714366 0.585893 0.684207 -0.00204492 0.807198 0.17706 0.817314 0.179016 0.768401 -0.00204492 0.807198 0.179016 0.768401 -0.00204492 0.763003 0.621477 0.060627 0.624334 0.359182 0.828341 0.325066 0.621477 0.060627 0.828341 0.325066 0.819538 0.092405 0.125212 0.184124 0.125212 0.218603 0.190253 0.238508 0.125212 0.184124 0.190253 0.238508 0.19101 0.187549 0.19101 0.187549 0.190253 0.238508 0.429177 0.340818 0.19101 0.187549 0.429177 0.340818 0.427038 0.097583 0.427038 0.097583 0.429177 0.340818 0.624334 0.359182 0.427038 0.097583 0.624334 0.359182 0.621477 0.060627 0.819538 0.092405 0.828341 0.325066 0.97611 0.182722 0.0483499 0.171171 0.0532889 0.140025 -0.00607598 0.026743 0.0483499 0.171171 -0.00607598 0.026743 -0.007177 0.108312 0.125212 0.218603 0.125212 0.184124 0.0532889 0.140025 0.125212 0.218603 0.0532889 0.140025 0.0483499 0.171171 0.591493 0.387369 0.599092 0.583986 0.760145 0.567449 0.591493 0.387369 0.760145 0.567449 0.741914 0.392472 0.060386 0.394407 0.060386 0.437904 0.261091 0.508143 0.060386 0.394407 0.261091 0.508143 0.257446 0.43207 0.257446 0.43207 0.261091 0.508143 0.4266 0.56595 0.257446 0.43207 0.4266 0.56595 0.428334 0.393641 0.428334 0.393641 0.4266 0.56595 0.599092 0.583986 0.428334 0.393641 0.599092 0.583986 0.591493 0.387369 0.741914 0.392472 0.760145 0.567449 0.878428 0.464202 0.709755 0.936279 0.808781 0.919817 0.8285 0.782132 0.709755 0.936279 0.8285 0.782132 0.729899 0.714366 0.17706 0.817314 0.299423 0.839575 0.303825 0.750031 0.17706 0.817314 0.303825 0.750031 0.179016 0.768401 0.299423 0.839575 0.429438 0.909303 0.43444 0.686137 0.299423 0.839575 0.43444 0.686137 0.303825 0.750031 0.429438 0.909303 0.583042 0.939243 0.585893 0.684207 0.429438 0.909303 0.585893 0.684207 0.43444 0.686137 0.808781 0.919817 0.914355 0.888807 0.8285 0.782132 0.583042 0.939243 0.709755 0.936279 0.729899 0.714366 0.583042 0.939243 0.729899 0.714366 0.585893 0.684207 -0.00204492 0.807198 0.17706 0.817314 0.179016 0.768401 -0.00204492 0.807198 0.179016 0.768401 -0.00204492 0.763003 0.591493 0.387369 0.599092 0.583986 0.760145 0.567449 0.591493 0.387369 0.760145 0.567449 0.741914 0.392472 0.060386 0.394407 0.060386 0.437904 0.261091 0.508143 0.060386 0.394407 0.261091 0.508143 0.257446 0.43207 0.257446 0.43207 0.261091 0.508143 0.4266 0.56595 0.257446 0.43207 0.4266 0.56595 0.428334 0.393641 0.428334 0.393641 0.4266 0.56595 0.599092 0.583986 0.428334 0.393641 0.599092 0.583986 0.591493 0.387369 0.741914 0.392472 0.760145 0.567449 0.878428 0.464202 0.709755 0.936279 0.808781 0.919817 0.8285 0.782132 0.709755 0.936279 0.8285 0.782132 0.729899 0.714366 0.17706 0.817314 0.299423 0.839575 0.303825 0.750031 0.17706 0.817314 0.303825 0.750031 0.179016 0.768401 0.299423 0.839575 0.429438 0.909303 0.43444 0.686137 0.299423 0.839575 0.43444 0.686137 0.303825 0.750031 0.429438 0.909303 0.583042 0.939243 0.585893 0.684207 0.429438 0.909303 0.585893 0.684207 0.43444 0.686137 0.808781 0.919817 0.914355 0.888807 0.8285 0.782132 0.583042 0.939243 0.709755 0.936279 0.729899 0.714366 0.583042 0.939243 0.729899 0.714366 0.585893 0.684207 -0.00204492 0.807198 0.17706 0.817314 0.179016 0.768401 -0.00204492 0.807198 0.179016 0.768401 -0.00204492 0.763003 0.709755 0.936279 0.808781 0.919817 0.8285 0.782132 0.709755 0.936279 0.8285 0.782132 0.729899 0.714366 0.17706 0.817314 0.299423 0.839575 0.303825 0.750031 0.17706 0.817314 0.303825 0.750031 0.179016 0.768401 0.299423 0.839575 0.429438 0.909303 0.43444 0.686137 0.299423 0.839575 0.43444 0.686137 0.303825 0.750031 0.429438 0.909303 0.583042 0.939243 0.585893 0.684207 0.429438 0.909303 0.585893 0.684207 0.43444 0.686137 0.808781 0.919817 0.914355 0.888807 0.8285 0.782132 0.583042 0.939243 0.709755 0.936279 0.729899 0.714366 0.583042 0.939243 0.729899 0.714366 0.585893 0.684207 -0.00204492 0.807198 0.17706 0.817314 0.179016 0.768401 -0.00204492 0.807198 0.179016 0.768401 -0.00204492 0.763003 0.709755 0.936279 0.808781 0.919817 0.8285 0.782132 0.709755 0.936279 0.8285 0.782132 0.729899 0.714366 0.17706 0.817314 0.299423 0.839575 0.303825 0.750031 0.17706 0.817314 0.303825 0.750031 0.179016 0.768401 0.299423 0.839575 0.429438 0.909303 0.43444 0.686137 0.299423 0.839575 0.43444 0.686137 0.303825 0.750031 0.429438 0.909303 0.583042 0.939243 0.585893 0.684207 0.429438 0.909303 0.585893 0.684207 0.43444 0.686137 0.808781 0.919817 0.914355 0.888807 0.8285 0.782132 0.583042 0.939243 0.709755 0.936279 0.729899 0.714366 0.583042 0.939243 0.729899 0.714366 0.585893 0.684207 -0.00204492 0.807198 0.17706 0.817314 0.179016 0.768401 -0.00204492 0.807198 0.179016 0.768401 -0.00204492 0.763003 0.591493 0.387369 0.599092 0.583986 0.760145 0.567449 0.591493 0.387369 0.760145 0.567449 0.741914 0.392472 0.060386 0.394407 0.060386 0.437904 0.261091 0.508143 0.060386 0.394407 0.261091 0.508143 0.257446 0.43207 0.257446 0.43207 0.261091 0.508143 0.4266 0.56595 0.257446 0.43207 0.4266 0.56595 0.428334 0.393641 0.428334 0.393641 0.4266 0.56595 0.599092 0.583986 0.428334 0.393641 0.599092 0.583986 0.591493 0.387369 0.741914 0.392472 0.760145 0.567449 0.878428 0.464202 0.591493 0.387369 0.599092 0.583986 0.760145 0.567449 0.591493 0.387369 0.760145 0.567449 0.741914 0.392472 0.060386 0.394407 0.060386 0.437904 0.261091 0.508143 0.060386 0.394407 0.261091 0.508143 0.257446 0.43207 0.257446 0.43207 0.261091 0.508143 0.4266 0.56595 0.257446 0.43207 0.4266 0.56595 0.428334 0.393641 0.428334 0.393641 0.4266 0.56595 0.599092 0.583986 0.428334 0.393641 0.599092 0.583986 0.591493 0.387369 0.741914 0.392472 0.760145 0.567449 0.878428 0.464202 0.709755 0.936279 0.808781 0.919817 0.8285 0.782132 0.709755 0.936279 0.8285 0.782132 0.729899 0.714366 0.17706 0.817314 0.299423 0.839575 0.303825 0.750031 0.17706 0.817314 0.303825 0.750031 0.179016 0.768401 0.299423 0.839575 0.429438 0.909303 0.43444 0.686137 0.299423 0.839575 0.43444 0.686137 0.303825 0.750031 0.429438 0.909303 0.583042 0.939243 0.585893 0.684207 0.429438 0.909303 0.585893 0.684207 0.43444 0.686137 0.808781 0.919817 0.914355 0.888807 0.8285 0.782132 0.583042 0.939243 0.709755 0.936279 0.729899 0.714366 0.583042 0.939243 0.729899 0.714366 0.585893 0.684207 -0.00204492 0.807198 0.17706 0.817314 0.179016 0.768401 -0.00204492 0.807198 0.179016 0.768401 -0.00204492 0.763003 0.621477 0.060627 0.624334 0.359182 0.828341 0.325066 0.621477 0.060627 0.828341 0.325066 0.819538 0.092405 0.125212 0.184124 0.125212 0.218603 0.190253 0.238508 0.125212 0.184124 0.190253 0.238508 0.19101 0.187549 0.19101 0.187549 0.190253 0.238508 0.429177 0.340818 0.19101 0.187549 0.429177 0.340818 0.427038 0.097583 0.427038 0.097583 0.429177 0.340818 0.624334 0.359182 0.427038 0.097583 0.624334 0.359182 0.621477 0.060627 0.819538 0.092405 0.828341 0.325066 0.97611 0.182722 0.0483499 0.171171 0.0532889 0.140025 -0.00607598 0.026743 0.0483499 0.171171 -0.00607598 0.026743 -0.007177 0.108312 0.125212 0.218603 0.125212 0.184124 0.0532889 0.140025 0.125212 0.218603 0.0532889 0.140025 0.0483499 0.171171 0.591493 0.387369 0.599092 0.583986 0.760145 0.567449 0.591493 0.387369 0.760145 0.567449 0.741914 0.392472 0.060386 0.394407 0.060386 0.437904 0.261091 0.508143 0.060386 0.394407 0.261091 0.508143 0.257446 0.43207 0.257446 0.43207 0.261091 0.508143 0.4266 0.56595 0.257446 0.43207 0.4266 0.56595 0.428334 0.393641 0.428334 0.393641 0.4266 0.56595 0.599092 0.583986 0.428334 0.393641 0.599092 0.583986 0.591493 0.387369 0.741914 0.392472 0.760145 0.567449 0.878428 0.464202 0.709755 0.936279 0.808781 0.919817 0.8285 0.782132 0.709755 0.936279 0.8285 0.782132 0.729899 0.714366 0.17706 0.817314 0.299423 0.839575 0.303825 0.750031 0.17706 0.817314 0.303825 0.750031 0.179016 0.768401 0.299423 0.839575 0.429438 0.909303 0.43444 0.686137 0.299423 0.839575 0.43444 0.686137 0.303825 0.750031 0.429438 0.909303 0.583042 0.939243 0.585893 0.684207 0.429438 0.909303 0.585893 0.684207 0.43444 0.686137 0.808781 0.919817 0.914355 0.888807 0.8285 0.782132 0.583042 0.939243 0.709755 0.936279 0.729899 0.714366 0.583042 0.939243 0.729899 0.714366 0.585893 0.684207 -0.00204492 0.807198 0.17706 0.817314 0.179016 0.768401 -0.00204492 0.807198 0.179016 0.768401 -0.00204492 0.763003 0.591493 0.387369 0.599092 0.583986 0.760145 0.567449 0.591493 0.387369 0.760145 0.567449 0.741914 0.392472 0.060386 0.394407 0.060386 0.437904 0.261091 0.508143 0.060386 0.394407 0.261091 0.508143 0.257446 0.43207 0.257446 0.43207 0.261091 0.508143 0.4266 0.56595 0.257446 0.43207 0.4266 0.56595 0.428334 0.393641 0.428334 0.393641 0.4266 0.56595 0.599092 0.583986 0.428334 0.393641 0.599092 0.583986 0.591493 0.387369 0.741914 0.392472 0.760145 0.567449 0.878428 0.464202 0.709755 0.936279 0.808781 0.919817 0.8285 0.782132 0.709755 0.936279 0.8285 0.782132 0.729899 0.714366 0.17706 0.817314 0.299423 0.839575 0.303825 0.750031 0.17706 0.817314 0.303825 0.750031 0.179016 0.768401 0.299423 0.839575 0.429438 0.909303 0.43444 0.686137 0.299423 0.839575 0.43444 0.686137 0.303825 0.750031 0.429438 0.909303 0.583042 0.939243 0.585893 0.684207 0.429438 0.909303 0.585893 0.684207 0.43444 0.686137 0.808781 0.919817 0.914355 0.888807 0.8285 0.782132 0.583042 0.939243 0.709755 0.936279 0.729899 0.714366 0.583042 0.939243 0.729899 0.714366 0.585893 0.684207 -0.00204492 0.807198 0.17706 0.817314 0.179016 0.768401 -0.00204492 0.807198 0.179016 0.768401 -0.00204492 0.763003 0.709755 0.936279 0.808781 0.919817 0.8285 0.782132 0.709755 0.936279 0.8285 0.782132 0.729899 0.714366 0.17706 0.817314 0.299423 0.839575 0.303825 0.750031 0.17706 0.817314 0.303825 0.750031 0.179016 0.768401 0.299423 0.839575 0.429438 0.909303 0.43444 0.686137 0.299423 0.839575 0.43444 0.686137 0.303825 0.750031 0.429438 0.909303 0.583042 0.939243 0.585893 0.684207 0.429438 0.909303 0.585893 0.684207 0.43444 0.686137 0.808781 0.919817 0.914355 0.888807 0.8285 0.782132 0.583042 0.939243 0.709755 0.936279 0.729899 0.714366 0.583042 0.939243 0.729899 0.714366 0.585893 0.684207 -0.00204492 0.807198 0.17706 0.817314 0.179016 0.768401 -0.00204492 0.807198 0.179016 0.768401 -0.00204492 0.763003 0.709755 0.936279 0.808781 0.919817 0.8285 0.782132 0.709755 0.936279 0.8285 0.782132 0.729899 0.714366 0.17706 0.817314 0.299423 0.839575 0.303825 0.750031 0.17706 0.817314 0.303825 0.750031 0.179016 0.768401 0.299423 0.839575 0.429438 0.909303 0.43444 0.686137 0.299423 0.839575 0.43444 0.686137 0.303825 0.750031 0.429438 0.909303 0.583042 0.939243 0.585893 0.684207 0.429438 0.909303 0.585893 0.684207 0.43444 0.686137 0.808781 0.919817 0.914355 0.888807 0.8285 0.782132 0.583042 0.939243 0.709755 0.936279 0.729899 0.714366 0.583042 0.939243 0.729899 0.714366 0.585893 0.684207 -0.00204492 0.807198 0.17706 0.817314 0.179016 0.768401 -0.00204492 0.807198 0.179016 0.768401 -0.00204492 0.763003 0.591493 0.387369 0.599092 0.583986 0.760145 0.567449 0.591493 0.387369 0.760145 0.567449 0.741914 0.392472 0.060386 0.394407 0.060386 0.437904 0.261091 0.508143 0.060386 0.394407 0.261091 0.508143 0.257446 0.43207 0.257446 0.43207 0.261091 0.508143 0.4266 0.56595 0.257446 0.43207 0.4266 0.56595 0.428334 0.393641 0.428334 0.393641 0.4266 0.56595 0.599092 0.583986 0.428334 0.393641 0.599092 0.583986 0.591493 0.387369 0.741914 0.392472 0.760145 0.567449 0.878428 0.464202 0.591493 0.387369 0.599092 0.583986 0.760145 0.567449 0.591493 0.387369 0.760145 0.567449 0.741914 0.392472 0.060386 0.394407 0.060386 0.437904 0.261091 0.508143 0.060386 0.394407 0.261091 0.508143 0.257446 0.43207 0.257446 0.43207 0.261091 0.508143 0.4266 0.56595 0.257446 0.43207 0.4266 0.56595 0.428334 0.393641 0.428334 0.393641 0.4266 0.56595 0.599092 0.583986 0.428334 0.393641 0.599092 0.583986 0.591493 0.387369 0.741914 0.392472 0.760145 0.567449 0.878428 0.464202 0.709755 0.936279 0.808781 0.919817 0.8285 0.782132 0.709755 0.936279 0.8285 0.782132 0.729899 0.714366 0.17706 0.817314 0.299423 0.839575 0.303825 0.750031 0.17706 0.817314 0.303825 0.750031 0.179016 0.768401 0.299423 0.839575 0.429438 0.909303 0.43444 0.686137 0.299423 0.839575 0.43444 0.686137 0.303825 0.750031 0.429438 0.909303 0.583042 0.939243 0.585893 0.684207 0.429438 0.909303 0.585893 0.684207 0.43444 0.686137 0.808781 0.919817 0.914355 0.888807 0.8285 0.782132 0.583042 0.939243 0.709755 0.936279 0.729899 0.714366 0.583042 0.939243 0.729899 0.714366 0.585893 0.684207 -0.00204492 0.807198 0.17706 0.817314 0.179016 0.768401 -0.00204492 0.807198 0.179016 0.768401 -0.00204492 0.763003 0.621477 0.060627 0.624334 0.359182 0.828341 0.325066 0.621477 0.060627 0.828341 0.325066 0.819538 0.092405 0.125212 0.184124 0.125212 0.218603 0.190253 0.238508 0.125212 0.184124 0.190253 0.238508 0.19101 0.187549 0.19101 0.187549 0.190253 0.238508 0.429177 0.340818 0.19101 0.187549 0.429177 0.340818 0.427038 0.097583 0.427038 0.097583 0.429177 0.340818 0.624334 0.359182 0.427038 0.097583 0.624334 0.359182 0.621477 0.060627 0.819538 0.092405 0.828341 0.325066 0.97611 0.182722 0.0483499 0.171171 0.0532889 0.140025 -0.00607598 0.026743 0.0483499 0.171171 -0.00607598 0.026743 -0.007177 0.108312 0.125212 0.218603 0.125212 0.184124 0.0532889 0.140025 0.125212 0.218603 0.0532889 0.140025 0.0483499 0.171171 0.591493 0.387369 0.599092 0.583986 0.760145 0.567449 0.591493 0.387369 0.760145 0.567449 0.741914 0.392472 0.060386 0.394407 0.060386 0.437904 0.261091 0.508143 0.060386 0.394407 0.261091 0.508143 0.257446 0.43207 0.257446 0.43207 0.261091 0.508143 0.4266 0.56595 0.257446 0.43207 0.4266 0.56595 0.428334 0.393641 0.428334 0.393641 0.4266 0.56595 0.599092 0.583986 0.428334 0.393641 0.599092 0.583986 0.591493 0.387369 0.741914 0.392472 0.760145 0.567449 0.878428 0.464202 0.709755 0.936279 0.808781 0.919817 0.8285 0.782132 0.709755 0.936279 0.8285 0.782132 0.729899 0.714366 0.17706 0.817314 0.299423 0.839575 0.303825 0.750031 0.17706 0.817314 0.303825 0.750031 0.179016 0.768401 0.299423 0.839575 0.429438 0.909303 0.43444 0.686137 0.299423 0.839575 0.43444 0.686137 0.303825 0.750031 0.429438 0.909303 0.583042 0.939243 0.585893 0.684207 0.429438 0.909303 0.585893 0.684207 0.43444 0.686137 0.808781 0.919817 0.914355 0.888807 0.8285 0.782132 0.583042 0.939243 0.709755 0.936279 0.729899 0.714366 0.583042 0.939243 0.729899 0.714366 0.585893 0.684207 -0.00204492 0.807198 0.17706 0.817314 0.179016 0.768401 -0.00204492 0.807198 0.179016 0.768401 -0.00204492 0.763003 0.591493 0.387369 0.599092 0.583986 0.760145 0.567449 0.591493 0.387369 0.760145 0.567449 0.741914 0.392472 0.060386 0.394407 0.060386 0.437904 0.261091 0.508143 0.060386 0.394407 0.261091 0.508143 0.257446 0.43207 0.257446 0.43207 0.261091 0.508143 0.4266 0.56595 0.257446 0.43207 0.4266 0.56595 0.428334 0.393641 0.428334 0.393641 0.4266 0.56595 0.599092 0.583986 0.428334 0.393641 0.599092 0.583986 0.591493 0.387369 0.741914 0.392472 0.760145 0.567449 0.878428 0.464202 0.709755 0.936279 0.808781 0.919817 0.8285 0.782132 0.709755 0.936279 0.8285 0.782132 0.729899 0.714366 0.17706 0.817314 0.299423 0.839575 0.303825 0.750031 0.17706 0.817314 0.303825 0.750031 0.179016 0.768401 0.299423 0.839575 0.429438 0.909303 0.43444 0.686137 0.299423 0.839575 0.43444 0.686137 0.303825 0.750031 0.429438 0.909303 0.583042 0.939243 0.585893 0.684207 0.429438 0.909303 0.585893 0.684207 0.43444 0.686137 0.808781 0.919817 0.914355 0.888807 0.8285 0.782132 0.583042 0.939243 0.709755 0.936279 0.729899 0.714366 0.583042 0.939243 0.729899 0.714366 0.585893 0.684207 -0.00204492 0.807198 0.17706 0.817314 0.179016 0.768401 -0.00204492 0.807198 0.179016 0.768401 -0.00204492 0.763003 0.709755 0.936279 0.808781 0.919817 0.8285 0.782132 0.709755 0.936279 0.8285 0.782132 0.729899 0.714366 0.17706 0.817314 0.299423 0.839575 0.303825 0.750031 0.17706 0.817314 0.303825 0.750031 0.179016 0.768401 0.299423 0.839575 0.429438 0.909303 0.43444 0.686137 0.299423 0.839575 0.43444 0.686137 0.303825 0.750031 0.429438 0.909303 0.583042 0.939243 0.585893 0.684207 0.429438 0.909303 0.585893 0.684207 0.43444 0.686137 0.808781 0.919817 0.914355 0.888807 0.8285 0.782132 0.583042 0.939243 0.709755 0.936279 0.729899 0.714366 0.583042 0.939243 0.729899 0.714366 0.585893 0.684207 -0.00204492 0.807198 0.17706 0.817314 0.179016 0.768401 -0.00204492 0.807198 0.179016 0.768401 -0.00204492 0.763003 0.709755 0.936279 0.808781 0.919817 0.8285 0.782132 0.709755 0.936279 0.8285 0.782132 0.729899 0.714366 0.17706 0.817314 0.299423 0.839575 0.303825 0.750031 0.17706 0.817314 0.303825 0.750031 0.179016 0.768401 0.299423 0.839575 0.429438 0.909303 0.43444 0.686137 0.299423 0.839575 0.43444 0.686137 0.303825 0.750031 0.429438 0.909303 0.583042 0.939243 0.585893 0.684207 0.429438 0.909303 0.585893 0.684207 0.43444 0.686137 0.808781 0.919817 0.914355 0.888807 0.8285 0.782132 0.583042 0.939243 0.709755 0.936279 0.729899 0.714366 0.583042 0.939243 0.729899 0.714366 0.585893 0.684207 -0.00204492 0.807198 0.17706 0.817314 0.179016 0.768401 -0.00204492 0.807198 0.179016 0.768401 -0.00204492 0.763003 0.591493 0.387369 0.599092 0.583986 0.760145 0.567449 0.591493 0.387369 0.760145 0.567449 0.741914 0.392472 0.060386 0.394407 0.060386 0.437904 0.261091 0.508143 0.060386 0.394407 0.261091 0.508143 0.257446 0.43207 0.257446 0.43207 0.261091 0.508143 0.4266 0.56595 0.257446 0.43207 0.4266 0.56595 0.428334 0.393641 0.428334 0.393641 0.4266 0.56595 0.599092 0.583986 0.428334 0.393641 0.599092 0.583986 0.591493 0.387369 0.741914 0.392472 0.760145 0.567449 0.878428 0.464202 0.591493 0.387369 0.599092 0.583986 0.760145 0.567449 0.591493 0.387369 0.760145 0.567449 0.741914 0.392472 0.060386 0.394407 0.060386 0.437904 0.261091 0.508143 0.060386 0.394407 0.261091 0.508143 0.257446 0.43207 0.257446 0.43207 0.261091 0.508143 0.4266 0.56595 0.257446 0.43207 0.4266 0.56595 0.428334 0.393641 0.428334 0.393641 0.4266 0.56595 0.599092 0.583986 0.428334 0.393641 0.599092 0.583986 0.591493 0.387369 0.741914 0.392472 0.760145 0.567449 0.878428 0.464202 0.709755 0.936279 0.808781 0.919817 0.8285 0.782132 0.709755 0.936279 0.8285 0.782132 0.729899 0.714366 0.17706 0.817314 0.299423 0.839575 0.303825 0.750031 0.17706 0.817314 0.303825 0.750031 0.179016 0.768401 0.299423 0.839575 0.429438 0.909303 0.43444 0.686137 0.299423 0.839575 0.43444 0.686137 0.303825 0.750031 0.429438 0.909303 0.583042 0.939243 0.585893 0.684207 0.429438 0.909303 0.585893 0.684207 0.43444 0.686137 0.808781 0.919817 0.914355 0.888807 0.8285 0.782132 0.583042 0.939243 0.709755 0.936279 0.729899 0.714366 0.583042 0.939243 0.729899 0.714366 0.585893 0.684207 -0.00204492 0.807198 0.17706 0.817314 0.179016 0.768401 -0.00204492 0.807198 0.179016 0.768401 -0.00204492 0.763003 0.621477 0.060627 0.624334 0.359182 0.828341 0.325066 0.621477 0.060627 0.828341 0.325066 0.819538 0.092405 0.125212 0.184124 0.125212 0.218603 0.190253 0.238508 0.125212 0.184124 0.190253 0.238508 0.19101 0.187549 0.19101 0.187549 0.190253 0.238508 0.429177 0.340818 0.19101 0.187549 0.429177 0.340818 0.427038 0.097583 0.427038 0.097583 0.429177 0.340818 0.624334 0.359182 0.427038 0.097583 0.624334 0.359182 0.621477 0.060627 0.819538 0.092405 0.828341 0.325066 0.97611 0.182722 0.0483499 0.171171 0.0532889 0.140025 -0.00607598 0.026743 0.0483499 0.171171 -0.00607598 0.026743 -0.007177 0.108312 0.125212 0.218603 0.125212 0.184124 0.0532889 0.140025 0.125212 0.218603 0.0532889 0.140025 0.0483499 0.171171 0.591493 0.387369 0.599092 0.583986 0.760145 0.567449 0.591493 0.387369 0.760145 0.567449 0.741914 0.392472 0.060386 0.394407 0.060386 0.437904 0.261091 0.508143 0.060386 0.394407 0.261091 0.508143 0.257446 0.43207 0.257446 0.43207 0.261091 0.508143 0.4266 0.56595 0.257446 0.43207 0.4266 0.56595 0.428334 0.393641 0.428334 0.393641 0.4266 0.56595 0.599092 0.583986 0.428334 0.393641 0.599092 0.583986 0.591493 0.387369 0.741914 0.392472 0.760145 0.567449 0.878428 0.464202 0.709755 0.936279 0.808781 0.919817 0.8285 0.782132 0.709755 0.936279 0.8285 0.782132 0.729899 0.714366 0.17706 0.817314 0.299423 0.839575 0.303825 0.750031 0.17706 0.817314 0.303825 0.750031 0.179016 0.768401 0.299423 0.839575 0.429438 0.909303 0.43444 0.686137 0.299423 0.839575 0.43444 0.686137 0.303825 0.750031 0.429438 0.909303 0.583042 0.939243 0.585893 0.684207 0.429438 0.909303 0.585893 0.684207 0.43444 0.686137 0.808781 0.919817 0.914355 0.888807 0.8285 0.782132 0.583042 0.939243 0.709755 0.936279 0.729899 0.714366 0.583042 0.939243 0.729899 0.714366 0.585893 0.684207 -0.00204492 0.807198 0.17706 0.817314 0.179016 0.768401 -0.00204492 0.807198 0.179016 0.768401 -0.00204492 0.763003 0.591493 0.387369 0.599092 0.583986 0.760145 0.567449 0.591493 0.387369 0.760145 0.567449 0.741914 0.392472 0.060386 0.394407 0.060386 0.437904 0.261091 0.508143 0.060386 0.394407 0.261091 0.508143 0.257446 0.43207 0.257446 0.43207 0.261091 0.508143 0.4266 0.56595 0.257446 0.43207 0.4266 0.56595 0.428334 0.393641 0.428334 0.393641 0.4266 0.56595 0.599092 0.583986 0.428334 0.393641 0.599092 0.583986 0.591493 0.387369 0.741914 0.392472 0.760145 0.567449 0.878428 0.464202 0.709755 0.936279 0.808781 0.919817 0.8285 0.782132 0.709755 0.936279 0.8285 0.782132 0.729899 0.714366 0.17706 0.817314 0.299423 0.839575 0.303825 0.750031 0.17706 0.817314 0.303825 0.750031 0.179016 0.768401 0.299423 0.839575 0.429438 0.909303 0.43444 0.686137 0.299423 0.839575 0.43444 0.686137 0.303825 0.750031 0.429438 0.909303 0.583042 0.939243 0.585893 0.684207 0.429438 0.909303 0.585893 0.684207 0.43444 0.686137 0.808781 0.919817 0.914355 0.888807 0.8285 0.782132 0.583042 0.939243 0.709755 0.936279 0.729899 0.714366 0.583042 0.939243 0.729899 0.714366 0.585893 0.684207 -0.00204492 0.807198 0.17706 0.817314 0.179016 0.768401 -0.00204492 0.807198 0.179016 0.768401 -0.00204492 0.763003 0.709755 0.936279 0.808781 0.919817 0.8285 0.782132 0.709755 0.936279 0.8285 0.782132 0.729899 0.714366 0.17706 0.817314 0.299423 0.839575 0.303825 0.750031 0.17706 0.817314 0.303825 0.750031 0.179016 0.768401 0.299423 0.839575 0.429438 0.909303 0.43444 0.686137 0.299423 0.839575 0.43444 0.686137 0.303825 0.750031 0.429438 0.909303 0.583042 0.939243 0.585893 0.684207 0.429438 0.909303 0.585893 0.684207 0.43444 0.686137 0.808781 0.919817 0.914355 0.888807 0.8285 0.782132 0.583042 0.939243 0.709755 0.936279 0.729899 0.714366 0.583042 0.939243 0.729899 0.714366 0.585893 0.684207 -0.00204492 0.807198 0.17706 0.817314 0.179016 0.768401 -0.00204492 0.807198 0.179016 0.768401 -0.00204492 0.763003 0.709755 0.936279 0.808781 0.919817 0.8285 0.782132 0.709755 0.936279 0.8285 0.782132 0.729899 0.714366 0.17706 0.817314 0.299423 0.839575 0.303825 0.750031 0.17706 0.817314 0.303825 0.750031 0.179016 0.768401 0.299423 0.839575 0.429438 0.909303 0.43444 0.686137 0.299423 0.839575 0.43444 0.686137 0.303825 0.750031 0.429438 0.909303 0.583042 0.939243 0.585893 0.684207 0.429438 0.909303 0.585893 0.684207 0.43444 0.686137 0.808781 0.919817 0.914355 0.888807 0.8285 0.782132 0.583042 0.939243 0.709755 0.936279 0.729899 0.714366 0.583042 0.939243 0.729899 0.714366 0.585893 0.684207 -0.00204492 0.807198 0.17706 0.817314 0.179016 0.768401 -0.00204492 0.807198 0.179016 0.768401 -0.00204492 0.763003 0.591493 0.387369 0.599092 0.583986 0.760145 0.567449 0.591493 0.387369 0.760145 0.567449 0.741914 0.392472 0.060386 0.394407 0.060386 0.437904 0.261091 0.508143 0.060386 0.394407 0.261091 0.508143 0.257446 0.43207 0.257446 0.43207 0.261091 0.508143 0.4266 0.56595 0.257446 0.43207 0.4266 0.56595 0.428334 0.393641 0.428334 0.393641 0.4266 0.56595 0.599092 0.583986 0.428334 0.393641 0.599092 0.583986 0.591493 0.387369 0.741914 0.392472 0.760145 0.567449 0.878428 0.464202 0.591493 0.387369 0.599092 0.583986 0.760145 0.567449 0.591493 0.387369 0.760145 0.567449 0.741914 0.392472 0.060386 0.394407 0.060386 0.437904 0.261091 0.508143 0.060386 0.394407 0.261091 0.508143 0.257446 0.43207 0.257446 0.43207 0.261091 0.508143 0.4266 0.56595 0.257446 0.43207 0.4266 0.56595 0.428334 0.393641 0.428334 0.393641 0.4266 0.56595 0.599092 0.583986 0.428334 0.393641 0.599092 0.583986 0.591493 0.387369 0.741914 0.392472 0.760145 0.567449 0.878428 0.464202 0.709755 0.936279 0.808781 0.919817 0.8285 0.782132 0.709755 0.936279 0.8285 0.782132 0.729899 0.714366 0.17706 0.817314 0.299423 0.839575 0.303825 0.750031 0.17706 0.817314 0.303825 0.750031 0.179016 0.768401 0.299423 0.839575 0.429438 0.909303 0.43444 0.686137 0.299423 0.839575 0.43444 0.686137 0.303825 0.750031 0.429438 0.909303 0.583042 0.939243 0.585893 0.684207 0.429438 0.909303 0.585893 0.684207 0.43444 0.686137 0.808781 0.919817 0.914355 0.888807 0.8285 0.782132 0.583042 0.939243 0.709755 0.936279 0.729899 0.714366 0.583042 0.939243 0.729899 0.714366 0.585893 0.684207 -0.00204492 0.807198 0.17706 0.817314 0.179016 0.768401 -0.00204492 0.807198 0.179016 0.768401 -0.00204492 0.763003 0.621477 0.060627 0.624334 0.359182 0.828341 0.325066 0.621477 0.060627 0.828341 0.325066 0.819538 0.092405 0.125212 0.184124 0.125212 0.218603 0.190253 0.238508 0.125212 0.184124 0.190253 0.238508 0.19101 0.187549 0.19101 0.187549 0.190253 0.238508 0.429177 0.340818 0.19101 0.187549 0.429177 0.340818 0.427038 0.097583 0.427038 0.097583 0.429177 0.340818 0.624334 0.359182 0.427038 0.097583 0.624334 0.359182 0.621477 0.060627 0.819538 0.092405 0.828341 0.325066 0.97611 0.182722 0.0483499 0.171171 0.0532889 0.140025 -0.00607598 0.026743 0.0483499 0.171171 -0.00607598 0.026743 -0.007177 0.108312 0.125212 0.218603 0.125212 0.184124 0.0532889 0.140025 0.125212 0.218603 0.0532889 0.140025 0.0483499 0.171171 0.591493 0.387369 0.599092 0.583986 0.760145 0.567449 0.591493 0.387369 0.760145 0.567449 0.741914 0.392472 0.060386 0.394407 0.060386 0.437904 0.261091 0.508143 0.060386 0.394407 0.261091 0.508143 0.257446 0.43207 0.257446 0.43207 0.261091 0.508143 0.4266 0.56595 0.257446 0.43207 0.4266 0.56595 0.428334 0.393641 0.428334 0.393641 0.4266 0.56595 0.599092 0.583986 0.428334 0.393641 0.599092 0.583986 0.591493 0.387369 0.741914 0.392472 0.760145 0.567449 0.878428 0.464202 0.709755 0.936279 0.808781 0.919817 0.8285 0.782132 0.709755 0.936279 0.8285 0.782132 0.729899 0.714366 0.17706 0.817314 0.299423 0.839575 0.303825 0.750031 0.17706 0.817314 0.303825 0.750031 0.179016 0.768401 0.299423 0.839575 0.429438 0.909303 0.43444 0.686137 0.299423 0.839575 0.43444 0.686137 0.303825 0.750031 0.429438 0.909303 0.583042 0.939243 0.585893 0.684207 0.429438 0.909303 0.585893 0.684207 0.43444 0.686137 0.808781 0.919817 0.914355 0.888807 0.8285 0.782132 0.583042 0.939243 0.709755 0.936279 0.729899 0.714366 0.583042 0.939243 0.729899 0.714366 0.585893 0.684207 -0.00204492 0.807198 0.17706 0.817314 0.179016 0.768401 -0.00204492 0.807198 0.179016 0.768401 -0.00204492 0.763003 0.591493 0.387369 0.599092 0.583986 0.760145 0.567449 0.591493 0.387369 0.760145 0.567449 0.741914 0.392472 0.060386 0.394407 0.060386 0.437904 0.261091 0.508143 0.060386 0.394407 0.261091 0.508143 0.257446 0.43207 0.257446 0.43207 0.261091 0.508143 0.4266 0.56595 0.257446 0.43207 0.4266 0.56595 0.428334 0.393641 0.428334 0.393641 0.4266 0.56595 0.599092 0.583986 0.428334 0.393641 0.599092 0.583986 0.591493 0.387369 0.741914 0.392472 0.760145 0.567449 0.878428 0.464202 0.709755 0.936279 0.808781 0.919817 0.8285 0.782132 0.709755 0.936279 0.8285 0.782132 0.729899 0.714366 0.17706 0.817314 0.299423 0.839575 0.303825 0.750031 0.17706 0.817314 0.303825 0.750031 0.179016 0.768401 0.299423 0.839575 0.429438 0.909303 0.43444 0.686137 0.299423 0.839575 0.43444 0.686137 0.303825 0.750031 0.429438 0.909303 0.583042 0.939243 0.585893 0.684207 0.429438 0.909303 0.585893 0.684207 0.43444 0.686137 0.808781 0.919817 0.914355 0.888807 0.8285 0.782132 0.583042 0.939243 0.709755 0.936279 0.729899 0.714366 0.583042 0.939243 0.729899 0.714366 0.585893 0.684207 -0.00204492 0.807198 0.17706 0.817314 0.179016 0.768401 -0.00204492 0.807198 0.179016 0.768401 -0.00204492 0.763003 0.709755 0.936279 0.808781 0.919817 0.8285 0.782132 0.709755 0.936279 0.8285 0.782132 0.729899 0.714366 0.17706 0.817314 0.299423 0.839575 0.303825 0.750031 0.17706 0.817314 0.303825 0.750031 0.179016 0.768401 0.299423 0.839575 0.429438 0.909303 0.43444 0.686137 0.299423 0.839575 0.43444 0.686137 0.303825 0.750031 0.429438 0.909303 0.583042 0.939243 0.585893 0.684207 0.429438 0.909303 0.585893 0.684207 0.43444 0.686137 0.808781 0.919817 0.914355 0.888807 0.8285 0.782132 0.583042 0.939243 0.709755 0.936279 0.729899 0.714366 0.583042 0.939243 0.729899 0.714366 0.585893 0.684207 -0.00204492 0.807198 0.17706 0.817314 0.179016 0.768401 -0.00204492 0.807198 0.179016 0.768401 -0.00204492 0.763003 0.709755 0.936279 0.808781 0.919817 0.8285 0.782132 0.709755 0.936279 0.8285 0.782132 0.729899 0.714366 0.17706 0.817314 0.299423 0.839575 0.303825 0.750031 0.17706 0.817314 0.303825 0.750031 0.179016 0.768401 0.299423 0.839575 0.429438 0.909303 0.43444 0.686137 0.299423 0.839575 0.43444 0.686137 0.303825 0.750031 0.429438 0.909303 0.583042 0.939243 0.585893 0.684207 0.429438 0.909303 0.585893 0.684207 0.43444 0.686137 0.808781 0.919817 0.914355 0.888807 0.8285 0.782132 0.583042 0.939243 0.709755 0.936279 0.729899 0.714366 0.583042 0.939243 0.729899 0.714366 0.585893 0.684207 -0.00204492 0.807198 0.17706 0.817314 0.179016 0.768401 -0.00204492 0.807198 0.179016 0.768401 -0.00204492 0.763003 0.591493 0.387369 0.599092 0.583986 0.760145 0.567449 0.591493 0.387369 0.760145 0.567449 0.741914 0.392472 0.060386 0.394407 0.060386 0.437904 0.261091 0.508143 0.060386 0.394407 0.261091 0.508143 0.257446 0.43207 0.257446 0.43207 0.261091 0.508143 0.4266 0.56595 0.257446 0.43207 0.4266 0.56595 0.428334 0.393641 0.428334 0.393641 0.4266 0.56595 0.599092 0.583986 0.428334 0.393641 0.599092 0.583986 0.591493 0.387369 0.741914 0.392472 0.760145 0.567449 0.878428 0.464202 0.591493 0.387369 0.599092 0.583986 0.760145 0.567449 0.591493 0.387369 0.760145 0.567449 0.741914 0.392472 0.060386 0.394407 0.060386 0.437904 0.261091 0.508143 0.060386 0.394407 0.261091 0.508143 0.257446 0.43207 0.257446 0.43207 0.261091 0.508143 0.4266 0.56595 0.257446 0.43207 0.4266 0.56595 0.428334 0.393641 0.428334 0.393641 0.4266 0.56595 0.599092 0.583986 0.428334 0.393641 0.599092 0.583986 0.591493 0.387369 0.741914 0.392472 0.760145 0.567449 0.878428 0.464202 0.709755 0.936279 0.808781 0.919817 0.8285 0.782132 0.709755 0.936279 0.8285 0.782132 0.729899 0.714366 0.17706 0.817314 0.299423 0.839575 0.303825 0.750031 0.17706 0.817314 0.303825 0.750031 0.179016 0.768401 0.299423 0.839575 0.429438 0.909303 0.43444 0.686137 0.299423 0.839575 0.43444 0.686137 0.303825 0.750031 0.429438 0.909303 0.583042 0.939243 0.585893 0.684207 0.429438 0.909303 0.585893 0.684207 0.43444 0.686137 0.808781 0.919817 0.914355 0.888807 0.8285 0.782132 0.583042 0.939243 0.709755 0.936279 0.729899 0.714366 0.583042 0.939243 0.729899 0.714366 0.585893 0.684207 -0.00204492 0.807198 0.17706 0.817314 0.179016 0.768401 -0.00204492 0.807198 0.179016 0.768401 -0.00204492 0.763003 0.621477 0.060627 0.624334 0.359182 0.828341 0.325066 0.621477 0.060627 0.828341 0.325066 0.819538 0.092405 0.125212 0.184124 0.125212 0.218603 0.190253 0.238508 0.125212 0.184124 0.190253 0.238508 0.19101 0.187549 0.19101 0.187549 0.190253 0.238508 0.429177 0.340818 0.19101 0.187549 0.429177 0.340818 0.427038 0.097583 0.427038 0.097583 0.429177 0.340818 0.624334 0.359182 0.427038 0.097583 0.624334 0.359182 0.621477 0.060627 0.819538 0.092405 0.828341 0.325066 0.97611 0.182722 0.0483499 0.171171 0.0532889 0.140025 -0.00607598 0.026743 0.0483499 0.171171 -0.00607598 0.026743 -0.007177 0.108312 0.125212 0.218603 0.125212 0.184124 0.0532889 0.140025 0.125212 0.218603 0.0532889 0.140025 0.0483499 0.171171 0.591493 0.387369 0.599092 0.583986 0.760145 0.567449 0.591493 0.387369 0.760145 0.567449 0.741914 0.392472 0.060386 0.394407 0.060386 0.437904 0.261091 0.508143 0.060386 0.394407 0.261091 0.508143 0.257446 0.43207 0.257446 0.43207 0.261091 0.508143 0.4266 0.56595 0.257446 0.43207 0.4266 0.56595 0.428334 0.393641 0.428334 0.393641 0.4266 0.56595 0.599092 0.583986 0.428334 0.393641 0.599092 0.583986 0.591493 0.387369 0.741914 0.392472 0.760145 0.567449 0.878428 0.464202 0.709755 0.936279 0.808781 0.919817 0.8285 0.782132 0.709755 0.936279 0.8285 0.782132 0.729899 0.714366 0.17706 0.817314 0.299423 0.839575 0.303825 0.750031 0.17706 0.817314 0.303825 0.750031 0.179016 0.768401 0.299423 0.839575 0.429438 0.909303 0.43444 0.686137 0.299423 0.839575 0.43444 0.686137 0.303825 0.750031 0.429438 0.909303 0.583042 0.939243 0.585893 0.684207 0.429438 0.909303 0.585893 0.684207 0.43444 0.686137 0.808781 0.919817 0.914355 0.888807 0.8285 0.782132 0.583042 0.939243 0.709755 0.936279 0.729899 0.714366 0.583042 0.939243 0.729899 0.714366 0.585893 0.684207 -0.00204492 0.807198 0.17706 0.817314 0.179016 0.768401 -0.00204492 0.807198 0.179016 0.768401 -0.00204492 0.763003 0.591493 0.387369 0.599092 0.583986 0.760145 0.567449 0.591493 0.387369 0.760145 0.567449 0.741914 0.392472 0.060386 0.394407 0.060386 0.437904 0.261091 0.508143 0.060386 0.394407 0.261091 0.508143 0.257446 0.43207 0.257446 0.43207 0.261091 0.508143 0.4266 0.56595 0.257446 0.43207 0.4266 0.56595 0.428334 0.393641 0.428334 0.393641 0.4266 0.56595 0.599092 0.583986 0.428334 0.393641 0.599092 0.583986 0.591493 0.387369 0.741914 0.392472 0.760145 0.567449 0.878428 0.464202 0.709755 0.936279 0.808781 0.919817 0.8285 0.782132 0.709755 0.936279 0.8285 0.782132 0.729899 0.714366 0.17706 0.817314 0.299423 0.839575 0.303825 0.750031 0.17706 0.817314 0.303825 0.750031 0.179016 0.768401 0.299423 0.839575 0.429438 0.909303 0.43444 0.686137 0.299423 0.839575 0.43444 0.686137 0.303825 0.750031 0.429438 0.909303 0.583042 0.939243 0.585893 0.684207 0.429438 0.909303 0.585893 0.684207 0.43444 0.686137 0.808781 0.919817 0.914355 0.888807 0.8285 0.782132 0.583042 0.939243 0.709755 0.936279 0.729899 0.714366 0.583042 0.939243 0.729899 0.714366 0.585893 0.684207 -0.00204492 0.807198 0.17706 0.817314 0.179016 0.768401 -0.00204492 0.807198 0.179016 0.768401 -0.00204492 0.763003 0.709755 0.936279 0.808781 0.919817 0.8285 0.782132 0.709755 0.936279 0.8285 0.782132 0.729899 0.714366 0.17706 0.817314 0.299423 0.839575 0.303825 0.750031 0.17706 0.817314 0.303825 0.750031 0.179016 0.768401 0.299423 0.839575 0.429438 0.909303 0.43444 0.686137 0.299423 0.839575 0.43444 0.686137 0.303825 0.750031 0.429438 0.909303 0.583042 0.939243 0.585893 0.684207 0.429438 0.909303 0.585893 0.684207 0.43444 0.686137 0.808781 0.919817 0.914355 0.888807 0.8285 0.782132 0.583042 0.939243 0.709755 0.936279 0.729899 0.714366 0.583042 0.939243 0.729899 0.714366 0.585893 0.684207 -0.00204492 0.807198 0.17706 0.817314 0.179016 0.768401 -0.00204492 0.807198 0.179016 0.768401 -0.00204492 0.763003 0.709755 0.936279 0.808781 0.919817 0.8285 0.782132 0.709755 0.936279 0.8285 0.782132 0.729899 0.714366 0.17706 0.817314 0.299423 0.839575 0.303825 0.750031 0.17706 0.817314 0.303825 0.750031 0.179016 0.768401 0.299423 0.839575 0.429438 0.909303 0.43444 0.686137 0.299423 0.839575 0.43444 0.686137 0.303825 0.750031 0.429438 0.909303 0.583042 0.939243 0.585893 0.684207 0.429438 0.909303 0.585893 0.684207 0.43444 0.686137 0.808781 0.919817 0.914355 0.888807 0.8285 0.782132 0.583042 0.939243 0.709755 0.936279 0.729899 0.714366 0.583042 0.939243 0.729899 0.714366 0.585893 0.684207 -0.00204492 0.807198 0.17706 0.817314 0.179016 0.768401 -0.00204492 0.807198 0.179016 0.768401 -0.00204492 0.763003 0.591493 0.387369 0.599092 0.583986 0.760145 0.567449 0.591493 0.387369 0.760145 0.567449 0.741914 0.392472 0.060386 0.394407 0.060386 0.437904 0.261091 0.508143 0.060386 0.394407 0.261091 0.508143 0.257446 0.43207 0.257446 0.43207 0.261091 0.508143 0.4266 0.56595 0.257446 0.43207 0.4266 0.56595 0.428334 0.393641 0.428334 0.393641 0.4266 0.56595 0.599092 0.583986 0.428334 0.393641 0.599092 0.583986 0.591493 0.387369 0.741914 0.392472 0.760145 0.567449 0.878428 0.464202 0.591493 0.387369 0.599092 0.583986 0.760145 0.567449 0.591493 0.387369 0.760145 0.567449 0.741914 0.392472 0.060386 0.394407 0.060386 0.437904 0.261091 0.508143 0.060386 0.394407 0.261091 0.508143 0.257446 0.43207 0.257446 0.43207 0.261091 0.508143 0.4266 0.56595 0.257446 0.43207 0.4266 0.56595 0.428334 0.393641 0.428334 0.393641 0.4266 0.56595 0.599092 0.583986 0.428334 0.393641 0.599092 0.583986 0.591493 0.387369 0.741914 0.392472 0.760145 0.567449 0.878428 0.464202 0.709755 0.936279 0.808781 0.919817 0.8285 0.782132 0.709755 0.936279 0.8285 0.782132 0.729899 0.714366 0.17706 0.817314 0.299423 0.839575 0.303825 0.750031 0.17706 0.817314 0.303825 0.750031 0.179016 0.768401 0.299423 0.839575 0.429438 0.909303 0.43444 0.686137 0.299423 0.839575 0.43444 0.686137 0.303825 0.750031 0.429438 0.909303 0.583042 0.939243 0.585893 0.684207 0.429438 0.909303 0.585893 0.684207 0.43444 0.686137 0.808781 0.919817 0.914355 0.888807 0.8285 0.782132 0.583042 0.939243 0.709755 0.936279 0.729899 0.714366 0.583042 0.939243 0.729899 0.714366 0.585893 0.684207 -0.00204492 0.807198 0.17706 0.817314 0.179016 0.768401 -0.00204492 0.807198 0.179016 0.768401 -0.00204492 0.763003 0.621477 0.060627 0.624334 0.359182 0.828341 0.325066 0.621477 0.060627 0.828341 0.325066 0.819538 0.092405 0.125212 0.184124 0.125212 0.218603 0.190253 0.238508 0.125212 0.184124 0.190253 0.238508 0.19101 0.187549 0.19101 0.187549 0.190253 0.238508 0.429177 0.340818 0.19101 0.187549 0.429177 0.340818 0.427038 0.097583 0.427038 0.097583 0.429177 0.340818 0.624334 0.359182 0.427038 0.097583 0.624334 0.359182 0.621477 0.060627 0.819538 0.092405 0.828341 0.325066 0.97611 0.182722 0.0483499 0.171171 0.0532889 0.140025 -0.00607598 0.026743 0.0483499 0.171171 -0.00607598 0.026743 -0.007177 0.108312 0.125212 0.218603 0.125212 0.184124 0.0532889 0.140025 0.125212 0.218603 0.0532889 0.140025 0.0483499 0.171171 0.591493 0.387369 0.599092 0.583986 0.760145 0.567449 0.591493 0.387369 0.760145 0.567449 0.741914 0.392472 0.060386 0.394407 0.060386 0.437904 0.261091 0.508143 0.060386 0.394407 0.261091 0.508143 0.257446 0.43207 0.257446 0.43207 0.261091 0.508143 0.4266 0.56595 0.257446 0.43207 0.4266 0.56595 0.428334 0.393641 0.428334 0.393641 0.4266 0.56595 0.599092 0.583986 0.428334 0.393641 0.599092 0.583986 0.591493 0.387369 0.741914 0.392472 0.760145 0.567449 0.878428 0.464202 0.709755 0.936279 0.808781 0.919817 0.8285 0.782132 0.709755 0.936279 0.8285 0.782132 0.729899 0.714366 0.17706 0.817314 0.299423 0.839575 0.303825 0.750031 0.17706 0.817314 0.303825 0.750031 0.179016 0.768401 0.299423 0.839575 0.429438 0.909303 0.43444 0.686137 0.299423 0.839575 0.43444 0.686137 0.303825 0.750031 0.429438 0.909303 0.583042 0.939243 0.585893 0.684207 0.429438 0.909303 0.585893 0.684207 0.43444 0.686137 0.808781 0.919817 0.914355 0.888807 0.8285 0.782132 0.583042 0.939243 0.709755 0.936279 0.729899 0.714366 0.583042 0.939243 0.729899 0.714366 0.585893 0.684207 -0.00204492 0.807198 0.17706 0.817314 0.179016 0.768401 -0.00204492 0.807198 0.179016 0.768401 -0.00204492 0.763003 0.591493 0.387369 0.599092 0.583986 0.760145 0.567449 0.591493 0.387369 0.760145 0.567449 0.741914 0.392472 0.060386 0.394407 0.060386 0.437904 0.261091 0.508143 0.060386 0.394407 0.261091 0.508143 0.257446 0.43207 0.257446 0.43207 0.261091 0.508143 0.4266 0.56595 0.257446 0.43207 0.4266 0.56595 0.428334 0.393641 0.428334 0.393641 0.4266 0.56595 0.599092 0.583986 0.428334 0.393641 0.599092 0.583986 0.591493 0.387369 0.741914 0.392472 0.760145 0.567449 0.878428 0.464202 0.709755 0.936279 0.808781 0.919817 0.8285 0.782132 0.709755 0.936279 0.8285 0.782132 0.729899 0.714366 0.17706 0.817314 0.299423 0.839575 0.303825 0.750031 0.17706 0.817314 0.303825 0.750031 0.179016 0.768401 0.299423 0.839575 0.429438 0.909303 0.43444 0.686137 0.299423 0.839575 0.43444 0.686137 0.303825 0.750031 0.429438 0.909303 0.583042 0.939243 0.585893 0.684207 0.429438 0.909303 0.585893 0.684207 0.43444 0.686137 0.808781 0.919817 0.914355 0.888807 0.8285 0.782132 0.583042 0.939243 0.709755 0.936279 0.729899 0.714366 0.583042 0.939243 0.729899 0.714366 0.585893 0.684207 -0.00204492 0.807198 0.17706 0.817314 0.179016 0.768401 -0.00204492 0.807198 0.179016 0.768401 -0.00204492 0.763003 0.709755 0.936279 0.808781 0.919817 0.8285 0.782132 0.709755 0.936279 0.8285 0.782132 0.729899 0.714366 0.17706 0.817314 0.299423 0.839575 0.303825 0.750031 0.17706 0.817314 0.303825 0.750031 0.179016 0.768401 0.299423 0.839575 0.429438 0.909303 0.43444 0.686137 0.299423 0.839575 0.43444 0.686137 0.303825 0.750031 0.429438 0.909303 0.583042 0.939243 0.585893 0.684207 0.429438 0.909303 0.585893 0.684207 0.43444 0.686137 0.808781 0.919817 0.914355 0.888807 0.8285 0.782132 0.583042 0.939243 0.709755 0.936279 0.729899 0.714366 0.583042 0.939243 0.729899 0.714366 0.585893 0.684207 -0.00204492 0.807198 0.17706 0.817314 0.179016 0.768401 -0.00204492 0.807198 0.179016 0.768401 -0.00204492 0.763003 0.709755 0.936279 0.808781 0.919817 0.8285 0.782132 0.709755 0.936279 0.8285 0.782132 0.729899 0.714366 0.17706 0.817314 0.299423 0.839575 0.303825 0.750031 0.17706 0.817314 0.303825 0.750031 0.179016 0.768401 0.299423 0.839575 0.429438 0.909303 0.43444 0.686137 0.299423 0.839575 0.43444 0.686137 0.303825 0.750031 0.429438 0.909303 0.583042 0.939243 0.585893 0.684207 0.429438 0.909303 0.585893 0.684207 0.43444 0.686137 0.808781 0.919817 0.914355 0.888807 0.8285 0.782132 0.583042 0.939243 0.709755 0.936279 0.729899 0.714366 0.583042 0.939243 0.729899 0.714366 0.585893 0.684207 -0.00204492 0.807198 0.17706 0.817314 0.179016 0.768401 -0.00204492 0.807198 0.179016 0.768401 -0.00204492 0.763003 0.591493 0.387369 0.599092 0.583986 0.760145 0.567449 0.591493 0.387369 0.760145 0.567449 0.741914 0.392472 0.060386 0.394407 0.060386 0.437904 0.261091 0.508143 0.060386 0.394407 0.261091 0.508143 0.257446 0.43207 0.257446 0.43207 0.261091 0.508143 0.4266 0.56595 0.257446 0.43207 0.4266 0.56595 0.428334 0.393641 0.428334 0.393641 0.4266 0.56595 0.599092 0.583986 0.428334 0.393641 0.599092 0.583986 0.591493 0.387369 0.741914 0.392472 0.760145 0.567449 0.878428 0.464202 0.591493 0.387369 0.599092 0.583986 0.760145 0.567449 0.591493 0.387369 0.760145 0.567449 0.741914 0.392472 0.060386 0.394407 0.060386 0.437904 0.261091 0.508143 0.060386 0.394407 0.261091 0.508143 0.257446 0.43207 0.257446 0.43207 0.261091 0.508143 0.4266 0.56595 0.257446 0.43207 0.4266 0.56595 0.428334 0.393641 0.428334 0.393641 0.4266 0.56595 0.599092 0.583986 0.428334 0.393641 0.599092 0.583986 0.591493 0.387369 0.741914 0.392472 0.760145 0.567449 0.878428 0.464202 0.709755 0.936279 0.808781 0.919817 0.8285 0.782132 0.709755 0.936279 0.8285 0.782132 0.729899 0.714366 0.17706 0.817314 0.299423 0.839575 0.303825 0.750031 0.17706 0.817314 0.303825 0.750031 0.179016 0.768401 0.299423 0.839575 0.429438 0.909303 0.43444 0.686137 0.299423 0.839575 0.43444 0.686137 0.303825 0.750031 0.429438 0.909303 0.583042 0.939243 0.585893 0.684207 0.429438 0.909303 0.585893 0.684207 0.43444 0.686137 0.808781 0.919817 0.914355 0.888807 0.8285 0.782132 0.583042 0.939243 0.709755 0.936279 0.729899 0.714366 0.583042 0.939243 0.729899 0.714366 0.585893 0.684207 -0.00204492 0.807198 0.17706 0.817314 0.179016 0.768401 -0.00204492 0.807198 0.179016 0.768401 -0.00204492 0.763003 0.621477 0.060627 0.624334 0.359182 0.828341 0.325066 0.621477 0.060627 0.828341 0.325066 0.819538 0.092405 0.125212 0.184124 0.125212 0.218603 0.190253 0.238508 0.125212 0.184124 0.190253 0.238508 0.19101 0.187549 0.19101 0.187549 0.190253 0.238508 0.429177 0.340818 0.19101 0.187549 0.429177 0.340818 0.427038 0.097583 0.427038 0.097583 0.429177 0.340818 0.624334 0.359182 0.427038 0.097583 0.624334 0.359182 0.621477 0.060627 0.819538 0.092405 0.828341 0.325066 0.97611 0.182722 0.0483499 0.171171 0.0532889 0.140025 -0.00607598 0.026743 0.0483499 0.171171 -0.00607598 0.026743 -0.007177 0.108312 0.125212 0.218603 0.125212 0.184124 0.0532889 0.140025 0.125212 0.218603 0.0532889 0.140025 0.0483499 0.171171 0.591493 0.387369 0.599092 0.583986 0.760145 0.567449 0.591493 0.387369 0.760145 0.567449 0.741914 0.392472 0.060386 0.394407 0.060386 0.437904 0.261091 0.508143 0.060386 0.394407 0.261091 0.508143 0.257446 0.43207 0.257446 0.43207 0.261091 0.508143 0.4266 0.56595 0.257446 0.43207 0.4266 0.56595 0.428334 0.393641 0.428334 0.393641 0.4266 0.56595 0.599092 0.583986 0.428334 0.393641 0.599092 0.583986 0.591493 0.387369 0.741914 0.392472 0.760145 0.567449 0.878428 0.464202 0.709755 0.936279 0.808781 0.919817 0.8285 0.782132 0.709755 0.936279 0.8285 0.782132 0.729899 0.714366 0.17706 0.817314 0.299423 0.839575 0.303825 0.750031 0.17706 0.817314 0.303825 0.750031 0.179016 0.768401 0.299423 0.839575 0.429438 0.909303 0.43444 0.686137 0.299423 0.839575 0.43444 0.686137 0.303825 0.750031 0.429438 0.909303 0.583042 0.939243 0.585893 0.684207 0.429438 0.909303 0.585893 0.684207 0.43444 0.686137 0.808781 0.919817 0.914355 0.888807 0.8285 0.782132 0.583042 0.939243 0.709755 0.936279 0.729899 0.714366 0.583042 0.939243 0.729899 0.714366 0.585893 0.684207 -0.00204492 0.807198 0.17706 0.817314 0.179016 0.768401 -0.00204492 0.807198 0.179016 0.768401 -0.00204492 0.763003 0.591493 0.387369 0.599092 0.583986 0.760145 0.567449 0.591493 0.387369 0.760145 0.567449 0.741914 0.392472 0.060386 0.394407 0.060386 0.437904 0.261091 0.508143 0.060386 0.394407 0.261091 0.508143 0.257446 0.43207 0.257446 0.43207 0.261091 0.508143 0.4266 0.56595 0.257446 0.43207 0.4266 0.56595 0.428334 0.393641 0.428334 0.393641 0.4266 0.56595 0.599092 0.583986 0.428334 0.393641 0.599092 0.583986 0.591493 0.387369 0.741914 0.392472 0.760145 0.567449 0.878428 0.464202 0.709755 0.936279 0.808781 0.919817 0.8285 0.782132 0.709755 0.936279 0.8285 0.782132 0.729899 0.714366 0.17706 0.817314 0.299423 0.839575 0.303825 0.750031 0.17706 0.817314 0.303825 0.750031 0.179016 0.768401 0.299423 0.839575 0.429438 0.909303 0.43444 0.686137 0.299423 0.839575 0.43444 0.686137 0.303825 0.750031 0.429438 0.909303 0.583042 0.939243 0.585893 0.684207 0.429438 0.909303 0.585893 0.684207 0.43444 0.686137 0.808781 0.919817 0.914355 0.888807 0.8285 0.782132 0.583042 0.939243 0.709755 0.936279 0.729899 0.714366 0.583042 0.939243 0.729899 0.714366 0.585893 0.684207 -0.00204492 0.807198 0.17706 0.817314 0.179016 0.768401 -0.00204492 0.807198 0.179016 0.768401 -0.00204492 0.763003 0.709755 0.936279 0.808781 0.919817 0.8285 0.782132 0.709755 0.936279 0.8285 0.782132 0.729899 0.714366 0.17706 0.817314 0.299423 0.839575 0.303825 0.750031 0.17706 0.817314 0.303825 0.750031 0.179016 0.768401 0.299423 0.839575 0.429438 0.909303 0.43444 0.686137 0.299423 0.839575 0.43444 0.686137 0.303825 0.750031 0.429438 0.909303 0.583042 0.939243 0.585893 0.684207 0.429438 0.909303 0.585893 0.684207 0.43444 0.686137 0.808781 0.919817 0.914355 0.888807 0.8285 0.782132 0.583042 0.939243 0.709755 0.936279 0.729899 0.714366 0.583042 0.939243 0.729899 0.714366 0.585893 0.684207 -0.00204492 0.807198 0.17706 0.817314 0.179016 0.768401 -0.00204492 0.807198 0.179016 0.768401 -0.00204492 0.763003 0.709755 0.936279 0.808781 0.919817 0.8285 0.782132 0.709755 0.936279 0.8285 0.782132 0.729899 0.714366 0.17706 0.817314 0.299423 0.839575 0.303825 0.750031 0.17706 0.817314 0.303825 0.750031 0.179016 0.768401 0.299423 0.839575 0.429438 0.909303 0.43444 0.686137 0.299423 0.839575 0.43444 0.686137 0.303825 0.750031 0.429438 0.909303 0.583042 0.939243 0.585893 0.684207 0.429438 0.909303 0.585893 0.684207 0.43444 0.686137 0.808781 0.919817 0.914355 0.888807 0.8285 0.782132 0.583042 0.939243 0.709755 0.936279 0.729899 0.714366 0.583042 0.939243 0.729899 0.714366 0.585893 0.684207 -0.00204492 0.807198 0.17706 0.817314 0.179016 0.768401 -0.00204492 0.807198 0.179016 0.768401 -0.00204492 0.763003 0.591493 0.387369 0.599092 0.583986 0.760145 0.567449 0.591493 0.387369 0.760145 0.567449 0.741914 0.392472 0.060386 0.394407 0.060386 0.437904 0.261091 0.508143 0.060386 0.394407 0.261091 0.508143 0.257446 0.43207 0.257446 0.43207 0.261091 0.508143 0.4266 0.56595 0.257446 0.43207 0.4266 0.56595 0.428334 0.393641 0.428334 0.393641 0.4266 0.56595 0.599092 0.583986 0.428334 0.393641 0.599092 0.583986 0.591493 0.387369 0.741914 0.392472 0.760145 0.567449 0.878428 0.464202 0.591493 0.387369 0.599092 0.583986 0.760145 0.567449 0.591493 0.387369 0.760145 0.567449 0.741914 0.392472 0.060386 0.394407 0.060386 0.437904 0.261091 0.508143 0.060386 0.394407 0.261091 0.508143 0.257446 0.43207 0.257446 0.43207 0.261091 0.508143 0.4266 0.56595 0.257446 0.43207 0.4266 0.56595 0.428334 0.393641 0.428334 0.393641 0.4266 0.56595 0.599092 0.583986 0.428334 0.393641 0.599092 0.583986 0.591493 0.387369 0.741914 0.392472 0.760145 0.567449 0.878428 0.464202 0.709755 0.936279 0.808781 0.919817 0.8285 0.782132 0.709755 0.936279 0.8285 0.782132 0.729899 0.714366 0.17706 0.817314 0.299423 0.839575 0.303825 0.750031 0.17706 0.817314 0.303825 0.750031 0.179016 0.768401 0.299423 0.839575 0.429438 0.909303 0.43444 0.686137 0.299423 0.839575 0.43444 0.686137 0.303825 0.750031 0.429438 0.909303 0.583042 0.939243 0.585893 0.684207 0.429438 0.909303 0.585893 0.684207 0.43444 0.686137 0.808781 0.919817 0.914355 0.888807 0.8285 0.782132 0.583042 0.939243 0.709755 0.936279 0.729899 0.714366 0.583042 0.939243 0.729899 0.714366 0.585893 0.684207 -0.00204492 0.807198 0.17706 0.817314 0.179016 0.768401 -0.00204492 0.807198 0.179016 0.768401 -0.00204492 0.763003 0.621477 0.060627 0.624334 0.359182 0.828341 0.325066 0.621477 0.060627 0.828341 0.325066 0.819538 0.092405 0.125212 0.184124 0.125212 0.218603 0.190253 0.238508 0.125212 0.184124 0.190253 0.238508 0.19101 0.187549 0.19101 0.187549 0.190253 0.238508 0.429177 0.340818 0.19101 0.187549 0.429177 0.340818 0.427038 0.097583 0.427038 0.097583 0.429177 0.340818 0.624334 0.359182 0.427038 0.097583 0.624334 0.359182 0.621477 0.060627 0.819538 0.092405 0.828341 0.325066 0.97611 0.182722 0.0483499 0.171171 0.0532889 0.140025 -0.00607598 0.026743 0.0483499 0.171171 -0.00607598 0.026743 -0.007177 0.108312 0.125212 0.218603 0.125212 0.184124 0.0532889 0.140025 0.125212 0.218603 0.0532889 0.140025 0.0483499 0.171171 0.591493 0.387369 0.599092 0.583986 0.760145 0.567449 0.591493 0.387369 0.760145 0.567449 0.741914 0.392472 0.060386 0.394407 0.060386 0.437904 0.261091 0.508143 0.060386 0.394407 0.261091 0.508143 0.257446 0.43207 0.257446 0.43207 0.261091 0.508143 0.4266 0.56595 0.257446 0.43207 0.4266 0.56595 0.428334 0.393641 0.428334 0.393641 0.4266 0.56595 0.599092 0.583986 0.428334 0.393641 0.599092 0.583986 0.591493 0.387369 0.741914 0.392472 0.760145 0.567449 0.878428 0.464202 0.709755 0.936279 0.808781 0.919817 0.8285 0.782132 0.709755 0.936279 0.8285 0.782132 0.729899 0.714366 0.17706 0.817314 0.299423 0.839575 0.303825 0.750031 0.17706 0.817314 0.303825 0.750031 0.179016 0.768401 0.299423 0.839575 0.429438 0.909303 0.43444 0.686137 0.299423 0.839575 0.43444 0.686137 0.303825 0.750031 0.429438 0.909303 0.583042 0.939243 0.585893 0.684207 0.429438 0.909303 0.585893 0.684207 0.43444 0.686137 0.808781 0.919817 0.914355 0.888807 0.8285 0.782132 0.583042 0.939243 0.709755 0.936279 0.729899 0.714366 0.583042 0.939243 0.729899 0.714366 0.585893 0.684207 -0.00204492 0.807198 0.17706 0.817314 0.179016 0.768401 -0.00204492 0.807198 0.179016 0.768401 -0.00204492 0.763003 0.591493 0.387369 0.599092 0.583986 0.760145 0.567449 0.591493 0.387369 0.760145 0.567449 0.741914 0.392472 0.060386 0.394407 0.060386 0.437904 0.261091 0.508143 0.060386 0.394407 0.261091 0.508143 0.257446 0.43207 0.257446 0.43207 0.261091 0.508143 0.4266 0.56595 0.257446 0.43207 0.4266 0.56595 0.428334 0.393641 0.428334 0.393641 0.4266 0.56595 0.599092 0.583986 0.428334 0.393641 0.599092 0.583986 0.591493 0.387369 0.741914 0.392472 0.760145 0.567449 0.878428 0.464202 0.709755 0.936279 0.808781 0.919817 0.8285 0.782132 0.709755 0.936279 0.8285 0.782132 0.729899 0.714366 0.17706 0.817314 0.299423 0.839575 0.303825 0.750031 0.17706 0.817314 0.303825 0.750031 0.179016 0.768401 0.299423 0.839575 0.429438 0.909303 0.43444 0.686137 0.299423 0.839575 0.43444 0.686137 0.303825 0.750031 0.429438 0.909303 0.583042 0.939243 0.585893 0.684207 0.429438 0.909303 0.585893 0.684207 0.43444 0.686137 0.808781 0.919817 0.914355 0.888807 0.8285 0.782132 0.583042 0.939243 0.709755 0.936279 0.729899 0.714366 0.583042 0.939243 0.729899 0.714366 0.585893 0.684207 -0.00204492 0.807198 0.17706 0.817314 0.179016 0.768401 -0.00204492 0.807198 0.179016 0.768401 -0.00204492 0.763003 0.709755 0.936279 0.808781 0.919817 0.8285 0.782132 0.709755 0.936279 0.8285 0.782132 0.729899 0.714366 0.17706 0.817314 0.299423 0.839575 0.303825 0.750031 0.17706 0.817314 0.303825 0.750031 0.179016 0.768401 0.299423 0.839575 0.429438 0.909303 0.43444 0.686137 0.299423 0.839575 0.43444 0.686137 0.303825 0.750031 0.429438 0.909303 0.583042 0.939243 0.585893 0.684207 0.429438 0.909303 0.585893 0.684207 0.43444 0.686137 0.808781 0.919817 0.914355 0.888807 0.8285 0.782132 0.583042 0.939243 0.709755 0.936279 0.729899 0.714366 0.583042 0.939243 0.729899 0.714366 0.585893 0.684207 -0.00204492 0.807198 0.17706 0.817314 0.179016 0.768401 -0.00204492 0.807198 0.179016 0.768401 -0.00204492 0.763003 0.709755 0.936279 0.808781 0.919817 0.8285 0.782132 0.709755 0.936279 0.8285 0.782132 0.729899 0.714366 0.17706 0.817314 0.299423 0.839575 0.303825 0.750031 0.17706 0.817314 0.303825 0.750031 0.179016 0.768401 0.299423 0.839575 0.429438 0.909303 0.43444 0.686137 0.299423 0.839575 0.43444 0.686137 0.303825 0.750031 0.429438 0.909303 0.583042 0.939243 0.585893 0.684207 0.429438 0.909303 0.585893 0.684207 0.43444 0.686137 0.808781 0.919817 0.914355 0.888807 0.8285 0.782132 0.583042 0.939243 0.709755 0.936279 0.729899 0.714366 0.583042 0.939243 0.729899 0.714366 0.585893 0.684207 -0.00204492 0.807198 0.17706 0.817314 0.179016 0.768401 -0.00204492 0.807198 0.179016 0.768401 -0.00204492 0.763003 0.591493 0.387369 0.599092 0.583986 0.760145 0.567449 0.591493 0.387369 0.760145 0.567449 0.741914 0.392472 0.060386 0.394407 0.060386 0.437904 0.261091 0.508143 0.060386 0.394407 0.261091 0.508143 0.257446 0.43207 0.257446 0.43207 0.261091 0.508143 0.4266 0.56595 0.257446 0.43207 0.4266 0.56595 0.428334 0.393641 0.428334 0.393641 0.4266 0.56595 0.599092 0.583986 0.428334 0.393641 0.599092 0.583986 0.591493 0.387369 0.741914 0.392472 0.760145 0.567449 0.878428 0.464202 0.591493 0.387369 0.599092 0.583986 0.760145 0.567449 0.591493 0.387369 0.760145 0.567449 0.741914 0.392472 0.060386 0.394407 0.060386 0.437904 0.261091 0.508143 0.060386 0.394407 0.261091 0.508143 0.257446 0.43207 0.257446 0.43207 0.261091 0.508143 0.4266 0.56595 0.257446 0.43207 0.4266 0.56595 0.428334 0.393641 0.428334 0.393641 0.4266 0.56595 0.599092 0.583986 0.428334 0.393641 0.599092 0.583986 0.591493 0.387369 0.741914 0.392472 0.760145 0.567449 0.878428 0.464202 0.709755 0.936279 0.808781 0.919817 0.8285 0.782132 0.709755 0.936279 0.8285 0.782132 0.729899 0.714366 0.17706 0.817314 0.299423 0.839575 0.303825 0.750031 0.17706 0.817314 0.303825 0.750031 0.179016 0.768401 0.299423 0.839575 0.429438 0.909303 0.43444 0.686137 0.299423 0.839575 0.43444 0.686137 0.303825 0.750031 0.429438 0.909303 0.583042 0.939243 0.585893 0.684207 0.429438 0.909303 0.585893 0.684207 0.43444 0.686137 0.808781 0.919817 0.914355 0.888807 0.8285 0.782132 0.583042 0.939243 0.709755 0.936279 0.729899 0.714366 0.583042 0.939243 0.729899 0.714366 0.585893 0.684207 -0.00204492 0.807198 0.17706 0.817314 0.179016 0.768401 -0.00204492 0.807198 0.179016 0.768401 -0.00204492 0.763003 0.621477 0.060627 0.624334 0.359182 0.828341 0.325066 0.621477 0.060627 0.828341 0.325066 0.819538 0.092405 0.125212 0.184124 0.125212 0.218603 0.190253 0.238508 0.125212 0.184124 0.190253 0.238508 0.19101 0.187549 0.19101 0.187549 0.190253 0.238508 0.429177 0.340818 0.19101 0.187549 0.429177 0.340818 0.427038 0.097583 0.427038 0.097583 0.429177 0.340818 0.624334 0.359182 0.427038 0.097583 0.624334 0.359182 0.621477 0.060627 0.819538 0.092405 0.828341 0.325066 0.97611 0.182722 0.0483499 0.171171 0.0532889 0.140025 -0.00607598 0.026743 0.0483499 0.171171 -0.00607598 0.026743 -0.007177 0.108312 0.125212 0.218603 0.125212 0.184124 0.0532889 0.140025 0.125212 0.218603 0.0532889 0.140025 0.0483499 0.171171 0.591493 0.387369 0.599092 0.583986 0.760145 0.567449 0.591493 0.387369 0.760145 0.567449 0.741914 0.392472 0.060386 0.394407 0.060386 0.437904 0.261091 0.508143 0.060386 0.394407 0.261091 0.508143 0.257446 0.43207 0.257446 0.43207 0.261091 0.508143 0.4266 0.56595 0.257446 0.43207 0.4266 0.56595 0.428334 0.393641 0.428334 0.393641 0.4266 0.56595 0.599092 0.583986 0.428334 0.393641 0.599092 0.583986 0.591493 0.387369 0.741914 0.392472 0.760145 0.567449 0.878428 0.464202 0.709755 0.936279 0.808781 0.919817 0.8285 0.782132 0.709755 0.936279 0.8285 0.782132 0.729899 0.714366 0.17706 0.817314 0.299423 0.839575 0.303825 0.750031 0.17706 0.817314 0.303825 0.750031 0.179016 0.768401 0.299423 0.839575 0.429438 0.909303 0.43444 0.686137 0.299423 0.839575 0.43444 0.686137 0.303825 0.750031 0.429438 0.909303 0.583042 0.939243 0.585893 0.684207 0.429438 0.909303 0.585893 0.684207 0.43444 0.686137 0.808781 0.919817 0.914355 0.888807 0.8285 0.782132 0.583042 0.939243 0.709755 0.936279 0.729899 0.714366 0.583042 0.939243 0.729899 0.714366 0.585893 0.684207 -0.00204492 0.807198 0.17706 0.817314 0.179016 0.768401 -0.00204492 0.807198 0.179016 0.768401 -0.00204492 0.763003 0.591493 0.387369 0.599092 0.583986 0.760145 0.567449 0.591493 0.387369 0.760145 0.567449 0.741914 0.392472 0.060386 0.394407 0.060386 0.437904 0.261091 0.508143 0.060386 0.394407 0.261091 0.508143 0.257446 0.43207 0.257446 0.43207 0.261091 0.508143 0.4266 0.56595 0.257446 0.43207 0.4266 0.56595 0.428334 0.393641 0.428334 0.393641 0.4266 0.56595 0.599092 0.583986 0.428334 0.393641 0.599092 0.583986 0.591493 0.387369 0.741914 0.392472 0.760145 0.567449 0.878428 0.464202 0.709755 0.936279 0.808781 0.919817 0.8285 0.782132 0.709755 0.936279 0.8285 0.782132 0.729899 0.714366 0.17706 0.817314 0.299423 0.839575 0.303825 0.750031 0.17706 0.817314 0.303825 0.750031 0.179016 0.768401 0.299423 0.839575 0.429438 0.909303 0.43444 0.686137 0.299423 0.839575 0.43444 0.686137 0.303825 0.750031 0.429438 0.909303 0.583042 0.939243 0.585893 0.684207 0.429438 0.909303 0.585893 0.684207 0.43444 0.686137 0.808781 0.919817 0.914355 0.888807 0.8285 0.782132 0.583042 0.939243 0.709755 0.936279 0.729899 0.714366 0.583042 0.939243 0.729899 0.714366 0.585893 0.684207 -0.00204492 0.807198 0.17706 0.817314 0.179016 0.768401 -0.00204492 0.807198 0.179016 0.768401 -0.00204492 0.763003 0.709755 0.936279 0.808781 0.919817 0.8285 0.782132 0.709755 0.936279 0.8285 0.782132 0.729899 0.714366 0.17706 0.817314 0.299423 0.839575 0.303825 0.750031 0.17706 0.817314 0.303825 0.750031 0.179016 0.768401 0.299423 0.839575 0.429438 0.909303 0.43444 0.686137 0.299423 0.839575 0.43444 0.686137 0.303825 0.750031 0.429438 0.909303 0.583042 0.939243 0.585893 0.684207 0.429438 0.909303 0.585893 0.684207 0.43444 0.686137 0.808781 0.919817 0.914355 0.888807 0.8285 0.782132 0.583042 0.939243 0.709755 0.936279 0.729899 0.714366 0.583042 0.939243 0.729899 0.714366 0.585893 0.684207 -0.00204492 0.807198 0.17706 0.817314 0.179016 0.768401 -0.00204492 0.807198 0.179016 0.768401 -0.00204492 0.763003 0.709755 0.936279 0.808781 0.919817 0.8285 0.782132 0.709755 0.936279 0.8285 0.782132 0.729899 0.714366 0.17706 0.817314 0.299423 0.839575 0.303825 0.750031 0.17706 0.817314 0.303825 0.750031 0.179016 0.768401 0.299423 0.839575 0.429438 0.909303 0.43444 0.686137 0.299423 0.839575 0.43444 0.686137 0.303825 0.750031 0.429438 0.909303 0.583042 0.939243 0.585893 0.684207 0.429438 0.909303 0.585893 0.684207 0.43444 0.686137 0.808781 0.919817 0.914355 0.888807 0.8285 0.782132 0.583042 0.939243 0.709755 0.936279 0.729899 0.714366 0.583042 0.939243 0.729899 0.714366 0.585893 0.684207 -0.00204492 0.807198 0.17706 0.817314 0.179016 0.768401 -0.00204492 0.807198 0.179016 0.768401 -0.00204492 0.763003 0.591493 0.387369 0.599092 0.583986 0.760145 0.567449 0.591493 0.387369 0.760145 0.567449 0.741914 0.392472 0.060386 0.394407 0.060386 0.437904 0.261091 0.508143 0.060386 0.394407 0.261091 0.508143 0.257446 0.43207 0.257446 0.43207 0.261091 0.508143 0.4266 0.56595 0.257446 0.43207 0.4266 0.56595 0.428334 0.393641 0.428334 0.393641 0.4266 0.56595 0.599092 0.583986 0.428334 0.393641 0.599092 0.583986 0.591493 0.387369 0.741914 0.392472 0.760145 0.567449 0.878428 0.464202 0.591493 0.387369 0.599092 0.583986 0.760145 0.567449 0.591493 0.387369 0.760145 0.567449 0.741914 0.392472 0.060386 0.394407 0.060386 0.437904 0.261091 0.508143 0.060386 0.394407 0.261091 0.508143 0.257446 0.43207 0.257446 0.43207 0.261091 0.508143 0.4266 0.56595 0.257446 0.43207 0.4266 0.56595 0.428334 0.393641 0.428334 0.393641 0.4266 0.56595 0.599092 0.583986 0.428334 0.393641 0.599092 0.583986 0.591493 0.387369 0.741914 0.392472 0.760145 0.567449 0.878428 0.464202 0.709755 0.936279 0.808781 0.919817 0.8285 0.782132 0.709755 0.936279 0.8285 0.782132 0.729899 0.714366 0.17706 0.817314 0.299423 0.839575 0.303825 0.750031 0.17706 0.817314 0.303825 0.750031 0.179016 0.768401 0.299423 0.839575 0.429438 0.909303 0.43444 0.686137 0.299423 0.839575 0.43444 0.686137 0.303825 0.750031 0.429438 0.909303 0.583042 0.939243 0.585893 0.684207 0.429438 0.909303 0.585893 0.684207 0.43444 0.686137 0.808781 0.919817 0.914355 0.888807 0.8285 0.782132 0.583042 0.939243 0.709755 0.936279 0.729899 0.714366 0.583042 0.939243 0.729899 0.714366 0.585893 0.684207 -0.00204492 0.807198 0.17706 0.817314 0.179016 0.768401 -0.00204492 0.807198 0.179016 0.768401 -0.00204492 0.763003 0.621477 0.060627 0.624334 0.359182 0.828341 0.325066 0.621477 0.060627 0.828341 0.325066 0.819538 0.092405 0.125212 0.184124 0.125212 0.218603 0.190253 0.238508 0.125212 0.184124 0.190253 0.238508 0.19101 0.187549 0.19101 0.187549 0.190253 0.238508 0.429177 0.340818 0.19101 0.187549 0.429177 0.340818 0.427038 0.097583 0.427038 0.097583 0.429177 0.340818 0.624334 0.359182 0.427038 0.097583 0.624334 0.359182 0.621477 0.060627 0.819538 0.092405 0.828341 0.325066 0.97611 0.182722 0.0483499 0.171171 0.0532889 0.140025 -0.00607598 0.026743 0.0483499 0.171171 -0.00607598 0.026743 -0.007177 0.108312 0.125212 0.218603 0.125212 0.184124 0.0532889 0.140025 0.125212 0.218603 0.0532889 0.140025 0.0483499 0.171171 0.591493 0.387369 0.599092 0.583986 0.760145 0.567449 0.591493 0.387369 0.760145 0.567449 0.741914 0.392472 0.060386 0.394407 0.060386 0.437904 0.261091 0.508143 0.060386 0.394407 0.261091 0.508143 0.257446 0.43207 0.257446 0.43207 0.261091 0.508143 0.4266 0.56595 0.257446 0.43207 0.4266 0.56595 0.428334 0.393641 0.428334 0.393641 0.4266 0.56595 0.599092 0.583986 0.428334 0.393641 0.599092 0.583986 0.591493 0.387369 0.741914 0.392472 0.760145 0.567449 0.878428 0.464202 0.709755 0.936279 0.808781 0.919817 0.8285 0.782132 0.709755 0.936279 0.8285 0.782132 0.729899 0.714366 0.17706 0.817314 0.299423 0.839575 0.303825 0.750031 0.17706 0.817314 0.303825 0.750031 0.179016 0.768401 0.299423 0.839575 0.429438 0.909303 0.43444 0.686137 0.299423 0.839575 0.43444 0.686137 0.303825 0.750031 0.429438 0.909303 0.583042 0.939243 0.585893 0.684207 0.429438 0.909303 0.585893 0.684207 0.43444 0.686137 0.808781 0.919817 0.914355 0.888807 0.8285 0.782132 0.583042 0.939243 0.709755 0.936279 0.729899 0.714366 0.583042 0.939243 0.729899 0.714366 0.585893 0.684207 -0.00204492 0.807198 0.17706 0.817314 0.179016 0.768401 -0.00204492 0.807198 0.179016 0.768401 -0.00204492 0.763003 0.591493 0.387369 0.599092 0.583986 0.760145 0.567449 0.591493 0.387369 0.760145 0.567449 0.741914 0.392472 0.060386 0.394407 0.060386 0.437904 0.261091 0.508143 0.060386 0.394407 0.261091 0.508143 0.257446 0.43207 0.257446 0.43207 0.261091 0.508143 0.4266 0.56595 0.257446 0.43207 0.4266 0.56595 0.428334 0.393641 0.428334 0.393641 0.4266 0.56595 0.599092 0.583986 0.428334 0.393641 0.599092 0.583986 0.591493 0.387369 0.741914 0.392472 0.760145 0.567449 0.878428 0.464202 0.709755 0.936279 0.808781 0.919817 0.8285 0.782132 0.709755 0.936279 0.8285 0.782132 0.729899 0.714366 0.17706 0.817314 0.299423 0.839575 0.303825 0.750031 0.17706 0.817314 0.303825 0.750031 0.179016 0.768401 0.299423 0.839575 0.429438 0.909303 0.43444 0.686137 0.299423 0.839575 0.43444 0.686137 0.303825 0.750031 0.429438 0.909303 0.583042 0.939243 0.585893 0.684207 0.429438 0.909303 0.585893 0.684207 0.43444 0.686137 0.808781 0.919817 0.914355 0.888807 0.8285 0.782132 0.583042 0.939243 0.709755 0.936279 0.729899 0.714366 0.583042 0.939243 0.729899 0.714366 0.585893 0.684207 -0.00204492 0.807198 0.17706 0.817314 0.179016 0.768401 -0.00204492 0.807198 0.179016 0.768401 -0.00204492 0.763003 0.709755 0.936279 0.808781 0.919817 0.8285 0.782132 0.709755 0.936279 0.8285 0.782132 0.729899 0.714366 0.17706 0.817314 0.299423 0.839575 0.303825 0.750031 0.17706 0.817314 0.303825 0.750031 0.179016 0.768401 0.299423 0.839575 0.429438 0.909303 0.43444 0.686137 0.299423 0.839575 0.43444 0.686137 0.303825 0.750031 0.429438 0.909303 0.583042 0.939243 0.585893 0.684207 0.429438 0.909303 0.585893 0.684207 0.43444 0.686137 0.808781 0.919817 0.914355 0.888807 0.8285 0.782132 0.583042 0.939243 0.709755 0.936279 0.729899 0.714366 0.583042 0.939243 0.729899 0.714366 0.585893 0.684207 -0.00204492 0.807198 0.17706 0.817314 0.179016 0.768401 -0.00204492 0.807198 0.179016 0.768401 -0.00204492 0.763003 0.709755 0.936279 0.808781 0.919817 0.8285 0.782132 0.709755 0.936279 0.8285 0.782132 0.729899 0.714366 0.17706 0.817314 0.299423 0.839575 0.303825 0.750031 0.17706 0.817314 0.303825 0.750031 0.179016 0.768401 0.299423 0.839575 0.429438 0.909303 0.43444 0.686137 0.299423 0.839575 0.43444 0.686137 0.303825 0.750031 0.429438 0.909303 0.583042 0.939243 0.585893 0.684207 0.429438 0.909303 0.585893 0.684207 0.43444 0.686137 0.808781 0.919817 0.914355 0.888807 0.8285 0.782132 0.583042 0.939243 0.709755 0.936279 0.729899 0.714366 0.583042 0.939243 0.729899 0.714366 0.585893 0.684207 -0.00204492 0.807198 0.17706 0.817314 0.179016 0.768401 -0.00204492 0.807198 0.179016 0.768401 -0.00204492 0.763003 0.591493 0.387369 0.599092 0.583986 0.760145 0.567449 0.591493 0.387369 0.760145 0.567449 0.741914 0.392472 0.060386 0.394407 0.060386 0.437904 0.261091 0.508143 0.060386 0.394407 0.261091 0.508143 0.257446 0.43207 0.257446 0.43207 0.261091 0.508143 0.4266 0.56595 0.257446 0.43207 0.4266 0.56595 0.428334 0.393641 0.428334 0.393641 0.4266 0.56595 0.599092 0.583986 0.428334 0.393641 0.599092 0.583986 0.591493 0.387369 0.741914 0.392472 0.760145 0.567449 0.878428 0.464202 0.591493 0.387369 0.599092 0.583986 0.760145 0.567449 0.591493 0.387369 0.760145 0.567449 0.741914 0.392472 0.060386 0.394407 0.060386 0.437904 0.261091 0.508143 0.060386 0.394407 0.261091 0.508143 0.257446 0.43207 0.257446 0.43207 0.261091 0.508143 0.4266 0.56595 0.257446 0.43207 0.4266 0.56595 0.428334 0.393641 0.428334 0.393641 0.4266 0.56595 0.599092 0.583986 0.428334 0.393641 0.599092 0.583986 0.591493 0.387369 0.741914 0.392472 0.760145 0.567449 0.878428 0.464202 0.709755 0.936279 0.808781 0.919817 0.8285 0.782132 0.709755 0.936279 0.8285 0.782132 0.729899 0.714366 0.17706 0.817314 0.299423 0.839575 0.303825 0.750031 0.17706 0.817314 0.303825 0.750031 0.179016 0.768401 0.299423 0.839575 0.429438 0.909303 0.43444 0.686137 0.299423 0.839575 0.43444 0.686137 0.303825 0.750031 0.429438 0.909303 0.583042 0.939243 0.585893 0.684207 0.429438 0.909303 0.585893 0.684207 0.43444 0.686137 0.808781 0.919817 0.914355 0.888807 0.8285 0.782132 0.583042 0.939243 0.709755 0.936279 0.729899 0.714366 0.583042 0.939243 0.729899 0.714366 0.585893 0.684207 -0.00204492 0.807198 0.17706 0.817314 0.179016 0.768401 -0.00204492 0.807198 0.179016 0.768401 -0.00204492 0.763003 0.621477 0.060627 0.624334 0.359182 0.828341 0.325066 0.621477 0.060627 0.828341 0.325066 0.819538 0.092405 0.125212 0.184124 0.125212 0.218603 0.190253 0.238508 0.125212 0.184124 0.190253 0.238508 0.19101 0.187549 0.19101 0.187549 0.190253 0.238508 0.429177 0.340818 0.19101 0.187549 0.429177 0.340818 0.427038 0.097583 0.427038 0.097583 0.429177 0.340818 0.624334 0.359182 0.427038 0.097583 0.624334 0.359182 0.621477 0.060627 0.819538 0.092405 0.828341 0.325066 0.97611 0.182722 0.0483499 0.171171 0.0532889 0.140025 -0.00607598 0.026743 0.0483499 0.171171 -0.00607598 0.026743 -0.007177 0.108312 0.125212 0.218603 0.125212 0.184124 0.0532889 0.140025 0.125212 0.218603 0.0532889 0.140025 0.0483499 0.171171 0.591493 0.387369 0.599092 0.583986 0.760145 0.567449 0.591493 0.387369 0.760145 0.567449 0.741914 0.392472 0.060386 0.394407 0.060386 0.437904 0.261091 0.508143 0.060386 0.394407 0.261091 0.508143 0.257446 0.43207 0.257446 0.43207 0.261091 0.508143 0.4266 0.56595 0.257446 0.43207 0.4266 0.56595 0.428334 0.393641 0.428334 0.393641 0.4266 0.56595 0.599092 0.583986 0.428334 0.393641 0.599092 0.583986 0.591493 0.387369 0.741914 0.392472 0.760145 0.567449 0.878428 0.464202 0.709755 0.936279 0.808781 0.919817 0.8285 0.782132 0.709755 0.936279 0.8285 0.782132 0.729899 0.714366 0.17706 0.817314 0.299423 0.839575 0.303825 0.750031 0.17706 0.817314 0.303825 0.750031 0.179016 0.768401 0.299423 0.839575 0.429438 0.909303 0.43444 0.686137 0.299423 0.839575 0.43444 0.686137 0.303825 0.750031 0.429438 0.909303 0.583042 0.939243 0.585893 0.684207 0.429438 0.909303 0.585893 0.684207 0.43444 0.686137 0.808781 0.919817 0.914355 0.888807 0.8285 0.782132 0.583042 0.939243 0.709755 0.936279 0.729899 0.714366 0.583042 0.939243 0.729899 0.714366 0.585893 0.684207 -0.00204492 0.807198 0.17706 0.817314 0.179016 0.768401 -0.00204492 0.807198 0.179016 0.768401 -0.00204492 0.763003 0.591493 0.387369 0.599092 0.583986 0.760145 0.567449 0.591493 0.387369 0.760145 0.567449 0.741914 0.392472 0.060386 0.394407 0.060386 0.437904 0.261091 0.508143 0.060386 0.394407 0.261091 0.508143 0.257446 0.43207 0.257446 0.43207 0.261091 0.508143 0.4266 0.56595 0.257446 0.43207 0.4266 0.56595 0.428334 0.393641 0.428334 0.393641 0.4266 0.56595 0.599092 0.583986 0.428334 0.393641 0.599092 0.583986 0.591493 0.387369 0.741914 0.392472 0.760145 0.567449 0.878428 0.464202 0.709755 0.936279 0.808781 0.919817 0.8285 0.782132 0.709755 0.936279 0.8285 0.782132 0.729899 0.714366 0.17706 0.817314 0.299423 0.839575 0.303825 0.750031 0.17706 0.817314 0.303825 0.750031 0.179016 0.768401 0.299423 0.839575 0.429438 0.909303 0.43444 0.686137 0.299423 0.839575 0.43444 0.686137 0.303825 0.750031 0.429438 0.909303 0.583042 0.939243 0.585893 0.684207 0.429438 0.909303 0.585893 0.684207 0.43444 0.686137 0.808781 0.919817 0.914355 0.888807 0.8285 0.782132 0.583042 0.939243 0.709755 0.936279 0.729899 0.714366 0.583042 0.939243 0.729899 0.714366 0.585893 0.684207 -0.00204492 0.807198 0.17706 0.817314 0.179016 0.768401 -0.00204492 0.807198 0.179016 0.768401 -0.00204492 0.763003 0.709755 0.936279 0.808781 0.919817 0.8285 0.782132 0.709755 0.936279 0.8285 0.782132 0.729899 0.714366 0.17706 0.817314 0.299423 0.839575 0.303825 0.750031 0.17706 0.817314 0.303825 0.750031 0.179016 0.768401 0.299423 0.839575 0.429438 0.909303 0.43444 0.686137 0.299423 0.839575 0.43444 0.686137 0.303825 0.750031 0.429438 0.909303 0.583042 0.939243 0.585893 0.684207 0.429438 0.909303 0.585893 0.684207 0.43444 0.686137 0.808781 0.919817 0.914355 0.888807 0.8285 0.782132 0.583042 0.939243 0.709755 0.936279 0.729899 0.714366 0.583042 0.939243 0.729899 0.714366 0.585893 0.684207 -0.00204492 0.807198 0.17706 0.817314 0.179016 0.768401 -0.00204492 0.807198 0.179016 0.768401 -0.00204492 0.763003 0.709755 0.936279 0.808781 0.919817 0.8285 0.782132 0.709755 0.936279 0.8285 0.782132 0.729899 0.714366 0.17706 0.817314 0.299423 0.839575 0.303825 0.750031 0.17706 0.817314 0.303825 0.750031 0.179016 0.768401 0.299423 0.839575 0.429438 0.909303 0.43444 0.686137 0.299423 0.839575 0.43444 0.686137 0.303825 0.750031 0.429438 0.909303 0.583042 0.939243 0.585893 0.684207 0.429438 0.909303 0.585893 0.684207 0.43444 0.686137 0.808781 0.919817 0.914355 0.888807 0.8285 0.782132 0.583042 0.939243 0.709755 0.936279 0.729899 0.714366 0.583042 0.939243 0.729899 0.714366 0.585893 0.684207 -0.00204492 0.807198 0.17706 0.817314 0.179016 0.768401 -0.00204492 0.807198 0.179016 0.768401 -0.00204492 0.763003 0.591493 0.387369 0.599092 0.583986 0.760145 0.567449 0.591493 0.387369 0.760145 0.567449 0.741914 0.392472 0.060386 0.394407 0.060386 0.437904 0.261091 0.508143 0.060386 0.394407 0.261091 0.508143 0.257446 0.43207 0.257446 0.43207 0.261091 0.508143 0.4266 0.56595 0.257446 0.43207 0.4266 0.56595 0.428334 0.393641 0.428334 0.393641 0.4266 0.56595 0.599092 0.583986 0.428334 0.393641 0.599092 0.583986 0.591493 0.387369 0.741914 0.392472 0.760145 0.567449 0.878428 0.464202 0.591493 0.387369 0.599092 0.583986 0.760145 0.567449 0.591493 0.387369 0.760145 0.567449 0.741914 0.392472 0.060386 0.394407 0.060386 0.437904 0.261091 0.508143 0.060386 0.394407 0.261091 0.508143 0.257446 0.43207 0.257446 0.43207 0.261091 0.508143 0.4266 0.56595 0.257446 0.43207 0.4266 0.56595 0.428334 0.393641 0.428334 0.393641 0.4266 0.56595 0.599092 0.583986 0.428334 0.393641 0.599092 0.583986 0.591493 0.387369 0.741914 0.392472 0.760145 0.567449 0.878428 0.464202 0.709755 0.936279 0.808781 0.919817 0.8285 0.782132 0.709755 0.936279 0.8285 0.782132 0.729899 0.714366 0.17706 0.817314 0.299423 0.839575 0.303825 0.750031 0.17706 0.817314 0.303825 0.750031 0.179016 0.768401 0.299423 0.839575 0.429438 0.909303 0.43444 0.686137 0.299423 0.839575 0.43444 0.686137 0.303825 0.750031 0.429438 0.909303 0.583042 0.939243 0.585893 0.684207 0.429438 0.909303 0.585893 0.684207 0.43444 0.686137 0.808781 0.919817 0.914355 0.888807 0.8285 0.782132 0.583042 0.939243 0.709755 0.936279 0.729899 0.714366 0.583042 0.939243 0.729899 0.714366 0.585893 0.684207 -0.00204492 0.807198 0.17706 0.817314 0.179016 0.768401 -0.00204492 0.807198 0.179016 0.768401 -0.00204492 0.763003 0.621477 0.060627 0.624334 0.359182 0.828341 0.325066 0.621477 0.060627 0.828341 0.325066 0.819538 0.092405 0.125212 0.184124 0.125212 0.218603 0.190253 0.238508 0.125212 0.184124 0.190253 0.238508 0.19101 0.187549 0.19101 0.187549 0.190253 0.238508 0.429177 0.340818 0.19101 0.187549 0.429177 0.340818 0.427038 0.097583 0.427038 0.097583 0.429177 0.340818 0.624334 0.359182 0.427038 0.097583 0.624334 0.359182 0.621477 0.060627 0.819538 0.092405 0.828341 0.325066 0.97611 0.182722 0.0483499 0.171171 0.0532889 0.140025 -0.00607598 0.026743 0.0483499 0.171171 -0.00607598 0.026743 -0.007177 0.108312 0.125212 0.218603 0.125212 0.184124 0.0532889 0.140025 0.125212 0.218603 0.0532889 0.140025 0.0483499 0.171171 0.591493 0.387369 0.599092 0.583986 0.760145 0.567449 0.591493 0.387369 0.760145 0.567449 0.741914 0.392472 0.060386 0.394407 0.060386 0.437904 0.261091 0.508143 0.060386 0.394407 0.261091 0.508143 0.257446 0.43207 0.257446 0.43207 0.261091 0.508143 0.4266 0.56595 0.257446 0.43207 0.4266 0.56595 0.428334 0.393641 0.428334 0.393641 0.4266 0.56595 0.599092 0.583986 0.428334 0.393641 0.599092 0.583986 0.591493 0.387369 0.741914 0.392472 0.760145 0.567449 0.878428 0.464202 0.709755 0.936279 0.808781 0.919817 0.8285 0.782132 0.709755 0.936279 0.8285 0.782132 0.729899 0.714366 0.17706 0.817314 0.299423 0.839575 0.303825 0.750031 0.17706 0.817314 0.303825 0.750031 0.179016 0.768401 0.299423 0.839575 0.429438 0.909303 0.43444 0.686137 0.299423 0.839575 0.43444 0.686137 0.303825 0.750031 0.429438 0.909303 0.583042 0.939243 0.585893 0.684207 0.429438 0.909303 0.585893 0.684207 0.43444 0.686137 0.808781 0.919817 0.914355 0.888807 0.8285 0.782132 0.583042 0.939243 0.709755 0.936279 0.729899 0.714366 0.583042 0.939243 0.729899 0.714366 0.585893 0.684207 -0.00204492 0.807198 0.17706 0.817314 0.179016 0.768401 -0.00204492 0.807198 0.179016 0.768401 -0.00204492 0.763003 0.591493 0.387369 0.599092 0.583986 0.760145 0.567449 0.591493 0.387369 0.760145 0.567449 0.741914 0.392472 0.060386 0.394407 0.060386 0.437904 0.261091 0.508143 0.060386 0.394407 0.261091 0.508143 0.257446 0.43207 0.257446 0.43207 0.261091 0.508143 0.4266 0.56595 0.257446 0.43207 0.4266 0.56595 0.428334 0.393641 0.428334 0.393641 0.4266 0.56595 0.599092 0.583986 0.428334 0.393641 0.599092 0.583986 0.591493 0.387369 0.741914 0.392472 0.760145 0.567449 0.878428 0.464202 0.709755 0.936279 0.808781 0.919817 0.8285 0.782132 0.709755 0.936279 0.8285 0.782132 0.729899 0.714366 0.17706 0.817314 0.299423 0.839575 0.303825 0.750031 0.17706 0.817314 0.303825 0.750031 0.179016 0.768401 0.299423 0.839575 0.429438 0.909303 0.43444 0.686137 0.299423 0.839575 0.43444 0.686137 0.303825 0.750031 0.429438 0.909303 0.583042 0.939243 0.585893 0.684207 0.429438 0.909303 0.585893 0.684207 0.43444 0.686137 0.808781 0.919817 0.914355 0.888807 0.8285 0.782132 0.583042 0.939243 0.709755 0.936279 0.729899 0.714366 0.583042 0.939243 0.729899 0.714366 0.585893 0.684207 -0.00204492 0.807198 0.17706 0.817314 0.179016 0.768401 -0.00204492 0.807198 0.179016 0.768401 -0.00204492 0.763003 0.709755 0.936279 0.808781 0.919817 0.8285 0.782132 0.709755 0.936279 0.8285 0.782132 0.729899 0.714366 0.17706 0.817314 0.299423 0.839575 0.303825 0.750031 0.17706 0.817314 0.303825 0.750031 0.179016 0.768401 0.299423 0.839575 0.429438 0.909303 0.43444 0.686137 0.299423 0.839575 0.43444 0.686137 0.303825 0.750031 0.429438 0.909303 0.583042 0.939243 0.585893 0.684207 0.429438 0.909303 0.585893 0.684207 0.43444 0.686137 0.808781 0.919817 0.914355 0.888807 0.8285 0.782132 0.583042 0.939243 0.709755 0.936279 0.729899 0.714366 0.583042 0.939243 0.729899 0.714366 0.585893 0.684207 -0.00204492 0.807198 0.17706 0.817314 0.179016 0.768401 -0.00204492 0.807198 0.179016 0.768401 -0.00204492 0.763003 0.709755 0.936279 0.808781 0.919817 0.8285 0.782132 0.709755 0.936279 0.8285 0.782132 0.729899 0.714366 0.17706 0.817314 0.299423 0.839575 0.303825 0.750031 0.17706 0.817314 0.303825 0.750031 0.179016 0.768401 0.299423 0.839575 0.429438 0.909303 0.43444 0.686137 0.299423 0.839575 0.43444 0.686137 0.303825 0.750031 0.429438 0.909303 0.583042 0.939243 0.585893 0.684207 0.429438 0.909303 0.585893 0.684207 0.43444 0.686137 0.808781 0.919817 0.914355 0.888807 0.8285 0.782132 0.583042 0.939243 0.709755 0.936279 0.729899 0.714366 0.583042 0.939243 0.729899 0.714366 0.585893 0.684207 -0.00204492 0.807198 0.17706 0.817314 0.179016 0.768401 -0.00204492 0.807198 0.179016 0.768401 -0.00204492 0.763003 0.591493 0.387369 0.599092 0.583986 0.760145 0.567449 0.591493 0.387369 0.760145 0.567449 0.741914 0.392472 0.060386 0.394407 0.060386 0.437904 0.261091 0.508143 0.060386 0.394407 0.261091 0.508143 0.257446 0.43207 0.257446 0.43207 0.261091 0.508143 0.4266 0.56595 0.257446 0.43207 0.4266 0.56595 0.428334 0.393641 0.428334 0.393641 0.4266 0.56595 0.599092 0.583986 0.428334 0.393641 0.599092 0.583986 0.591493 0.387369 0.741914 0.392472 0.760145 0.567449 0.878428 0.464202 0.591493 0.387369 0.599092 0.583986 0.760145 0.567449 0.591493 0.387369 0.760145 0.567449 0.741914 0.392472 0.060386 0.394407 0.060386 0.437904 0.261091 0.508143 0.060386 0.394407 0.261091 0.508143 0.257446 0.43207 0.257446 0.43207 0.261091 0.508143 0.4266 0.56595 0.257446 0.43207 0.4266 0.56595 0.428334 0.393641 0.428334 0.393641 0.4266 0.56595 0.599092 0.583986 0.428334 0.393641 0.599092 0.583986 0.591493 0.387369 0.741914 0.392472 0.760145 0.567449 0.878428 0.464202 0.709755 0.936279 0.808781 0.919817 0.8285 0.782132 0.709755 0.936279 0.8285 0.782132 0.729899 0.714366 0.17706 0.817314 0.299423 0.839575 0.303825 0.750031 0.17706 0.817314 0.303825 0.750031 0.179016 0.768401 0.299423 0.839575 0.429438 0.909303 0.43444 0.686137 0.299423 0.839575 0.43444 0.686137 0.303825 0.750031 0.429438 0.909303 0.583042 0.939243 0.585893 0.684207 0.429438 0.909303 0.585893 0.684207 0.43444 0.686137 0.808781 0.919817 0.914355 0.888807 0.8285 0.782132 0.583042 0.939243 0.709755 0.936279 0.729899 0.714366 0.583042 0.939243 0.729899 0.714366 0.585893 0.684207 -0.00204492 0.807198 0.17706 0.817314 0.179016 0.768401 -0.00204492 0.807198 0.179016 0.768401 -0.00204492 0.763003 0.621477 0.060627 0.624334 0.359182 0.828341 0.325066 0.621477 0.060627 0.828341 0.325066 0.819538 0.092405 0.125212 0.184124 0.125212 0.218603 0.190253 0.238508 0.125212 0.184124 0.190253 0.238508 0.19101 0.187549 0.19101 0.187549 0.190253 0.238508 0.429177 0.340818 0.19101 0.187549 0.429177 0.340818 0.427038 0.097583 0.427038 0.097583 0.429177 0.340818 0.624334 0.359182 0.427038 0.097583 0.624334 0.359182 0.621477 0.060627 0.819538 0.092405 0.828341 0.325066 0.97611 0.182722 0.0483499 0.171171 0.0532889 0.140025 -0.00607598 0.026743 0.0483499 0.171171 -0.00607598 0.026743 -0.007177 0.108312 0.125212 0.218603 0.125212 0.184124 0.0532889 0.140025 0.125212 0.218603 0.0532889 0.140025 0.0483499 0.171171 0.591493 0.387369 0.599092 0.583986 0.760145 0.567449 0.591493 0.387369 0.760145 0.567449 0.741914 0.392472 0.060386 0.394407 0.060386 0.437904 0.261091 0.508143 0.060386 0.394407 0.261091 0.508143 0.257446 0.43207 0.257446 0.43207 0.261091 0.508143 0.4266 0.56595 0.257446 0.43207 0.4266 0.56595 0.428334 0.393641 0.428334 0.393641 0.4266 0.56595 0.599092 0.583986 0.428334 0.393641 0.599092 0.583986 0.591493 0.387369 0.741914 0.392472 0.760145 0.567449 0.878428 0.464202 0.709755 0.936279 0.808781 0.919817 0.8285 0.782132 0.709755 0.936279 0.8285 0.782132 0.729899 0.714366 0.17706 0.817314 0.299423 0.839575 0.303825 0.750031 0.17706 0.817314 0.303825 0.750031 0.179016 0.768401 0.299423 0.839575 0.429438 0.909303 0.43444 0.686137 0.299423 0.839575 0.43444 0.686137 0.303825 0.750031 0.429438 0.909303 0.583042 0.939243 0.585893 0.684207 0.429438 0.909303 0.585893 0.684207 0.43444 0.686137 0.808781 0.919817 0.914355 0.888807 0.8285 0.782132 0.583042 0.939243 0.709755 0.936279 0.729899 0.714366 0.583042 0.939243 0.729899 0.714366 0.585893 0.684207 -0.00204492 0.807198 0.17706 0.817314 0.179016 0.768401 -0.00204492 0.807198 0.179016 0.768401 -0.00204492 0.763003 0.591493 0.387369 0.599092 0.583986 0.760145 0.567449 0.591493 0.387369 0.760145 0.567449 0.741914 0.392472 0.060386 0.394407 0.060386 0.437904 0.261091 0.508143 0.060386 0.394407 0.261091 0.508143 0.257446 0.43207 0.257446 0.43207 0.261091 0.508143 0.4266 0.56595 0.257446 0.43207 0.4266 0.56595 0.428334 0.393641 0.428334 0.393641 0.4266 0.56595 0.599092 0.583986 0.428334 0.393641 0.599092 0.583986 0.591493 0.387369 0.741914 0.392472 0.760145 0.567449 0.878428 0.464202 0.709755 0.936279 0.808781 0.919817 0.8285 0.782132 0.709755 0.936279 0.8285 0.782132 0.729899 0.714366 0.17706 0.817314 0.299423 0.839575 0.303825 0.750031 0.17706 0.817314 0.303825 0.750031 0.179016 0.768401 0.299423 0.839575 0.429438 0.909303 0.43444 0.686137 0.299423 0.839575 0.43444 0.686137 0.303825 0.750031 0.429438 0.909303 0.583042 0.939243 0.585893 0.684207 0.429438 0.909303 0.585893 0.684207 0.43444 0.686137 0.808781 0.919817 0.914355 0.888807 0.8285 0.782132 0.583042 0.939243 0.709755 0.936279 0.729899 0.714366 0.583042 0.939243 0.729899 0.714366 0.585893 0.684207 -0.00204492 0.807198 0.17706 0.817314 0.179016 0.768401 -0.00204492 0.807198 0.179016 0.768401 -0.00204492 0.763003 0.709755 0.936279 0.808781 0.919817 0.8285 0.782132 0.709755 0.936279 0.8285 0.782132 0.729899 0.714366 0.17706 0.817314 0.299423 0.839575 0.303825 0.750031 0.17706 0.817314 0.303825 0.750031 0.179016 0.768401 0.299423 0.839575 0.429438 0.909303 0.43444 0.686137 0.299423 0.839575 0.43444 0.686137 0.303825 0.750031 0.429438 0.909303 0.583042 0.939243 0.585893 0.684207 0.429438 0.909303 0.585893 0.684207 0.43444 0.686137 0.808781 0.919817 0.914355 0.888807 0.8285 0.782132 0.583042 0.939243 0.709755 0.936279 0.729899 0.714366 0.583042 0.939243 0.729899 0.714366 0.585893 0.684207 -0.00204492 0.807198 0.17706 0.817314 0.179016 0.768401 -0.00204492 0.807198 0.179016 0.768401 -0.00204492 0.763003 0.709755 0.936279 0.808781 0.919817 0.8285 0.782132 0.709755 0.936279 0.8285 0.782132 0.729899 0.714366 0.17706 0.817314 0.299423 0.839575 0.303825 0.750031 0.17706 0.817314 0.303825 0.750031 0.179016 0.768401 0.299423 0.839575 0.429438 0.909303 0.43444 0.686137 0.299423 0.839575 0.43444 0.686137 0.303825 0.750031 0.429438 0.909303 0.583042 0.939243 0.585893 0.684207 0.429438 0.909303 0.585893 0.684207 0.43444 0.686137 0.808781 0.919817 0.914355 0.888807 0.8285 0.782132 0.583042 0.939243 0.709755 0.936279 0.729899 0.714366 0.583042 0.939243 0.729899 0.714366 0.585893 0.684207 -0.00204492 0.807198 0.17706 0.817314 0.179016 0.768401 -0.00204492 0.807198 0.179016 0.768401 -0.00204492 0.763003 0.591493 0.387369 0.599092 0.583986 0.760145 0.567449 0.591493 0.387369 0.760145 0.567449 0.741914 0.392472 0.060386 0.394407 0.060386 0.437904 0.261091 0.508143 0.060386 0.394407 0.261091 0.508143 0.257446 0.43207 0.257446 0.43207 0.261091 0.508143 0.4266 0.56595 0.257446 0.43207 0.4266 0.56595 0.428334 0.393641 0.428334 0.393641 0.4266 0.56595 0.599092 0.583986 0.428334 0.393641 0.599092 0.583986 0.591493 0.387369 0.741914 0.392472 0.760145 0.567449 0.878428 0.464202 0.591493 0.387369 0.599092 0.583986 0.760145 0.567449 0.591493 0.387369 0.760145 0.567449 0.741914 0.392472 0.060386 0.394407 0.060386 0.437904 0.261091 0.508143 0.060386 0.394407 0.261091 0.508143 0.257446 0.43207 0.257446 0.43207 0.261091 0.508143 0.4266 0.56595 0.257446 0.43207 0.4266 0.56595 0.428334 0.393641 0.428334 0.393641 0.4266 0.56595 0.599092 0.583986 0.428334 0.393641 0.599092 0.583986 0.591493 0.387369 0.741914 0.392472 0.760145 0.567449 0.878428 0.464202 0.709755 0.936279 0.808781 0.919817 0.8285 0.782132 0.709755 0.936279 0.8285 0.782132 0.729899 0.714366 0.17706 0.817314 0.299423 0.839575 0.303825 0.750031 0.17706 0.817314 0.303825 0.750031 0.179016 0.768401 0.299423 0.839575 0.429438 0.909303 0.43444 0.686137 0.299423 0.839575 0.43444 0.686137 0.303825 0.750031 0.429438 0.909303 0.583042 0.939243 0.585893 0.684207 0.429438 0.909303 0.585893 0.684207 0.43444 0.686137 0.808781 0.919817 0.914355 0.888807 0.8285 0.782132 0.583042 0.939243 0.709755 0.936279 0.729899 0.714366 0.583042 0.939243 0.729899 0.714366 0.585893 0.684207 -0.00204492 0.807198 0.17706 0.817314 0.179016 0.768401 -0.00204492 0.807198 0.179016 0.768401 -0.00204492 0.763003 0.621477 0.060627 0.624334 0.359182 0.828341 0.325066 0.621477 0.060627 0.828341 0.325066 0.819538 0.092405 0.125212 0.184124 0.125212 0.218603 0.190253 0.238508 0.125212 0.184124 0.190253 0.238508 0.19101 0.187549 0.19101 0.187549 0.190253 0.238508 0.429177 0.340818 0.19101 0.187549 0.429177 0.340818 0.427038 0.097583 0.427038 0.097583 0.429177 0.340818 0.624334 0.359182 0.427038 0.097583 0.624334 0.359182 0.621477 0.060627 0.819538 0.092405 0.828341 0.325066 0.97611 0.182722 0.0483499 0.171171 0.0532889 0.140025 -0.00607598 0.026743 0.0483499 0.171171 -0.00607598 0.026743 -0.007177 0.108312 0.125212 0.218603 0.125212 0.184124 0.0532889 0.140025 0.125212 0.218603 0.0532889 0.140025 0.0483499 0.171171 0.591493 0.387369 0.599092 0.583986 0.760145 0.567449 0.591493 0.387369 0.760145 0.567449 0.741914 0.392472 0.060386 0.394407 0.060386 0.437904 0.261091 0.508143 0.060386 0.394407 0.261091 0.508143 0.257446 0.43207 0.257446 0.43207 0.261091 0.508143 0.4266 0.56595 0.257446 0.43207 0.4266 0.56595 0.428334 0.393641 0.428334 0.393641 0.4266 0.56595 0.599092 0.583986 0.428334 0.393641 0.599092 0.583986 0.591493 0.387369 0.741914 0.392472 0.760145 0.567449 0.878428 0.464202 0.709755 0.936279 0.808781 0.919817 0.8285 0.782132 0.709755 0.936279 0.8285 0.782132 0.729899 0.714366 0.17706 0.817314 0.299423 0.839575 0.303825 0.750031 0.17706 0.817314 0.303825 0.750031 0.179016 0.768401 0.299423 0.839575 0.429438 0.909303 0.43444 0.686137 0.299423 0.839575 0.43444 0.686137 0.303825 0.750031 0.429438 0.909303 0.583042 0.939243 0.585893 0.684207 0.429438 0.909303 0.585893 0.684207 0.43444 0.686137 0.808781 0.919817 0.914355 0.888807 0.8285 0.782132 0.583042 0.939243 0.709755 0.936279 0.729899 0.714366 0.583042 0.939243 0.729899 0.714366 0.585893 0.684207 -0.00204492 0.807198 0.17706 0.817314 0.179016 0.768401 -0.00204492 0.807198 0.179016 0.768401 -0.00204492 0.763003 0.591493 0.387369 0.599092 0.583986 0.760145 0.567449 0.591493 0.387369 0.760145 0.567449 0.741914 0.392472 0.060386 0.394407 0.060386 0.437904 0.261091 0.508143 0.060386 0.394407 0.261091 0.508143 0.257446 0.43207 0.257446 0.43207 0.261091 0.508143 0.4266 0.56595 0.257446 0.43207 0.4266 0.56595 0.428334 0.393641 0.428334 0.393641 0.4266 0.56595 0.599092 0.583986 0.428334 0.393641 0.599092 0.583986 0.591493 0.387369 0.741914 0.392472 0.760145 0.567449 0.878428 0.464202 0.709755 0.936279 0.808781 0.919817 0.8285 0.782132 0.709755 0.936279 0.8285 0.782132 0.729899 0.714366 0.17706 0.817314 0.299423 0.839575 0.303825 0.750031 0.17706 0.817314 0.303825 0.750031 0.179016 0.768401 0.299423 0.839575 0.429438 0.909303 0.43444 0.686137 0.299423 0.839575 0.43444 0.686137 0.303825 0.750031 0.429438 0.909303 0.583042 0.939243 0.585893 0.684207 0.429438 0.909303 0.585893 0.684207 0.43444 0.686137 0.808781 0.919817 0.914355 0.888807 0.8285 0.782132 0.583042 0.939243 0.709755 0.936279 0.729899 0.714366 0.583042 0.939243 0.729899 0.714366 0.585893 0.684207 -0.00204492 0.807198 0.17706 0.817314 0.179016 0.768401 -0.00204492 0.807198 0.179016 0.768401 -0.00204492 0.763003 0.709755 0.936279 0.808781 0.919817 0.8285 0.782132 0.709755 0.936279 0.8285 0.782132 0.729899 0.714366 0.17706 0.817314 0.299423 0.839575 0.303825 0.750031 0.17706 0.817314 0.303825 0.750031 0.179016 0.768401 0.299423 0.839575 0.429438 0.909303 0.43444 0.686137 0.299423 0.839575 0.43444 0.686137 0.303825 0.750031 0.429438 0.909303 0.583042 0.939243 0.585893 0.684207 0.429438 0.909303 0.585893 0.684207 0.43444 0.686137 0.808781 0.919817 0.914355 0.888807 0.8285 0.782132 0.583042 0.939243 0.709755 0.936279 0.729899 0.714366 0.583042 0.939243 0.729899 0.714366 0.585893 0.684207 -0.00204492 0.807198 0.17706 0.817314 0.179016 0.768401 -0.00204492 0.807198 0.179016 0.768401 -0.00204492 0.763003 0.709755 0.936279 0.808781 0.919817 0.8285 0.782132 0.709755 0.936279 0.8285 0.782132 0.729899 0.714366 0.17706 0.817314 0.299423 0.839575 0.303825 0.750031 0.17706 0.817314 0.303825 0.750031 0.179016 0.768401 0.299423 0.839575 0.429438 0.909303 0.43444 0.686137 0.299423 0.839575 0.43444 0.686137 0.303825 0.750031 0.429438 0.909303 0.583042 0.939243 0.585893 0.684207 0.429438 0.909303 0.585893 0.684207 0.43444 0.686137 0.808781 0.919817 0.914355 0.888807 0.8285 0.782132 0.583042 0.939243 0.709755 0.936279 0.729899 0.714366 0.583042 0.939243 0.729899 0.714366 0.585893 0.684207 -0.00204492 0.807198 0.17706 0.817314 0.179016 0.768401 -0.00204492 0.807198 0.179016 0.768401 -0.00204492 0.763003 0.591493 0.387369 0.599092 0.583986 0.760145 0.567449 0.591493 0.387369 0.760145 0.567449 0.741914 0.392472 0.060386 0.394407 0.060386 0.437904 0.261091 0.508143 0.060386 0.394407 0.261091 0.508143 0.257446 0.43207 0.257446 0.43207 0.261091 0.508143 0.4266 0.56595 0.257446 0.43207 0.4266 0.56595 0.428334 0.393641 0.428334 0.393641 0.4266 0.56595 0.599092 0.583986 0.428334 0.393641 0.599092 0.583986 0.591493 0.387369 0.741914 0.392472 0.760145 0.567449 0.878428 0.464202 0.591493 0.387369 0.599092 0.583986 0.760145 0.567449 0.591493 0.387369 0.760145 0.567449 0.741914 0.392472 0.060386 0.394407 0.060386 0.437904 0.261091 0.508143 0.060386 0.394407 0.261091 0.508143 0.257446 0.43207 0.257446 0.43207 0.261091 0.508143 0.4266 0.56595 0.257446 0.43207 0.4266 0.56595 0.428334 0.393641 0.428334 0.393641 0.4266 0.56595 0.599092 0.583986 0.428334 0.393641 0.599092 0.583986 0.591493 0.387369 0.741914 0.392472 0.760145 0.567449 0.878428 0.464202 0.709755 0.936279 0.808781 0.919817 0.8285 0.782132 0.709755 0.936279 0.8285 0.782132 0.729899 0.714366 0.17706 0.817314 0.299423 0.839575 0.303825 0.750031 0.17706 0.817314 0.303825 0.750031 0.179016 0.768401 0.299423 0.839575 0.429438 0.909303 0.43444 0.686137 0.299423 0.839575 0.43444 0.686137 0.303825 0.750031 0.429438 0.909303 0.583042 0.939243 0.585893 0.684207 0.429438 0.909303 0.585893 0.684207 0.43444 0.686137 0.808781 0.919817 0.914355 0.888807 0.8285 0.782132 0.583042 0.939243 0.709755 0.936279 0.729899 0.714366 0.583042 0.939243 0.729899 0.714366 0.585893 0.684207 -0.00204492 0.807198 0.17706 0.817314 0.179016 0.768401 -0.00204492 0.807198 0.179016 0.768401 -0.00204492 0.763003 0.621477 0.060627 0.624334 0.359182 0.828341 0.325066 0.621477 0.060627 0.828341 0.325066 0.819538 0.092405 0.125212 0.184124 0.125212 0.218603 0.190253 0.238508 0.125212 0.184124 0.190253 0.238508 0.19101 0.187549 0.19101 0.187549 0.190253 0.238508 0.429177 0.340818 0.19101 0.187549 0.429177 0.340818 0.427038 0.097583 0.427038 0.097583 0.429177 0.340818 0.624334 0.359182 0.427038 0.097583 0.624334 0.359182 0.621477 0.060627 0.819538 0.092405 0.828341 0.325066 0.97611 0.182722 0.0483499 0.171171 0.0532889 0.140025 -0.00607598 0.026743 0.0483499 0.171171 -0.00607598 0.026743 -0.007177 0.108312 0.125212 0.218603 0.125212 0.184124 0.0532889 0.140025 0.125212 0.218603 0.0532889 0.140025 0.0483499 0.171171 0.591493 0.387369 0.599092 0.583986 0.760145 0.567449 0.591493 0.387369 0.760145 0.567449 0.741914 0.392472 0.060386 0.394407 0.060386 0.437904 0.261091 0.508143 0.060386 0.394407 0.261091 0.508143 0.257446 0.43207 0.257446 0.43207 0.261091 0.508143 0.4266 0.56595 0.257446 0.43207 0.4266 0.56595 0.428334 0.393641 0.428334 0.393641 0.4266 0.56595 0.599092 0.583986 0.428334 0.393641 0.599092 0.583986 0.591493 0.387369 0.741914 0.392472 0.760145 0.567449 0.878428 0.464202 0.709755 0.936279 0.808781 0.919817 0.8285 0.782132 0.709755 0.936279 0.8285 0.782132 0.729899 0.714366 0.17706 0.817314 0.299423 0.839575 0.303825 0.750031 0.17706 0.817314 0.303825 0.750031 0.179016 0.768401 0.299423 0.839575 0.429438 0.909303 0.43444 0.686137 0.299423 0.839575 0.43444 0.686137 0.303825 0.750031 0.429438 0.909303 0.583042 0.939243 0.585893 0.684207 0.429438 0.909303 0.585893 0.684207 0.43444 0.686137 0.808781 0.919817 0.914355 0.888807 0.8285 0.782132 0.583042 0.939243 0.709755 0.936279 0.729899 0.714366 0.583042 0.939243 0.729899 0.714366 0.585893 0.684207 -0.00204492 0.807198 0.17706 0.817314 0.179016 0.768401 -0.00204492 0.807198 0.179016 0.768401 -0.00204492 0.763003 0.591493 0.387369 0.599092 0.583986 0.760145 0.567449 0.591493 0.387369 0.760145 0.567449 0.741914 0.392472 0.060386 0.394407 0.060386 0.437904 0.261091 0.508143 0.060386 0.394407 0.261091 0.508143 0.257446 0.43207 0.257446 0.43207 0.261091 0.508143 0.4266 0.56595 0.257446 0.43207 0.4266 0.56595 0.428334 0.393641 0.428334 0.393641 0.4266 0.56595 0.599092 0.583986 0.428334 0.393641 0.599092 0.583986 0.591493 0.387369 0.741914 0.392472 0.760145 0.567449 0.878428 0.464202 0.709755 0.936279 0.808781 0.919817 0.8285 0.782132 0.709755 0.936279 0.8285 0.782132 0.729899 0.714366 0.17706 0.817314 0.299423 0.839575 0.303825 0.750031 0.17706 0.817314 0.303825 0.750031 0.179016 0.768401 0.299423 0.839575 0.429438 0.909303 0.43444 0.686137 0.299423 0.839575 0.43444 0.686137 0.303825 0.750031 0.429438 0.909303 0.583042 0.939243 0.585893 0.684207 0.429438 0.909303 0.585893 0.684207 0.43444 0.686137 0.808781 0.919817 0.914355 0.888807 0.8285 0.782132 0.583042 0.939243 0.709755 0.936279 0.729899 0.714366 0.583042 0.939243 0.729899 0.714366 0.585893 0.684207 -0.00204492 0.807198 0.17706 0.817314 0.179016 0.768401 -0.00204492 0.807198 0.179016 0.768401 -0.00204492 0.763003 0.709755 0.936279 0.808781 0.919817 0.8285 0.782132 0.709755 0.936279 0.8285 0.782132 0.729899 0.714366 0.17706 0.817314 0.299423 0.839575 0.303825 0.750031 0.17706 0.817314 0.303825 0.750031 0.179016 0.768401 0.299423 0.839575 0.429438 0.909303 0.43444 0.686137 0.299423 0.839575 0.43444 0.686137 0.303825 0.750031 0.429438 0.909303 0.583042 0.939243 0.585893 0.684207 0.429438 0.909303 0.585893 0.684207 0.43444 0.686137 0.808781 0.919817 0.914355 0.888807 0.8285 0.782132 0.583042 0.939243 0.709755 0.936279 0.729899 0.714366 0.583042 0.939243 0.729899 0.714366 0.585893 0.684207 -0.00204492 0.807198 0.17706 0.817314 0.179016 0.768401 -0.00204492 0.807198 0.179016 0.768401 -0.00204492 0.763003 0.709755 0.936279 0.808781 0.919817 0.8285 0.782132 0.709755 0.936279 0.8285 0.782132 0.729899 0.714366 0.17706 0.817314 0.299423 0.839575 0.303825 0.750031 0.17706 0.817314 0.303825 0.750031 0.179016 0.768401 0.299423 0.839575 0.429438 0.909303 0.43444 0.686137 0.299423 0.839575 0.43444 0.686137 0.303825 0.750031 0.429438 0.909303 0.583042 0.939243 0.585893 0.684207 0.429438 0.909303 0.585893 0.684207 0.43444 0.686137 0.808781 0.919817 0.914355 0.888807 0.8285 0.782132 0.583042 0.939243 0.709755 0.936279 0.729899 0.714366 0.583042 0.939243 0.729899 0.714366 0.585893 0.684207 -0.00204492 0.807198 0.17706 0.817314 0.179016 0.768401 -0.00204492 0.807198 0.179016 0.768401 -0.00204492 0.763003 0.591493 0.387369 0.599092 0.583986 0.760145 0.567449 0.591493 0.387369 0.760145 0.567449 0.741914 0.392472 0.060386 0.394407 0.060386 0.437904 0.261091 0.508143 0.060386 0.394407 0.261091 0.508143 0.257446 0.43207 0.257446 0.43207 0.261091 0.508143 0.4266 0.56595 0.257446 0.43207 0.4266 0.56595 0.428334 0.393641 0.428334 0.393641 0.4266 0.56595 0.599092 0.583986 0.428334 0.393641 0.599092 0.583986 0.591493 0.387369 0.741914 0.392472 0.760145 0.567449 0.878428 0.464202 0.591493 0.387369 0.599092 0.583986 0.760145 0.567449 0.591493 0.387369 0.760145 0.567449 0.741914 0.392472 0.060386 0.394407 0.060386 0.437904 0.261091 0.508143 0.060386 0.394407 0.261091 0.508143 0.257446 0.43207 0.257446 0.43207 0.261091 0.508143 0.4266 0.56595 0.257446 0.43207 0.4266 0.56595 0.428334 0.393641 0.428334 0.393641 0.4266 0.56595 0.599092 0.583986 0.428334 0.393641 0.599092 0.583986 0.591493 0.387369 0.741914 0.392472 0.760145 0.567449 0.878428 0.464202 0.709755 0.936279 0.808781 0.919817 0.8285 0.782132 0.709755 0.936279 0.8285 0.782132 0.729899 0.714366 0.17706 0.817314 0.299423 0.839575 0.303825 0.750031 0.17706 0.817314 0.303825 0.750031 0.179016 0.768401 0.299423 0.839575 0.429438 0.909303 0.43444 0.686137 0.299423 0.839575 0.43444 0.686137 0.303825 0.750031 0.429438 0.909303 0.583042 0.939243 0.585893 0.684207 0.429438 0.909303 0.585893 0.684207 0.43444 0.686137 0.808781 0.919817 0.914355 0.888807 0.8285 0.782132 0.583042 0.939243 0.709755 0.936279 0.729899 0.714366 0.583042 0.939243 0.729899 0.714366 0.585893 0.684207 -0.00204492 0.807198 0.17706 0.817314 0.179016 0.768401 -0.00204492 0.807198 0.179016 0.768401 -0.00204492 0.763003 0.621477 0.060627 0.624334 0.359182 0.828341 0.325066 0.621477 0.060627 0.828341 0.325066 0.819538 0.092405 0.125212 0.184124 0.125212 0.218603 0.190253 0.238508 0.125212 0.184124 0.190253 0.238508 0.19101 0.187549 0.19101 0.187549 0.190253 0.238508 0.429177 0.340818 0.19101 0.187549 0.429177 0.340818 0.427038 0.097583 0.427038 0.097583 0.429177 0.340818 0.624334 0.359182 0.427038 0.097583 0.624334 0.359182 0.621477 0.060627 0.819538 0.092405 0.828341 0.325066 0.97611 0.182722 0.0483499 0.171171 0.0532889 0.140025 -0.00607598 0.026743 0.0483499 0.171171 -0.00607598 0.026743 -0.007177 0.108312 0.125212 0.218603 0.125212 0.184124 0.0532889 0.140025 0.125212 0.218603 0.0532889 0.140025 0.0483499 0.171171 0.591493 0.387369 0.599092 0.583986 0.760145 0.567449 0.591493 0.387369 0.760145 0.567449 0.741914 0.392472 0.060386 0.394407 0.060386 0.437904 0.261091 0.508143 0.060386 0.394407 0.261091 0.508143 0.257446 0.43207 0.257446 0.43207 0.261091 0.508143 0.4266 0.56595 0.257446 0.43207 0.4266 0.56595 0.428334 0.393641 0.428334 0.393641 0.4266 0.56595 0.599092 0.583986 0.428334 0.393641 0.599092 0.583986 0.591493 0.387369 0.741914 0.392472 0.760145 0.567449 0.878428 0.464202 0.709755 0.936279 0.808781 0.919817 0.8285 0.782132 0.709755 0.936279 0.8285 0.782132 0.729899 0.714366 0.17706 0.817314 0.299423 0.839575 0.303825 0.750031 0.17706 0.817314 0.303825 0.750031 0.179016 0.768401 0.299423 0.839575 0.429438 0.909303 0.43444 0.686137 0.299423 0.839575 0.43444 0.686137 0.303825 0.750031 0.429438 0.909303 0.583042 0.939243 0.585893 0.684207 0.429438 0.909303 0.585893 0.684207 0.43444 0.686137 0.808781 0.919817 0.914355 0.888807 0.8285 0.782132 0.583042 0.939243 0.709755 0.936279 0.729899 0.714366 0.583042 0.939243 0.729899 0.714366 0.585893 0.684207 -0.00204492 0.807198 0.17706 0.817314 0.179016 0.768401 -0.00204492 0.807198 0.179016 0.768401 -0.00204492 0.763003 0.591493 0.387369 0.599092 0.583986 0.760145 0.567449 0.591493 0.387369 0.760145 0.567449 0.741914 0.392472 0.060386 0.394407 0.060386 0.437904 0.261091 0.508143 0.060386 0.394407 0.261091 0.508143 0.257446 0.43207 0.257446 0.43207 0.261091 0.508143 0.4266 0.56595 0.257446 0.43207 0.4266 0.56595 0.428334 0.393641 0.428334 0.393641 0.4266 0.56595 0.599092 0.583986 0.428334 0.393641 0.599092 0.583986 0.591493 0.387369 0.741914 0.392472 0.760145 0.567449 0.878428 0.464202 0.709755 0.936279 0.808781 0.919817 0.8285 0.782132 0.709755 0.936279 0.8285 0.782132 0.729899 0.714366 0.17706 0.817314 0.299423 0.839575 0.303825 0.750031 0.17706 0.817314 0.303825 0.750031 0.179016 0.768401 0.299423 0.839575 0.429438 0.909303 0.43444 0.686137 0.299423 0.839575 0.43444 0.686137 0.303825 0.750031 0.429438 0.909303 0.583042 0.939243 0.585893 0.684207 0.429438 0.909303 0.585893 0.684207 0.43444 0.686137 0.808781 0.919817 0.914355 0.888807 0.8285 0.782132 0.583042 0.939243 0.709755 0.936279 0.729899 0.714366 0.583042 0.939243 0.729899 0.714366 0.585893 0.684207 -0.00204492 0.807198 0.17706 0.817314 0.179016 0.768401 -0.00204492 0.807198 0.179016 0.768401 -0.00204492 0.763003 0.709755 0.936279 0.808781 0.919817 0.8285 0.782132 0.709755 0.936279 0.8285 0.782132 0.729899 0.714366 0.17706 0.817314 0.299423 0.839575 0.303825 0.750031 0.17706 0.817314 0.303825 0.750031 0.179016 0.768401 0.299423 0.839575 0.429438 0.909303 0.43444 0.686137 0.299423 0.839575 0.43444 0.686137 0.303825 0.750031 0.429438 0.909303 0.583042 0.939243 0.585893 0.684207 0.429438 0.909303 0.585893 0.684207 0.43444 0.686137 0.808781 0.919817 0.914355 0.888807 0.8285 0.782132 0.583042 0.939243 0.709755 0.936279 0.729899 0.714366 0.583042 0.939243 0.729899 0.714366 0.585893 0.684207 -0.00204492 0.807198 0.17706 0.817314 0.179016 0.768401 -0.00204492 0.807198 0.179016 0.768401 -0.00204492 0.763003 0.709755 0.936279 0.808781 0.919817 0.8285 0.782132 0.709755 0.936279 0.8285 0.782132 0.729899 0.714366 0.17706 0.817314 0.299423 0.839575 0.303825 0.750031 0.17706 0.817314 0.303825 0.750031 0.179016 0.768401 0.299423 0.839575 0.429438 0.909303 0.43444 0.686137 0.299423 0.839575 0.43444 0.686137 0.303825 0.750031 0.429438 0.909303 0.583042 0.939243 0.585893 0.684207 0.429438 0.909303 0.585893 0.684207 0.43444 0.686137 0.808781 0.919817 0.914355 0.888807 0.8285 0.782132 0.583042 0.939243 0.709755 0.936279 0.729899 0.714366 0.583042 0.939243 0.729899 0.714366 0.585893 0.684207 -0.00204492 0.807198 0.17706 0.817314 0.179016 0.768401 -0.00204492 0.807198 0.179016 0.768401 -0.00204492 0.763003 0.591493 0.387369 0.599092 0.583986 0.760145 0.567449 0.591493 0.387369 0.760145 0.567449 0.741914 0.392472 0.060386 0.394407 0.060386 0.437904 0.261091 0.508143 0.060386 0.394407 0.261091 0.508143 0.257446 0.43207 0.257446 0.43207 0.261091 0.508143 0.4266 0.56595 0.257446 0.43207 0.4266 0.56595 0.428334 0.393641 0.428334 0.393641 0.4266 0.56595 0.599092 0.583986 0.428334 0.393641 0.599092 0.583986 0.591493 0.387369 0.741914 0.392472 0.760145 0.567449 0.878428 0.464202 0.591493 0.387369 0.599092 0.583986 0.760145 0.567449 0.591493 0.387369 0.760145 0.567449 0.741914 0.392472 0.060386 0.394407 0.060386 0.437904 0.261091 0.508143 0.060386 0.394407 0.261091 0.508143 0.257446 0.43207 0.257446 0.43207 0.261091 0.508143 0.4266 0.56595 0.257446 0.43207 0.4266 0.56595 0.428334 0.393641 0.428334 0.393641 0.4266 0.56595 0.599092 0.583986 0.428334 0.393641 0.599092 0.583986 0.591493 0.387369 0.741914 0.392472 0.760145 0.567449 0.878428 0.464202 0.709755 0.936279 0.808781 0.919817 0.8285 0.782132 0.709755 0.936279 0.8285 0.782132 0.729899 0.714366 0.17706 0.817314 0.299423 0.839575 0.303825 0.750031 0.17706 0.817314 0.303825 0.750031 0.179016 0.768401 0.299423 0.839575 0.429438 0.909303 0.43444 0.686137 0.299423 0.839575 0.43444 0.686137 0.303825 0.750031 0.429438 0.909303 0.583042 0.939243 0.585893 0.684207 0.429438 0.909303 0.585893 0.684207 0.43444 0.686137 0.808781 0.919817 0.914355 0.888807 0.8285 0.782132 0.583042 0.939243 0.709755 0.936279 0.729899 0.714366 0.583042 0.939243 0.729899 0.714366 0.585893 0.684207 -0.00204492 0.807198 0.17706 0.817314 0.179016 0.768401 -0.00204492 0.807198 0.179016 0.768401 -0.00204492 0.763003 0.621477 0.060627 0.624334 0.359182 0.828341 0.325066 0.621477 0.060627 0.828341 0.325066 0.819538 0.092405 0.125212 0.184124 0.125212 0.218603 0.190253 0.238508 0.125212 0.184124 0.190253 0.238508 0.19101 0.187549 0.19101 0.187549 0.190253 0.238508 0.429177 0.340818 0.19101 0.187549 0.429177 0.340818 0.427038 0.097583 0.427038 0.097583 0.429177 0.340818 0.624334 0.359182 0.427038 0.097583 0.624334 0.359182 0.621477 0.060627 0.819538 0.092405 0.828341 0.325066 0.97611 0.182722 0.0483499 0.171171 0.0532889 0.140025 -0.00607598 0.026743 0.0483499 0.171171 -0.00607598 0.026743 -0.007177 0.108312 0.125212 0.218603 0.125212 0.184124 0.0532889 0.140025 0.125212 0.218603 0.0532889 0.140025 0.0483499 0.171171 0.591493 0.387369 0.599092 0.583986 0.760145 0.567449 0.591493 0.387369 0.760145 0.567449 0.741914 0.392472 0.060386 0.394407 0.060386 0.437904 0.261091 0.508143 0.060386 0.394407 0.261091 0.508143 0.257446 0.43207 0.257446 0.43207 0.261091 0.508143 0.4266 0.56595 0.257446 0.43207 0.4266 0.56595 0.428334 0.393641 0.428334 0.393641 0.4266 0.56595 0.599092 0.583986 0.428334 0.393641 0.599092 0.583986 0.591493 0.387369 0.741914 0.392472 0.760145 0.567449 0.878428 0.464202 0.709755 0.936279 0.808781 0.919817 0.8285 0.782132 0.709755 0.936279 0.8285 0.782132 0.729899 0.714366 0.17706 0.817314 0.299423 0.839575 0.303825 0.750031 0.17706 0.817314 0.303825 0.750031 0.179016 0.768401 0.299423 0.839575 0.429438 0.909303 0.43444 0.686137 0.299423 0.839575 0.43444 0.686137 0.303825 0.750031 0.429438 0.909303 0.583042 0.939243 0.585893 0.684207 0.429438 0.909303 0.585893 0.684207 0.43444 0.686137 0.808781 0.919817 0.914355 0.888807 0.8285 0.782132 0.583042 0.939243 0.709755 0.936279 0.729899 0.714366 0.583042 0.939243 0.729899 0.714366 0.585893 0.684207 -0.00204492 0.807198 0.17706 0.817314 0.179016 0.768401 -0.00204492 0.807198 0.179016 0.768401 -0.00204492 0.763003 0.591493 0.387369 0.599092 0.583986 0.760145 0.567449 0.591493 0.387369 0.760145 0.567449 0.741914 0.392472 0.060386 0.394407 0.060386 0.437904 0.261091 0.508143 0.060386 0.394407 0.261091 0.508143 0.257446 0.43207 0.257446 0.43207 0.261091 0.508143 0.4266 0.56595 0.257446 0.43207 0.4266 0.56595 0.428334 0.393641 0.428334 0.393641 0.4266 0.56595 0.599092 0.583986 0.428334 0.393641 0.599092 0.583986 0.591493 0.387369 0.741914 0.392472 0.760145 0.567449 0.878428 0.464202 0.709755 0.936279 0.808781 0.919817 0.8285 0.782132 0.709755 0.936279 0.8285 0.782132 0.729899 0.714366 0.17706 0.817314 0.299423 0.839575 0.303825 0.750031 0.17706 0.817314 0.303825 0.750031 0.179016 0.768401 0.299423 0.839575 0.429438 0.909303 0.43444 0.686137 0.299423 0.839575 0.43444 0.686137 0.303825 0.750031 0.429438 0.909303 0.583042 0.939243 0.585893 0.684207 0.429438 0.909303 0.585893 0.684207 0.43444 0.686137 0.808781 0.919817 0.914355 0.888807 0.8285 0.782132 0.583042 0.939243 0.709755 0.936279 0.729899 0.714366 0.583042 0.939243 0.729899 0.714366 0.585893 0.684207 -0.00204492 0.807198 0.17706 0.817314 0.179016 0.768401 -0.00204492 0.807198 0.179016 0.768401 -0.00204492 0.763003 0.709755 0.936279 0.808781 0.919817 0.8285 0.782132 0.709755 0.936279 0.8285 0.782132 0.729899 0.714366 0.17706 0.817314 0.299423 0.839575 0.303825 0.750031 0.17706 0.817314 0.303825 0.750031 0.179016 0.768401 0.299423 0.839575 0.429438 0.909303 0.43444 0.686137 0.299423 0.839575 0.43444 0.686137 0.303825 0.750031 0.429438 0.909303 0.583042 0.939243 0.585893 0.684207 0.429438 0.909303 0.585893 0.684207 0.43444 0.686137 0.808781 0.919817 0.914355 0.888807 0.8285 0.782132 0.583042 0.939243 0.709755 0.936279 0.729899 0.714366 0.583042 0.939243 0.729899 0.714366 0.585893 0.684207 -0.00204492 0.807198 0.17706 0.817314 0.179016 0.768401 -0.00204492 0.807198 0.179016 0.768401 -0.00204492 0.763003 0.709755 0.936279 0.808781 0.919817 0.8285 0.782132 0.709755 0.936279 0.8285 0.782132 0.729899 0.714366 0.17706 0.817314 0.299423 0.839575 0.303825 0.750031 0.17706 0.817314 0.303825 0.750031 0.179016 0.768401 0.299423 0.839575 0.429438 0.909303 0.43444 0.686137 0.299423 0.839575 0.43444 0.686137 0.303825 0.750031 0.429438 0.909303 0.583042 0.939243 0.585893 0.684207 0.429438 0.909303 0.585893 0.684207 0.43444 0.686137 0.808781 0.919817 0.914355 0.888807 0.8285 0.782132 0.583042 0.939243 0.709755 0.936279 0.729899 0.714366 0.583042 0.939243 0.729899 0.714366 0.585893 0.684207 -0.00204492 0.807198 0.17706 0.817314 0.179016 0.768401 -0.00204492 0.807198 0.179016 0.768401 -0.00204492 0.763003 0.591493 0.387369 0.599092 0.583986 0.760145 0.567449 0.591493 0.387369 0.760145 0.567449 0.741914 0.392472 0.060386 0.394407 0.060386 0.437904 0.261091 0.508143 0.060386 0.394407 0.261091 0.508143 0.257446 0.43207 0.257446 0.43207 0.261091 0.508143 0.4266 0.56595 0.257446 0.43207 0.4266 0.56595 0.428334 0.393641 0.428334 0.393641 0.4266 0.56595 0.599092 0.583986 0.428334 0.393641 0.599092 0.583986 0.591493 0.387369 0.741914 0.392472 0.760145 0.567449 0.878428 0.464202 0.591493 0.387369 0.599092 0.583986 0.760145 0.567449 0.591493 0.387369 0.760145 0.567449 0.741914 0.392472 0.060386 0.394407 0.060386 0.437904 0.261091 0.508143 0.060386 0.394407 0.261091 0.508143 0.257446 0.43207 0.257446 0.43207 0.261091 0.508143 0.4266 0.56595 0.257446 0.43207 0.4266 0.56595 0.428334 0.393641 0.428334 0.393641 0.4266 0.56595 0.599092 0.583986 0.428334 0.393641 0.599092 0.583986 0.591493 0.387369 0.741914 0.392472 0.760145 0.567449 0.878428 0.464202 0.709755 0.936279 0.808781 0.919817 0.8285 0.782132 0.709755 0.936279 0.8285 0.782132 0.729899 0.714366 0.17706 0.817314 0.299423 0.839575 0.303825 0.750031 0.17706 0.817314 0.303825 0.750031 0.179016 0.768401 0.299423 0.839575 0.429438 0.909303 0.43444 0.686137 0.299423 0.839575 0.43444 0.686137 0.303825 0.750031 0.429438 0.909303 0.583042 0.939243 0.585893 0.684207 0.429438 0.909303 0.585893 0.684207 0.43444 0.686137 0.808781 0.919817 0.914355 0.888807 0.8285 0.782132 0.583042 0.939243 0.709755 0.936279 0.729899 0.714366 0.583042 0.939243 0.729899 0.714366 0.585893 0.684207 -0.00204492 0.807198 0.17706 0.817314 0.179016 0.768401 -0.00204492 0.807198 0.179016 0.768401 -0.00204492 0.763003 0.621477 0.060627 0.624334 0.359182 0.828341 0.325066 0.621477 0.060627 0.828341 0.325066 0.819538 0.092405 0.125212 0.184124 0.125212 0.218603 0.190253 0.238508 0.125212 0.184124 0.190253 0.238508 0.19101 0.187549 0.19101 0.187549 0.190253 0.238508 0.429177 0.340818 0.19101 0.187549 0.429177 0.340818 0.427038 0.097583 0.427038 0.097583 0.429177 0.340818 0.624334 0.359182 0.427038 0.097583 0.624334 0.359182 0.621477 0.060627 0.819538 0.092405 0.828341 0.325066 0.97611 0.182722 0.0483499 0.171171 0.0532889 0.140025 -0.00607598 0.026743 0.0483499 0.171171 -0.00607598 0.026743 -0.007177 0.108312 0.125212 0.218603 0.125212 0.184124 0.0532889 0.140025 0.125212 0.218603 0.0532889 0.140025 0.0483499 0.171171 0.591493 0.387369 0.599092 0.583986 0.760145 0.567449 0.591493 0.387369 0.760145 0.567449 0.741914 0.392472 0.060386 0.394407 0.060386 0.437904 0.261091 0.508143 0.060386 0.394407 0.261091 0.508143 0.257446 0.43207 0.257446 0.43207 0.261091 0.508143 0.4266 0.56595 0.257446 0.43207 0.4266 0.56595 0.428334 0.393641 0.428334 0.393641 0.4266 0.56595 0.599092 0.583986 0.428334 0.393641 0.599092 0.583986 0.591493 0.387369 0.741914 0.392472 0.760145 0.567449 0.878428 0.464202 0.709755 0.936279 0.808781 0.919817 0.8285 0.782132 0.709755 0.936279 0.8285 0.782132 0.729899 0.714366 0.17706 0.817314 0.299423 0.839575 0.303825 0.750031 0.17706 0.817314 0.303825 0.750031 0.179016 0.768401 0.299423 0.839575 0.429438 0.909303 0.43444 0.686137 0.299423 0.839575 0.43444 0.686137 0.303825 0.750031 0.429438 0.909303 0.583042 0.939243 0.585893 0.684207 0.429438 0.909303 0.585893 0.684207 0.43444 0.686137 0.808781 0.919817 0.914355 0.888807 0.8285 0.782132 0.583042 0.939243 0.709755 0.936279 0.729899 0.714366 0.583042 0.939243 0.729899 0.714366 0.585893 0.684207 -0.00204492 0.807198 0.17706 0.817314 0.179016 0.768401 -0.00204492 0.807198 0.179016 0.768401 -0.00204492 0.763003 0.591493 0.387369 0.599092 0.583986 0.760145 0.567449 0.591493 0.387369 0.760145 0.567449 0.741914 0.392472 0.060386 0.394407 0.060386 0.437904 0.261091 0.508143 0.060386 0.394407 0.261091 0.508143 0.257446 0.43207 0.257446 0.43207 0.261091 0.508143 0.4266 0.56595 0.257446 0.43207 0.4266 0.56595 0.428334 0.393641 0.428334 0.393641 0.4266 0.56595 0.599092 0.583986 0.428334 0.393641 0.599092 0.583986 0.591493 0.387369 0.741914 0.392472 0.760145 0.567449 0.878428 0.464202 0.709755 0.936279 0.808781 0.919817 0.8285 0.782132 0.709755 0.936279 0.8285 0.782132 0.729899 0.714366 0.17706 0.817314 0.299423 0.839575 0.303825 0.750031 0.17706 0.817314 0.303825 0.750031 0.179016 0.768401 0.299423 0.839575 0.429438 0.909303 0.43444 0.686137 0.299423 0.839575 0.43444 0.686137 0.303825 0.750031 0.429438 0.909303 0.583042 0.939243 0.585893 0.684207 0.429438 0.909303 0.585893 0.684207 0.43444 0.686137 0.808781 0.919817 0.914355 0.888807 0.8285 0.782132 0.583042 0.939243 0.709755 0.936279 0.729899 0.714366 0.583042 0.939243 0.729899 0.714366 0.585893 0.684207 -0.00204492 0.807198 0.17706 0.817314 0.179016 0.768401 -0.00204492 0.807198 0.179016 0.768401 -0.00204492 0.763003 0.709755 0.936279 0.808781 0.919817 0.8285 0.782132 0.709755 0.936279 0.8285 0.782132 0.729899 0.714366 0.17706 0.817314 0.299423 0.839575 0.303825 0.750031 0.17706 0.817314 0.303825 0.750031 0.179016 0.768401 0.299423 0.839575 0.429438 0.909303 0.43444 0.686137 0.299423 0.839575 0.43444 0.686137 0.303825 0.750031 0.429438 0.909303 0.583042 0.939243 0.585893 0.684207 0.429438 0.909303 0.585893 0.684207 0.43444 0.686137 0.808781 0.919817 0.914355 0.888807 0.8285 0.782132 0.583042 0.939243 0.709755 0.936279 0.729899 0.714366 0.583042 0.939243 0.729899 0.714366 0.585893 0.684207 -0.00204492 0.807198 0.17706 0.817314 0.179016 0.768401 -0.00204492 0.807198 0.179016 0.768401 -0.00204492 0.763003 0.709755 0.936279 0.808781 0.919817 0.8285 0.782132 0.709755 0.936279 0.8285 0.782132 0.729899 0.714366 0.17706 0.817314 0.299423 0.839575 0.303825 0.750031 0.17706 0.817314 0.303825 0.750031 0.179016 0.768401 0.299423 0.839575 0.429438 0.909303 0.43444 0.686137 0.299423 0.839575 0.43444 0.686137 0.303825 0.750031 0.429438 0.909303 0.583042 0.939243 0.585893 0.684207 0.429438 0.909303 0.585893 0.684207 0.43444 0.686137 0.808781 0.919817 0.914355 0.888807 0.8285 0.782132 0.583042 0.939243 0.709755 0.936279 0.729899 0.714366 0.583042 0.939243 0.729899 0.714366 0.585893 0.684207 -0.00204492 0.807198 0.17706 0.817314 0.179016 0.768401 -0.00204492 0.807198 0.179016 0.768401 -0.00204492 0.763003 0.591493 0.387369 0.599092 0.583986 0.760145 0.567449 0.591493 0.387369 0.760145 0.567449 0.741914 0.392472 0.060386 0.394407 0.060386 0.437904 0.261091 0.508143 0.060386 0.394407 0.261091 0.508143 0.257446 0.43207 0.257446 0.43207 0.261091 0.508143 0.4266 0.56595 0.257446 0.43207 0.4266 0.56595 0.428334 0.393641 0.428334 0.393641 0.4266 0.56595 0.599092 0.583986 0.428334 0.393641 0.599092 0.583986 0.591493 0.387369 0.741914 0.392472 0.760145 0.567449 0.878428 0.464202 0.591493 0.387369 0.599092 0.583986 0.760145 0.567449 0.591493 0.387369 0.760145 0.567449 0.741914 0.392472 0.060386 0.394407 0.060386 0.437904 0.261091 0.508143 0.060386 0.394407 0.261091 0.508143 0.257446 0.43207 0.257446 0.43207 0.261091 0.508143 0.4266 0.56595 0.257446 0.43207 0.4266 0.56595 0.428334 0.393641 0.428334 0.393641 0.4266 0.56595 0.599092 0.583986 0.428334 0.393641 0.599092 0.583986 0.591493 0.387369 0.741914 0.392472 0.760145 0.567449 0.878428 0.464202 0.709755 0.936279 0.808781 0.919817 0.8285 0.782132 0.709755 0.936279 0.8285 0.782132 0.729899 0.714366 0.17706 0.817314 0.299423 0.839575 0.303825 0.750031 0.17706 0.817314 0.303825 0.750031 0.179016 0.768401 0.299423 0.839575 0.429438 0.909303 0.43444 0.686137 0.299423 0.839575 0.43444 0.686137 0.303825 0.750031 0.429438 0.909303 0.583042 0.939243 0.585893 0.684207 0.429438 0.909303 0.585893 0.684207 0.43444 0.686137 0.808781 0.919817 0.914355 0.888807 0.8285 0.782132 0.583042 0.939243 0.709755 0.936279 0.729899 0.714366 0.583042 0.939243 0.729899 0.714366 0.585893 0.684207 -0.00204492 0.807198 0.17706 0.817314 0.179016 0.768401 -0.00204492 0.807198 0.179016 0.768401 -0.00204492 0.763003 0.621477 0.060627 0.624334 0.359182 0.828341 0.325066 0.621477 0.060627 0.828341 0.325066 0.819538 0.092405 0.125212 0.184124 0.125212 0.218603 0.190253 0.238508 0.125212 0.184124 0.190253 0.238508 0.19101 0.187549 0.19101 0.187549 0.190253 0.238508 0.429177 0.340818 0.19101 0.187549 0.429177 0.340818 0.427038 0.097583 0.427038 0.097583 0.429177 0.340818 0.624334 0.359182 0.427038 0.097583 0.624334 0.359182 0.621477 0.060627 0.819538 0.092405 0.828341 0.325066 0.97611 0.182722 0.0483499 0.171171 0.0532889 0.140025 -0.00607598 0.026743 0.0483499 0.171171 -0.00607598 0.026743 -0.007177 0.108312 0.125212 0.218603 0.125212 0.184124 0.0532889 0.140025 0.125212 0.218603 0.0532889 0.140025 0.0483499 0.171171 0.591493 0.387369 0.599092 0.583986 0.760145 0.567449 0.591493 0.387369 0.760145 0.567449 0.741914 0.392472 0.060386 0.394407 0.060386 0.437904 0.261091 0.508143 0.060386 0.394407 0.261091 0.508143 0.257446 0.43207 0.257446 0.43207 0.261091 0.508143 0.4266 0.56595 0.257446 0.43207 0.4266 0.56595 0.428334 0.393641 0.428334 0.393641 0.4266 0.56595 0.599092 0.583986 0.428334 0.393641 0.599092 0.583986 0.591493 0.387369 0.741914 0.392472 0.760145 0.567449 0.878428 0.464202</float_array>
          <technique_common><accessor source="#farm_unknown_weed_uv_array" count="10260" stride="2"><param name="S" type="float"/><param name="T" type="float"/></accessor></technique_common>
        </source>
        <vertices id="farm_unknown_weed_vertices"><input semantic="POSITION" source="#farm_unknown_weed_positions"/></vertices>
        <triangles material="farm_unknown_weed_material" count="3420">
          <input semantic="VERTEX" source="#farm_unknown_weed_vertices" offset="0"/>
          <input semantic="NORMAL" source="#farm_unknown_weed_normals" offset="1"/>
          <input semantic="TEXCOORD" source="#farm_unknown_weed_uv" offset="2" set="0"/>
          <p>0 0 0 1 1 1 2 2 2 3 3 3 4 4 4 5 5 5 6 6 6 7 7 7 8 8 8 9 9 9 10 10 10 11 11 11 12 12 12 13 13 13 14 14 14 15 15 15 16 16 16 17 17 17 18 18 18 19 19 19 20 20 20 21 21 21 22 22 22 23 23 23 24 24 24 25 25 25 26 26 26 27 27 27 28 28 28 29 29 29 30 30 30 31 31 31 32 32 32 33 33 33 34 34 34 35 35 35 36 36 36 37 37 37 38 38 38 39 39 39 40 40 40 41 41 41 42 42 42 43 43 43 44 44 44 45 45 45 46 46 46 47 47 47 48 48 48 49 49 49 50 50 50 51 51 51 52 52 52 53 53 53 54 54 54 55 55 55 56 56 56 57 57 57 58 58 58 59 59 59 60 60 60 61 61 61 62 62 62 63 63 63 64 64 64 65 65 65 66 66 66 67 67 67 68 68 68 69 69 69 70 70 70 71 71 71 72 72 72 73 73 73 74 74 74 75 75 75 76 76 76 77 77 77 78 78 78 79 79 79 80 80 80 81 81 81 82 82 82 83 83 83 84 84 84 85 85 85 86 86 86 87 87 87 88 88 88 89 89 89 90 90 90 91 91 91 92 92 92 93 93 93 94 94 94 95 95 95 96 96 96 97 97 97 98 98 98 99 99 99 100 100 100 101 101 101 102 102 102 103 103 103 104 104 104 105 105 105 106 106 106 107 107 107 108 108 108 109 109 109 110 110 110 111 111 111 112 112 112 113 113 113 114 114 114 115 115 115 116 116 116 117 117 117 118 118 118 119 119 119 120 120 120 121 121 121 122 122 122 123 123 123 124 124 124 125 125 125 126 126 126 127 127 127 128 128 128 129 129 129 130 130 130 131 131 131 132 132 132 133 133 133 134 134 134 135 135 135 136 136 136 137 137 137 138 138 138 139 139 139 140 140 140 141 141 141 142 142 142 143 143 143 144 144 144 145 145 145 146 146 146 147 147 147 148 148 148 149 149 149 150 150 150 151 151 151 152 152 152 153 153 153 154 154 154 155 155 155 156 156 156 157 157 157 158 158 158 159 159 159 160 160 160 161 161 161 162 162 162 163 163 163 164 164 164 165 165 165 166 166 166 167 167 167 168 168 168 169 169 169 170 170 170 171 171 171 172 172 172 173 173 173 174 174 174 175 175 175 176 176 176 177 177 177 178 178 178 179 179 179 180 180 180 181 181 181 182 182 182 183 183 183 184 184 184 185 185 185 186 186 186 187 187 187 188 188 188 189 189 189 190 190 190 191 191 191 192 192 192 193 193 193 194 194 194 195 195 195 196 196 196 197 197 197 198 198 198 199 199 199 200 200 200 201 201 201 202 202 202 203 203 203 204 204 204 205 205 205 206 206 206 207 207 207 208 208 208 209 209 209 210 210 210 211 211 211 212 212 212 213 213 213 214 214 214 215 215 215 216 216 216 217 217 217 218 218 218 219 219 219 220 220 220 221 221 221 222 222 222 223 223 223 224 224 224 225 225 225 226 226 226 227 227 227 228 228 228 229 229 229 230 230 230 231 231 231 232 232 232 233 233 233 234 234 234 235 235 235 236 236 236 237 237 237 238 238 238 239 239 239 240 240 240 241 241 241 242 242 242 243 243 243 244 244 244 245 245 245 246 246 246 247 247 247 248 248 248 249 249 249 250 250 250 251 251 251 252 252 252 253 253 253 254 254 254 255 255 255 256 256 256 257 257 257 258 258 258 259 259 259 260 260 260 261 261 261 262 262 262 263 263 263 264 264 264 265 265 265 266 266 266 267 267 267 268 268 268 269 269 269 270 270 270 271 271 271 272 272 272 273 273 273 274 274 274 275 275 275 276 276 276 277 277 277 278 278 278 279 279 279 280 280 280 281 281 281 282 282 282 283 283 283 284 284 284 285 285 285 286 286 286 287 287 287 288 288 288 289 289 289 290 290 290 291 291 291 292 292 292 293 293 293 294 294 294 295 295 295 296 296 296 297 297 297 298 298 298 299 299 299 300 300 300 301 301 301 302 302 302 303 303 303 304 304 304 305 305 305 306 306 306 307 307 307 308 308 308 309 309 309 310 310 310 311 311 311 312 312 312 313 313 313 314 314 314 315 315 315 316 316 316 317 317 317 318 318 318 319 319 319 320 320 320 321 321 321 322 322 322 323 323 323 324 324 324 325 325 325 326 326 326 327 327 327 328 328 328 329 329 329 330 330 330 331 331 331 332 332 332 333 333 333 334 334 334 335 335 335 336 336 336 337 337 337 338 338 338 339 339 339 340 340 340 341 341 341 342 342 342 343 343 343 344 344 344 345 345 345 346 346 346 347 347 347 348 348 348 349 349 349 350 350 350 351 351 351 352 352 352 353 353 353 354 354 354 355 355 355 356 356 356 357 357 357 358 358 358 359 359 359 360 360 360 361 361 361 362 362 362 363 363 363 364 364 364 365 365 365 366 366 366 367 367 367 368 368 368 369 369 369 370 370 370 371 371 371 372 372 372 373 373 373 374 374 374 375 375 375 376 376 376 377 377 377 378 378 378 379 379 379 380 380 380 381 381 381 382 382 382 383 383 383 384 384 384 385 385 385 386 386 386 387 387 387 388 388 388 389 389 389 390 390 390 391 391 391 392 392 392 393 393 393 394 394 394 395 395 395 396 396 396 397 397 397 398 398 398 399 399 399 400 400 400 401 401 401 402 402 402 403 403 403 404 404 404 405 405 405 406 406 406 407 407 407 408 408 408 409 409 409 410 410 410 411 411 411 412 412 412 413 413 413 414 414 414 415 415 415 416 416 416 417 417 417 418 418 418 419 419 419 420 420 420 421 421 421 422 422 422 423 423 423 424 424 424 425 425 425 426 426 426 427 427 427 428 428 428 429 429 429 430 430 430 431 431 431 432 432 432 433 433 433 434 434 434 435 435 435 436 436 436 437 437 437 438 438 438 439 439 439 440 440 440 441 441 441 442 442 442 443 443 443 444 444 444 445 445 445 446 446 446 447 447 447 448 448 448 449 449 449 450 450 450 451 451 451 452 452 452 453 453 453 454 454 454 455 455 455 456 456 456 457 457 457 458 458 458 459 459 459 460 460 460 461 461 461 462 462 462 463 463 463 464 464 464 465 465 465 466 466 466 467 467 467 468 468 468 469 469 469 470 470 470 471 471 471 472 472 472 473 473 473 474 474 474 475 475 475 476 476 476 477 477 477 478 478 478 479 479 479 480 480 480 481 481 481 482 482 482 483 483 483 484 484 484 485 485 485 486 486 486 487 487 487 488 488 488 489 489 489 490 490 490 491 491 491 492 492 492 493 493 493 494 494 494 495 495 495 496 496 496 497 497 497 498 498 498 499 499 499 500 500 500 501 501 501 502 502 502 503 503 503 504 504 504 505 505 505 506 506 506 507 507 507 508 508 508 509 509 509 510 510 510 511 511 511 512 512 512 513 513 513 514 514 514 515 515 515 516 516 516 517 517 517 518 518 518 519 519 519 520 520 520 521 521 521 522 522 522 523 523 523 524 524 524 525 525 525 526 526 526 527 527 527 528 528 528 529 529 529 530 530 530 531 531 531 532 532 532 533 533 533 534 534 534 535 535 535 536 536 536 537 537 537 538 538 538 539 539 539 540 540 540 541 541 541 542 542 542 543 543 543 544 544 544 545 545 545 546 546 546 547 547 547 548 548 548 549 549 549 550 550 550 551 551 551 552 552 552 553 553 553 554 554 554 555 555 555 556 556 556 557 557 557 558 558 558 559 559 559 560 560 560 561 561 561 562 562 562 563 563 563 564 564 564 565 565 565 566 566 566 567 567 567 568 568 568 569 569 569 570 570 570 571 571 571 572 572 572 573 573 573 574 574 574 575 575 575 576 576 576 577 577 577 578 578 578 579 579 579 580 580 580 581 581 581 582 582 582 583 583 583 584 584 584 585 585 585 586 586 586 587 587 587 588 588 588 589 589 589 590 590 590 591 591 591 592 592 592 593 593 593 594 594 594 595 595 595 596 596 596 597 597 597 598 598 598 599 599 599 600 600 600 601 601 601 602 602 602 603 603 603 604 604 604 605 605 605 606 606 606 607 607 607 608 608 608 609 609 609 610 610 610 611 611 611 612 612 612 613 613 613 614 614 614 615 615 615 616 616 616 617 617 617 618 618 618 619 619 619 620 620 620 621 621 621 622 622 622 623 623 623 624 624 624 625 625 625 626 626 626 627 627 627 628 628 628 629 629 629 630 630 630 631 631 631 632 632 632 633 633 633 634 634 634 635 635 635 636 636 636 637 637 637 638 638 638 639 639 639 640 640 640 641 641 641 642 642 642 643 643 643 644 644 644 645 645 645 646 646 646 647 647 647 648 648 648 649 649 649 650 650 650 651 651 651 652 652 652 653 653 653 654 654 654 655 655 655 656 656 656 657 657 657 658 658 658 659 659 659 660 660 660 661 661 661 662 662 662 663 663 663 664 664 664 665 665 665 666 666 666 667 667 667 668 668 668 669 669 669 670 670 670 671 671 671 672 672 672 673 673 673 674 674 674 675 675 675 676 676 676 677 677 677 678 678 678 679 679 679 680 680 680 681 681 681 682 682 682 683 683 683 684 684 684 685 685 685 686 686 686 687 687 687 688 688 688 689 689 689 690 690 690 691 691 691 692 692 692 693 693 693 694 694 694 695 695 695 696 696 696 697 697 697 698 698 698 699 699 699 700 700 700 701 701 701 702 702 702 703 703 703 704 704 704 705 705 705 706 706 706 707 707 707 708 708 708 709 709 709 710 710 710 711 711 711 712 712 712 713 713 713 714 714 714 715 715 715 716 716 716 717 717 717 718 718 718 719 719 719 720 720 720 721 721 721 722 722 722 723 723 723 724 724 724 725 725 725 726 726 726 727 727 727 728 728 728 729 729 729 730 730 730 731 731 731 732 732 732 733 733 733 734 734 734 735 735 735 736 736 736 737 737 737 738 738 738 739 739 739 740 740 740 741 741 741 742 742 742 743 743 743 744 744 744 745 745 745 746 746 746 747 747 747 748 748 748 749 749 749 750 750 750 751 751 751 752 752 752 753 753 753 754 754 754 755 755 755 756 756 756 757 757 757 758 758 758 759 759 759 760 760 760 761 761 761 762 762 762 763 763 763 764 764 764 765 765 765 766 766 766 767 767 767 768 768 768 769 769 769 770 770 770 771 771 771 772 772 772 773 773 773 774 774 774 775 775 775 776 776 776 777 777 777 778 778 778 779 779 779 780 780 780 781 781 781 782 782 782 783 783 783 784 784 784 785 785 785 786 786 786 787 787 787 788 788 788 789 789 789 790 790 790 791 791 791 792 792 792 793 793 793 794 794 794 795 795 795 796 796 796 797 797 797 798 798 798 799 799 799 800 800 800 801 801 801 802 802 802 803 803 803 804 804 804 805 805 805 806 806 806 807 807 807 808 808 808 809 809 809 810 810 810 811 811 811 812 812 812 813 813 813 814 814 814 815 815 815 816 816 816 817 817 817 818 818 818 819 819 819 820 820 820 821 821 821 822 822 822 823 823 823 824 824 824 825 825 825 826 826 826 827 827 827 828 828 828 829 829 829 830 830 830 831 831 831 832 832 832 833 833 833 834 834 834 835 835 835 836 836 836 837 837 837 838 838 838 839 839 839 840 840 840 841 841 841 842 842 842 843 843 843 844 844 844 845 845 845 846 846 846 847 847 847 848 848 848 849 849 849 850 850 850 851 851 851 852 852 852 853 853 853 854 854 854 855 855 855 856 856 856 857 857 857 858 858 858 859 859 859 860 860 860 861 861 861 862 862 862 863 863 863 864 864 864 865 865 865 866 866 866 867 867 867 868 868 868 869 869 869 870 870 870 871 871 871 872 872 872 873 873 873 874 874 874 875 875 875 876 876 876 877 877 877 878 878 878 879 879 879 880 880 880 881 881 881 882 882 882 883 883 883 884 884 884 885 885 885 886 886 886 887 887 887 888 888 888 889 889 889 890 890 890 891 891 891 892 892 892 893 893 893 894 894 894 895 895 895 896 896 896 897 897 897 898 898 898 899 899 899 900 900 900 901 901 901 902 902 902 903 903 903 904 904 904 905 905 905 906 906 906 907 907 907 908 908 908 909 909 909 910 910 910 911 911 911 912 912 912 913 913 913 914 914 914 915 915 915 916 916 916 917 917 917 918 918 918 919 919 919 920 920 920 921 921 921 922 922 922 923 923 923 924 924 924 925 925 925 926 926 926 927 927 927 928 928 928 929 929 929 930 930 930 931 931 931 932 932 932 933 933 933 934 934 934 935 935 935 936 936 936 937 937 937 938 938 938 939 939 939 940 940 940 941 941 941 942 942 942 943 943 943 944 944 944 945 945 945 946 946 946 947 947 947 948 948 948 949 949 949 950 950 950 951 951 951 952 952 952 953 953 953 954 954 954 955 955 955 956 956 956 957 957 957 958 958 958 959 959 959 960 960 960 961 961 961 962 962 962 963 963 963 964 964 964 965 965 965 966 966 966 967 967 967 968 968 968 969 969 969 970 970 970 971 971 971 972 972 972 973 973 973 974 974 974 975 975 975 976 976 976 977 977 977 978 978 978 979 979 979 980 980 980 981 981 981 982 982 982 983 983 983 984 984 984 985 985 985 986 986 986 987 987 987 988 988 988 989 989 989 990 990 990 991 991 991 992 992 992 993 993 993 994 994 994 995 995 995 996 996 996 997 997 997 998 998 998 999 999 999 1000 1000 1000 1001 1001 1001 1002 1002 1002 1003 1003 1003 1004 1004 1004 1005 1005 1005 1006 1006 1006 1007 1007 1007 1008 1008 1008 1009 1009 1009 1010 1010 1010 1011 1011 1011 1012 1012 1012 1013 1013 1013 1014 1014 1014 1015 1015 1015 1016 1016 1016 1017 1017 1017 1018 1018 1018 1019 1019 1019 1020 1020 1020 1021 1021 1021 1022 1022 1022 1023 1023 1023 1024 1024 1024 1025 1025 1025 1026 1026 1026 1027 1027 1027 1028 1028 1028 1029 1029 1029 1030 1030 1030 1031 1031 1031 1032 1032 1032 1033 1033 1033 1034 1034 1034 1035 1035 1035 1036 1036 1036 1037 1037 1037 1038 1038 1038 1039 1039 1039 1040 1040 1040 1041 1041 1041 1042 1042 1042 1043 1043 1043 1044 1044 1044 1045 1045 1045 1046 1046 1046 1047 1047 1047 1048 1048 1048 1049 1049 1049 1050 1050 1050 1051 1051 1051 1052 1052 1052 1053 1053 1053 1054 1054 1054 1055 1055 1055 1056 1056 1056 1057 1057 1057 1058 1058 1058 1059 1059 1059 1060 1060 1060 1061 1061 1061 1062 1062 1062 1063 1063 1063 1064 1064 1064 1065 1065 1065 1066 1066 1066 1067 1067 1067 1068 1068 1068 1069 1069 1069 1070 1070 1070 1071 1071 1071 1072 1072 1072 1073 1073 1073 1074 1074 1074 1075 1075 1075 1076 1076 1076 1077 1077 1077 1078 1078 1078 1079 1079 1079 1080 1080 1080 1081 1081 1081 1082 1082 1082 1083 1083 1083 1084 1084 1084 1085 1085 1085 1086 1086 1086 1087 1087 1087 1088 1088 1088 1089 1089 1089 1090 1090 1090 1091 1091 1091 1092 1092 1092 1093 1093 1093 1094 1094 1094 1095 1095 1095 1096 1096 1096 1097 1097 1097 1098 1098 1098 1099 1099 1099 1100 1100 1100 1101 1101 1101 1102 1102 1102 1103 1103 1103 1104 1104 1104 1105 1105 1105 1106 1106 1106 1107 1107 1107 1108 1108 1108 1109 1109 1109 1110 1110 1110 1111 1111 1111 1112 1112 1112 1113 1113 1113 1114 1114 1114 1115 1115 1115 1116 1116 1116 1117 1117 1117 1118 1118 1118 1119 1119 1119 1120 1120 1120 1121 1121 1121 1122 1122 1122 1123 1123 1123 1124 1124 1124 1125 1125 1125 1126 1126 1126 1127 1127 1127 1128 1128 1128 1129 1129 1129 1130 1130 1130 1131 1131 1131 1132 1132 1132 1133 1133 1133 1134 1134 1134 1135 1135 1135 1136 1136 1136 1137 1137 1137 1138 1138 1138 1139 1139 1139 1140 1140 1140 1141 1141 1141 1142 1142 1142 1143 1143 1143 1144 1144 1144 1145 1145 1145 1146 1146 1146 1147 1147 1147 1148 1148 1148 1149 1149 1149 1150 1150 1150 1151 1151 1151 1152 1152 1152 1153 1153 1153 1154 1154 1154 1155 1155 1155 1156 1156 1156 1157 1157 1157 1158 1158 1158 1159 1159 1159 1160 1160 1160 1161 1161 1161 1162 1162 1162 1163 1163 1163 1164 1164 1164 1165 1165 1165 1166 1166 1166 1167 1167 1167 1168 1168 1168 1169 1169 1169 1170 1170 1170 1171 1171 1171 1172 1172 1172 1173 1173 1173 1174 1174 1174 1175 1175 1175 1176 1176 1176 1177 1177 1177 1178 1178 1178 1179 1179 1179 1180 1180 1180 1181 1181 1181 1182 1182 1182 1183 1183 1183 1184 1184 1184 1185 1185 1185 1186 1186 1186 1187 1187 1187 1188 1188 1188 1189 1189 1189 1190 1190 1190 1191 1191 1191 1192 1192 1192 1193 1193 1193 1194 1194 1194 1195 1195 1195 1196 1196 1196 1197 1197 1197 1198 1198 1198 1199 1199 1199 1200 1200 1200 1201 1201 1201 1202 1202 1202 1203 1203 1203 1204 1204 1204 1205 1205 1205 1206 1206 1206 1207 1207 1207 1208 1208 1208 1209 1209 1209 1210 1210 1210 1211 1211 1211 1212 1212 1212 1213 1213 1213 1214 1214 1214 1215 1215 1215 1216 1216 1216 1217 1217 1217 1218 1218 1218 1219 1219 1219 1220 1220 1220 1221 1221 1221 1222 1222 1222 1223 1223 1223 1224 1224 1224 1225 1225 1225 1226 1226 1226 1227 1227 1227 1228 1228 1228 1229 1229 1229 1230 1230 1230 1231 1231 1231 1232 1232 1232 1233 1233 1233 1234 1234 1234 1235 1235 1235 1236 1236 1236 1237 1237 1237 1238 1238 1238 1239 1239 1239 1240 1240 1240 1241 1241 1241 1242 1242 1242 1243 1243 1243 1244 1244 1244 1245 1245 1245 1246 1246 1246 1247 1247 1247 1248 1248 1248 1249 1249 1249 1250 1250 1250 1251 1251 1251 1252 1252 1252 1253 1253 1253 1254 1254 1254 1255 1255 1255 1256 1256 1256 1257 1257 1257 1258 1258 1258 1259 1259 1259 1260 1260 1260 1261 1261 1261 1262 1262 1262 1263 1263 1263 1264 1264 1264 1265 1265 1265 1266 1266 1266 1267 1267 1267 1268 1268 1268 1269 1269 1269 1270 1270 1270 1271 1271 1271 1272 1272 1272 1273 1273 1273 1274 1274 1274 1275 1275 1275 1276 1276 1276 1277 1277 1277 1278 1278 1278 1279 1279 1279 1280 1280 1280 1281 1281 1281 1282 1282 1282 1283 1283 1283 1284 1284 1284 1285 1285 1285 1286 1286 1286 1287 1287 1287 1288 1288 1288 1289 1289 1289 1290 1290 1290 1291 1291 1291 1292 1292 1292 1293 1293 1293 1294 1294 1294 1295 1295 1295 1296 1296 1296 1297 1297 1297 1298 1298 1298 1299 1299 1299 1300 1300 1300 1301 1301 1301 1302 1302 1302 1303 1303 1303 1304 1304 1304 1305 1305 1305 1306 1306 1306 1307 1307 1307 1308 1308 1308 1309 1309 1309 1310 1310 1310 1311 1311 1311 1312 1312 1312 1313 1313 1313 1314 1314 1314 1315 1315 1315 1316 1316 1316 1317 1317 1317 1318 1318 1318 1319 1319 1319 1320 1320 1320 1321 1321 1321 1322 1322 1322 1323 1323 1323 1324 1324 1324 1325 1325 1325 1326 1326 1326 1327 1327 1327 1328 1328 1328 1329 1329 1329 1330 1330 1330 1331 1331 1331 1332 1332 1332 1333 1333 1333 1334 1334 1334 1335 1335 1335 1336 1336 1336 1337 1337 1337 1338 1338 1338 1339 1339 1339 1340 1340 1340 1341 1341 1341 1342 1342 1342 1343 1343 1343 1344 1344 1344 1345 1345 1345 1346 1346 1346 1347 1347 1347 1348 1348 1348 1349 1349 1349 1350 1350 1350 1351 1351 1351 1352 1352 1352 1353 1353 1353 1354 1354 1354 1355 1355 1355 1356 1356 1356 1357 1357 1357 1358 1358 1358 1359 1359 1359 1360 1360 1360 1361 1361 1361 1362 1362 1362 1363 1363 1363 1364 1364 1364 1365 1365 1365 1366 1366 1366 1367 1367 1367 1368 1368 1368 1369 1369 1369 1370 1370 1370 1371 1371 1371 1372 1372 1372 1373 1373 1373 1374 1374 1374 1375 1375 1375 1376 1376 1376 1377 1377 1377 1378 1378 1378 1379 1379 1379 1380 1380 1380 1381 1381 1381 1382 1382 1382 1383 1383 1383 1384 1384 1384 1385 1385 1385 1386 1386 1386 1387 1387 1387 1388 1388 1388 1389 1389 1389 1390 1390 1390 1391 1391 1391 1392 1392 1392 1393 1393 1393 1394 1394 1394 1395 1395 1395 1396 1396 1396 1397 1397 1397 1398 1398 1398 1399 1399 1399 1400 1400 1400 1401 1401 1401 1402 1402 1402 1403 1403 1403 1404 1404 1404 1405 1405 1405 1406 1406 1406 1407 1407 1407 1408 1408 1408 1409 1409 1409 1410 1410 1410 1411 1411 1411 1412 1412 1412 1413 1413 1413 1414 1414 1414 1415 1415 1415 1416 1416 1416 1417 1417 1417 1418 1418 1418 1419 1419 1419 1420 1420 1420 1421 1421 1421 1422 1422 1422 1423 1423 1423 1424 1424 1424 1425 1425 1425 1426 1426 1426 1427 1427 1427 1428 1428 1428 1429 1429 1429 1430 1430 1430 1431 1431 1431 1432 1432 1432 1433 1433 1433 1434 1434 1434 1435 1435 1435 1436 1436 1436 1437 1437 1437 1438 1438 1438 1439 1439 1439 1440 1440 1440 1441 1441 1441 1442 1442 1442 1443 1443 1443 1444 1444 1444 1445 1445 1445 1446 1446 1446 1447 1447 1447 1448 1448 1448 1449 1449 1449 1450 1450 1450 1451 1451 1451 1452 1452 1452 1453 1453 1453 1454 1454 1454 1455 1455 1455 1456 1456 1456 1457 1457 1457 1458 1458 1458 1459 1459 1459 1460 1460 1460 1461 1461 1461 1462 1462 1462 1463 1463 1463 1464 1464 1464 1465 1465 1465 1466 1466 1466 1467 1467 1467 1468 1468 1468 1469 1469 1469 1470 1470 1470 1471 1471 1471 1472 1472 1472 1473 1473 1473 1474 1474 1474 1475 1475 1475 1476 1476 1476 1477 1477 1477 1478 1478 1478 1479 1479 1479 1480 1480 1480 1481 1481 1481 1482 1482 1482 1483 1483 1483 1484 1484 1484 1485 1485 1485 1486 1486 1486 1487 1487 1487 1488 1488 1488 1489 1489 1489 1490 1490 1490 1491 1491 1491 1492 1492 1492 1493 1493 1493 1494 1494 1494 1495 1495 1495 1496 1496 1496 1497 1497 1497 1498 1498 1498 1499 1499 1499 1500 1500 1500 1501 1501 1501 1502 1502 1502 1503 1503 1503 1504 1504 1504 1505 1505 1505 1506 1506 1506 1507 1507 1507 1508 1508 1508 1509 1509 1509 1510 1510 1510 1511 1511 1511 1512 1512 1512 1513 1513 1513 1514 1514 1514 1515 1515 1515 1516 1516 1516 1517 1517 1517 1518 1518 1518 1519 1519 1519 1520 1520 1520 1521 1521 1521 1522 1522 1522 1523 1523 1523 1524 1524 1524 1525 1525 1525 1526 1526 1526 1527 1527 1527 1528 1528 1528 1529 1529 1529 1530 1530 1530 1531 1531 1531 1532 1532 1532 1533 1533 1533 1534 1534 1534 1535 1535 1535 1536 1536 1536 1537 1537 1537 1538 1538 1538 1539 1539 1539 1540 1540 1540 1541 1541 1541 1542 1542 1542 1543 1543 1543 1544 1544 1544 1545 1545 1545 1546 1546 1546 1547 1547 1547 1548 1548 1548 1549 1549 1549 1550 1550 1550 1551 1551 1551 1552 1552 1552 1553 1553 1553 1554 1554 1554 1555 1555 1555 1556 1556 1556 1557 1557 1557 1558 1558 1558 1559 1559 1559 1560 1560 1560 1561 1561 1561 1562 1562 1562 1563 1563 1563 1564 1564 1564 1565 1565 1565 1566 1566 1566 1567 1567 1567 1568 1568 1568 1569 1569 1569 1570 1570 1570 1571 1571 1571 1572 1572 1572 1573 1573 1573 1574 1574 1574 1575 1575 1575 1576 1576 1576 1577 1577 1577 1578 1578 1578 1579 1579 1579 1580 1580 1580 1581 1581 1581 1582 1582 1582 1583 1583 1583 1584 1584 1584 1585 1585 1585 1586 1586 1586 1587 1587 1587 1588 1588 1588 1589 1589 1589 1590 1590 1590 1591 1591 1591 1592 1592 1592 1593 1593 1593 1594 1594 1594 1595 1595 1595 1596 1596 1596 1597 1597 1597 1598 1598 1598 1599 1599 1599 1600 1600 1600 1601 1601 1601 1602 1602 1602 1603 1603 1603 1604 1604 1604 1605 1605 1605 1606 1606 1606 1607 1607 1607 1608 1608 1608 1609 1609 1609 1610 1610 1610 1611 1611 1611 1612 1612 1612 1613 1613 1613 1614 1614 1614 1615 1615 1615 1616 1616 1616 1617 1617 1617 1618 1618 1618 1619 1619 1619 1620 1620 1620 1621 1621 1621 1622 1622 1622 1623 1623 1623 1624 1624 1624 1625 1625 1625 1626 1626 1626 1627 1627 1627 1628 1628 1628 1629 1629 1629 1630 1630 1630 1631 1631 1631 1632 1632 1632 1633 1633 1633 1634 1634 1634 1635 1635 1635 1636 1636 1636 1637 1637 1637 1638 1638 1638 1639 1639 1639 1640 1640 1640 1641 1641 1641 1642 1642 1642 1643 1643 1643 1644 1644 1644 1645 1645 1645 1646 1646 1646 1647 1647 1647 1648 1648 1648 1649 1649 1649 1650 1650 1650 1651 1651 1651 1652 1652 1652 1653 1653 1653 1654 1654 1654 1655 1655 1655 1656 1656 1656 1657 1657 1657 1658 1658 1658 1659 1659 1659 1660 1660 1660 1661 1661 1661 1662 1662 1662 1663 1663 1663 1664 1664 1664 1665 1665 1665 1666 1666 1666 1667 1667 1667 1668 1668 1668 1669 1669 1669 1670 1670 1670 1671 1671 1671 1672 1672 1672 1673 1673 1673 1674 1674 1674 1675 1675 1675 1676 1676 1676 1677 1677 1677 1678 1678 1678 1679 1679 1679 1680 1680 1680 1681 1681 1681 1682 1682 1682 1683 1683 1683 1684 1684 1684 1685 1685 1685 1686 1686 1686 1687 1687 1687 1688 1688 1688 1689 1689 1689 1690 1690 1690 1691 1691 1691 1692 1692 1692 1693 1693 1693 1694 1694 1694 1695 1695 1695 1696 1696 1696 1697 1697 1697 1698 1698 1698 1699 1699 1699 1700 1700 1700 1701 1701 1701 1702 1702 1702 1703 1703 1703 1704 1704 1704 1705 1705 1705 1706 1706 1706 1707 1707 1707 1708 1708 1708 1709 1709 1709 1710 1710 1710 1711 1711 1711 1712 1712 1712 1713 1713 1713 1714 1714 1714 1715 1715 1715 1716 1716 1716 1717 1717 1717 1718 1718 1718 1719 1719 1719 1720 1720 1720 1721 1721 1721 1722 1722 1722 1723 1723 1723 1724 1724 1724 1725 1725 1725 1726 1726 1726 1727 1727 1727 1728 1728 1728 1729 1729 1729 1730 1730 1730 1731 1731 1731 1732 1732 1732 1733 1733 1733 1734 1734 1734 1735 1735 1735 1736 1736 1736 1737 1737 1737 1738 1738 1738 1739 1739 1739 1740 1740 1740 1741 1741 1741 1742 1742 1742 1743 1743 1743 1744 1744 1744 1745 1745 1745 1746 1746 1746 1747 1747 1747 1748 1748 1748 1749 1749 1749 1750 1750 1750 1751 1751 1751 1752 1752 1752 1753 1753 1753 1754 1754 1754 1755 1755 1755 1756 1756 1756 1757 1757 1757 1758 1758 1758 1759 1759 1759 1760 1760 1760 1761 1761 1761 1762 1762 1762 1763 1763 1763 1764 1764 1764 1765 1765 1765 1766 1766 1766 1767 1767 1767 1768 1768 1768 1769 1769 1769 1770 1770 1770 1771 1771 1771 1772 1772 1772 1773 1773 1773 1774 1774 1774 1775 1775 1775 1776 1776 1776 1777 1777 1777 1778 1778 1778 1779 1779 1779 1780 1780 1780 1781 1781 1781 1782 1782 1782 1783 1783 1783 1784 1784 1784 1785 1785 1785 1786 1786 1786 1787 1787 1787 1788 1788 1788 1789 1789 1789 1790 1790 1790 1791 1791 1791 1792 1792 1792 1793 1793 1793 1794 1794 1794 1795 1795 1795 1796 1796 1796 1797 1797 1797 1798 1798 1798 1799 1799 1799 1800 1800 1800 1801 1801 1801 1802 1802 1802 1803 1803 1803 1804 1804 1804 1805 1805 1805 1806 1806 1806 1807 1807 1807 1808 1808 1808 1809 1809 1809 1810 1810 1810 1811 1811 1811 1812 1812 1812 1813 1813 1813 1814 1814 1814 1815 1815 1815 1816 1816 1816 1817 1817 1817 1818 1818 1818 1819 1819 1819 1820 1820 1820 1821 1821 1821 1822 1822 1822 1823 1823 1823 1824 1824 1824 1825 1825 1825 1826 1826 1826 1827 1827 1827 1828 1828 1828 1829 1829 1829 1830 1830 1830 1831 1831 1831 1832 1832 1832 1833 1833 1833 1834 1834 1834 1835 1835 1835 1836 1836 1836 1837 1837 1837 1838 1838 1838 1839 1839 1839 1840 1840 1840 1841 1841 1841 1842 1842 1842 1843 1843 1843 1844 1844 1844 1845 1845 1845 1846 1846 1846 1847 1847 1847 1848 1848 1848 1849 1849 1849 1850 1850 1850 1851 1851 1851 1852 1852 1852 1853 1853 1853 1854 1854 1854 1855 1855 1855 1856 1856 1856 1857 1857 1857 1858 1858 1858 1859 1859 1859 1860 1860 1860 1861 1861 1861 1862 1862 1862 1863 1863 1863 1864 1864 1864 1865 1865 1865 1866 1866 1866 1867 1867 1867 1868 1868 1868 1869 1869 1869 1870 1870 1870 1871 1871 1871 1872 1872 1872 1873 1873 1873 1874 1874 1874 1875 1875 1875 1876 1876 1876 1877 1877 1877 1878 1878 1878 1879 1879 1879 1880 1880 1880 1881 1881 1881 1882 1882 1882 1883 1883 1883 1884 1884 1884 1885 1885 1885 1886 1886 1886 1887 1887 1887 1888 1888 1888 1889 1889 1889 1890 1890 1890 1891 1891 1891 1892 1892 1892 1893 1893 1893 1894 1894 1894 1895 1895 1895 1896 1896 1896 1897 1897 1897 1898 1898 1898 1899 1899 1899 1900 1900 1900 1901 1901 1901 1902 1902 1902 1903 1903 1903 1904 1904 1904 1905 1905 1905 1906 1906 1906 1907 1907 1907 1908 1908 1908 1909 1909 1909 1910 1910 1910 1911 1911 1911 1912 1912 1912 1913 1913 1913 1914 1914 1914 1915 1915 1915 1916 1916 1916 1917 1917 1917 1918 1918 1918 1919 1919 1919 1920 1920 1920 1921 1921 1921 1922 1922 1922 1923 1923 1923 1924 1924 1924 1925 1925 1925 1926 1926 1926 1927 1927 1927 1928 1928 1928 1929 1929 1929 1930 1930 1930 1931 1931 1931 1932 1932 1932 1933 1933 1933 1934 1934 1934 1935 1935 1935 1936 1936 1936 1937 1937 1937 1938 1938 1938 1939 1939 1939 1940 1940 1940 1941 1941 1941 1942 1942 1942 1943 1943 1943 1944 1944 1944 1945 1945 1945 1946 1946 1946 1947 1947 1947 1948 1948 1948 1949 1949 1949 1950 1950 1950 1951 1951 1951 1952 1952 1952 1953 1953 1953 1954 1954 1954 1955 1955 1955 1956 1956 1956 1957 1957 1957 1958 1958 1958 1959 1959 1959 1960 1960 1960 1961 1961 1961 1962 1962 1962 1963 1963 1963 1964 1964 1964 1965 1965 1965 1966 1966 1966 1967 1967 1967 1968 1968 1968 1969 1969 1969 1970 1970 1970 1971 1971 1971 1972 1972 1972 1973 1973 1973 1974 1974 1974 1975 1975 1975 1976 1976 1976 1977 1977 1977 1978 1978 1978 1979 1979 1979 1980 1980 1980 1981 1981 1981 1982 1982 1982 1983 1983 1983 1984 1984 1984 1985 1985 1985 1986 1986 1986 1987 1987 1987 1988 1988 1988 1989 1989 1989 1990 1990 1990 1991 1991 1991 1992 1992 1992 1993 1993 1993 1994 1994 1994 1995 1995 1995 1996 1996 1996 1997 1997 1997 1998 1998 1998 1999 1999 1999 2000 2000 2000 2001 2001 2001 2002 2002 2002 2003 2003 2003 2004 2004 2004 2005 2005 2005 2006 2006 2006 2007 2007 2007 2008 2008 2008 2009 2009 2009 2010 2010 2010 2011 2011 2011 2012 2012 2012 2013 2013 2013 2014 2014 2014 2015 2015 2015 2016 2016 2016 2017 2017 2017 2018 2018 2018 2019 2019 2019 2020 2020 2020 2021 2021 2021 2022 2022 2022 2023 2023 2023 2024 2024 2024 2025 2025 2025 2026 2026 2026 2027 2027 2027 2028 2028 2028 2029 2029 2029 2030 2030 2030 2031 2031 2031 2032 2032 2032 2033 2033 2033 2034 2034 2034 2035 2035 2035 2036 2036 2036 2037 2037 2037 2038 2038 2038 2039 2039 2039 2040 2040 2040 2041 2041 2041 2042 2042 2042 2043 2043 2043 2044 2044 2044 2045 2045 2045 2046 2046 2046 2047 2047 2047 2048 2048 2048 2049 2049 2049 2050 2050 2050 2051 2051 2051 2052 2052 2052 2053 2053 2053 2054 2054 2054 2055 2055 2055 2056 2056 2056 2057 2057 2057 2058 2058 2058 2059 2059 2059 2060 2060 2060 2061 2061 2061 2062 2062 2062 2063 2063 2063 2064 2064 2064 2065 2065 2065 2066 2066 2066 2067 2067 2067 2068 2068 2068 2069 2069 2069 2070 2070 2070 2071 2071 2071 2072 2072 2072 2073 2073 2073 2074 2074 2074 2075 2075 2075 2076 2076 2076 2077 2077 2077 2078 2078 2078 2079 2079 2079 2080 2080 2080 2081 2081 2081 2082 2082 2082 2083 2083 2083 2084 2084 2084 2085 2085 2085 2086 2086 2086 2087 2087 2087 2088 2088 2088 2089 2089 2089 2090 2090 2090 2091 2091 2091 2092 2092 2092 2093 2093 2093 2094 2094 2094 2095 2095 2095 2096 2096 2096 2097 2097 2097 2098 2098 2098 2099 2099 2099 2100 2100 2100 2101 2101 2101 2102 2102 2102 2103 2103 2103 2104 2104 2104 2105 2105 2105 2106 2106 2106 2107 2107 2107 2108 2108 2108 2109 2109 2109 2110 2110 2110 2111 2111 2111 2112 2112 2112 2113 2113 2113 2114 2114 2114 2115 2115 2115 2116 2116 2116 2117 2117 2117 2118 2118 2118 2119 2119 2119 2120 2120 2120 2121 2121 2121 2122 2122 2122 2123 2123 2123 2124 2124 2124 2125 2125 2125 2126 2126 2126 2127 2127 2127 2128 2128 2128 2129 2129 2129 2130 2130 2130 2131 2131 2131 2132 2132 2132 2133 2133 2133 2134 2134 2134 2135 2135 2135 2136 2136 2136 2137 2137 2137 2138 2138 2138 2139 2139 2139 2140 2140 2140 2141 2141 2141 2142 2142 2142 2143 2143 2143 2144 2144 2144 2145 2145 2145 2146 2146 2146 2147 2147 2147 2148 2148 2148 2149 2149 2149 2150 2150 2150 2151 2151 2151 2152 2152 2152 2153 2153 2153 2154 2154 2154 2155 2155 2155 2156 2156 2156 2157 2157 2157 2158 2158 2158 2159 2159 2159 2160 2160 2160 2161 2161 2161 2162 2162 2162 2163 2163 2163 2164 2164 2164 2165 2165 2165 2166 2166 2166 2167 2167 2167 2168 2168 2168 2169 2169 2169 2170 2170 2170 2171 2171 2171 2172 2172 2172 2173 2173 2173 2174 2174 2174 2175 2175 2175 2176 2176 2176 2177 2177 2177 2178 2178 2178 2179 2179 2179 2180 2180 2180 2181 2181 2181 2182 2182 2182 2183 2183 2183 2184 2184 2184 2185 2185 2185 2186 2186 2186 2187 2187 2187 2188 2188 2188 2189 2189 2189 2190 2190 2190 2191 2191 2191 2192 2192 2192 2193 2193 2193 2194 2194 2194 2195 2195 2195 2196 2196 2196 2197 2197 2197 2198 2198 2198 2199 2199 2199 2200 2200 2200 2201 2201 2201 2202 2202 2202 2203 2203 2203 2204 2204 2204 2205 2205 2205 2206 2206 2206 2207 2207 2207 2208 2208 2208 2209 2209 2209 2210 2210 2210 2211 2211 2211 2212 2212 2212 2213 2213 2213 2214 2214 2214 2215 2215 2215 2216 2216 2216 2217 2217 2217 2218 2218 2218 2219 2219 2219 2220 2220 2220 2221 2221 2221 2222 2222 2222 2223 2223 2223 2224 2224 2224 2225 2225 2225 2226 2226 2226 2227 2227 2227 2228 2228 2228 2229 2229 2229 2230 2230 2230 2231 2231 2231 2232 2232 2232 2233 2233 2233 2234 2234 2234 2235 2235 2235 2236 2236 2236 2237 2237 2237 2238 2238 2238 2239 2239 2239 2240 2240 2240 2241 2241 2241 2242 2242 2242 2243 2243 2243 2244 2244 2244 2245 2245 2245 2246 2246 2246 2247 2247 2247 2248 2248 2248 2249 2249 2249 2250 2250 2250 2251 2251 2251 2252 2252 2252 2253 2253 2253 2254 2254 2254 2255 2255 2255 2256 2256 2256 2257 2257 2257 2258 2258 2258 2259 2259 2259 2260 2260 2260 2261 2261 2261 2262 2262 2262 2263 2263 2263 2264 2264 2264 2265 2265 2265 2266 2266 2266 2267 2267 2267 2268 2268 2268 2269 2269 2269 2270 2270 2270 2271 2271 2271 2272 2272 2272 2273 2273 2273 2274 2274 2274 2275 2275 2275 2276 2276 2276 2277 2277 2277 2278 2278 2278 2279 2279 2279 2280 2280 2280 2281 2281 2281 2282 2282 2282 2283 2283 2283 2284 2284 2284 2285 2285 2285 2286 2286 2286 2287 2287 2287 2288 2288 2288 2289 2289 2289 2290 2290 2290 2291 2291 2291 2292 2292 2292 2293 2293 2293 2294 2294 2294 2295 2295 2295 2296 2296 2296 2297 2297 2297 2298 2298 2298 2299 2299 2299 2300 2300 2300 2301 2301 2301 2302 2302 2302 2303 2303 2303 2304 2304 2304 2305 2305 2305 2306 2306 2306 2307 2307 2307 2308 2308 2308 2309 2309 2309 2310 2310 2310 2311 2311 2311 2312 2312 2312 2313 2313 2313 2314 2314 2314 2315 2315 2315 2316 2316 2316 2317 2317 2317 2318 2318 2318 2319 2319 2319 2320 2320 2320 2321 2321 2321 2322 2322 2322 2323 2323 2323 2324 2324 2324 2325 2325 2325 2326 2326 2326 2327 2327 2327 2328 2328 2328 2329 2329 2329 2330 2330 2330 2331 2331 2331 2332 2332 2332 2333 2333 2333 2334 2334 2334 2335 2335 2335 2336 2336 2336 2337 2337 2337 2338 2338 2338 2339 2339 2339 2340 2340 2340 2341 2341 2341 2342 2342 2342 2343 2343 2343 2344 2344 2344 2345 2345 2345 2346 2346 2346 2347 2347 2347 2348 2348 2348 2349 2349 2349 2350 2350 2350 2351 2351 2351 2352 2352 2352 2353 2353 2353 2354 2354 2354 2355 2355 2355 2356 2356 2356 2357 2357 2357 2358 2358 2358 2359 2359 2359 2360 2360 2360 2361 2361 2361 2362 2362 2362 2363 2363 2363 2364 2364 2364 2365 2365 2365 2366 2366 2366 2367 2367 2367 2368 2368 2368 2369 2369 2369 2370 2370 2370 2371 2371 2371 2372 2372 2372 2373 2373 2373 2374 2374 2374 2375 2375 2375 2376 2376 2376 2377 2377 2377 2378 2378 2378 2379 2379 2379 2380 2380 2380 2381 2381 2381 2382 2382 2382 2383 2383 2383 2384 2384 2384 2385 2385 2385 2386 2386 2386 2387 2387 2387 2388 2388 2388 2389 2389 2389 2390 2390 2390 2391 2391 2391 2392 2392 2392 2393 2393 2393 2394 2394 2394 2395 2395 2395 2396 2396 2396 2397 2397 2397 2398 2398 2398 2399 2399 2399 2400 2400 2400 2401 2401 2401 2402 2402 2402 2403 2403 2403 2404 2404 2404 2405 2405 2405 2406 2406 2406 2407 2407 2407 2408 2408 2408 2409 2409 2409 2410 2410 2410 2411 2411 2411 2412 2412 2412 2413 2413 2413 2414 2414 2414 2415 2415 2415 2416 2416 2416 2417 2417 2417 2418 2418 2418 2419 2419 2419 2420 2420 2420 2421 2421 2421 2422 2422 2422 2423 2423 2423 2424 2424 2424 2425 2425 2425 2426 2426 2426 2427 2427 2427 2428 2428 2428 2429 2429 2429 2430 2430 2430 2431 2431 2431 2432 2432 2432 2433 2433 2433 2434 2434 2434 2435 2435 2435 2436 2436 2436 2437 2437 2437 2438 2438 2438 2439 2439 2439 2440 2440 2440 2441 2441 2441 2442 2442 2442 2443 2443 2443 2444 2444 2444 2445 2445 2445 2446 2446 2446 2447 2447 2447 2448 2448 2448 2449 2449 2449 2450 2450 2450 2451 2451 2451 2452 2452 2452 2453 2453 2453 2454 2454 2454 2455 2455 2455 2456 2456 2456 2457 2457 2457 2458 2458 2458 2459 2459 2459 2460 2460 2460 2461 2461 2461 2462 2462 2462 2463 2463 2463 2464 2464 2464 2465 2465 2465 2466 2466 2466 2467 2467 2467 2468 2468 2468 2469 2469 2469 2470 2470 2470 2471 2471 2471 2472 2472 2472 2473 2473 2473 2474 2474 2474 2475 2475 2475 2476 2476 2476 2477 2477 2477 2478 2478 2478 2479 2479 2479 2480 2480 2480 2481 2481 2481 2482 2482 2482 2483 2483 2483 2484 2484 2484 2485 2485 2485 2486 2486 2486 2487 2487 2487 2488 2488 2488 2489 2489 2489 2490 2490 2490 2491 2491 2491 2492 2492 2492 2493 2493 2493 2494 2494 2494 2495 2495 2495 2496 2496 2496 2497 2497 2497 2498 2498 2498 2499 2499 2499 2500 2500 2500 2501 2501 2501 2502 2502 2502 2503 2503 2503 2504 2504 2504 2505 2505 2505 2506 2506 2506 2507 2507 2507 2508 2508 2508 2509 2509 2509 2510 2510 2510 2511 2511 2511 2512 2512 2512 2513 2513 2513 2514 2514 2514 2515 2515 2515 2516 2516 2516 2517 2517 2517 2518 2518 2518 2519 2519 2519 2520 2520 2520 2521 2521 2521 2522 2522 2522 2523 2523 2523 2524 2524 2524 2525 2525 2525 2526 2526 2526 2527 2527 2527 2528 2528 2528 2529 2529 2529 2530 2530 2530 2531 2531 2531 2532 2532 2532 2533 2533 2533 2534 2534 2534 2535 2535 2535 2536 2536 2536 2537 2537 2537 2538 2538 2538 2539 2539 2539 2540 2540 2540 2541 2541 2541 2542 2542 2542 2543 2543 2543 2544 2544 2544 2545 2545 2545 2546 2546 2546 2547 2547 2547 2548 2548 2548 2549 2549 2549 2550 2550 2550 2551 2551 2551 2552 2552 2552 2553 2553 2553 2554 2554 2554 2555 2555 2555 2556 2556 2556 2557 2557 2557 2558 2558 2558 2559 2559 2559 2560 2560 2560 2561 2561 2561 2562 2562 2562 2563 2563 2563 2564 2564 2564 2565 2565 2565 2566 2566 2566 2567 2567 2567 2568 2568 2568 2569 2569 2569 2570 2570 2570 2571 2571 2571 2572 2572 2572 2573 2573 2573 2574 2574 2574 2575 2575 2575 2576 2576 2576 2577 2577 2577 2578 2578 2578 2579 2579 2579 2580 2580 2580 2581 2581 2581 2582 2582 2582 2583 2583 2583 2584 2584 2584 2585 2585 2585 2586 2586 2586 2587 2587 2587 2588 2588 2588 2589 2589 2589 2590 2590 2590 2591 2591 2591 2592 2592 2592 2593 2593 2593 2594 2594 2594 2595 2595 2595 2596 2596 2596 2597 2597 2597 2598 2598 2598 2599 2599 2599 2600 2600 2600 2601 2601 2601 2602 2602 2602 2603 2603 2603 2604 2604 2604 2605 2605 2605 2606 2606 2606 2607 2607 2607 2608 2608 2608 2609 2609 2609 2610 2610 2610 2611 2611 2611 2612 2612 2612 2613 2613 2613 2614 2614 2614 2615 2615 2615 2616 2616 2616 2617 2617 2617 2618 2618 2618 2619 2619 2619 2620 2620 2620 2621 2621 2621 2622 2622 2622 2623 2623 2623 2624 2624 2624 2625 2625 2625 2626 2626 2626 2627 2627 2627 2628 2628 2628 2629 2629 2629 2630 2630 2630 2631 2631 2631 2632 2632 2632 2633 2633 2633 2634 2634 2634 2635 2635 2635 2636 2636 2636 2637 2637 2637 2638 2638 2638 2639 2639 2639 2640 2640 2640 2641 2641 2641 2642 2642 2642 2643 2643 2643 2644 2644 2644 2645 2645 2645 2646 2646 2646 2647 2647 2647 2648 2648 2648 2649 2649 2649 2650 2650 2650 2651 2651 2651 2652 2652 2652 2653 2653 2653 2654 2654 2654 2655 2655 2655 2656 2656 2656 2657 2657 2657 2658 2658 2658 2659 2659 2659 2660 2660 2660 2661 2661 2661 2662 2662 2662 2663 2663 2663 2664 2664 2664 2665 2665 2665 2666 2666 2666 2667 2667 2667 2668 2668 2668 2669 2669 2669 2670 2670 2670 2671 2671 2671 2672 2672 2672 2673 2673 2673 2674 2674 2674 2675 2675 2675 2676 2676 2676 2677 2677 2677 2678 2678 2678 2679 2679 2679 2680 2680 2680 2681 2681 2681 2682 2682 2682 2683 2683 2683 2684 2684 2684 2685 2685 2685 2686 2686 2686 2687 2687 2687 2688 2688 2688 2689 2689 2689 2690 2690 2690 2691 2691 2691 2692 2692 2692 2693 2693 2693 2694 2694 2694 2695 2695 2695 2696 2696 2696 2697 2697 2697 2698 2698 2698 2699 2699 2699 2700 2700 2700 2701 2701 2701 2702 2702 2702 2703 2703 2703 2704 2704 2704 2705 2705 2705 2706 2706 2706 2707 2707 2707 2708 2708 2708 2709 2709 2709 2710 2710 2710 2711 2711 2711 2712 2712 2712 2713 2713 2713 2714 2714 2714 2715 2715 2715 2716 2716 2716 2717 2717 2717 2718 2718 2718 2719 2719 2719 2720 2720 2720 2721 2721 2721 2722 2722 2722 2723 2723 2723 2724 2724 2724 2725 2725 2725 2726 2726 2726 2727 2727 2727 2728 2728 2728 2729 2729 2729 2730 2730 2730 2731 2731 2731 2732 2732 2732 2733 2733 2733 2734 2734 2734 2735 2735 2735 2736 2736 2736 2737 2737 2737 2738 2738 2738 2739 2739 2739 2740 2740 2740 2741 2741 2741 2742 2742 2742 2743 2743 2743 2744 2744 2744 2745 2745 2745 2746 2746 2746 2747 2747 2747 2748 2748 2748 2749 2749 2749 2750 2750 2750 2751 2751 2751 2752 2752 2752 2753 2753 2753 2754 2754 2754 2755 2755 2755 2756 2756 2756 2757 2757 2757 2758 2758 2758 2759 2759 2759 2760 2760 2760 2761 2761 2761 2762 2762 2762 2763 2763 2763 2764 2764 2764 2765 2765 2765 2766 2766 2766 2767 2767 2767 2768 2768 2768 2769 2769 2769 2770 2770 2770 2771 2771 2771 2772 2772 2772 2773 2773 2773 2774 2774 2774 2775 2775 2775 2776 2776 2776 2777 2777 2777 2778 2778 2778 2779 2779 2779 2780 2780 2780 2781 2781 2781 2782 2782 2782 2783 2783 2783 2784 2784 2784 2785 2785 2785 2786 2786 2786 2787 2787 2787 2788 2788 2788 2789 2789 2789 2790 2790 2790 2791 2791 2791 2792 2792 2792 2793 2793 2793 2794 2794 2794 2795 2795 2795 2796 2796 2796 2797 2797 2797 2798 2798 2798 2799 2799 2799 2800 2800 2800 2801 2801 2801 2802 2802 2802 2803 2803 2803 2804 2804 2804 2805 2805 2805 2806 2806 2806 2807 2807 2807 2808 2808 2808 2809 2809 2809 2810 2810 2810 2811 2811 2811 2812 2812 2812 2813 2813 2813 2814 2814 2814 2815 2815 2815 2816 2816 2816 2817 2817 2817 2818 2818 2818 2819 2819 2819 2820 2820 2820 2821 2821 2821 2822 2822 2822 2823 2823 2823 2824 2824 2824 2825 2825 2825 2826 2826 2826 2827 2827 2827 2828 2828 2828 2829 2829 2829 2830 2830 2830 2831 2831 2831 2832 2832 2832 2833 2833 2833 2834 2834 2834 2835 2835 2835 2836 2836 2836 2837 2837 2837 2838 2838 2838 2839 2839 2839 2840 2840 2840 2841 2841 2841 2842 2842 2842 2843 2843 2843 2844 2844 2844 2845 2845 2845 2846 2846 2846 2847 2847 2847 2848 2848 2848 2849 2849 2849 2850 2850 2850 2851 2851 2851 2852 2852 2852 2853 2853 2853 2854 2854 2854 2855 2855 2855 2856 2856 2856 2857 2857 2857 2858 2858 2858 2859 2859 2859 2860 2860 2860 2861 2861 2861 2862 2862 2862 2863 2863 2863 2864 2864 2864 2865 2865 2865 2866 2866 2866 2867 2867 2867 2868 2868 2868 2869 2869 2869 2870 2870 2870 2871 2871 2871 2872 2872 2872 2873 2873 2873 2874 2874 2874 2875 2875 2875 2876 2876 2876 2877 2877 2877 2878 2878 2878 2879 2879 2879 2880 2880 2880 2881 2881 2881 2882 2882 2882 2883 2883 2883 2884 2884 2884 2885 2885 2885 2886 2886 2886 2887 2887 2887 2888 2888 2888 2889 2889 2889 2890 2890 2890 2891 2891 2891 2892 2892 2892 2893 2893 2893 2894 2894 2894 2895 2895 2895 2896 2896 2896 2897 2897 2897 2898 2898 2898 2899 2899 2899 2900 2900 2900 2901 2901 2901 2902 2902 2902 2903 2903 2903 2904 2904 2904 2905 2905 2905 2906 2906 2906 2907 2907 2907 2908 2908 2908 2909 2909 2909 2910 2910 2910 2911 2911 2911 2912 2912 2912 2913 2913 2913 2914 2914 2914 2915 2915 2915 2916 2916 2916 2917 2917 2917 2918 2918 2918 2919 2919 2919 2920 2920 2920 2921 2921 2921 2922 2922 2922 2923 2923 2923 2924 2924 2924 2925 2925 2925 2926 2926 2926 2927 2927 2927 2928 2928 2928 2929 2929 2929 2930 2930 2930 2931 2931 2931 2932 2932 2932 2933 2933 2933 2934 2934 2934 2935 2935 2935 2936 2936 2936 2937 2937 2937 2938 2938 2938 2939 2939 2939 2940 2940 2940 2941 2941 2941 2942 2942 2942 2943 2943 2943 2944 2944 2944 2945 2945 2945 2946 2946 2946 2947 2947 2947 2948 2948 2948 2949 2949 2949 2950 2950 2950 2951 2951 2951 2952 2952 2952 2953 2953 2953 2954 2954 2954 2955 2955 2955 2956 2956 2956 2957 2957 2957 2958 2958 2958 2959 2959 2959 2960 2960 2960 2961 2961 2961 2962 2962 2962 2963 2963 2963 2964 2964 2964 2965 2965 2965 2966 2966 2966 2967 2967 2967 2968 2968 2968 2969 2969 2969 2970 2970 2970 2971 2971 2971 2972 2972 2972 2973 2973 2973 2974 2974 2974 2975 2975 2975 2976 2976 2976 2977 2977 2977 2978 2978 2978 2979 2979 2979 2980 2980 2980 2981 2981 2981 2982 2982 2982 2983 2983 2983 2984 2984 2984 2985 2985 2985 2986 2986 2986 2987 2987 2987 2988 2988 2988 2989 2989 2989 2990 2990 2990 2991 2991 2991 2992 2992 2992 2993 2993 2993 2994 2994 2994 2995 2995 2995 2996 2996 2996 2997 2997 2997 2998 2998 2998 2999 2999 2999 3000 3000 3000 3001 3001 3001 3002 3002 3002 3003 3003 3003 3004 3004 3004 3005 3005 3005 3006 3006 3006 3007 3007 3007 3008 3008 3008 3009 3009 3009 3010 3010 3010 3011 3011 3011 3012 3012 3012 3013 3013 3013 3014 3014 3014 3015 3015 3015 3016 3016 3016 3017 3017 3017 3018 3018 3018 3019 3019 3019 3020 3020 3020 3021 3021 3021 3022 3022 3022 3023 3023 3023 3024 3024 3024 3025 3025 3025 3026 3026 3026 3027 3027 3027 3028 3028 3028 3029 3029 3029 3030 3030 3030 3031 3031 3031 3032 3032 3032 3033 3033 3033 3034 3034 3034 3035 3035 3035 3036 3036 3036 3037 3037 3037 3038 3038 3038 3039 3039 3039 3040 3040 3040 3041 3041 3041 3042 3042 3042 3043 3043 3043 3044 3044 3044 3045 3045 3045 3046 3046 3046 3047 3047 3047 3048 3048 3048 3049 3049 3049 3050 3050 3050 3051 3051 3051 3052 3052 3052 3053 3053 3053 3054 3054 3054 3055 3055 3055 3056 3056 3056 3057 3057 3057 3058 3058 3058 3059 3059 3059 3060 3060 3060 3061 3061 3061 3062 3062 3062 3063 3063 3063 3064 3064 3064 3065 3065 3065 3066 3066 3066 3067 3067 3067 3068 3068 3068 3069 3069 3069 3070 3070 3070 3071 3071 3071 3072 3072 3072 3073 3073 3073 3074 3074 3074 3075 3075 3075 3076 3076 3076 3077 3077 3077 3078 3078 3078 3079 3079 3079 3080 3080 3080 3081 3081 3081 3082 3082 3082 3083 3083 3083 3084 3084 3084 3085 3085 3085 3086 3086 3086 3087 3087 3087 3088 3088 3088 3089 3089 3089 3090 3090 3090 3091 3091 3091 3092 3092 3092 3093 3093 3093 3094 3094 3094 3095 3095 3095 3096 3096 3096 3097 3097 3097 3098 3098 3098 3099 3099 3099 3100 3100 3100 3101 3101 3101 3102 3102 3102 3103 3103 3103 3104 3104 3104 3105 3105 3105 3106 3106 3106 3107 3107 3107 3108 3108 3108 3109 3109 3109 3110 3110 3110 3111 3111 3111 3112 3112 3112 3113 3113 3113 3114 3114 3114 3115 3115 3115 3116 3116 3116 3117 3117 3117 3118 3118 3118 3119 3119 3119 3120 3120 3120 3121 3121 3121 3122 3122 3122 3123 3123 3123 3124 3124 3124 3125 3125 3125 3126 3126 3126 3127 3127 3127 3128 3128 3128 3129 3129 3129 3130 3130 3130 3131 3131 3131 3132 3132 3132 3133 3133 3133 3134 3134 3134 3135 3135 3135 3136 3136 3136 3137 3137 3137 3138 3138 3138 3139 3139 3139 3140 3140 3140 3141 3141 3141 3142 3142 3142 3143 3143 3143 3144 3144 3144 3145 3145 3145 3146 3146 3146 3147 3147 3147 3148 3148 3148 3149 3149 3149 3150 3150 3150 3151 3151 3151 3152 3152 3152 3153 3153 3153 3154 3154 3154 3155 3155 3155 3156 3156 3156 3157 3157 3157 3158 3158 3158 3159 3159 3159 3160 3160 3160 3161 3161 3161 3162 3162 3162 3163 3163 3163 3164 3164 3164 3165 3165 3165 3166 3166 3166 3167 3167 3167 3168 3168 3168 3169 3169 3169 3170 3170 3170 3171 3171 3171 3172 3172 3172 3173 3173 3173 3174 3174 3174 3175 3175 3175 3176 3176 3176 3177 3177 3177 3178 3178 3178 3179 3179 3179 3180 3180 3180 3181 3181 3181 3182 3182 3182 3183 3183 3183 3184 3184 3184 3185 3185 3185 3186 3186 3186 3187 3187 3187 3188 3188 3188 3189 3189 3189 3190 3190 3190 3191 3191 3191 3192 3192 3192 3193 3193 3193 3194 3194 3194 3195 3195 3195 3196 3196 3196 3197 3197 3197 3198 3198 3198 3199 3199 3199 3200 3200 3200 3201 3201 3201 3202 3202 3202 3203 3203 3203 3204 3204 3204 3205 3205 3205 3206 3206 3206 3207 3207 3207 3208 3208 3208 3209 3209 3209 3210 3210 3210 3211 3211 3211 3212 3212 3212 3213 3213 3213 3214 3214 3214 3215 3215 3215 3216 3216 3216 3217 3217 3217 3218 3218 3218 3219 3219 3219 3220 3220 3220 3221 3221 3221 3222 3222 3222 3223 3223 3223 3224 3224 3224 3225 3225 3225 3226 3226 3226 3227 3227 3227 3228 3228 3228 3229 3229 3229 3230 3230 3230 3231 3231 3231 3232 3232 3232 3233 3233 3233 3234 3234 3234 3235 3235 3235 3236 3236 3236 3237 3237 3237 3238 3238 3238 3239 3239 3239 3240 3240 3240 3241 3241 3241 3242 3242 3242 3243 3243 3243 3244 3244 3244 3245 3245 3245 3246 3246 3246 3247 3247 3247 3248 3248 3248 3249 3249 3249 3250 3250 3250 3251 3251 3251 3252 3252 3252 3253 3253 3253 3254 3254 3254 3255 3255 3255 3256 3256 3256 3257 3257 3257 3258 3258 3258 3259 3259 3259 3260 3260 3260 3261 3261 3261 3262 3262 3262 3263 3263 3263 3264 3264 3264 3265 3265 3265 3266 3266 3266 3267 3267 3267 3268 3268 3268 3269 3269 3269 3270 3270 3270 3271 3271 3271 3272 3272 3272 3273 3273 3273 3274 3274 3274 3275 3275 3275 3276 3276 3276 3277 3277 3277 3278 3278 3278 3279 3279 3279 3280 3280 3280 3281 3281 3281 3282 3282 3282 3283 3283 3283 3284 3284 3284 3285 3285 3285 3286 3286 3286 3287 3287 3287 3288 3288 3288 3289 3289 3289 3290 3290 3290 3291 3291 3291 3292 3292 3292 3293 3293 3293 3294 3294 3294 3295 3295 3295 3296 3296 3296 3297 3297 3297 3298 3298 3298 3299 3299 3299 3300 3300 3300 3301 3301 3301 3302 3302 3302 3303 3303 3303 3304 3304 3304 3305 3305 3305 3306 3306 3306 3307 3307 3307 3308 3308 3308 3309 3309 3309 3310 3310 3310 3311 3311 3311 3312 3312 3312 3313 3313 3313 3314 3314 3314 3315 3315 3315 3316 3316 3316 3317 3317 3317 3318 3318 3318 3319 3319 3319 3320 3320 3320 3321 3321 3321 3322 3322 3322 3323 3323 3323 3324 3324 3324 3325 3325 3325 3326 3326 3326 3327 3327 3327 3328 3328 3328 3329 3329 3329 3330 3330 3330 3331 3331 3331 3332 3332 3332 3333 3333 3333 3334 3334 3334 3335 3335 3335 3336 3336 3336 3337 3337 3337 3338 3338 3338 3339 3339 3339 3340 3340 3340 3341 3341 3341 3342 3342 3342 3343 3343 3343 3344 3344 3344 3345 3345 3345 3346 3346 3346 3347 3347 3347 3348 3348 3348 3349 3349 3349 3350 3350 3350 3351 3351 3351 3352 3352 3352 3353 3353 3353 3354 3354 3354 3355 3355 3355 3356 3356 3356 3357 3357 3357 3358 3358 3358 3359 3359 3359 3360 3360 3360 3361 3361 3361 3362 3362 3362 3363 3363 3363 3364 3364 3364 3365 3365 3365 3366 3366 3366 3367 3367 3367 3368 3368 3368 3369 3369 3369 3370 3370 3370 3371 3371 3371 3372 3372 3372 3373 3373 3373 3374 3374 3374 3375 3375 3375 3376 3376 3376 3377 3377 3377 3378 3378 3378 3379 3379 3379 3380 3380 3380 3381 3381 3381 3382 3382 3382 3383 3383 3383 3384 3384 3384 3385 3385 3385 3386 3386 3386 3387 3387 3387 3388 3388 3388 3389 3389 3389 3390 3390 3390 3391 3391 3391 3392 3392 3392 3393 3393 3393 3394 3394 3394 3395 3395 3395 3396 3396 3396 3397 3397 3397 3398 3398 3398 3399 3399 3399 3400 3400 3400 3401 3401 3401 3402 3402 3402 3403 3403 3403 3404 3404 3404 3405 3405 3405 3406 3406 3406 3407 3407 3407 3408 3408 3408 3409 3409 3409 3410 3410 3410 3411 3411 3411 3412 3412 3412 3413 3413 3413 3414 3414 3414 3415 3415 3415 3416 3416 3416 3417 3417 3417 3418 3418 3418 3419 3419 3419 3420 3420 3420 3421 3421 3421 3422 3422 3422 3423 3423 3423 3424 3424 3424 3425 3425 3425 3426 3426 3426 3427 3427 3427 3428 3428 3428 3429 3429 3429 3430 3430 3430 3431 3431 3431 3432 3432 3432 3433 3433 3433 3434 3434 3434 3435 3435 3435 3436 3436 3436 3437 3437 3437 3438 3438 3438 3439 3439 3439 3440 3440 3440 3441 3441 3441 3442 3442 3442 3443 3443 3443 3444 3444 3444 3445 3445 3445 3446 3446 3446 3447 3447 3447 3448 3448 3448 3449 3449 3449 3450 3450 3450 3451 3451 3451 3452 3452 3452 3453 3453 3453 3454 3454 3454 3455 3455 3455 3456 3456 3456 3457 3457 3457 3458 3458 3458 3459 3459 3459 3460 3460 3460 3461 3461 3461 3462 3462 3462 3463 3463 3463 3464 3464 3464 3465 3465 3465 3466 3466 3466 3467 3467 3467 3468 3468 3468 3469 3469 3469 3470 3470 3470 3471 3471 3471 3472 3472 3472 3473 3473 3473 3474 3474 3474 3475 3475 3475 3476 3476 3476 3477 3477 3477 3478 3478 3478 3479 3479 3479 3480 3480 3480 3481 3481 3481 3482 3482 3482 3483 3483 3483 3484 3484 3484 3485 3485 3485 3486 3486 3486 3487 3487 3487 3488 3488 3488 3489 3489 3489 3490 3490 3490 3491 3491 3491 3492 3492 3492 3493 3493 3493 3494 3494 3494 3495 3495 3495 3496 3496 3496 3497 3497 3497 3498 3498 3498 3499 3499 3499 3500 3500 3500 3501 3501 3501 3502 3502 3502 3503 3503 3503 3504 3504 3504 3505 3505 3505 3506 3506 3506 3507 3507 3507 3508 3508 3508 3509 3509 3509 3510 3510 3510 3511 3511 3511 3512 3512 3512 3513 3513 3513 3514 3514 3514 3515 3515 3515 3516 3516 3516 3517 3517 3517 3518 3518 3518 3519 3519 3519 3520 3520 3520 3521 3521 3521 3522 3522 3522 3523 3523 3523 3524 3524 3524 3525 3525 3525 3526 3526 3526 3527 3527 3527 3528 3528 3528 3529 3529 3529 3530 3530 3530 3531 3531 3531 3532 3532 3532 3533 3533 3533 3534 3534 3534 3535 3535 3535 3536 3536 3536 3537 3537 3537 3538 3538 3538 3539 3539 3539 3540 3540 3540 3541 3541 3541 3542 3542 3542 3543 3543 3543 3544 3544 3544 3545 3545 3545 3546 3546 3546 3547 3547 3547 3548 3548 3548 3549 3549 3549 3550 3550 3550 3551 3551 3551 3552 3552 3552 3553 3553 3553 3554 3554 3554 3555 3555 3555 3556 3556 3556 3557 3557 3557 3558 3558 3558 3559 3559 3559 3560 3560 3560 3561 3561 3561 3562 3562 3562 3563 3563 3563 3564 3564 3564 3565 3565 3565 3566 3566 3566 3567 3567 3567 3568 3568 3568 3569 3569 3569 3570 3570 3570 3571 3571 3571 3572 3572 3572 3573 3573 3573 3574 3574 3574 3575 3575 3575 3576 3576 3576 3577 3577 3577 3578 3578 3578 3579 3579 3579 3580 3580 3580 3581 3581 3581 3582 3582 3582 3583 3583 3583 3584 3584 3584 3585 3585 3585 3586 3586 3586 3587 3587 3587 3588 3588 3588 3589 3589 3589 3590 3590 3590 3591 3591 3591 3592 3592 3592 3593 3593 3593 3594 3594 3594 3595 3595 3595 3596 3596 3596 3597 3597 3597 3598 3598 3598 3599 3599 3599 3600 3600 3600 3601 3601 3601 3602 3602 3602 3603 3603 3603 3604 3604 3604 3605 3605 3605 3606 3606 3606 3607 3607 3607 3608 3608 3608 3609 3609 3609 3610 3610 3610 3611 3611 3611 3612 3612 3612 3613 3613 3613 3614 3614 3614 3615 3615 3615 3616 3616 3616 3617 3617 3617 3618 3618 3618 3619 3619 3619 3620 3620 3620 3621 3621 3621 3622 3622 3622 3623 3623 3623 3624 3624 3624 3625 3625 3625 3626 3626 3626 3627 3627 3627 3628 3628 3628 3629 3629 3629 3630 3630 3630 3631 3631 3631 3632 3632 3632 3633 3633 3633 3634 3634 3634 3635 3635 3635 3636 3636 3636 3637 3637 3637 3638 3638 3638 3639 3639 3639 3640 3640 3640 3641 3641 3641 3642 3642 3642 3643 3643 3643 3644 3644 3644 3645 3645 3645 3646 3646 3646 3647 3647 3647 3648 3648 3648 3649 3649 3649 3650 3650 3650 3651 3651 3651 3652 3652 3652 3653 3653 3653 3654 3654 3654 3655 3655 3655 3656 3656 3656 3657 3657 3657 3658 3658 3658 3659 3659 3659 3660 3660 3660 3661 3661 3661 3662 3662 3662 3663 3663 3663 3664 3664 3664 3665 3665 3665 3666 3666 3666 3667 3667 3667 3668 3668 3668 3669 3669 3669 3670 3670 3670 3671 3671 3671 3672 3672 3672 3673 3673 3673 3674 3674 3674 3675 3675 3675 3676 3676 3676 3677 3677 3677 3678 3678 3678 3679 3679 3679 3680 3680 3680 3681 3681 3681 3682 3682 3682 3683 3683 3683 3684 3684 3684 3685 3685 3685 3686 3686 3686 3687 3687 3687 3688 3688 3688 3689 3689 3689 3690 3690 3690 3691 3691 3691 3692 3692 3692 3693 3693 3693 3694 3694 3694 3695 3695 3695 3696 3696 3696 3697 3697 3697 3698 3698 3698 3699 3699 3699 3700 3700 3700 3701 3701 3701 3702 3702 3702 3703 3703 3703 3704 3704 3704 3705 3705 3705 3706 3706 3706 3707 3707 3707 3708 3708 3708 3709 3709 3709 3710 3710 3710 3711 3711 3711 3712 3712 3712 3713 3713 3713 3714 3714 3714 3715 3715 3715 3716 3716 3716 3717 3717 3717 3718 3718 3718 3719 3719 3719 3720 3720 3720 3721 3721 3721 3722 3722 3722 3723 3723 3723 3724 3724 3724 3725 3725 3725 3726 3726 3726 3727 3727 3727 3728 3728 3728 3729 3729 3729 3730 3730 3730 3731 3731 3731 3732 3732 3732 3733 3733 3733 3734 3734 3734 3735 3735 3735 3736 3736 3736 3737 3737 3737 3738 3738 3738 3739 3739 3739 3740 3740 3740 3741 3741 3741 3742 3742 3742 3743 3743 3743 3744 3744 3744 3745 3745 3745 3746 3746 3746 3747 3747 3747 3748 3748 3748 3749 3749 3749 3750 3750 3750 3751 3751 3751 3752 3752 3752 3753 3753 3753 3754 3754 3754 3755 3755 3755 3756 3756 3756 3757 3757 3757 3758 3758 3758 3759 3759 3759 3760 3760 3760 3761 3761 3761 3762 3762 3762 3763 3763 3763 3764 3764 3764 3765 3765 3765 3766 3766 3766 3767 3767 3767 3768 3768 3768 3769 3769 3769 3770 3770 3770 3771 3771 3771 3772 3772 3772 3773 3773 3773 3774 3774 3774 3775 3775 3775 3776 3776 3776 3777 3777 3777 3778 3778 3778 3779 3779 3779 3780 3780 3780 3781 3781 3781 3782 3782 3782 3783 3783 3783 3784 3784 3784 3785 3785 3785 3786 3786 3786 3787 3787 3787 3788 3788 3788 3789 3789 3789 3790 3790 3790 3791 3791 3791 3792 3792 3792 3793 3793 3793 3794 3794 3794 3795 3795 3795 3796 3796 3796 3797 3797 3797 3798 3798 3798 3799 3799 3799 3800 3800 3800 3801 3801 3801 3802 3802 3802 3803 3803 3803 3804 3804 3804 3805 3805 3805 3806 3806 3806 3807 3807 3807 3808 3808 3808 3809 3809 3809 3810 3810 3810 3811 3811 3811 3812 3812 3812 3813 3813 3813 3814 3814 3814 3815 3815 3815 3816 3816 3816 3817 3817 3817 3818 3818 3818 3819 3819 3819 3820 3820 3820 3821 3821 3821 3822 3822 3822 3823 3823 3823 3824 3824 3824 3825 3825 3825 3826 3826 3826 3827 3827 3827 3828 3828 3828 3829 3829 3829 3830 3830 3830 3831 3831 3831 3832 3832 3832 3833 3833 3833 3834 3834 3834 3835 3835 3835 3836 3836 3836 3837 3837 3837 3838 3838 3838 3839 3839 3839 3840 3840 3840 3841 3841 3841 3842 3842 3842 3843 3843 3843 3844 3844 3844 3845 3845 3845 3846 3846 3846 3847 3847 3847 3848 3848 3848 3849 3849 3849 3850 3850 3850 3851 3851 3851 3852 3852 3852 3853 3853 3853 3854 3854 3854 3855 3855 3855 3856 3856 3856 3857 3857 3857 3858 3858 3858 3859 3859 3859 3860 3860 3860 3861 3861 3861 3862 3862 3862 3863 3863 3863 3864 3864 3864 3865 3865 3865 3866 3866 3866 3867 3867 3867 3868 3868 3868 3869 3869 3869 3870 3870 3870 3871 3871 3871 3872 3872 3872 3873 3873 3873 3874 3874 3874 3875 3875 3875 3876 3876 3876 3877 3877 3877 3878 3878 3878 3879 3879 3879 3880 3880 3880 3881 3881 3881 3882 3882 3882 3883 3883 3883 3884 3884 3884 3885 3885 3885 3886 3886 3886 3887 3887 3887 3888 3888 3888 3889 3889 3889 3890 3890 3890 3891 3891 3891 3892 3892 3892 3893 3893 3893 3894 3894 3894 3895 3895 3895 3896 3896 3896 3897 3897 3897 3898 3898 3898 3899 3899 3899 3900 3900 3900 3901 3901 3901 3902 3902 3902 3903 3903 3903 3904 3904 3904 3905 3905 3905 3906 3906 3906 3907 3907 3907 3908 3908 3908 3909 3909 3909 3910 3910 3910 3911 3911 3911 3912 3912 3912 3913 3913 3913 3914 3914 3914 3915 3915 3915 3916 3916 3916 3917 3917 3917 3918 3918 3918 3919 3919 3919 3920 3920 3920 3921 3921 3921 3922 3922 3922 3923 3923 3923 3924 3924 3924 3925 3925 3925 3926 3926 3926 3927 3927 3927 3928 3928 3928 3929 3929 3929 3930 3930 3930 3931 3931 3931 3932 3932 3932 3933 3933 3933 3934 3934 3934 3935 3935 3935 3936 3936 3936 3937 3937 3937 3938 3938 3938 3939 3939 3939 3940 3940 3940 3941 3941 3941 3942 3942 3942 3943 3943 3943 3944 3944 3944 3945 3945 3945 3946 3946 3946 3947 3947 3947 3948 3948 3948 3949 3949 3949 3950 3950 3950 3951 3951 3951 3952 3952 3952 3953 3953 3953 3954 3954 3954 3955 3955 3955 3956 3956 3956 3957 3957 3957 3958 3958 3958 3959 3959 3959 3960 3960 3960 3961 3961 3961 3962 3962 3962 3963 3963 3963 3964 3964 3964 3965 3965 3965 3966 3966 3966 3967 3967 3967 3968 3968 3968 3969 3969 3969 3970 3970 3970 3971 3971 3971 3972 3972 3972 3973 3973 3973 3974 3974 3974 3975 3975 3975 3976 3976 3976 3977 3977 3977 3978 3978 3978 3979 3979 3979 3980 3980 3980 3981 3981 3981 3982 3982 3982 3983 3983 3983 3984 3984 3984 3985 3985 3985 3986 3986 3986 3987 3987 3987 3988 3988 3988 3989 3989 3989 3990 3990 3990 3991 3991 3991 3992 3992 3992 3993 3993 3993 3994 3994 3994 3995 3995 3995 3996 3996 3996 3997 3997 3997 3998 3998 3998 3999 3999 3999 4000 4000 4000 4001 4001 4001 4002 4002 4002 4003 4003 4003 4004 4004 4004 4005 4005 4005 4006 4006 4006 4007 4007 4007 4008 4008 4008 4009 4009 4009 4010 4010 4010 4011 4011 4011 4012 4012 4012 4013 4013 4013 4014 4014 4014 4015 4015 4015 4016 4016 4016 4017 4017 4017 4018 4018 4018 4019 4019 4019 4020 4020 4020 4021 4021 4021 4022 4022 4022 4023 4023 4023 4024 4024 4024 4025 4025 4025 4026 4026 4026 4027 4027 4027 4028 4028 4028 4029 4029 4029 4030 4030 4030 4031 4031 4031 4032 4032 4032 4033 4033 4033 4034 4034 4034 4035 4035 4035 4036 4036 4036 4037 4037 4037 4038 4038 4038 4039 4039 4039 4040 4040 4040 4041 4041 4041 4042 4042 4042 4043 4043 4043 4044 4044 4044 4045 4045 4045 4046 4046 4046 4047 4047 4047 4048 4048 4048 4049 4049 4049 4050 4050 4050 4051 4051 4051 4052 4052 4052 4053 4053 4053 4054 4054 4054 4055 4055 4055 4056 4056 4056 4057 4057 4057 4058 4058 4058 4059 4059 4059 4060 4060 4060 4061 4061 4061 4062 4062 4062 4063 4063 4063 4064 4064 4064 4065 4065 4065 4066 4066 4066 4067 4067 4067 4068 4068 4068 4069 4069 4069 4070 4070 4070 4071 4071 4071 4072 4072 4072 4073 4073 4073 4074 4074 4074 4075 4075 4075 4076 4076 4076 4077 4077 4077 4078 4078 4078 4079 4079 4079 4080 4080 4080 4081 4081 4081 4082 4082 4082 4083 4083 4083 4084 4084 4084 4085 4085 4085 4086 4086 4086 4087 4087 4087 4088 4088 4088 4089 4089 4089 4090 4090 4090 4091 4091 4091 4092 4092 4092 4093 4093 4093 4094 4094 4094 4095 4095 4095 4096 4096 4096 4097 4097 4097 4098 4098 4098 4099 4099 4099 4100 4100 4100 4101 4101 4101 4102 4102 4102 4103 4103 4103 4104 4104 4104 4105 4105 4105 4106 4106 4106 4107 4107 4107 4108 4108 4108 4109 4109 4109 4110 4110 4110 4111 4111 4111 4112 4112 4112 4113 4113 4113 4114 4114 4114 4115 4115 4115 4116 4116 4116 4117 4117 4117 4118 4118 4118 4119 4119 4119 4120 4120 4120 4121 4121 4121 4122 4122 4122 4123 4123 4123 4124 4124 4124 4125 4125 4125 4126 4126 4126 4127 4127 4127 4128 4128 4128 4129 4129 4129 4130 4130 4130 4131 4131 4131 4132 4132 4132 4133 4133 4133 4134 4134 4134 4135 4135 4135 4136 4136 4136 4137 4137 4137 4138 4138 4138 4139 4139 4139 4140 4140 4140 4141 4141 4141 4142 4142 4142 4143 4143 4143 4144 4144 4144 4145 4145 4145 4146 4146 4146 4147 4147 4147 4148 4148 4148 4149 4149 4149 4150 4150 4150 4151 4151 4151 4152 4152 4152 4153 4153 4153 4154 4154 4154 4155 4155 4155 4156 4156 4156 4157 4157 4157 4158 4158 4158 4159 4159 4159 4160 4160 4160 4161 4161 4161 4162 4162 4162 4163 4163 4163 4164 4164 4164 4165 4165 4165 4166 4166 4166 4167 4167 4167 4168 4168 4168 4169 4169 4169 4170 4170 4170 4171 4171 4171 4172 4172 4172 4173 4173 4173 4174 4174 4174 4175 4175 4175 4176 4176 4176 4177 4177 4177 4178 4178 4178 4179 4179 4179 4180 4180 4180 4181 4181 4181 4182 4182 4182 4183 4183 4183 4184 4184 4184 4185 4185 4185 4186 4186 4186 4187 4187 4187 4188 4188 4188 4189 4189 4189 4190 4190 4190 4191 4191 4191 4192 4192 4192 4193 4193 4193 4194 4194 4194 4195 4195 4195 4196 4196 4196 4197 4197 4197 4198 4198 4198 4199 4199 4199 4200 4200 4200 4201 4201 4201 4202 4202 4202 4203 4203 4203 4204 4204 4204 4205 4205 4205 4206 4206 4206 4207 4207 4207 4208 4208 4208 4209 4209 4209 4210 4210 4210 4211 4211 4211 4212 4212 4212 4213 4213 4213 4214 4214 4214 4215 4215 4215 4216 4216 4216 4217 4217 4217 4218 4218 4218 4219 4219 4219 4220 4220 4220 4221 4221 4221 4222 4222 4222 4223 4223 4223 4224 4224 4224 4225 4225 4225 4226 4226 4226 4227 4227 4227 4228 4228 4228 4229 4229 4229 4230 4230 4230 4231 4231 4231 4232 4232 4232 4233 4233 4233 4234 4234 4234 4235 4235 4235 4236 4236 4236 4237 4237 4237 4238 4238 4238 4239 4239 4239 4240 4240 4240 4241 4241 4241 4242 4242 4242 4243 4243 4243 4244 4244 4244 4245 4245 4245 4246 4246 4246 4247 4247 4247 4248 4248 4248 4249 4249 4249 4250 4250 4250 4251 4251 4251 4252 4252 4252 4253 4253 4253 4254 4254 4254 4255 4255 4255 4256 4256 4256 4257 4257 4257 4258 4258 4258 4259 4259 4259 4260 4260 4260 4261 4261 4261 4262 4262 4262 4263 4263 4263 4264 4264 4264 4265 4265 4265 4266 4266 4266 4267 4267 4267 4268 4268 4268 4269 4269 4269 4270 4270 4270 4271 4271 4271 4272 4272 4272 4273 4273 4273 4274 4274 4274 4275 4275 4275 4276 4276 4276 4277 4277 4277 4278 4278 4278 4279 4279 4279 4280 4280 4280 4281 4281 4281 4282 4282 4282 4283 4283 4283 4284 4284 4284 4285 4285 4285 4286 4286 4286 4287 4287 4287 4288 4288 4288 4289 4289 4289 4290 4290 4290 4291 4291 4291 4292 4292 4292 4293 4293 4293 4294 4294 4294 4295 4295 4295 4296 4296 4296 4297 4297 4297 4298 4298 4298 4299 4299 4299 4300 4300 4300 4301 4301 4301 4302 4302 4302 4303 4303 4303 4304 4304 4304 4305 4305 4305 4306 4306 4306 4307 4307 4307 4308 4308 4308 4309 4309 4309 4310 4310 4310 4311 4311 4311 4312 4312 4312 4313 4313 4313 4314 4314 4314 4315 4315 4315 4316 4316 4316 4317 4317 4317 4318 4318 4318 4319 4319 4319 4320 4320 4320 4321 4321 4321 4322 4322 4322 4323 4323 4323 4324 4324 4324 4325 4325 4325 4326 4326 4326 4327 4327 4327 4328 4328 4328 4329 4329 4329 4330 4330 4330 4331 4331 4331 4332 4332 4332 4333 4333 4333 4334 4334 4334 4335 4335 4335 4336 4336 4336 4337 4337 4337 4338 4338 4338 4339 4339 4339 4340 4340 4340 4341 4341 4341 4342 4342 4342 4343 4343 4343 4344 4344 4344 4345 4345 4345 4346 4346 4346 4347 4347 4347 4348 4348 4348 4349 4349 4349 4350 4350 4350 4351 4351 4351 4352 4352 4352 4353 4353 4353 4354 4354 4354 4355 4355 4355 4356 4356 4356 4357 4357 4357 4358 4358 4358 4359 4359 4359 4360 4360 4360 4361 4361 4361 4362 4362 4362 4363 4363 4363 4364 4364 4364 4365 4365 4365 4366 4366 4366 4367 4367 4367 4368 4368 4368 4369 4369 4369 4370 4370 4370 4371 4371 4371 4372 4372 4372 4373 4373 4373 4374 4374 4374 4375 4375 4375 4376 4376 4376 4377 4377 4377 4378 4378 4378 4379 4379 4379 4380 4380 4380 4381 4381 4381 4382 4382 4382 4383 4383 4383 4384 4384 4384 4385 4385 4385 4386 4386 4386 4387 4387 4387 4388 4388 4388 4389 4389 4389 4390 4390 4390 4391 4391 4391 4392 4392 4392 4393 4393 4393 4394 4394 4394 4395 4395 4395 4396 4396 4396 4397 4397 4397 4398 4398 4398 4399 4399 4399 4400 4400 4400 4401 4401 4401 4402 4402 4402 4403 4403 4403 4404 4404 4404 4405 4405 4405 4406 4406 4406 4407 4407 4407 4408 4408 4408 4409 4409 4409 4410 4410 4410 4411 4411 4411 4412 4412 4412 4413 4413 4413 4414 4414 4414 4415 4415 4415 4416 4416 4416 4417 4417 4417 4418 4418 4418 4419 4419 4419 4420 4420 4420 4421 4421 4421 4422 4422 4422 4423 4423 4423 4424 4424 4424 4425 4425 4425 4426 4426 4426 4427 4427 4427 4428 4428 4428 4429 4429 4429 4430 4430 4430 4431 4431 4431 4432 4432 4432 4433 4433 4433 4434 4434 4434 4435 4435 4435 4436 4436 4436 4437 4437 4437 4438 4438 4438 4439 4439 4439 4440 4440 4440 4441 4441 4441 4442 4442 4442 4443 4443 4443 4444 4444 4444 4445 4445 4445 4446 4446 4446 4447 4447 4447 4448 4448 4448 4449 4449 4449 4450 4450 4450 4451 4451 4451 4452 4452 4452 4453 4453 4453 4454 4454 4454 4455 4455 4455 4456 4456 4456 4457 4457 4457 4458 4458 4458 4459 4459 4459 4460 4460 4460 4461 4461 4461 4462 4462 4462 4463 4463 4463 4464 4464 4464 4465 4465 4465 4466 4466 4466 4467 4467 4467 4468 4468 4468 4469 4469 4469 4470 4470 4470 4471 4471 4471 4472 4472 4472 4473 4473 4473 4474 4474 4474 4475 4475 4475 4476 4476 4476 4477 4477 4477 4478 4478 4478 4479 4479 4479 4480 4480 4480 4481 4481 4481 4482 4482 4482 4483 4483 4483 4484 4484 4484 4485 4485 4485 4486 4486 4486 4487 4487 4487 4488 4488 4488 4489 4489 4489 4490 4490 4490 4491 4491 4491 4492 4492 4492 4493 4493 4493 4494 4494 4494 4495 4495 4495 4496 4496 4496 4497 4497 4497 4498 4498 4498 4499 4499 4499 4500 4500 4500 4501 4501 4501 4502 4502 4502 4503 4503 4503 4504 4504 4504 4505 4505 4505 4506 4506 4506 4507 4507 4507 4508 4508 4508 4509 4509 4509 4510 4510 4510 4511 4511 4511 4512 4512 4512 4513 4513 4513 4514 4514 4514 4515 4515 4515 4516 4516 4516 4517 4517 4517 4518 4518 4518 4519 4519 4519 4520 4520 4520 4521 4521 4521 4522 4522 4522 4523 4523 4523 4524 4524 4524 4525 4525 4525 4526 4526 4526 4527 4527 4527 4528 4528 4528 4529 4529 4529 4530 4530 4530 4531 4531 4531 4532 4532 4532 4533 4533 4533 4534 4534 4534 4535 4535 4535 4536 4536 4536 4537 4537 4537 4538 4538 4538 4539 4539 4539 4540 4540 4540 4541 4541 4541 4542 4542 4542 4543 4543 4543 4544 4544 4544 4545 4545 4545 4546 4546 4546 4547 4547 4547 4548 4548 4548 4549 4549 4549 4550 4550 4550 4551 4551 4551 4552 4552 4552 4553 4553 4553 4554 4554 4554 4555 4555 4555 4556 4556 4556 4557 4557 4557 4558 4558 4558 4559 4559 4559 4560 4560 4560 4561 4561 4561 4562 4562 4562 4563 4563 4563 4564 4564 4564 4565 4565 4565 4566 4566 4566 4567 4567 4567 4568 4568 4568 4569 4569 4569 4570 4570 4570 4571 4571 4571 4572 4572 4572 4573 4573 4573 4574 4574 4574 4575 4575 4575 4576 4576 4576 4577 4577 4577 4578 4578 4578 4579 4579 4579 4580 4580 4580 4581 4581 4581 4582 4582 4582 4583 4583 4583 4584 4584 4584 4585 4585 4585 4586 4586 4586 4587 4587 4587 4588 4588 4588 4589 4589 4589 4590 4590 4590 4591 4591 4591 4592 4592 4592 4593 4593 4593 4594 4594 4594 4595 4595 4595 4596 4596 4596 4597 4597 4597 4598 4598 4598 4599 4599 4599 4600 4600 4600 4601 4601 4601 4602 4602 4602 4603 4603 4603 4604 4604 4604 4605 4605 4605 4606 4606 4606 4607 4607 4607 4608 4608 4608 4609 4609 4609 4610 4610 4610 4611 4611 4611 4612 4612 4612 4613 4613 4613 4614 4614 4614 4615 4615 4615 4616 4616 4616 4617 4617 4617 4618 4618 4618 4619 4619 4619 4620 4620 4620 4621 4621 4621 4622 4622 4622 4623 4623 4623 4624 4624 4624 4625 4625 4625 4626 4626 4626 4627 4627 4627 4628 4628 4628 4629 4629 4629 4630 4630 4630 4631 4631 4631 4632 4632 4632 4633 4633 4633 4634 4634 4634 4635 4635 4635 4636 4636 4636 4637 4637 4637 4638 4638 4638 4639 4639 4639 4640 4640 4640 4641 4641 4641 4642 4642 4642 4643 4643 4643 4644 4644 4644 4645 4645 4645 4646 4646 4646 4647 4647 4647 4648 4648 4648 4649 4649 4649 4650 4650 4650 4651 4651 4651 4652 4652 4652 4653 4653 4653 4654 4654 4654 4655 4655 4655 4656 4656 4656 4657 4657 4657 4658 4658 4658 4659 4659 4659 4660 4660 4660 4661 4661 4661 4662 4662 4662 4663 4663 4663 4664 4664 4664 4665 4665 4665 4666 4666 4666 4667 4667 4667 4668 4668 4668 4669 4669 4669 4670 4670 4670 4671 4671 4671 4672 4672 4672 4673 4673 4673 4674 4674 4674 4675 4675 4675 4676 4676 4676 4677 4677 4677 4678 4678 4678 4679 4679 4679 4680 4680 4680 4681 4681 4681 4682 4682 4682 4683 4683 4683 4684 4684 4684 4685 4685 4685 4686 4686 4686 4687 4687 4687 4688 4688 4688 4689 4689 4689 4690 4690 4690 4691 4691 4691 4692 4692 4692 4693 4693 4693 4694 4694 4694 4695 4695 4695 4696 4696 4696 4697 4697 4697 4698 4698 4698 4699 4699 4699 4700 4700 4700 4701 4701 4701 4702 4702 4702 4703 4703 4703 4704 4704 4704 4705 4705 4705 4706 4706 4706 4707 4707 4707 4708 4708 4708 4709 4709 4709 4710 4710 4710 4711 4711 4711 4712 4712 4712 4713 4713 4713 4714 4714 4714 4715 4715 4715 4716 4716 4716 4717 4717 4717 4718 4718 4718 4719 4719 4719 4720 4720 4720 4721 4721 4721 4722 4722 4722 4723 4723 4723 4724 4724 4724 4725 4725 4725 4726 4726 4726 4727 4727 4727 4728 4728 4728 4729 4729 4729 4730 4730 4730 4731 4731 4731 4732 4732 4732 4733 4733 4733 4734 4734 4734 4735 4735 4735 4736 4736 4736 4737 4737 4737 4738 4738 4738 4739 4739 4739 4740 4740 4740 4741 4741 4741 4742 4742 4742 4743 4743 4743 4744 4744 4744 4745 4745 4745 4746 4746 4746 4747 4747 4747 4748 4748 4748 4749 4749 4749 4750 4750 4750 4751 4751 4751 4752 4752 4752 4753 4753 4753 4754 4754 4754 4755 4755 4755 4756 4756 4756 4757 4757 4757 4758 4758 4758 4759 4759 4759 4760 4760 4760 4761 4761 4761 4762 4762 4762 4763 4763 4763 4764 4764 4764 4765 4765 4765 4766 4766 4766 4767 4767 4767 4768 4768 4768 4769 4769 4769 4770 4770 4770 4771 4771 4771 4772 4772 4772 4773 4773 4773 4774 4774 4774 4775 4775 4775 4776 4776 4776 4777 4777 4777 4778 4778 4778 4779 4779 4779 4780 4780 4780 4781 4781 4781 4782 4782 4782 4783 4783 4783 4784 4784 4784 4785 4785 4785 4786 4786 4786 4787 4787 4787 4788 4788 4788 4789 4789 4789 4790 4790 4790 4791 4791 4791 4792 4792 4792 4793 4793 4793 4794 4794 4794 4795 4795 4795 4796 4796 4796 4797 4797 4797 4798 4798 4798 4799 4799 4799 4800 4800 4800 4801 4801 4801 4802 4802 4802 4803 4803 4803 4804 4804 4804 4805 4805 4805 4806 4806 4806 4807 4807 4807 4808 4808 4808 4809 4809 4809 4810 4810 4810 4811 4811 4811 4812 4812 4812 4813 4813 4813 4814 4814 4814 4815 4815 4815 4816 4816 4816 4817 4817 4817 4818 4818 4818 4819 4819 4819 4820 4820 4820 4821 4821 4821 4822 4822 4822 4823 4823 4823 4824 4824 4824 4825 4825 4825 4826 4826 4826 4827 4827 4827 4828 4828 4828 4829 4829 4829 4830 4830 4830 4831 4831 4831 4832 4832 4832 4833 4833 4833 4834 4834 4834 4835 4835 4835 4836 4836 4836 4837 4837 4837 4838 4838 4838 4839 4839 4839 4840 4840 4840 4841 4841 4841 4842 4842 4842 4843 4843 4843 4844 4844 4844 4845 4845 4845 4846 4846 4846 4847 4847 4847 4848 4848 4848 4849 4849 4849 4850 4850 4850 4851 4851 4851 4852 4852 4852 4853 4853 4853 4854 4854 4854 4855 4855 4855 4856 4856 4856 4857 4857 4857 4858 4858 4858 4859 4859 4859 4860 4860 4860 4861 4861 4861 4862 4862 4862 4863 4863 4863 4864 4864 4864 4865 4865 4865 4866 4866 4866 4867 4867 4867 4868 4868 4868 4869 4869 4869 4870 4870 4870 4871 4871 4871 4872 4872 4872 4873 4873 4873 4874 4874 4874 4875 4875 4875 4876 4876 4876 4877 4877 4877 4878 4878 4878 4879 4879 4879 4880 4880 4880 4881 4881 4881 4882 4882 4882 4883 4883 4883 4884 4884 4884 4885 4885 4885 4886 4886 4886 4887 4887 4887 4888 4888 4888 4889 4889 4889 4890 4890 4890 4891 4891 4891 4892 4892 4892 4893 4893 4893 4894 4894 4894 4895 4895 4895 4896 4896 4896 4897 4897 4897 4898 4898 4898 4899 4899 4899 4900 4900 4900 4901 4901 4901 4902 4902 4902 4903 4903 4903 4904 4904 4904 4905 4905 4905 4906 4906 4906 4907 4907 4907 4908 4908 4908 4909 4909 4909 4910 4910 4910 4911 4911 4911 4912 4912 4912 4913 4913 4913 4914 4914 4914 4915 4915 4915 4916 4916 4916 4917 4917 4917 4918 4918 4918 4919 4919 4919 4920 4920 4920 4921 4921 4921 4922 4922 4922 4923 4923 4923 4924 4924 4924 4925 4925 4925 4926 4926 4926 4927 4927 4927 4928 4928 4928 4929 4929 4929 4930 4930 4930 4931 4931 4931 4932 4932 4932 4933 4933 4933 4934 4934 4934 4935 4935 4935 4936 4936 4936 4937 4937 4937 4938 4938 4938 4939 4939 4939 4940 4940 4940 4941 4941 4941 4942 4942 4942 4943 4943 4943 4944 4944 4944 4945 4945 4945 4946 4946 4946 4947 4947 4947 4948 4948 4948 4949 4949 4949 4950 4950 4950 4951 4951 4951 4952 4952 4952 4953 4953 4953 4954 4954 4954 4955 4955 4955 4956 4956 4956 4957 4957 4957 4958 4958 4958 4959 4959 4959 4960 4960 4960 4961 4961 4961 4962 4962 4962 4963 4963 4963 4964 4964 4964 4965 4965 4965 4966 4966 4966 4967 4967 4967 4968 4968 4968 4969 4969 4969 4970 4970 4970 4971 4971 4971 4972 4972 4972 4973 4973 4973 4974 4974 4974 4975 4975 4975 4976 4976 4976 4977 4977 4977 4978 4978 4978 4979 4979 4979 4980 4980 4980 4981 4981 4981 4982 4982 4982 4983 4983 4983 4984 4984 4984 4985 4985 4985 4986 4986 4986 4987 4987 4987 4988 4988 4988 4989 4989 4989 4990 4990 4990 4991 4991 4991 4992 4992 4992 4993 4993 4993 4994 4994 4994 4995 4995 4995 4996 4996 4996 4997 4997 4997 4998 4998 4998 4999 4999 4999 5000 5000 5000 5001 5001 5001 5002 5002 5002 5003 5003 5003 5004 5004 5004 5005 5005 5005 5006 5006 5006 5007 5007 5007 5008 5008 5008 5009 5009 5009 5010 5010 5010 5011 5011 5011 5012 5012 5012 5013 5013 5013 5014 5014 5014 5015 5015 5015 5016 5016 5016 5017 5017 5017 5018 5018 5018 5019 5019 5019 5020 5020 5020 5021 5021 5021 5022 5022 5022 5023 5023 5023 5024 5024 5024 5025 5025 5025 5026 5026 5026 5027 5027 5027 5028 5028 5028 5029 5029 5029 5030 5030 5030 5031 5031 5031 5032 5032 5032 5033 5033 5033 5034 5034 5034 5035 5035 5035 5036 5036 5036 5037 5037 5037 5038 5038 5038 5039 5039 5039 5040 5040 5040 5041 5041 5041 5042 5042 5042 5043 5043 5043 5044 5044 5044 5045 5045 5045 5046 5046 5046 5047 5047 5047 5048 5048 5048 5049 5049 5049 5050 5050 5050 5051 5051 5051 5052 5052 5052 5053 5053 5053 5054 5054 5054 5055 5055 5055 5056 5056 5056 5057 5057 5057 5058 5058 5058 5059 5059 5059 5060 5060 5060 5061 5061 5061 5062 5062 5062 5063 5063 5063 5064 5064 5064 5065 5065 5065 5066 5066 5066 5067 5067 5067 5068 5068 5068 5069 5069 5069 5070 5070 5070 5071 5071 5071 5072 5072 5072 5073 5073 5073 5074 5074 5074 5075 5075 5075 5076 5076 5076 5077 5077 5077 5078 5078 5078 5079 5079 5079 5080 5080 5080 5081 5081 5081 5082 5082 5082 5083 5083 5083 5084 5084 5084 5085 5085 5085 5086 5086 5086 5087 5087 5087 5088 5088 5088 5089 5089 5089 5090 5090 5090 5091 5091 5091 5092 5092 5092 5093 5093 5093 5094 5094 5094 5095 5095 5095 5096 5096 5096 5097 5097 5097 5098 5098 5098 5099 5099 5099 5100 5100 5100 5101 5101 5101 5102 5102 5102 5103 5103 5103 5104 5104 5104 5105 5105 5105 5106 5106 5106 5107 5107 5107 5108 5108 5108 5109 5109 5109 5110 5110 5110 5111 5111 5111 5112 5112 5112 5113 5113 5113 5114 5114 5114 5115 5115 5115 5116 5116 5116 5117 5117 5117 5118 5118 5118 5119 5119 5119 5120 5120 5120 5121 5121 5121 5122 5122 5122 5123 5123 5123 5124 5124 5124 5125 5125 5125 5126 5126 5126 5127 5127 5127 5128 5128 5128 5129 5129 5129 5130 5130 5130 5131 5131 5131 5132 5132 5132 5133 5133 5133 5134 5134 5134 5135 5135 5135 5136 5136 5136 5137 5137 5137 5138 5138 5138 5139 5139 5139 5140 5140 5140 5141 5141 5141 5142 5142 5142 5143 5143 5143 5144 5144 5144 5145 5145 5145 5146 5146 5146 5147 5147 5147 5148 5148 5148 5149 5149 5149 5150 5150 5150 5151 5151 5151 5152 5152 5152 5153 5153 5153 5154 5154 5154 5155 5155 5155 5156 5156 5156 5157 5157 5157 5158 5158 5158 5159 5159 5159 5160 5160 5160 5161 5161 5161 5162 5162 5162 5163 5163 5163 5164 5164 5164 5165 5165 5165 5166 5166 5166 5167 5167 5167 5168 5168 5168 5169 5169 5169 5170 5170 5170 5171 5171 5171 5172 5172 5172 5173 5173 5173 5174 5174 5174 5175 5175 5175 5176 5176 5176 5177 5177 5177 5178 5178 5178 5179 5179 5179 5180 5180 5180 5181 5181 5181 5182 5182 5182 5183 5183 5183 5184 5184 5184 5185 5185 5185 5186 5186 5186 5187 5187 5187 5188 5188 5188 5189 5189 5189 5190 5190 5190 5191 5191 5191 5192 5192 5192 5193 5193 5193 5194 5194 5194 5195 5195 5195 5196 5196 5196 5197 5197 5197 5198 5198 5198 5199 5199 5199 5200 5200 5200 5201 5201 5201 5202 5202 5202 5203 5203 5203 5204 5204 5204 5205 5205 5205 5206 5206 5206 5207 5207 5207 5208 5208 5208 5209 5209 5209 5210 5210 5210 5211 5211 5211 5212 5212 5212 5213 5213 5213 5214 5214 5214 5215 5215 5215 5216 5216 5216 5217 5217 5217 5218 5218 5218 5219 5219 5219 5220 5220 5220 5221 5221 5221 5222 5222 5222 5223 5223 5223 5224 5224 5224 5225 5225 5225 5226 5226 5226 5227 5227 5227 5228 5228 5228 5229 5229 5229 5230 5230 5230 5231 5231 5231 5232 5232 5232 5233 5233 5233 5234 5234 5234 5235 5235 5235 5236 5236 5236 5237 5237 5237 5238 5238 5238 5239 5239 5239 5240 5240 5240 5241 5241 5241 5242 5242 5242 5243 5243 5243 5244 5244 5244 5245 5245 5245 5246 5246 5246 5247 5247 5247 5248 5248 5248 5249 5249 5249 5250 5250 5250 5251 5251 5251 5252 5252 5252 5253 5253 5253 5254 5254 5254 5255 5255 5255 5256 5256 5256 5257 5257 5257 5258 5258 5258 5259 5259 5259 5260 5260 5260 5261 5261 5261 5262 5262 5262 5263 5263 5263 5264 5264 5264 5265 5265 5265 5266 5266 5266 5267 5267 5267 5268 5268 5268 5269 5269 5269 5270 5270 5270 5271 5271 5271 5272 5272 5272 5273 5273 5273 5274 5274 5274 5275 5275 5275 5276 5276 5276 5277 5277 5277 5278 5278 5278 5279 5279 5279 5280 5280 5280 5281 5281 5281 5282 5282 5282 5283 5283 5283 5284 5284 5284 5285 5285 5285 5286 5286 5286 5287 5287 5287 5288 5288 5288 5289 5289 5289 5290 5290 5290 5291 5291 5291 5292 5292 5292 5293 5293 5293 5294 5294 5294 5295 5295 5295 5296 5296 5296 5297 5297 5297 5298 5298 5298 5299 5299 5299 5300 5300 5300 5301 5301 5301 5302 5302 5302 5303 5303 5303 5304 5304 5304 5305 5305 5305 5306 5306 5306 5307 5307 5307 5308 5308 5308 5309 5309 5309 5310 5310 5310 5311 5311 5311 5312 5312 5312 5313 5313 5313 5314 5314 5314 5315 5315 5315 5316 5316 5316 5317 5317 5317 5318 5318 5318 5319 5319 5319 5320 5320 5320 5321 5321 5321 5322 5322 5322 5323 5323 5323 5324 5324 5324 5325 5325 5325 5326 5326 5326 5327 5327 5327 5328 5328 5328 5329 5329 5329 5330 5330 5330 5331 5331 5331 5332 5332 5332 5333 5333 5333 5334 5334 5334 5335 5335 5335 5336 5336 5336 5337 5337 5337 5338 5338 5338 5339 5339 5339 5340 5340 5340 5341 5341 5341 5342 5342 5342 5343 5343 5343 5344 5344 5344 5345 5345 5345 5346 5346 5346 5347 5347 5347 5348 5348 5348 5349 5349 5349 5350 5350 5350 5351 5351 5351 5352 5352 5352 5353 5353 5353 5354 5354 5354 5355 5355 5355 5356 5356 5356 5357 5357 5357 5358 5358 5358 5359 5359 5359 5360 5360 5360 5361 5361 5361 5362 5362 5362 5363 5363 5363 5364 5364 5364 5365 5365 5365 5366 5366 5366 5367 5367 5367 5368 5368 5368 5369 5369 5369 5370 5370 5370 5371 5371 5371 5372 5372 5372 5373 5373 5373 5374 5374 5374 5375 5375 5375 5376 5376 5376 5377 5377 5377 5378 5378 5378 5379 5379 5379 5380 5380 5380 5381 5381 5381 5382 5382 5382 5383 5383 5383 5384 5384 5384 5385 5385 5385 5386 5386 5386 5387 5387 5387 5388 5388 5388 5389 5389 5389 5390 5390 5390 5391 5391 5391 5392 5392 5392 5393 5393 5393 5394 5394 5394 5395 5395 5395 5396 5396 5396 5397 5397 5397 5398 5398 5398 5399 5399 5399 5400 5400 5400 5401 5401 5401 5402 5402 5402 5403 5403 5403 5404 5404 5404 5405 5405 5405 5406 5406 5406 5407 5407 5407 5408 5408 5408 5409 5409 5409 5410 5410 5410 5411 5411 5411 5412 5412 5412 5413 5413 5413 5414 5414 5414 5415 5415 5415 5416 5416 5416 5417 5417 5417 5418 5418 5418 5419 5419 5419 5420 5420 5420 5421 5421 5421 5422 5422 5422 5423 5423 5423 5424 5424 5424 5425 5425 5425 5426 5426 5426 5427 5427 5427 5428 5428 5428 5429 5429 5429 5430 5430 5430 5431 5431 5431 5432 5432 5432 5433 5433 5433 5434 5434 5434 5435 5435 5435 5436 5436 5436 5437 5437 5437 5438 5438 5438 5439 5439 5439 5440 5440 5440 5441 5441 5441 5442 5442 5442 5443 5443 5443 5444 5444 5444 5445 5445 5445 5446 5446 5446 5447 5447 5447 5448 5448 5448 5449 5449 5449 5450 5450 5450 5451 5451 5451 5452 5452 5452 5453 5453 5453 5454 5454 5454 5455 5455 5455 5456 5456 5456 5457 5457 5457 5458 5458 5458 5459 5459 5459 5460 5460 5460 5461 5461 5461 5462 5462 5462 5463 5463 5463 5464 5464 5464 5465 5465 5465 5466 5466 5466 5467 5467 5467 5468 5468 5468 5469 5469 5469 5470 5470 5470 5471 5471 5471 5472 5472 5472 5473 5473 5473 5474 5474 5474 5475 5475 5475 5476 5476 5476 5477 5477 5477 5478 5478 5478 5479 5479 5479 5480 5480 5480 5481 5481 5481 5482 5482 5482 5483 5483 5483 5484 5484 5484 5485 5485 5485 5486 5486 5486 5487 5487 5487 5488 5488 5488 5489 5489 5489 5490 5490 5490 5491 5491 5491 5492 5492 5492 5493 5493 5493 5494 5494 5494 5495 5495 5495 5496 5496 5496 5497 5497 5497 5498 5498 5498 5499 5499 5499 5500 5500 5500 5501 5501 5501 5502 5502 5502 5503 5503 5503 5504 5504 5504 5505 5505 5505 5506 5506 5506 5507 5507 5507 5508 5508 5508 5509 5509 5509 5510 5510 5510 5511 5511 5511 5512 5512 5512 5513 5513 5513 5514 5514 5514 5515 5515 5515 5516 5516 5516 5517 5517 5517 5518 5518 5518 5519 5519 5519 5520 5520 5520 5521 5521 5521 5522 5522 5522 5523 5523 5523 5524 5524 5524 5525 5525 5525 5526 5526 5526 5527 5527 5527 5528 5528 5528 5529 5529 5529 5530 5530 5530 5531 5531 5531 5532 5532 5532 5533 5533 5533 5534 5534 5534 5535 5535 5535 5536 5536 5536 5537 5537 5537 5538 5538 5538 5539 5539 5539 5540 5540 5540 5541 5541 5541 5542 5542 5542 5543 5543 5543 5544 5544 5544 5545 5545 5545 5546 5546 5546 5547 5547 5547 5548 5548 5548 5549 5549 5549 5550 5550 5550 5551 5551 5551 5552 5552 5552 5553 5553 5553 5554 5554 5554 5555 5555 5555 5556 5556 5556 5557 5557 5557 5558 5558 5558 5559 5559 5559 5560 5560 5560 5561 5561 5561 5562 5562 5562 5563 5563 5563 5564 5564 5564 5565 5565 5565 5566 5566 5566 5567 5567 5567 5568 5568 5568 5569 5569 5569 5570 5570 5570 5571 5571 5571 5572 5572 5572 5573 5573 5573 5574 5574 5574 5575 5575 5575 5576 5576 5576 5577 5577 5577 5578 5578 5578 5579 5579 5579 5580 5580 5580 5581 5581 5581 5582 5582 5582 5583 5583 5583 5584 5584 5584 5585 5585 5585 5586 5586 5586 5587 5587 5587 5588 5588 5588 5589 5589 5589 5590 5590 5590 5591 5591 5591 5592 5592 5592 5593 5593 5593 5594 5594 5594 5595 5595 5595 5596 5596 5596 5597 5597 5597 5598 5598 5598 5599 5599 5599 5600 5600 5600 5601 5601 5601 5602 5602 5602 5603 5603 5603 5604 5604 5604 5605 5605 5605 5606 5606 5606 5607 5607 5607 5608 5608 5608 5609 5609 5609 5610 5610 5610 5611 5611 5611 5612 5612 5612 5613 5613 5613 5614 5614 5614 5615 5615 5615 5616 5616 5616 5617 5617 5617 5618 5618 5618 5619 5619 5619 5620 5620 5620 5621 5621 5621 5622 5622 5622 5623 5623 5623 5624 5624 5624 5625 5625 5625 5626 5626 5626 5627 5627 5627 5628 5628 5628 5629 5629 5629 5630 5630 5630 5631 5631 5631 5632 5632 5632 5633 5633 5633 5634 5634 5634 5635 5635 5635 5636 5636 5636 5637 5637 5637 5638 5638 5638 5639 5639 5639 5640 5640 5640 5641 5641 5641 5642 5642 5642 5643 5643 5643 5644 5644 5644 5645 5645 5645 5646 5646 5646 5647 5647 5647 5648 5648 5648 5649 5649 5649 5650 5650 5650 5651 5651 5651 5652 5652 5652 5653 5653 5653 5654 5654 5654 5655 5655 5655 5656 5656 5656 5657 5657 5657 5658 5658 5658 5659 5659 5659 5660 5660 5660 5661 5661 5661 5662 5662 5662 5663 5663 5663 5664 5664 5664 5665 5665 5665 5666 5666 5666 5667 5667 5667 5668 5668 5668 5669 5669 5669 5670 5670 5670 5671 5671 5671 5672 5672 5672 5673 5673 5673 5674 5674 5674 5675 5675 5675 5676 5676 5676 5677 5677 5677 5678 5678 5678 5679 5679 5679 5680 5680 5680 5681 5681 5681 5682 5682 5682 5683 5683 5683 5684 5684 5684 5685 5685 5685 5686 5686 5686 5687 5687 5687 5688 5688 5688 5689 5689 5689 5690 5690 5690 5691 5691 5691 5692 5692 5692 5693 5693 5693 5694 5694 5694 5695 5695 5695 5696 5696 5696 5697 5697 5697 5698 5698 5698 5699 5699 5699 5700 5700 5700 5701 5701 5701 5702 5702 5702 5703 5703 5703 5704 5704 5704 5705 5705 5705 5706 5706 5706 5707 5707 5707 5708 5708 5708 5709 5709 5709 5710 5710 5710 5711 5711 5711 5712 5712 5712 5713 5713 5713 5714 5714 5714 5715 5715 5715 5716 5716 5716 5717 5717 5717 5718 5718 5718 5719 5719 5719 5720 5720 5720 5721 5721 5721 5722 5722 5722 5723 5723 5723 5724 5724 5724 5725 5725 5725 5726 5726 5726 5727 5727 5727 5728 5728 5728 5729 5729 5729 5730 5730 5730 5731 5731 5731 5732 5732 5732 5733 5733 5733 5734 5734 5734 5735 5735 5735 5736 5736 5736 5737 5737 5737 5738 5738 5738 5739 5739 5739 5740 5740 5740 5741 5741 5741 5742 5742 5742 5743 5743 5743 5744 5744 5744 5745 5745 5745 5746 5746 5746 5747 5747 5747 5748 5748 5748 5749 5749 5749 5750 5750 5750 5751 5751 5751 5752 5752 5752 5753 5753 5753 5754 5754 5754 5755 5755 5755 5756 5756 5756 5757 5757 5757 5758 5758 5758 5759 5759 5759 5760 5760 5760 5761 5761 5761 5762 5762 5762 5763 5763 5763 5764 5764 5764 5765 5765 5765 5766 5766 5766 5767 5767 5767 5768 5768 5768 5769 5769 5769 5770 5770 5770 5771 5771 5771 5772 5772 5772 5773 5773 5773 5774 5774 5774 5775 5775 5775 5776 5776 5776 5777 5777 5777 5778 5778 5778 5779 5779 5779 5780 5780 5780 5781 5781 5781 5782 5782 5782 5783 5783 5783 5784 5784 5784 5785 5785 5785 5786 5786 5786 5787 5787 5787 5788 5788 5788 5789 5789 5789 5790 5790 5790 5791 5791 5791 5792 5792 5792 5793 5793 5793 5794 5794 5794 5795 5795 5795 5796 5796 5796 5797 5797 5797 5798 5798 5798 5799 5799 5799 5800 5800 5800 5801 5801 5801 5802 5802 5802 5803 5803 5803 5804 5804 5804 5805 5805 5805 5806 5806 5806 5807 5807 5807 5808 5808 5808 5809 5809 5809 5810 5810 5810 5811 5811 5811 5812 5812 5812 5813 5813 5813 5814 5814 5814 5815 5815 5815 5816 5816 5816 5817 5817 5817 5818 5818 5818 5819 5819 5819 5820 5820 5820 5821 5821 5821 5822 5822 5822 5823 5823 5823 5824 5824 5824 5825 5825 5825 5826 5826 5826 5827 5827 5827 5828 5828 5828 5829 5829 5829 5830 5830 5830 5831 5831 5831 5832 5832 5832 5833 5833 5833 5834 5834 5834 5835 5835 5835 5836 5836 5836 5837 5837 5837 5838 5838 5838 5839 5839 5839 5840 5840 5840 5841 5841 5841 5842 5842 5842 5843 5843 5843 5844 5844 5844 5845 5845 5845 5846 5846 5846 5847 5847 5847 5848 5848 5848 5849 5849 5849 5850 5850 5850 5851 5851 5851 5852 5852 5852 5853 5853 5853 5854 5854 5854 5855 5855 5855 5856 5856 5856 5857 5857 5857 5858 5858 5858 5859 5859 5859 5860 5860 5860 5861 5861 5861 5862 5862 5862 5863 5863 5863 5864 5864 5864 5865 5865 5865 5866 5866 5866 5867 5867 5867 5868 5868 5868 5869 5869 5869 5870 5870 5870 5871 5871 5871 5872 5872 5872 5873 5873 5873 5874 5874 5874 5875 5875 5875 5876 5876 5876 5877 5877 5877 5878 5878 5878 5879 5879 5879 5880 5880 5880 5881 5881 5881 5882 5882 5882 5883 5883 5883 5884 5884 5884 5885 5885 5885 5886 5886 5886 5887 5887 5887 5888 5888 5888 5889 5889 5889 5890 5890 5890 5891 5891 5891 5892 5892 5892 5893 5893 5893 5894 5894 5894 5895 5895 5895 5896 5896 5896 5897 5897 5897 5898 5898 5898 5899 5899 5899 5900 5900 5900 5901 5901 5901 5902 5902 5902 5903 5903 5903 5904 5904 5904 5905 5905 5905 5906 5906 5906 5907 5907 5907 5908 5908 5908 5909 5909 5909 5910 5910 5910 5911 5911 5911 5912 5912 5912 5913 5913 5913 5914 5914 5914 5915 5915 5915 5916 5916 5916 5917 5917 5917 5918 5918 5918 5919 5919 5919 5920 5920 5920 5921 5921 5921 5922 5922 5922 5923 5923 5923 5924 5924 5924 5925 5925 5925 5926 5926 5926 5927 5927 5927 5928 5928 5928 5929 5929 5929 5930 5930 5930 5931 5931 5931 5932 5932 5932 5933 5933 5933 5934 5934 5934 5935 5935 5935 5936 5936 5936 5937 5937 5937 5938 5938 5938 5939 5939 5939 5940 5940 5940 5941 5941 5941 5942 5942 5942 5943 5943 5943 5944 5944 5944 5945 5945 5945 5946 5946 5946 5947 5947 5947 5948 5948 5948 5949 5949 5949 5950 5950 5950 5951 5951 5951 5952 5952 5952 5953 5953 5953 5954 5954 5954 5955 5955 5955 5956 5956 5956 5957 5957 5957 5958 5958 5958 5959 5959 5959 5960 5960 5960 5961 5961 5961 5962 5962 5962 5963 5963 5963 5964 5964 5964 5965 5965 5965 5966 5966 5966 5967 5967 5967 5968 5968 5968 5969 5969 5969 5970 5970 5970 5971 5971 5971 5972 5972 5972 5973 5973 5973 5974 5974 5974 5975 5975 5975 5976 5976 5976 5977 5977 5977 5978 5978 5978 5979 5979 5979 5980 5980 5980 5981 5981 5981 5982 5982 5982 5983 5983 5983 5984 5984 5984 5985 5985 5985 5986 5986 5986 5987 5987 5987 5988 5988 5988 5989 5989 5989 5990 5990 5990 5991 5991 5991 5992 5992 5992 5993 5993 5993 5994 5994 5994 5995 5995 5995 5996 5996 5996 5997 5997 5997 5998 5998 5998 5999 5999 5999 6000 6000 6000 6001 6001 6001 6002 6002 6002 6003 6003 6003 6004 6004 6004 6005 6005 6005 6006 6006 6006 6007 6007 6007 6008 6008 6008 6009 6009 6009 6010 6010 6010 6011 6011 6011 6012 6012 6012 6013 6013 6013 6014 6014 6014 6015 6015 6015 6016 6016 6016 6017 6017 6017 6018 6018 6018 6019 6019 6019 6020 6020 6020 6021 6021 6021 6022 6022 6022 6023 6023 6023 6024 6024 6024 6025 6025 6025 6026 6026 6026 6027 6027 6027 6028 6028 6028 6029 6029 6029 6030 6030 6030 6031 6031 6031 6032 6032 6032 6033 6033 6033 6034 6034 6034 6035 6035 6035 6036 6036 6036 6037 6037 6037 6038 6038 6038 6039 6039 6039 6040 6040 6040 6041 6041 6041 6042 6042 6042 6043 6043 6043 6044 6044 6044 6045 6045 6045 6046 6046 6046 6047 6047 6047 6048 6048 6048 6049 6049 6049 6050 6050 6050 6051 6051 6051 6052 6052 6052 6053 6053 6053 6054 6054 6054 6055 6055 6055 6056 6056 6056 6057 6057 6057 6058 6058 6058 6059 6059 6059 6060 6060 6060 6061 6061 6061 6062 6062 6062 6063 6063 6063 6064 6064 6064 6065 6065 6065 6066 6066 6066 6067 6067 6067 6068 6068 6068 6069 6069 6069 6070 6070 6070 6071 6071 6071 6072 6072 6072 6073 6073 6073 6074 6074 6074 6075 6075 6075 6076 6076 6076 6077 6077 6077 6078 6078 6078 6079 6079 6079 6080 6080 6080 6081 6081 6081 6082 6082 6082 6083 6083 6083 6084 6084 6084 6085 6085 6085 6086 6086 6086 6087 6087 6087 6088 6088 6088 6089 6089 6089 6090 6090 6090 6091 6091 6091 6092 6092 6092 6093 6093 6093 6094 6094 6094 6095 6095 6095 6096 6096 6096 6097 6097 6097 6098 6098 6098 6099 6099 6099 6100 6100 6100 6101 6101 6101 6102 6102 6102 6103 6103 6103 6104 6104 6104 6105 6105 6105 6106 6106 6106 6107 6107 6107 6108 6108 6108 6109 6109 6109 6110 6110 6110 6111 6111 6111 6112 6112 6112 6113 6113 6113 6114 6114 6114 6115 6115 6115 6116 6116 6116 6117 6117 6117 6118 6118 6118 6119 6119 6119 6120 6120 6120 6121 6121 6121 6122 6122 6122 6123 6123 6123 6124 6124 6124 6125 6125 6125 6126 6126 6126 6127 6127 6127 6128 6128 6128 6129 6129 6129 6130 6130 6130 6131 6131 6131 6132 6132 6132 6133 6133 6133 6134 6134 6134 6135 6135 6135 6136 6136 6136 6137 6137 6137 6138 6138 6138 6139 6139 6139 6140 6140 6140 6141 6141 6141 6142 6142 6142 6143 6143 6143 6144 6144 6144 6145 6145 6145 6146 6146 6146 6147 6147 6147 6148 6148 6148 6149 6149 6149 6150 6150 6150 6151 6151 6151 6152 6152 6152 6153 6153 6153 6154 6154 6154 6155 6155 6155 6156 6156 6156 6157 6157 6157 6158 6158 6158 6159 6159 6159 6160 6160 6160 6161 6161 6161 6162 6162 6162 6163 6163 6163 6164 6164 6164 6165 6165 6165 6166 6166 6166 6167 6167 6167 6168 6168 6168 6169 6169 6169 6170 6170 6170 6171 6171 6171 6172 6172 6172 6173 6173 6173 6174 6174 6174 6175 6175 6175 6176 6176 6176 6177 6177 6177 6178 6178 6178 6179 6179 6179 6180 6180 6180 6181 6181 6181 6182 6182 6182 6183 6183 6183 6184 6184 6184 6185 6185 6185 6186 6186 6186 6187 6187 6187 6188 6188 6188 6189 6189 6189 6190 6190 6190 6191 6191 6191 6192 6192 6192 6193 6193 6193 6194 6194 6194 6195 6195 6195 6196 6196 6196 6197 6197 6197 6198 6198 6198 6199 6199 6199 6200 6200 6200 6201 6201 6201 6202 6202 6202 6203 6203 6203 6204 6204 6204 6205 6205 6205 6206 6206 6206 6207 6207 6207 6208 6208 6208 6209 6209 6209 6210 6210 6210 6211 6211 6211 6212 6212 6212 6213 6213 6213 6214 6214 6214 6215 6215 6215 6216 6216 6216 6217 6217 6217 6218 6218 6218 6219 6219 6219 6220 6220 6220 6221 6221 6221 6222 6222 6222 6223 6223 6223 6224 6224 6224 6225 6225 6225 6226 6226 6226 6227 6227 6227 6228 6228 6228 6229 6229 6229 6230 6230 6230 6231 6231 6231 6232 6232 6232 6233 6233 6233 6234 6234 6234 6235 6235 6235 6236 6236 6236 6237 6237 6237 6238 6238 6238 6239 6239 6239 6240 6240 6240 6241 6241 6241 6242 6242 6242 6243 6243 6243 6244 6244 6244 6245 6245 6245 6246 6246 6246 6247 6247 6247 6248 6248 6248 6249 6249 6249 6250 6250 6250 6251 6251 6251 6252 6252 6252 6253 6253 6253 6254 6254 6254 6255 6255 6255 6256 6256 6256 6257 6257 6257 6258 6258 6258 6259 6259 6259 6260 6260 6260 6261 6261 6261 6262 6262 6262 6263 6263 6263 6264 6264 6264 6265 6265 6265 6266 6266 6266 6267 6267 6267 6268 6268 6268 6269 6269 6269 6270 6270 6270 6271 6271 6271 6272 6272 6272 6273 6273 6273 6274 6274 6274 6275 6275 6275 6276 6276 6276 6277 6277 6277 6278 6278 6278 6279 6279 6279 6280 6280 6280 6281 6281 6281 6282 6282 6282 6283 6283 6283 6284 6284 6284 6285 6285 6285 6286 6286 6286 6287 6287 6287 6288 6288 6288 6289 6289 6289 6290 6290 6290 6291 6291 6291 6292 6292 6292 6293 6293 6293 6294 6294 6294 6295 6295 6295 6296 6296 6296 6297 6297 6297 6298 6298 6298 6299 6299 6299 6300 6300 6300 6301 6301 6301 6302 6302 6302 6303 6303 6303 6304 6304 6304 6305 6305 6305 6306 6306 6306 6307 6307 6307 6308 6308 6308 6309 6309 6309 6310 6310 6310 6311 6311 6311 6312 6312 6312 6313 6313 6313 6314 6314 6314 6315 6315 6315 6316 6316 6316 6317 6317 6317 6318 6318 6318 6319 6319 6319 6320 6320 6320 6321 6321 6321 6322 6322 6322 6323 6323 6323 6324 6324 6324 6325 6325 6325 6326 6326 6326 6327 6327 6327 6328 6328 6328 6329 6329 6329 6330 6330 6330 6331 6331 6331 6332 6332 6332 6333 6333 6333 6334 6334 6334 6335 6335 6335 6336 6336 6336 6337 6337 6337 6338 6338 6338 6339 6339 6339 6340 6340 6340 6341 6341 6341 6342 6342 6342 6343 6343 6343 6344 6344 6344 6345 6345 6345 6346 6346 6346 6347 6347 6347 6348 6348 6348 6349 6349 6349 6350 6350 6350 6351 6351 6351 6352 6352 6352 6353 6353 6353 6354 6354 6354 6355 6355 6355 6356 6356 6356 6357 6357 6357 6358 6358 6358 6359 6359 6359 6360 6360 6360 6361 6361 6361 6362 6362 6362 6363 6363 6363 6364 6364 6364 6365 6365 6365 6366 6366 6366 6367 6367 6367 6368 6368 6368 6369 6369 6369 6370 6370 6370 6371 6371 6371 6372 6372 6372 6373 6373 6373 6374 6374 6374 6375 6375 6375 6376 6376 6376 6377 6377 6377 6378 6378 6378 6379 6379 6379 6380 6380 6380 6381 6381 6381 6382 6382 6382 6383 6383 6383 6384 6384 6384 6385 6385 6385 6386 6386 6386 6387 6387 6387 6388 6388 6388 6389 6389 6389 6390 6390 6390 6391 6391 6391 6392 6392 6392 6393 6393 6393 6394 6394 6394 6395 6395 6395 6396 6396 6396 6397 6397 6397 6398 6398 6398 6399 6399 6399 6400 6400 6400 6401 6401 6401 6402 6402 6402 6403 6403 6403 6404 6404 6404 6405 6405 6405 6406 6406 6406 6407 6407 6407 6408 6408 6408 6409 6409 6409 6410 6410 6410 6411 6411 6411 6412 6412 6412 6413 6413 6413 6414 6414 6414 6415 6415 6415 6416 6416 6416 6417 6417 6417 6418 6418 6418 6419 6419 6419 6420 6420 6420 6421 6421 6421 6422 6422 6422 6423 6423 6423 6424 6424 6424 6425 6425 6425 6426 6426 6426 6427 6427 6427 6428 6428 6428 6429 6429 6429 6430 6430 6430 6431 6431 6431 6432 6432 6432 6433 6433 6433 6434 6434 6434 6435 6435 6435 6436 6436 6436 6437 6437 6437 6438 6438 6438 6439 6439 6439 6440 6440 6440 6441 6441 6441 6442 6442 6442 6443 6443 6443 6444 6444 6444 6445 6445 6445 6446 6446 6446 6447 6447 6447 6448 6448 6448 6449 6449 6449 6450 6450 6450 6451 6451 6451 6452 6452 6452 6453 6453 6453 6454 6454 6454 6455 6455 6455 6456 6456 6456 6457 6457 6457 6458 6458 6458 6459 6459 6459 6460 6460 6460 6461 6461 6461 6462 6462 6462 6463 6463 6463 6464 6464 6464 6465 6465 6465 6466 6466 6466 6467 6467 6467 6468 6468 6468 6469 6469 6469 6470 6470 6470 6471 6471 6471 6472 6472 6472 6473 6473 6473 6474 6474 6474 6475 6475 6475 6476 6476 6476 6477 6477 6477 6478 6478 6478 6479 6479 6479 6480 6480 6480 6481 6481 6481 6482 6482 6482 6483 6483 6483 6484 6484 6484 6485 6485 6485 6486 6486 6486 6487 6487 6487 6488 6488 6488 6489 6489 6489 6490 6490 6490 6491 6491 6491 6492 6492 6492 6493 6493 6493 6494 6494 6494 6495 6495 6495 6496 6496 6496 6497 6497 6497 6498 6498 6498 6499 6499 6499 6500 6500 6500 6501 6501 6501 6502 6502 6502 6503 6503 6503 6504 6504 6504 6505 6505 6505 6506 6506 6506 6507 6507 6507 6508 6508 6508 6509 6509 6509 6510 6510 6510 6511 6511 6511 6512 6512 6512 6513 6513 6513 6514 6514 6514 6515 6515 6515 6516 6516 6516 6517 6517 6517 6518 6518 6518 6519 6519 6519 6520 6520 6520 6521 6521 6521 6522 6522 6522 6523 6523 6523 6524 6524 6524 6525 6525 6525 6526 6526 6526 6527 6527 6527 6528 6528 6528 6529 6529 6529 6530 6530 6530 6531 6531 6531 6532 6532 6532 6533 6533 6533 6534 6534 6534 6535 6535 6535 6536 6536 6536 6537 6537 6537 6538 6538 6538 6539 6539 6539 6540 6540 6540 6541 6541 6541 6542 6542 6542 6543 6543 6543 6544 6544 6544 6545 6545 6545 6546 6546 6546 6547 6547 6547 6548 6548 6548 6549 6549 6549 6550 6550 6550 6551 6551 6551 6552 6552 6552 6553 6553 6553 6554 6554 6554 6555 6555 6555 6556 6556 6556 6557 6557 6557 6558 6558 6558 6559 6559 6559 6560 6560 6560 6561 6561 6561 6562 6562 6562 6563 6563 6563 6564 6564 6564 6565 6565 6565 6566 6566 6566 6567 6567 6567 6568 6568 6568 6569 6569 6569 6570 6570 6570 6571 6571 6571 6572 6572 6572 6573 6573 6573 6574 6574 6574 6575 6575 6575 6576 6576 6576 6577 6577 6577 6578 6578 6578 6579 6579 6579 6580 6580 6580 6581 6581 6581 6582 6582 6582 6583 6583 6583 6584 6584 6584 6585 6585 6585 6586 6586 6586 6587 6587 6587 6588 6588 6588 6589 6589 6589 6590 6590 6590 6591 6591 6591 6592 6592 6592 6593 6593 6593 6594 6594 6594 6595 6595 6595 6596 6596 6596 6597 6597 6597 6598 6598 6598 6599 6599 6599 6600 6600 6600 6601 6601 6601 6602 6602 6602 6603 6603 6603 6604 6604 6604 6605 6605 6605 6606 6606 6606 6607 6607 6607 6608 6608 6608 6609 6609 6609 6610 6610 6610 6611 6611 6611 6612 6612 6612 6613 6613 6613 6614 6614 6614 6615 6615 6615 6616 6616 6616 6617 6617 6617 6618 6618 6618 6619 6619 6619 6620 6620 6620 6621 6621 6621 6622 6622 6622 6623 6623 6623 6624 6624 6624 6625 6625 6625 6626 6626 6626 6627 6627 6627 6628 6628 6628 6629 6629 6629 6630 6630 6630 6631 6631 6631 6632 6632 6632 6633 6633 6633 6634 6634 6634 6635 6635 6635 6636 6636 6636 6637 6637 6637 6638 6638 6638 6639 6639 6639 6640 6640 6640 6641 6641 6641 6642 6642 6642 6643 6643 6643 6644 6644 6644 6645 6645 6645 6646 6646 6646 6647 6647 6647 6648 6648 6648 6649 6649 6649 6650 6650 6650 6651 6651 6651 6652 6652 6652 6653 6653 6653 6654 6654 6654 6655 6655 6655 6656 6656 6656 6657 6657 6657 6658 6658 6658 6659 6659 6659 6660 6660 6660 6661 6661 6661 6662 6662 6662 6663 6663 6663 6664 6664 6664 6665 6665 6665 6666 6666 6666 6667 6667 6667 6668 6668 6668 6669 6669 6669 6670 6670 6670 6671 6671 6671 6672 6672 6672 6673 6673 6673 6674 6674 6674 6675 6675 6675 6676 6676 6676 6677 6677 6677 6678 6678 6678 6679 6679 6679 6680 6680 6680 6681 6681 6681 6682 6682 6682 6683 6683 6683 6684 6684 6684 6685 6685 6685 6686 6686 6686 6687 6687 6687 6688 6688 6688 6689 6689 6689 6690 6690 6690 6691 6691 6691 6692 6692 6692 6693 6693 6693 6694 6694 6694 6695 6695 6695 6696 6696 6696 6697 6697 6697 6698 6698 6698 6699 6699 6699 6700 6700 6700 6701 6701 6701 6702 6702 6702 6703 6703 6703 6704 6704 6704 6705 6705 6705 6706 6706 6706 6707 6707 6707 6708 6708 6708 6709 6709 6709 6710 6710 6710 6711 6711 6711 6712 6712 6712 6713 6713 6713 6714 6714 6714 6715 6715 6715 6716 6716 6716 6717 6717 6717 6718 6718 6718 6719 6719 6719 6720 6720 6720 6721 6721 6721 6722 6722 6722 6723 6723 6723 6724 6724 6724 6725 6725 6725 6726 6726 6726 6727 6727 6727 6728 6728 6728 6729 6729 6729 6730 6730 6730 6731 6731 6731 6732 6732 6732 6733 6733 6733 6734 6734 6734 6735 6735 6735 6736 6736 6736 6737 6737 6737 6738 6738 6738 6739 6739 6739 6740 6740 6740 6741 6741 6741 6742 6742 6742 6743 6743 6743 6744 6744 6744 6745 6745 6745 6746 6746 6746 6747 6747 6747 6748 6748 6748 6749 6749 6749 6750 6750 6750 6751 6751 6751 6752 6752 6752 6753 6753 6753 6754 6754 6754 6755 6755 6755 6756 6756 6756 6757 6757 6757 6758 6758 6758 6759 6759 6759 6760 6760 6760 6761 6761 6761 6762 6762 6762 6763 6763 6763 6764 6764 6764 6765 6765 6765 6766 6766 6766 6767 6767 6767 6768 6768 6768 6769 6769 6769 6770 6770 6770 6771 6771 6771 6772 6772 6772 6773 6773 6773 6774 6774 6774 6775 6775 6775 6776 6776 6776 6777 6777 6777 6778 6778 6778 6779 6779 6779 6780 6780 6780 6781 6781 6781 6782 6782 6782 6783 6783 6783 6784 6784 6784 6785 6785 6785 6786 6786 6786 6787 6787 6787 6788 6788 6788 6789 6789 6789 6790 6790 6790 6791 6791 6791 6792 6792 6792 6793 6793 6793 6794 6794 6794 6795 6795 6795 6796 6796 6796 6797 6797 6797 6798 6798 6798 6799 6799 6799 6800 6800 6800 6801 6801 6801 6802 6802 6802 6803 6803 6803 6804 6804 6804 6805 6805 6805 6806 6806 6806 6807 6807 6807 6808 6808 6808 6809 6809 6809 6810 6810 6810 6811 6811 6811 6812 6812 6812 6813 6813 6813 6814 6814 6814 6815 6815 6815 6816 6816 6816 6817 6817 6817 6818 6818 6818 6819 6819 6819 6820 6820 6820 6821 6821 6821 6822 6822 6822 6823 6823 6823 6824 6824 6824 6825 6825 6825 6826 6826 6826 6827 6827 6827 6828 6828 6828 6829 6829 6829 6830 6830 6830 6831 6831 6831 6832 6832 6832 6833 6833 6833 6834 6834 6834 6835 6835 6835 6836 6836 6836 6837 6837 6837 6838 6838 6838 6839 6839 6839 6840 6840 6840 6841 6841 6841 6842 6842 6842 6843 6843 6843 6844 6844 6844 6845 6845 6845 6846 6846 6846 6847 6847 6847 6848 6848 6848 6849 6849 6849 6850 6850 6850 6851 6851 6851 6852 6852 6852 6853 6853 6853 6854 6854 6854 6855 6855 6855 6856 6856 6856 6857 6857 6857 6858 6858 6858 6859 6859 6859 6860 6860 6860 6861 6861 6861 6862 6862 6862 6863 6863 6863 6864 6864 6864 6865 6865 6865 6866 6866 6866 6867 6867 6867 6868 6868 6868 6869 6869 6869 6870 6870 6870 6871 6871 6871 6872 6872 6872 6873 6873 6873 6874 6874 6874 6875 6875 6875 6876 6876 6876 6877 6877 6877 6878 6878 6878 6879 6879 6879 6880 6880 6880 6881 6881 6881 6882 6882 6882 6883 6883 6883 6884 6884 6884 6885 6885 6885 6886 6886 6886 6887 6887 6887 6888 6888 6888 6889 6889 6889 6890 6890 6890 6891 6891 6891 6892 6892 6892 6893 6893 6893 6894 6894 6894 6895 6895 6895 6896 6896 6896 6897 6897 6897 6898 6898 6898 6899 6899 6899 6900 6900 6900 6901 6901 6901 6902 6902 6902 6903 6903 6903 6904 6904 6904 6905 6905 6905 6906 6906 6906 6907 6907 6907 6908 6908 6908 6909 6909 6909 6910 6910 6910 6911 6911 6911 6912 6912 6912 6913 6913 6913 6914 6914 6914 6915 6915 6915 6916 6916 6916 6917 6917 6917 6918 6918 6918 6919 6919 6919 6920 6920 6920 6921 6921 6921 6922 6922 6922 6923 6923 6923 6924 6924 6924 6925 6925 6925 6926 6926 6926 6927 6927 6927 6928 6928 6928 6929 6929 6929 6930 6930 6930 6931 6931 6931 6932 6932 6932 6933 6933 6933 6934 6934 6934 6935 6935 6935 6936 6936 6936 6937 6937 6937 6938 6938 6938 6939 6939 6939 6940 6940 6940 6941 6941 6941 6942 6942 6942 6943 6943 6943 6944 6944 6944 6945 6945 6945 6946 6946 6946 6947 6947 6947 6948 6948 6948 6949 6949 6949 6950 6950 6950 6951 6951 6951 6952 6952 6952 6953 6953 6953 6954 6954 6954 6955 6955 6955 6956 6956 6956 6957 6957 6957 6958 6958 6958 6959 6959 6959 6960 6960 6960 6961 6961 6961 6962 6962 6962 6963 6963 6963 6964 6964 6964 6965 6965 6965 6966 6966 6966 6967 6967 6967 6968 6968 6968 6969 6969 6969 6970 6970 6970 6971 6971 6971 6972 6972 6972 6973 6973 6973 6974 6974 6974 6975 6975 6975 6976 6976 6976 6977 6977 6977 6978 6978 6978 6979 6979 6979 6980 6980 6980 6981 6981 6981 6982 6982 6982 6983 6983 6983 6984 6984 6984 6985 6985 6985 6986 6986 6986 6987 6987 6987 6988 6988 6988 6989 6989 6989 6990 6990 6990 6991 6991 6991 6992 6992 6992 6993 6993 6993 6994 6994 6994 6995 6995 6995 6996 6996 6996 6997 6997 6997 6998 6998 6998 6999 6999 6999 7000 7000 7000 7001 7001 7001 7002 7002 7002 7003 7003 7003 7004 7004 7004 7005 7005 7005 7006 7006 7006 7007 7007 7007 7008 7008 7008 7009 7009 7009 7010 7010 7010 7011 7011 7011 7012 7012 7012 7013 7013 7013 7014 7014 7014 7015 7015 7015 7016 7016 7016 7017 7017 7017 7018 7018 7018 7019 7019 7019 7020 7020 7020 7021 7021 7021 7022 7022 7022 7023 7023 7023 7024 7024 7024 7025 7025 7025 7026 7026 7026 7027 7027 7027 7028 7028 7028 7029 7029 7029 7030 7030 7030 7031 7031 7031 7032 7032 7032 7033 7033 7033 7034 7034 7034 7035 7035 7035 7036 7036 7036 7037 7037 7037 7038 7038 7038 7039 7039 7039 7040 7040 7040 7041 7041 7041 7042 7042 7042 7043 7043 7043 7044 7044 7044 7045 7045 7045 7046 7046 7046 7047 7047 7047 7048 7048 7048 7049 7049 7049 7050 7050 7050 7051 7051 7051 7052 7052 7052 7053 7053 7053 7054 7054 7054 7055 7055 7055 7056 7056 7056 7057 7057 7057 7058 7058 7058 7059 7059 7059 7060 7060 7060 7061 7061 7061 7062 7062 7062 7063 7063 7063 7064 7064 7064 7065 7065 7065 7066 7066 7066 7067 7067 7067 7068 7068 7068 7069 7069 7069 7070 7070 7070 7071 7071 7071 7072 7072 7072 7073 7073 7073 7074 7074 7074 7075 7075 7075 7076 7076 7076 7077 7077 7077 7078 7078 7078 7079 7079 7079 7080 7080 7080 7081 7081 7081 7082 7082 7082 7083 7083 7083 7084 7084 7084 7085 7085 7085 7086 7086 7086 7087 7087 7087 7088 7088 7088 7089 7089 7089 7090 7090 7090 7091 7091 7091 7092 7092 7092 7093 7093 7093 7094 7094 7094 7095 7095 7095 7096 7096 7096 7097 7097 7097 7098 7098 7098 7099 7099 7099 7100 7100 7100 7101 7101 7101 7102 7102 7102 7103 7103 7103 7104 7104 7104 7105 7105 7105 7106 7106 7106 7107 7107 7107 7108 7108 7108 7109 7109 7109 7110 7110 7110 7111 7111 7111 7112 7112 7112 7113 7113 7113 7114 7114 7114 7115 7115 7115 7116 7116 7116 7117 7117 7117 7118 7118 7118 7119 7119 7119 7120 7120 7120 7121 7121 7121 7122 7122 7122 7123 7123 7123 7124 7124 7124 7125 7125 7125 7126 7126 7126 7127 7127 7127 7128 7128 7128 7129 7129 7129 7130 7130 7130 7131 7131 7131 7132 7132 7132 7133 7133 7133 7134 7134 7134 7135 7135 7135 7136 7136 7136 7137 7137 7137 7138 7138 7138 7139 7139 7139 7140 7140 7140 7141 7141 7141 7142 7142 7142 7143 7143 7143 7144 7144 7144 7145 7145 7145 7146 7146 7146 7147 7147 7147 7148 7148 7148 7149 7149 7149 7150 7150 7150 7151 7151 7151 7152 7152 7152 7153 7153 7153 7154 7154 7154 7155 7155 7155 7156 7156 7156 7157 7157 7157 7158 7158 7158 7159 7159 7159 7160 7160 7160 7161 7161 7161 7162 7162 7162 7163 7163 7163 7164 7164 7164 7165 7165 7165 7166 7166 7166 7167 7167 7167 7168 7168 7168 7169 7169 7169 7170 7170 7170 7171 7171 7171 7172 7172 7172 7173 7173 7173 7174 7174 7174 7175 7175 7175 7176 7176 7176 7177 7177 7177 7178 7178 7178 7179 7179 7179 7180 7180 7180 7181 7181 7181 7182 7182 7182 7183 7183 7183 7184 7184 7184 7185 7185 7185 7186 7186 7186 7187 7187 7187 7188 7188 7188 7189 7189 7189 7190 7190 7190 7191 7191 7191 7192 7192 7192 7193 7193 7193 7194 7194 7194 7195 7195 7195 7196 7196 7196 7197 7197 7197 7198 7198 7198 7199 7199 7199 7200 7200 7200 7201 7201 7201 7202 7202 7202 7203 7203 7203 7204 7204 7204 7205 7205 7205 7206 7206 7206 7207 7207 7207 7208 7208 7208 7209 7209 7209 7210 7210 7210 7211 7211 7211 7212 7212 7212 7213 7213 7213 7214 7214 7214 7215 7215 7215 7216 7216 7216 7217 7217 7217 7218 7218 7218 7219 7219 7219 7220 7220 7220 7221 7221 7221 7222 7222 7222 7223 7223 7223 7224 7224 7224 7225 7225 7225 7226 7226 7226 7227 7227 7227 7228 7228 7228 7229 7229 7229 7230 7230 7230 7231 7231 7231 7232 7232 7232 7233 7233 7233 7234 7234 7234 7235 7235 7235 7236 7236 7236 7237 7237 7237 7238 7238 7238 7239 7239 7239 7240 7240 7240 7241 7241 7241 7242 7242 7242 7243 7243 7243 7244 7244 7244 7245 7245 7245 7246 7246 7246 7247 7247 7247 7248 7248 7248 7249 7249 7249 7250 7250 7250 7251 7251 7251 7252 7252 7252 7253 7253 7253 7254 7254 7254 7255 7255 7255 7256 7256 7256 7257 7257 7257 7258 7258 7258 7259 7259 7259 7260 7260 7260 7261 7261 7261 7262 7262 7262 7263 7263 7263 7264 7264 7264 7265 7265 7265 7266 7266 7266 7267 7267 7267 7268 7268 7268 7269 7269 7269 7270 7270 7270 7271 7271 7271 7272 7272 7272 7273 7273 7273 7274 7274 7274 7275 7275 7275 7276 7276 7276 7277 7277 7277 7278 7278 7278 7279 7279 7279 7280 7280 7280 7281 7281 7281 7282 7282 7282 7283 7283 7283 7284 7284 7284 7285 7285 7285 7286 7286 7286 7287 7287 7287 7288 7288 7288 7289 7289 7289 7290 7290 7290 7291 7291 7291 7292 7292 7292 7293 7293 7293 7294 7294 7294 7295 7295 7295 7296 7296 7296 7297 7297 7297 7298 7298 7298 7299 7299 7299 7300 7300 7300 7301 7301 7301 7302 7302 7302 7303 7303 7303 7304 7304 7304 7305 7305 7305 7306 7306 7306 7307 7307 7307 7308 7308 7308 7309 7309 7309 7310 7310 7310 7311 7311 7311 7312 7312 7312 7313 7313 7313 7314 7314 7314 7315 7315 7315 7316 7316 7316 7317 7317 7317 7318 7318 7318 7319 7319 7319 7320 7320 7320 7321 7321 7321 7322 7322 7322 7323 7323 7323 7324 7324 7324 7325 7325 7325 7326 7326 7326 7327 7327 7327 7328 7328 7328 7329 7329 7329 7330 7330 7330 7331 7331 7331 7332 7332 7332 7333 7333 7333 7334 7334 7334 7335 7335 7335 7336 7336 7336 7337 7337 7337 7338 7338 7338 7339 7339 7339 7340 7340 7340 7341 7341 7341 7342 7342 7342 7343 7343 7343 7344 7344 7344 7345 7345 7345 7346 7346 7346 7347 7347 7347 7348 7348 7348 7349 7349 7349 7350 7350 7350 7351 7351 7351 7352 7352 7352 7353 7353 7353 7354 7354 7354 7355 7355 7355 7356 7356 7356 7357 7357 7357 7358 7358 7358 7359 7359 7359 7360 7360 7360 7361 7361 7361 7362 7362 7362 7363 7363 7363 7364 7364 7364 7365 7365 7365 7366 7366 7366 7367 7367 7367 7368 7368 7368 7369 7369 7369 7370 7370 7370 7371 7371 7371 7372 7372 7372 7373 7373 7373 7374 7374 7374 7375 7375 7375 7376 7376 7376 7377 7377 7377 7378 7378 7378 7379 7379 7379 7380 7380 7380 7381 7381 7381 7382 7382 7382 7383 7383 7383 7384 7384 7384 7385 7385 7385 7386 7386 7386 7387 7387 7387 7388 7388 7388 7389 7389 7389 7390 7390 7390 7391 7391 7391 7392 7392 7392 7393 7393 7393 7394 7394 7394 7395 7395 7395 7396 7396 7396 7397 7397 7397 7398 7398 7398 7399 7399 7399 7400 7400 7400 7401 7401 7401 7402 7402 7402 7403 7403 7403 7404 7404 7404 7405 7405 7405 7406 7406 7406 7407 7407 7407 7408 7408 7408 7409 7409 7409 7410 7410 7410 7411 7411 7411 7412 7412 7412 7413 7413 7413 7414 7414 7414 7415 7415 7415 7416 7416 7416 7417 7417 7417 7418 7418 7418 7419 7419 7419 7420 7420 7420 7421 7421 7421 7422 7422 7422 7423 7423 7423 7424 7424 7424 7425 7425 7425 7426 7426 7426 7427 7427 7427 7428 7428 7428 7429 7429 7429 7430 7430 7430 7431 7431 7431 7432 7432 7432 7433 7433 7433 7434 7434 7434 7435 7435 7435 7436 7436 7436 7437 7437 7437 7438 7438 7438 7439 7439 7439 7440 7440 7440 7441 7441 7441 7442 7442 7442 7443 7443 7443 7444 7444 7444 7445 7445 7445 7446 7446 7446 7447 7447 7447 7448 7448 7448 7449 7449 7449 7450 7450 7450 7451 7451 7451 7452 7452 7452 7453 7453 7453 7454 7454 7454 7455 7455 7455 7456 7456 7456 7457 7457 7457 7458 7458 7458 7459 7459 7459 7460 7460 7460 7461 7461 7461 7462 7462 7462 7463 7463 7463 7464 7464 7464 7465 7465 7465 7466 7466 7466 7467 7467 7467 7468 7468 7468 7469 7469 7469 7470 7470 7470 7471 7471 7471 7472 7472 7472 7473 7473 7473 7474 7474 7474 7475 7475 7475 7476 7476 7476 7477 7477 7477 7478 7478 7478 7479 7479 7479 7480 7480 7480 7481 7481 7481 7482 7482 7482 7483 7483 7483 7484 7484 7484 7485 7485 7485 7486 7486 7486 7487 7487 7487 7488 7488 7488 7489 7489 7489 7490 7490 7490 7491 7491 7491 7492 7492 7492 7493 7493 7493 7494 7494 7494 7495 7495 7495 7496 7496 7496 7497 7497 7497 7498 7498 7498 7499 7499 7499 7500 7500 7500 7501 7501 7501 7502 7502 7502 7503 7503 7503 7504 7504 7504 7505 7505 7505 7506 7506 7506 7507 7507 7507 7508 7508 7508 7509 7509 7509 7510 7510 7510 7511 7511 7511 7512 7512 7512 7513 7513 7513 7514 7514 7514 7515 7515 7515 7516 7516 7516 7517 7517 7517 7518 7518 7518 7519 7519 7519 7520 7520 7520 7521 7521 7521 7522 7522 7522 7523 7523 7523 7524 7524 7524 7525 7525 7525 7526 7526 7526 7527 7527 7527 7528 7528 7528 7529 7529 7529 7530 7530 7530 7531 7531 7531 7532 7532 7532 7533 7533 7533 7534 7534 7534 7535 7535 7535 7536 7536 7536 7537 7537 7537 7538 7538 7538 7539 7539 7539 7540 7540 7540 7541 7541 7541 7542 7542 7542 7543 7543 7543 7544 7544 7544 7545 7545 7545 7546 7546 7546 7547 7547 7547 7548 7548 7548 7549 7549 7549 7550 7550 7550 7551 7551 7551 7552 7552 7552 7553 7553 7553 7554 7554 7554 7555 7555 7555 7556 7556 7556 7557 7557 7557 7558 7558 7558 7559 7559 7559 7560 7560 7560 7561 7561 7561 7562 7562 7562 7563 7563 7563 7564 7564 7564 7565 7565 7565 7566 7566 7566 7567 7567 7567 7568 7568 7568 7569 7569 7569 7570 7570 7570 7571 7571 7571 7572 7572 7572 7573 7573 7573 7574 7574 7574 7575 7575 7575 7576 7576 7576 7577 7577 7577 7578 7578 7578 7579 7579 7579 7580 7580 7580 7581 7581 7581 7582 7582 7582 7583 7583 7583 7584 7584 7584 7585 7585 7585 7586 7586 7586 7587 7587 7587 7588 7588 7588 7589 7589 7589 7590 7590 7590 7591 7591 7591 7592 7592 7592 7593 7593 7593 7594 7594 7594 7595 7595 7595 7596 7596 7596 7597 7597 7597 7598 7598 7598 7599 7599 7599 7600 7600 7600 7601 7601 7601 7602 7602 7602 7603 7603 7603 7604 7604 7604 7605 7605 7605 7606 7606 7606 7607 7607 7607 7608 7608 7608 7609 7609 7609 7610 7610 7610 7611 7611 7611 7612 7612 7612 7613 7613 7613 7614 7614 7614 7615 7615 7615 7616 7616 7616 7617 7617 7617 7618 7618 7618 7619 7619 7619 7620 7620 7620 7621 7621 7621 7622 7622 7622 7623 7623 7623 7624 7624 7624 7625 7625 7625 7626 7626 7626 7627 7627 7627 7628 7628 7628 7629 7629 7629 7630 7630 7630 7631 7631 7631 7632 7632 7632 7633 7633 7633 7634 7634 7634 7635 7635 7635 7636 7636 7636 7637 7637 7637 7638 7638 7638 7639 7639 7639 7640 7640 7640 7641 7641 7641 7642 7642 7642 7643 7643 7643 7644 7644 7644 7645 7645 7645 7646 7646 7646 7647 7647 7647 7648 7648 7648 7649 7649 7649 7650 7650 7650 7651 7651 7651 7652 7652 7652 7653 7653 7653 7654 7654 7654 7655 7655 7655 7656 7656 7656 7657 7657 7657 7658 7658 7658 7659 7659 7659 7660 7660 7660 7661 7661 7661 7662 7662 7662 7663 7663 7663 7664 7664 7664 7665 7665 7665 7666 7666 7666 7667 7667 7667 7668 7668 7668 7669 7669 7669 7670 7670 7670 7671 7671 7671 7672 7672 7672 7673 7673 7673 7674 7674 7674 7675 7675 7675 7676 7676 7676 7677 7677 7677 7678 7678 7678 7679 7679 7679 7680 7680 7680 7681 7681 7681 7682 7682 7682 7683 7683 7683 7684 7684 7684 7685 7685 7685 7686 7686 7686 7687 7687 7687 7688 7688 7688 7689 7689 7689 7690 7690 7690 7691 7691 7691 7692 7692 7692 7693 7693 7693 7694 7694 7694 7695 7695 7695 7696 7696 7696 7697 7697 7697 7698 7698 7698 7699 7699 7699 7700 7700 7700 7701 7701 7701 7702 7702 7702 7703 7703 7703 7704 7704 7704 7705 7705 7705 7706 7706 7706 7707 7707 7707 7708 7708 7708 7709 7709 7709 7710 7710 7710 7711 7711 7711 7712 7712 7712 7713 7713 7713 7714 7714 7714 7715 7715 7715 7716 7716 7716 7717 7717 7717 7718 7718 7718 7719 7719 7719 7720 7720 7720 7721 7721 7721 7722 7722 7722 7723 7723 7723 7724 7724 7724 7725 7725 7725 7726 7726 7726 7727 7727 7727 7728 7728 7728 7729 7729 7729 7730 7730 7730 7731 7731 7731 7732 7732 7732 7733 7733 7733 7734 7734 7734 7735 7735 7735 7736 7736 7736 7737 7737 7737 7738 7738 7738 7739 7739 7739 7740 7740 7740 7741 7741 7741 7742 7742 7742 7743 7743 7743 7744 7744 7744 7745 7745 7745 7746 7746 7746 7747 7747 7747 7748 7748 7748 7749 7749 7749 7750 7750 7750 7751 7751 7751 7752 7752 7752 7753 7753 7753 7754 7754 7754 7755 7755 7755 7756 7756 7756 7757 7757 7757 7758 7758 7758 7759 7759 7759 7760 7760 7760 7761 7761 7761 7762 7762 7762 7763 7763 7763 7764 7764 7764 7765 7765 7765 7766 7766 7766 7767 7767 7767 7768 7768 7768 7769 7769 7769 7770 7770 7770 7771 7771 7771 7772 7772 7772 7773 7773 7773 7774 7774 7774 7775 7775 7775 7776 7776 7776 7777 7777 7777 7778 7778 7778 7779 7779 7779 7780 7780 7780 7781 7781 7781 7782 7782 7782 7783 7783 7783 7784 7784 7784 7785 7785 7785 7786 7786 7786 7787 7787 7787 7788 7788 7788 7789 7789 7789 7790 7790 7790 7791 7791 7791 7792 7792 7792 7793 7793 7793 7794 7794 7794 7795 7795 7795 7796 7796 7796 7797 7797 7797 7798 7798 7798 7799 7799 7799 7800 7800 7800 7801 7801 7801 7802 7802 7802 7803 7803 7803 7804 7804 7804 7805 7805 7805 7806 7806 7806 7807 7807 7807 7808 7808 7808 7809 7809 7809 7810 7810 7810 7811 7811 7811 7812 7812 7812 7813 7813 7813 7814 7814 7814 7815 7815 7815 7816 7816 7816 7817 7817 7817 7818 7818 7818 7819 7819 7819 7820 7820 7820 7821 7821 7821 7822 7822 7822 7823 7823 7823 7824 7824 7824 7825 7825 7825 7826 7826 7826 7827 7827 7827 7828 7828 7828 7829 7829 7829 7830 7830 7830 7831 7831 7831 7832 7832 7832 7833 7833 7833 7834 7834 7834 7835 7835 7835 7836 7836 7836 7837 7837 7837 7838 7838 7838 7839 7839 7839 7840 7840 7840 7841 7841 7841 7842 7842 7842 7843 7843 7843 7844 7844 7844 7845 7845 7845 7846 7846 7846 7847 7847 7847 7848 7848 7848 7849 7849 7849 7850 7850 7850 7851 7851 7851 7852 7852 7852 7853 7853 7853 7854 7854 7854 7855 7855 7855 7856 7856 7856 7857 7857 7857 7858 7858 7858 7859 7859 7859 7860 7860 7860 7861 7861 7861 7862 7862 7862 7863 7863 7863 7864 7864 7864 7865 7865 7865 7866 7866 7866 7867 7867 7867 7868 7868 7868 7869 7869 7869 7870 7870 7870 7871 7871 7871 7872 7872 7872 7873 7873 7873 7874 7874 7874 7875 7875 7875 7876 7876 7876 7877 7877 7877 7878 7878 7878 7879 7879 7879 7880 7880 7880 7881 7881 7881 7882 7882 7882 7883 7883 7883 7884 7884 7884 7885 7885 7885 7886 7886 7886 7887 7887 7887 7888 7888 7888 7889 7889 7889 7890 7890 7890 7891 7891 7891 7892 7892 7892 7893 7893 7893 7894 7894 7894 7895 7895 7895 7896 7896 7896 7897 7897 7897 7898 7898 7898 7899 7899 7899 7900 7900 7900 7901 7901 7901 7902 7902 7902 7903 7903 7903 7904 7904 7904 7905 7905 7905 7906 7906 7906 7907 7907 7907 7908 7908 7908 7909 7909 7909 7910 7910 7910 7911 7911 7911 7912 7912 7912 7913 7913 7913 7914 7914 7914 7915 7915 7915 7916 7916 7916 7917 7917 7917 7918 7918 7918 7919 7919 7919 7920 7920 7920 7921 7921 7921 7922 7922 7922 7923 7923 7923 7924 7924 7924 7925 7925 7925 7926 7926 7926 7927 7927 7927 7928 7928 7928 7929 7929 7929 7930 7930 7930 7931 7931 7931 7932 7932 7932 7933 7933 7933 7934 7934 7934 7935 7935 7935 7936 7936 7936 7937 7937 7937 7938 7938 7938 7939 7939 7939 7940 7940 7940 7941 7941 7941 7942 7942 7942 7943 7943 7943 7944 7944 7944 7945 7945 7945 7946 7946 7946 7947 7947 7947 7948 7948 7948 7949 7949 7949 7950 7950 7950 7951 7951 7951 7952 7952 7952 7953 7953 7953 7954 7954 7954 7955 7955 7955 7956 7956 7956 7957 7957 7957 7958 7958 7958 7959 7959 7959 7960 7960 7960 7961 7961 7961 7962 7962 7962 7963 7963 7963 7964 7964 7964 7965 7965 7965 7966 7966 7966 7967 7967 7967 7968 7968 7968 7969 7969 7969 7970 7970 7970 7971 7971 7971 7972 7972 7972 7973 7973 7973 7974 7974 7974 7975 7975 7975 7976 7976 7976 7977 7977 7977 7978 7978 7978 7979 7979 7979 7980 7980 7980 7981 7981 7981 7982 7982 7982 7983 7983 7983 7984 7984 7984 7985 7985 7985 7986 7986 7986 7987 7987 7987 7988 7988 7988 7989 7989 7989 7990 7990 7990 7991 7991 7991 7992 7992 7992 7993 7993 7993 7994 7994 7994 7995 7995 7995 7996 7996 7996 7997 7997 7997 7998 7998 7998 7999 7999 7999 8000 8000 8000 8001 8001 8001 8002 8002 8002 8003 8003 8003 8004 8004 8004 8005 8005 8005 8006 8006 8006 8007 8007 8007 8008 8008 8008 8009 8009 8009 8010 8010 8010 8011 8011 8011 8012 8012 8012 8013 8013 8013 8014 8014 8014 8015 8015 8015 8016 8016 8016 8017 8017 8017 8018 8018 8018 8019 8019 8019 8020 8020 8020 8021 8021 8021 8022 8022 8022 8023 8023 8023 8024 8024 8024 8025 8025 8025 8026 8026 8026 8027 8027 8027 8028 8028 8028 8029 8029 8029 8030 8030 8030 8031 8031 8031 8032 8032 8032 8033 8033 8033 8034 8034 8034 8035 8035 8035 8036 8036 8036 8037 8037 8037 8038 8038 8038 8039 8039 8039 8040 8040 8040 8041 8041 8041 8042 8042 8042 8043 8043 8043 8044 8044 8044 8045 8045 8045 8046 8046 8046 8047 8047 8047 8048 8048 8048 8049 8049 8049 8050 8050 8050 8051 8051 8051 8052 8052 8052 8053 8053 8053 8054 8054 8054 8055 8055 8055 8056 8056 8056 8057 8057 8057 8058 8058 8058 8059 8059 8059 8060 8060 8060 8061 8061 8061 8062 8062 8062 8063 8063 8063 8064 8064 8064 8065 8065 8065 8066 8066 8066 8067 8067 8067 8068 8068 8068 8069 8069 8069 8070 8070 8070 8071 8071 8071 8072 8072 8072 8073 8073 8073 8074 8074 8074 8075 8075 8075 8076 8076 8076 8077 8077 8077 8078 8078 8078 8079 8079 8079 8080 8080 8080 8081 8081 8081 8082 8082 8082 8083 8083 8083 8084 8084 8084 8085 8085 8085 8086 8086 8086 8087 8087 8087 8088 8088 8088 8089 8089 8089 8090 8090 8090 8091 8091 8091 8092 8092 8092 8093 8093 8093 8094 8094 8094 8095 8095 8095 8096 8096 8096 8097 8097 8097 8098 8098 8098 8099 8099 8099 8100 8100 8100 8101 8101 8101 8102 8102 8102 8103 8103 8103 8104 8104 8104 8105 8105 8105 8106 8106 8106 8107 8107 8107 8108 8108 8108 8109 8109 8109 8110 8110 8110 8111 8111 8111 8112 8112 8112 8113 8113 8113 8114 8114 8114 8115 8115 8115 8116 8116 8116 8117 8117 8117 8118 8118 8118 8119 8119 8119 8120 8120 8120 8121 8121 8121 8122 8122 8122 8123 8123 8123 8124 8124 8124 8125 8125 8125 8126 8126 8126 8127 8127 8127 8128 8128 8128 8129 8129 8129 8130 8130 8130 8131 8131 8131 8132 8132 8132 8133 8133 8133 8134 8134 8134 8135 8135 8135 8136 8136 8136 8137 8137 8137 8138 8138 8138 8139 8139 8139 8140 8140 8140 8141 8141 8141 8142 8142 8142 8143 8143 8143 8144 8144 8144 8145 8145 8145 8146 8146 8146 8147 8147 8147 8148 8148 8148 8149 8149 8149 8150 8150 8150 8151 8151 8151 8152 8152 8152 8153 8153 8153 8154 8154 8154 8155 8155 8155 8156 8156 8156 8157 8157 8157 8158 8158 8158 8159 8159 8159 8160 8160 8160 8161 8161 8161 8162 8162 8162 8163 8163 8163 8164 8164 8164 8165 8165 8165 8166 8166 8166 8167 8167 8167 8168 8168 8168 8169 8169 8169 8170 8170 8170 8171 8171 8171 8172 8172 8172 8173 8173 8173 8174 8174 8174 8175 8175 8175 8176 8176 8176 8177 8177 8177 8178 8178 8178 8179 8179 8179 8180 8180 8180 8181 8181 8181 8182 8182 8182 8183 8183 8183 8184 8184 8184 8185 8185 8185 8186 8186 8186 8187 8187 8187 8188 8188 8188 8189 8189 8189 8190 8190 8190 8191 8191 8191 8192 8192 8192 8193 8193 8193 8194 8194 8194 8195 8195 8195 8196 8196 8196 8197 8197 8197 8198 8198 8198 8199 8199 8199 8200 8200 8200 8201 8201 8201 8202 8202 8202 8203 8203 8203 8204 8204 8204 8205 8205 8205 8206 8206 8206 8207 8207 8207 8208 8208 8208 8209 8209 8209 8210 8210 8210 8211 8211 8211 8212 8212 8212 8213 8213 8213 8214 8214 8214 8215 8215 8215 8216 8216 8216 8217 8217 8217 8218 8218 8218 8219 8219 8219 8220 8220 8220 8221 8221 8221 8222 8222 8222 8223 8223 8223 8224 8224 8224 8225 8225 8225 8226 8226 8226 8227 8227 8227 8228 8228 8228 8229 8229 8229 8230 8230 8230 8231 8231 8231 8232 8232 8232 8233 8233 8233 8234 8234 8234 8235 8235 8235 8236 8236 8236 8237 8237 8237 8238 8238 8238 8239 8239 8239 8240 8240 8240 8241 8241 8241 8242 8242 8242 8243 8243 8243 8244 8244 8244 8245 8245 8245 8246 8246 8246 8247 8247 8247 8248 8248 8248 8249 8249 8249 8250 8250 8250 8251 8251 8251 8252 8252 8252 8253 8253 8253 8254 8254 8254 8255 8255 8255 8256 8256 8256 8257 8257 8257 8258 8258 8258 8259 8259 8259 8260 8260 8260 8261 8261 8261 8262 8262 8262 8263 8263 8263 8264 8264 8264 8265 8265 8265 8266 8266 8266 8267 8267 8267 8268 8268 8268 8269 8269 8269 8270 8270 8270 8271 8271 8271 8272 8272 8272 8273 8273 8273 8274 8274 8274 8275 8275 8275 8276 8276 8276 8277 8277 8277 8278 8278 8278 8279 8279 8279 8280 8280 8280 8281 8281 8281 8282 8282 8282 8283 8283 8283 8284 8284 8284 8285 8285 8285 8286 8286 8286 8287 8287 8287 8288 8288 8288 8289 8289 8289 8290 8290 8290 8291 8291 8291 8292 8292 8292 8293 8293 8293 8294 8294 8294 8295 8295 8295 8296 8296 8296 8297 8297 8297 8298 8298 8298 8299 8299 8299 8300 8300 8300 8301 8301 8301 8302 8302 8302 8303 8303 8303 8304 8304 8304 8305 8305 8305 8306 8306 8306 8307 8307 8307 8308 8308 8308 8309 8309 8309 8310 8310 8310 8311 8311 8311 8312 8312 8312 8313 8313 8313 8314 8314 8314 8315 8315 8315 8316 8316 8316 8317 8317 8317 8318 8318 8318 8319 8319 8319 8320 8320 8320 8321 8321 8321 8322 8322 8322 8323 8323 8323 8324 8324 8324 8325 8325 8325 8326 8326 8326 8327 8327 8327 8328 8328 8328 8329 8329 8329 8330 8330 8330 8331 8331 8331 8332 8332 8332 8333 8333 8333 8334 8334 8334 8335 8335 8335 8336 8336 8336 8337 8337 8337 8338 8338 8338 8339 8339 8339 8340 8340 8340 8341 8341 8341 8342 8342 8342 8343 8343 8343 8344 8344 8344 8345 8345 8345 8346 8346 8346 8347 8347 8347 8348 8348 8348 8349 8349 8349 8350 8350 8350 8351 8351 8351 8352 8352 8352 8353 8353 8353 8354 8354 8354 8355 8355 8355 8356 8356 8356 8357 8357 8357 8358 8358 8358 8359 8359 8359 8360 8360 8360 8361 8361 8361 8362 8362 8362 8363 8363 8363 8364 8364 8364 8365 8365 8365 8366 8366 8366 8367 8367 8367 8368 8368 8368 8369 8369 8369 8370 8370 8370 8371 8371 8371 8372 8372 8372 8373 8373 8373 8374 8374 8374 8375 8375 8375 8376 8376 8376 8377 8377 8377 8378 8378 8378 8379 8379 8379 8380 8380 8380 8381 8381 8381 8382 8382 8382 8383 8383 8383 8384 8384 8384 8385 8385 8385 8386 8386 8386 8387 8387 8387 8388 8388 8388 8389 8389 8389 8390 8390 8390 8391 8391 8391 8392 8392 8392 8393 8393 8393 8394 8394 8394 8395 8395 8395 8396 8396 8396 8397 8397 8397 8398 8398 8398 8399 8399 8399 8400 8400 8400 8401 8401 8401 8402 8402 8402 8403 8403 8403 8404 8404 8404 8405 8405 8405 8406 8406 8406 8407 8407 8407 8408 8408 8408 8409 8409 8409 8410 8410 8410 8411 8411 8411 8412 8412 8412 8413 8413 8413 8414 8414 8414 8415 8415 8415 8416 8416 8416 8417 8417 8417 8418 8418 8418 8419 8419 8419 8420 8420 8420 8421 8421 8421 8422 8422 8422 8423 8423 8423 8424 8424 8424 8425 8425 8425 8426 8426 8426 8427 8427 8427 8428 8428 8428 8429 8429 8429 8430 8430 8430 8431 8431 8431 8432 8432 8432 8433 8433 8433 8434 8434 8434 8435 8435 8435 8436 8436 8436 8437 8437 8437 8438 8438 8438 8439 8439 8439 8440 8440 8440 8441 8441 8441 8442 8442 8442 8443 8443 8443 8444 8444 8444 8445 8445 8445 8446 8446 8446 8447 8447 8447 8448 8448 8448 8449 8449 8449 8450 8450 8450 8451 8451 8451 8452 8452 8452 8453 8453 8453 8454 8454 8454 8455 8455 8455 8456 8456 8456 8457 8457 8457 8458 8458 8458 8459 8459 8459 8460 8460 8460 8461 8461 8461 8462 8462 8462 8463 8463 8463 8464 8464 8464 8465 8465 8465 8466 8466 8466 8467 8467 8467 8468 8468 8468 8469 8469 8469 8470 8470 8470 8471 8471 8471 8472 8472 8472 8473 8473 8473 8474 8474 8474 8475 8475 8475 8476 8476 8476 8477 8477 8477 8478 8478 8478 8479 8479 8479 8480 8480 8480 8481 8481 8481 8482 8482 8482 8483 8483 8483 8484 8484 8484 8485 8485 8485 8486 8486 8486 8487 8487 8487 8488 8488 8488 8489 8489 8489 8490 8490 8490 8491 8491 8491 8492 8492 8492 8493 8493 8493 8494 8494 8494 8495 8495 8495 8496 8496 8496 8497 8497 8497 8498 8498 8498 8499 8499 8499 8500 8500 8500 8501 8501 8501 8502 8502 8502 8503 8503 8503 8504 8504 8504 8505 8505 8505 8506 8506 8506 8507 8507 8507 8508 8508 8508 8509 8509 8509 8510 8510 8510 8511 8511 8511 8512 8512 8512 8513 8513 8513 8514 8514 8514 8515 8515 8515 8516 8516 8516 8517 8517 8517 8518 8518 8518 8519 8519 8519 8520 8520 8520 8521 8521 8521 8522 8522 8522 8523 8523 8523 8524 8524 8524 8525 8525 8525 8526 8526 8526 8527 8527 8527 8528 8528 8528 8529 8529 8529 8530 8530 8530 8531 8531 8531 8532 8532 8532 8533 8533 8533 8534 8534 8534 8535 8535 8535 8536 8536 8536 8537 8537 8537 8538 8538 8538 8539 8539 8539 8540 8540 8540 8541 8541 8541 8542 8542 8542 8543 8543 8543 8544 8544 8544 8545 8545 8545 8546 8546 8546 8547 8547 8547 8548 8548 8548 8549 8549 8549 8550 8550 8550 8551 8551 8551 8552 8552 8552 8553 8553 8553 8554 8554 8554 8555 8555 8555 8556 8556 8556 8557 8557 8557 8558 8558 8558 8559 8559 8559 8560 8560 8560 8561 8561 8561 8562 8562 8562 8563 8563 8563 8564 8564 8564 8565 8565 8565 8566 8566 8566 8567 8567 8567 8568 8568 8568 8569 8569 8569 8570 8570 8570 8571 8571 8571 8572 8572 8572 8573 8573 8573 8574 8574 8574 8575 8575 8575 8576 8576 8576 8577 8577 8577 8578 8578 8578 8579 8579 8579 8580 8580 8580 8581 8581 8581 8582 8582 8582 8583 8583 8583 8584 8584 8584 8585 8585 8585 8586 8586 8586 8587 8587 8587 8588 8588 8588 8589 8589 8589 8590 8590 8590 8591 8591 8591 8592 8592 8592 8593 8593 8593 8594 8594 8594 8595 8595 8595 8596 8596 8596 8597 8597 8597 8598 8598 8598 8599 8599 8599 8600 8600 8600 8601 8601 8601 8602 8602 8602 8603 8603 8603 8604 8604 8604 8605 8605 8605 8606 8606 8606 8607 8607 8607 8608 8608 8608 8609 8609 8609 8610 8610 8610 8611 8611 8611 8612 8612 8612 8613 8613 8613 8614 8614 8614 8615 8615 8615 8616 8616 8616 8617 8617 8617 8618 8618 8618 8619 8619 8619 8620 8620 8620 8621 8621 8621 8622 8622 8622 8623 8623 8623 8624 8624 8624 8625 8625 8625 8626 8626 8626 8627 8627 8627 8628 8628 8628 8629 8629 8629 8630 8630 8630 8631 8631 8631 8632 8632 8632 8633 8633 8633 8634 8634 8634 8635 8635 8635 8636 8636 8636 8637 8637 8637 8638 8638 8638 8639 8639 8639 8640 8640 8640 8641 8641 8641 8642 8642 8642 8643 8643 8643 8644 8644 8644 8645 8645 8645 8646 8646 8646 8647 8647 8647 8648 8648 8648 8649 8649 8649 8650 8650 8650 8651 8651 8651 8652 8652 8652 8653 8653 8653 8654 8654 8654 8655 8655 8655 8656 8656 8656 8657 8657 8657 8658 8658 8658 8659 8659 8659 8660 8660 8660 8661 8661 8661 8662 8662 8662 8663 8663 8663 8664 8664 8664 8665 8665 8665 8666 8666 8666 8667 8667 8667 8668 8668 8668 8669 8669 8669 8670 8670 8670 8671 8671 8671 8672 8672 8672 8673 8673 8673 8674 8674 8674 8675 8675 8675 8676 8676 8676 8677 8677 8677 8678 8678 8678 8679 8679 8679 8680 8680 8680 8681 8681 8681 8682 8682 8682 8683 8683 8683 8684 8684 8684 8685 8685 8685 8686 8686 8686 8687 8687 8687 8688 8688 8688 8689 8689 8689 8690 8690 8690 8691 8691 8691 8692 8692 8692 8693 8693 8693 8694 8694 8694 8695 8695 8695 8696 8696 8696 8697 8697 8697 8698 8698 8698 8699 8699 8699 8700 8700 8700 8701 8701 8701 8702 8702 8702 8703 8703 8703 8704 8704 8704 8705 8705 8705 8706 8706 8706 8707 8707 8707 8708 8708 8708 8709 8709 8709 8710 8710 8710 8711 8711 8711 8712 8712 8712 8713 8713 8713 8714 8714 8714 8715 8715 8715 8716 8716 8716 8717 8717 8717 8718 8718 8718 8719 8719 8719 8720 8720 8720 8721 8721 8721 8722 8722 8722 8723 8723 8723 8724 8724 8724 8725 8725 8725 8726 8726 8726 8727 8727 8727 8728 8728 8728 8729 8729 8729 8730 8730 8730 8731 8731 8731 8732 8732 8732 8733 8733 8733 8734 8734 8734 8735 8735 8735 8736 8736 8736 8737 8737 8737 8738 8738 8738 8739 8739 8739 8740 8740 8740 8741 8741 8741 8742 8742 8742 8743 8743 8743 8744 8744 8744 8745 8745 8745 8746 8746 8746 8747 8747 8747 8748 8748 8748 8749 8749 8749 8750 8750 8750 8751 8751 8751 8752 8752 8752 8753 8753 8753 8754 8754 8754 8755 8755 8755 8756 8756 8756 8757 8757 8757 8758 8758 8758 8759 8759 8759 8760 8760 8760 8761 8761 8761 8762 8762 8762 8763 8763 8763 8764 8764 8764 8765 8765 8765 8766 8766 8766 8767 8767 8767 8768 8768 8768 8769 8769 8769 8770 8770 8770 8771 8771 8771 8772 8772 8772 8773 8773 8773 8774 8774 8774 8775 8775 8775 8776 8776 8776 8777 8777 8777 8778 8778 8778 8779 8779 8779 8780 8780 8780 8781 8781 8781 8782 8782 8782 8783 8783 8783 8784 8784 8784 8785 8785 8785 8786 8786 8786 8787 8787 8787 8788 8788 8788 8789 8789 8789 8790 8790 8790 8791 8791 8791 8792 8792 8792 8793 8793 8793 8794 8794 8794 8795 8795 8795 8796 8796 8796 8797 8797 8797 8798 8798 8798 8799 8799 8799 8800 8800 8800 8801 8801 8801 8802 8802 8802 8803 8803 8803 8804 8804 8804 8805 8805 8805 8806 8806 8806 8807 8807 8807 8808 8808 8808 8809 8809 8809 8810 8810 8810 8811 8811 8811 8812 8812 8812 8813 8813 8813 8814 8814 8814 8815 8815 8815 8816 8816 8816 8817 8817 8817 8818 8818 8818 8819 8819 8819 8820 8820 8820 8821 8821 8821 8822 8822 8822 8823 8823 8823 8824 8824 8824 8825 8825 8825 8826 8826 8826 8827 8827 8827 8828 8828 8828 8829 8829 8829 8830 8830 8830 8831 8831 8831 8832 8832 8832 8833 8833 8833 8834 8834 8834 8835 8835 8835 8836 8836 8836 8837 8837 8837 8838 8838 8838 8839 8839 8839 8840 8840 8840 8841 8841 8841 8842 8842 8842 8843 8843 8843 8844 8844 8844 8845 8845 8845 8846 8846 8846 8847 8847 8847 8848 8848 8848 8849 8849 8849 8850 8850 8850 8851 8851 8851 8852 8852 8852 8853 8853 8853 8854 8854 8854 8855 8855 8855 8856 8856 8856 8857 8857 8857 8858 8858 8858 8859 8859 8859 8860 8860 8860 8861 8861 8861 8862 8862 8862 8863 8863 8863 8864 8864 8864 8865 8865 8865 8866 8866 8866 8867 8867 8867 8868 8868 8868 8869 8869 8869 8870 8870 8870 8871 8871 8871 8872 8872 8872 8873 8873 8873 8874 8874 8874 8875 8875 8875 8876 8876 8876 8877 8877 8877 8878 8878 8878 8879 8879 8879 8880 8880 8880 8881 8881 8881 8882 8882 8882 8883 8883 8883 8884 8884 8884 8885 8885 8885 8886 8886 8886 8887 8887 8887 8888 8888 8888 8889 8889 8889 8890 8890 8890 8891 8891 8891 8892 8892 8892 8893 8893 8893 8894 8894 8894 8895 8895 8895 8896 8896 8896 8897 8897 8897 8898 8898 8898 8899 8899 8899 8900 8900 8900 8901 8901 8901 8902 8902 8902 8903 8903 8903 8904 8904 8904 8905 8905 8905 8906 8906 8906 8907 8907 8907 8908 8908 8908 8909 8909 8909 8910 8910 8910 8911 8911 8911 8912 8912 8912 8913 8913 8913 8914 8914 8914 8915 8915 8915 8916 8916 8916 8917 8917 8917 8918 8918 8918 8919 8919 8919 8920 8920 8920 8921 8921 8921 8922 8922 8922 8923 8923 8923 8924 8924 8924 8925 8925 8925 8926 8926 8926 8927 8927 8927 8928 8928 8928 8929 8929 8929 8930 8930 8930 8931 8931 8931 8932 8932 8932 8933 8933 8933 8934 8934 8934 8935 8935 8935 8936 8936 8936 8937 8937 8937 8938 8938 8938 8939 8939 8939 8940 8940 8940 8941 8941 8941 8942 8942 8942 8943 8943 8943 8944 8944 8944 8945 8945 8945 8946 8946 8946 8947 8947 8947 8948 8948 8948 8949 8949 8949 8950 8950 8950 8951 8951 8951 8952 8952 8952 8953 8953 8953 8954 8954 8954 8955 8955 8955 8956 8956 8956 8957 8957 8957 8958 8958 8958 8959 8959 8959 8960 8960 8960 8961 8961 8961 8962 8962 8962 8963 8963 8963 8964 8964 8964 8965 8965 8965 8966 8966 8966 8967 8967 8967 8968 8968 8968 8969 8969 8969 8970 8970 8970 8971 8971 8971 8972 8972 8972 8973 8973 8973 8974 8974 8974 8975 8975 8975 8976 8976 8976 8977 8977 8977 8978 8978 8978 8979 8979 8979 8980 8980 8980 8981 8981 8981 8982 8982 8982 8983 8983 8983 8984 8984 8984 8985 8985 8985 8986 8986 8986 8987 8987 8987 8988 8988 8988 8989 8989 8989 8990 8990 8990 8991 8991 8991 8992 8992 8992 8993 8993 8993 8994 8994 8994 8995 8995 8995 8996 8996 8996 8997 8997 8997 8998 8998 8998 8999 8999 8999 9000 9000 9000 9001 9001 9001 9002 9002 9002 9003 9003 9003 9004 9004 9004 9005 9005 9005 9006 9006 9006 9007 9007 9007 9008 9008 9008 9009 9009 9009 9010 9010 9010 9011 9011 9011 9012 9012 9012 9013 9013 9013 9014 9014 9014 9015 9015 9015 9016 9016 9016 9017 9017 9017 9018 9018 9018 9019 9019 9019 9020 9020 9020 9021 9021 9021 9022 9022 9022 9023 9023 9023 9024 9024 9024 9025 9025 9025 9026 9026 9026 9027 9027 9027 9028 9028 9028 9029 9029 9029 9030 9030 9030 9031 9031 9031 9032 9032 9032 9033 9033 9033 9034 9034 9034 9035 9035 9035 9036 9036 9036 9037 9037 9037 9038 9038 9038 9039 9039 9039 9040 9040 9040 9041 9041 9041 9042 9042 9042 9043 9043 9043 9044 9044 9044 9045 9045 9045 9046 9046 9046 9047 9047 9047 9048 9048 9048 9049 9049 9049 9050 9050 9050 9051 9051 9051 9052 9052 9052 9053 9053 9053 9054 9054 9054 9055 9055 9055 9056 9056 9056 9057 9057 9057 9058 9058 9058 9059 9059 9059 9060 9060 9060 9061 9061 9061 9062 9062 9062 9063 9063 9063 9064 9064 9064 9065 9065 9065 9066 9066 9066 9067 9067 9067 9068 9068 9068 9069 9069 9069 9070 9070 9070 9071 9071 9071 9072 9072 9072 9073 9073 9073 9074 9074 9074 9075 9075 9075 9076 9076 9076 9077 9077 9077 9078 9078 9078 9079 9079 9079 9080 9080 9080 9081 9081 9081 9082 9082 9082 9083 9083 9083 9084 9084 9084 9085 9085 9085 9086 9086 9086 9087 9087 9087 9088 9088 9088 9089 9089 9089 9090 9090 9090 9091 9091 9091 9092 9092 9092 9093 9093 9093 9094 9094 9094 9095 9095 9095 9096 9096 9096 9097 9097 9097 9098 9098 9098 9099 9099 9099 9100 9100 9100 9101 9101 9101 9102 9102 9102 9103 9103 9103 9104 9104 9104 9105 9105 9105 9106 9106 9106 9107 9107 9107 9108 9108 9108 9109 9109 9109 9110 9110 9110 9111 9111 9111 9112 9112 9112 9113 9113 9113 9114 9114 9114 9115 9115 9115 9116 9116 9116 9117 9117 9117 9118 9118 9118 9119 9119 9119 9120 9120 9120 9121 9121 9121 9122 9122 9122 9123 9123 9123 9124 9124 9124 9125 9125 9125 9126 9126 9126 9127 9127 9127 9128 9128 9128 9129 9129 9129 9130 9130 9130 9131 9131 9131 9132 9132 9132 9133 9133 9133 9134 9134 9134 9135 9135 9135 9136 9136 9136 9137 9137 9137 9138 9138 9138 9139 9139 9139 9140 9140 9140 9141 9141 9141 9142 9142 9142 9143 9143 9143 9144 9144 9144 9145 9145 9145 9146 9146 9146 9147 9147 9147 9148 9148 9148 9149 9149 9149 9150 9150 9150 9151 9151 9151 9152 9152 9152 9153 9153 9153 9154 9154 9154 9155 9155 9155 9156 9156 9156 9157 9157 9157 9158 9158 9158 9159 9159 9159 9160 9160 9160 9161 9161 9161 9162 9162 9162 9163 9163 9163 9164 9164 9164 9165 9165 9165 9166 9166 9166 9167 9167 9167 9168 9168 9168 9169 9169 9169 9170 9170 9170 9171 9171 9171 9172 9172 9172 9173 9173 9173 9174 9174 9174 9175 9175 9175 9176 9176 9176 9177 9177 9177 9178 9178 9178 9179 9179 9179 9180 9180 9180 9181 9181 9181 9182 9182 9182 9183 9183 9183 9184 9184 9184 9185 9185 9185 9186 9186 9186 9187 9187 9187 9188 9188 9188 9189 9189 9189 9190 9190 9190 9191 9191 9191 9192 9192 9192 9193 9193 9193 9194 9194 9194 9195 9195 9195 9196 9196 9196 9197 9197 9197 9198 9198 9198 9199 9199 9199 9200 9200 9200 9201 9201 9201 9202 9202 9202 9203 9203 9203 9204 9204 9204 9205 9205 9205 9206 9206 9206 9207 9207 9207 9208 9208 9208 9209 9209 9209 9210 9210 9210 9211 9211 9211 9212 9212 9212 9213 9213 9213 9214 9214 9214 9215 9215 9215 9216 9216 9216 9217 9217 9217 9218 9218 9218 9219 9219 9219 9220 9220 9220 9221 9221 9221 9222 9222 9222 9223 9223 9223 9224 9224 9224 9225 9225 9225 9226 9226 9226 9227 9227 9227 9228 9228 9228 9229 9229 9229 9230 9230 9230 9231 9231 9231 9232 9232 9232 9233 9233 9233 9234 9234 9234 9235 9235 9235 9236 9236 9236 9237 9237 9237 9238 9238 9238 9239 9239 9239 9240 9240 9240 9241 9241 9241 9242 9242 9242 9243 9243 9243 9244 9244 9244 9245 9245 9245 9246 9246 9246 9247 9247 9247 9248 9248 9248 9249 9249 9249 9250 9250 9250 9251 9251 9251 9252 9252 9252 9253 9253 9253 9254 9254 9254 9255 9255 9255 9256 9256 9256 9257 9257 9257 9258 9258 9258 9259 9259 9259 9260 9260 9260 9261 9261 9261 9262 9262 9262 9263 9263 9263 9264 9264 9264 9265 9265 9265 9266 9266 9266 9267 9267 9267 9268 9268 9268 9269 9269 9269 9270 9270 9270 9271 9271 9271 9272 9272 9272 9273 9273 9273 9274 9274 9274 9275 9275 9275 9276 9276 9276 9277 9277 9277 9278 9278 9278 9279 9279 9279 9280 9280 9280 9281 9281 9281 9282 9282 9282 9283 9283 9283 9284 9284 9284 9285 9285 9285 9286 9286 9286 9287 9287 9287 9288 9288 9288 9289 9289 9289 9290 9290 9290 9291 9291 9291 9292 9292 9292 9293 9293 9293 9294 9294 9294 9295 9295 9295 9296 9296 9296 9297 9297 9297 9298 9298 9298 9299 9299 9299 9300 9300 9300 9301 9301 9301 9302 9302 9302 9303 9303 9303 9304 9304 9304 9305 9305 9305 9306 9306 9306 9307 9307 9307 9308 9308 9308 9309 9309 9309 9310 9310 9310 9311 9311 9311 9312 9312 9312 9313 9313 9313 9314 9314 9314 9315 9315 9315 9316 9316 9316 9317 9317 9317 9318 9318 9318 9319 9319 9319 9320 9320 9320 9321 9321 9321 9322 9322 9322 9323 9323 9323 9324 9324 9324 9325 9325 9325 9326 9326 9326 9327 9327 9327 9328 9328 9328 9329 9329 9329 9330 9330 9330 9331 9331 9331 9332 9332 9332 9333 9333 9333 9334 9334 9334 9335 9335 9335 9336 9336 9336 9337 9337 9337 9338 9338 9338 9339 9339 9339 9340 9340 9340 9341 9341 9341 9342 9342 9342 9343 9343 9343 9344 9344 9344 9345 9345 9345 9346 9346 9346 9347 9347 9347 9348 9348 9348 9349 9349 9349 9350 9350 9350 9351 9351 9351 9352 9352 9352 9353 9353 9353 9354 9354 9354 9355 9355 9355 9356 9356 9356 9357 9357 9357 9358 9358 9358 9359 9359 9359 9360 9360 9360 9361 9361 9361 9362 9362 9362 9363 9363 9363 9364 9364 9364 9365 9365 9365 9366 9366 9366 9367 9367 9367 9368 9368 9368 9369 9369 9369 9370 9370 9370 9371 9371 9371 9372 9372 9372 9373 9373 9373 9374 9374 9374 9375 9375 9375 9376 9376 9376 9377 9377 9377 9378 9378 9378 9379 9379 9379 9380 9380 9380 9381 9381 9381 9382 9382 9382 9383 9383 9383 9384 9384 9384 9385 9385 9385 9386 9386 9386 9387 9387 9387 9388 9388 9388 9389 9389 9389 9390 9390 9390 9391 9391 9391 9392 9392 9392 9393 9393 9393 9394 9394 9394 9395 9395 9395 9396 9396 9396 9397 9397 9397 9398 9398 9398 9399 9399 9399 9400 9400 9400 9401 9401 9401 9402 9402 9402 9403 9403 9403 9404 9404 9404 9405 9405 9405 9406 9406 9406 9407 9407 9407 9408 9408 9408 9409 9409 9409 9410 9410 9410 9411 9411 9411 9412 9412 9412 9413 9413 9413 9414 9414 9414 9415 9415 9415 9416 9416 9416 9417 9417 9417 9418 9418 9418 9419 9419 9419 9420 9420 9420 9421 9421 9421 9422 9422 9422 9423 9423 9423 9424 9424 9424 9425 9425 9425 9426 9426 9426 9427 9427 9427 9428 9428 9428 9429 9429 9429 9430 9430 9430 9431 9431 9431 9432 9432 9432 9433 9433 9433 9434 9434 9434 9435 9435 9435 9436 9436 9436 9437 9437 9437 9438 9438 9438 9439 9439 9439 9440 9440 9440 9441 9441 9441 9442 9442 9442 9443 9443 9443 9444 9444 9444 9445 9445 9445 9446 9446 9446 9447 9447 9447 9448 9448 9448 9449 9449 9449 9450 9450 9450 9451 9451 9451 9452 9452 9452 9453 9453 9453 9454 9454 9454 9455 9455 9455 9456 9456 9456 9457 9457 9457 9458 9458 9458 9459 9459 9459 9460 9460 9460 9461 9461 9461 9462 9462 9462 9463 9463 9463 9464 9464 9464 9465 9465 9465 9466 9466 9466 9467 9467 9467 9468 9468 9468 9469 9469 9469 9470 9470 9470 9471 9471 9471 9472 9472 9472 9473 9473 9473 9474 9474 9474 9475 9475 9475 9476 9476 9476 9477 9477 9477 9478 9478 9478 9479 9479 9479 9480 9480 9480 9481 9481 9481 9482 9482 9482 9483 9483 9483 9484 9484 9484 9485 9485 9485 9486 9486 9486 9487 9487 9487 9488 9488 9488 9489 9489 9489 9490 9490 9490 9491 9491 9491 9492 9492 9492 9493 9493 9493 9494 9494 9494 9495 9495 9495 9496 9496 9496 9497 9497 9497 9498 9498 9498 9499 9499 9499 9500 9500 9500 9501 9501 9501 9502 9502 9502 9503 9503 9503 9504 9504 9504 9505 9505 9505 9506 9506 9506 9507 9507 9507 9508 9508 9508 9509 9509 9509 9510 9510 9510 9511 9511 9511 9512 9512 9512 9513 9513 9513 9514 9514 9514 9515 9515 9515 9516 9516 9516 9517 9517 9517 9518 9518 9518 9519 9519 9519 9520 9520 9520 9521 9521 9521 9522 9522 9522 9523 9523 9523 9524 9524 9524 9525 9525 9525 9526 9526 9526 9527 9527 9527 9528 9528 9528 9529 9529 9529 9530 9530 9530 9531 9531 9531 9532 9532 9532 9533 9533 9533 9534 9534 9534 9535 9535 9535 9536 9536 9536 9537 9537 9537 9538 9538 9538 9539 9539 9539 9540 9540 9540 9541 9541 9541 9542 9542 9542 9543 9543 9543 9544 9544 9544 9545 9545 9545 9546 9546 9546 9547 9547 9547 9548 9548 9548 9549 9549 9549 9550 9550 9550 9551 9551 9551 9552 9552 9552 9553 9553 9553 9554 9554 9554 9555 9555 9555 9556 9556 9556 9557 9557 9557 9558 9558 9558 9559 9559 9559 9560 9560 9560 9561 9561 9561 9562 9562 9562 9563 9563 9563 9564 9564 9564 9565 9565 9565 9566 9566 9566 9567 9567 9567 9568 9568 9568 9569 9569 9569 9570 9570 9570 9571 9571 9571 9572 9572 9572 9573 9573 9573 9574 9574 9574 9575 9575 9575 9576 9576 9576 9577 9577 9577 9578 9578 9578 9579 9579 9579 9580 9580 9580 9581 9581 9581 9582 9582 9582 9583 9583 9583 9584 9584 9584 9585 9585 9585 9586 9586 9586 9587 9587 9587 9588 9588 9588 9589 9589 9589 9590 9590 9590 9591 9591 9591 9592 9592 9592 9593 9593 9593 9594 9594 9594 9595 9595 9595 9596 9596 9596 9597 9597 9597 9598 9598 9598 9599 9599 9599 9600 9600 9600 9601 9601 9601 9602 9602 9602 9603 9603 9603 9604 9604 9604 9605 9605 9605 9606 9606 9606 9607 9607 9607 9608 9608 9608 9609 9609 9609 9610 9610 9610 9611 9611 9611 9612 9612 9612 9613 9613 9613 9614 9614 9614 9615 9615 9615 9616 9616 9616 9617 9617 9617 9618 9618 9618 9619 9619 9619 9620 9620 9620 9621 9621 9621 9622 9622 9622 9623 9623 9623 9624 9624 9624 9625 9625 9625 9626 9626 9626 9627 9627 9627 9628 9628 9628 9629 9629 9629 9630 9630 9630 9631 9631 9631 9632 9632 9632 9633 9633 9633 9634 9634 9634 9635 9635 9635 9636 9636 9636 9637 9637 9637 9638 9638 9638 9639 9639 9639 9640 9640 9640 9641 9641 9641 9642 9642 9642 9643 9643 9643 9644 9644 9644 9645 9645 9645 9646 9646 9646 9647 9647 9647 9648 9648 9648 9649 9649 9649 9650 9650 9650 9651 9651 9651 9652 9652 9652 9653 9653 9653 9654 9654 9654 9655 9655 9655 9656 9656 9656 9657 9657 9657 9658 9658 9658 9659 9659 9659 9660 9660 9660 9661 9661 9661 9662 9662 9662 9663 9663 9663 9664 9664 9664 9665 9665 9665 9666 9666 9666 9667 9667 9667 9668 9668 9668 9669 9669 9669 9670 9670 9670 9671 9671 9671 9672 9672 9672 9673 9673 9673 9674 9674 9674 9675 9675 9675 9676 9676 9676 9677 9677 9677 9678 9678 9678 9679 9679 9679 9680 9680 9680 9681 9681 9681 9682 9682 9682 9683 9683 9683 9684 9684 9684 9685 9685 9685 9686 9686 9686 9687 9687 9687 9688 9688 9688 9689 9689 9689 9690 9690 9690 9691 9691 9691 9692 9692 9692 9693 9693 9693 9694 9694 9694 9695 9695 9695 9696 9696 9696 9697 9697 9697 9698 9698 9698 9699 9699 9699 9700 9700 9700 9701 9701 9701 9702 9702 9702 9703 9703 9703 9704 9704 9704 9705 9705 9705 9706 9706 9706 9707 9707 9707 9708 9708 9708 9709 9709 9709 9710 9710 9710 9711 9711 9711 9712 9712 9712 9713 9713 9713 9714 9714 9714 9715 9715 9715 9716 9716 9716 9717 9717 9717 9718 9718 9718 9719 9719 9719 9720 9720 9720 9721 9721 9721 9722 9722 9722 9723 9723 9723 9724 9724 9724 9725 9725 9725 9726 9726 9726 9727 9727 9727 9728 9728 9728 9729 9729 9729 9730 9730 9730 9731 9731 9731 9732 9732 9732 9733 9733 9733 9734 9734 9734 9735 9735 9735 9736 9736 9736 9737 9737 9737 9738 9738 9738 9739 9739 9739 9740 9740 9740 9741 9741 9741 9742 9742 9742 9743 9743 9743 9744 9744 9744 9745 9745 9745 9746 9746 9746 9747 9747 9747 9748 9748 9748 9749 9749 9749 9750 9750 9750 9751 9751 9751 9752 9752 9752 9753 9753 9753 9754 9754 9754 9755 9755 9755 9756 9756 9756 9757 9757 9757 9758 9758 9758 9759 9759 9759 9760 9760 9760 9761 9761 9761 9762 9762 9762 9763 9763 9763 9764 9764 9764 9765 9765 9765 9766 9766 9766 9767 9767 9767 9768 9768 9768 9769 9769 9769 9770 9770 9770 9771 9771 9771 9772 9772 9772 9773 9773 9773 9774 9774 9774 9775 9775 9775 9776 9776 9776 9777 9777 9777 9778 9778 9778 9779 9779 9779 9780 9780 9780 9781 9781 9781 9782 9782 9782 9783 9783 9783 9784 9784 9784 9785 9785 9785 9786 9786 9786 9787 9787 9787 9788 9788 9788 9789 9789 9789 9790 9790 9790 9791 9791 9791 9792 9792 9792 9793 9793 9793 9794 9794 9794 9795 9795 9795 9796 9796 9796 9797 9797 9797 9798 9798 9798 9799 9799 9799 9800 9800 9800 9801 9801 9801 9802 9802 9802 9803 9803 9803 9804 9804 9804 9805 9805 9805 9806 9806 9806 9807 9807 9807 9808 9808 9808 9809 9809 9809 9810 9810 9810 9811 9811 9811 9812 9812 9812 9813 9813 9813 9814 9814 9814 9815 9815 9815 9816 9816 9816 9817 9817 9817 9818 9818 9818 9819 9819 9819 9820 9820 9820 9821 9821 9821 9822 9822 9822 9823 9823 9823 9824 9824 9824 9825 9825 9825 9826 9826 9826 9827 9827 9827 9828 9828 9828 9829 9829 9829 9830 9830 9830 9831 9831 9831 9832 9832 9832 9833 9833 9833 9834 9834 9834 9835 9835 9835 9836 9836 9836 9837 9837 9837 9838 9838 9838 9839 9839 9839 9840 9840 9840 9841 9841 9841 9842 9842 9842 9843 9843 9843 9844 9844 9844 9845 9845 9845 9846 9846 9846 9847 9847 9847 9848 9848 9848 9849 9849 9849 9850 9850 9850 9851 9851 9851 9852 9852 9852 9853 9853 9853 9854 9854 9854 9855 9855 9855 9856 9856 9856 9857 9857 9857 9858 9858 9858 9859 9859 9859 9860 9860 9860 9861 9861 9861 9862 9862 9862 9863 9863 9863 9864 9864 9864 9865 9865 9865 9866 9866 9866 9867 9867 9867 9868 9868 9868 9869 9869 9869 9870 9870 9870 9871 9871 9871 9872 9872 9872 9873 9873 9873 9874 9874 9874 9875 9875 9875 9876 9876 9876 9877 9877 9877 9878 9878 9878 9879 9879 9879 9880 9880 9880 9881 9881 9881 9882 9882 9882 9883 9883 9883 9884 9884 9884 9885 9885 9885 9886 9886 9886 9887 9887 9887 9888 9888 9888 9889 9889 9889 9890 9890 9890 9891 9891 9891 9892 9892 9892 9893 9893 9893 9894 9894 9894 9895 9895 9895 9896 9896 9896 9897 9897 9897 9898 9898 9898 9899 9899 9899 9900 9900 9900 9901 9901 9901 9902 9902 9902 9903 9903 9903 9904 9904 9904 9905 9905 9905 9906 9906 9906 9907 9907 9907 9908 9908 9908 9909 9909 9909 9910 9910 9910 9911 9911 9911 9912 9912 9912 9913 9913 9913 9914 9914 9914 9915 9915 9915 9916 9916 9916 9917 9917 9917 9918 9918 9918 9919 9919 9919 9920 9920 9920 9921 9921 9921 9922 9922 9922 9923 9923 9923 9924 9924 9924 9925 9925 9925 9926 9926 9926 9927 9927 9927 9928 9928 9928 9929 9929 9929 9930 9930 9930 9931 9931 9931 9932 9932 9932 9933 9933 9933 9934 9934 9934 9935 9935 9935 9936 9936 9936 9937 9937 9937 9938 9938 9938 9939 9939 9939 9940 9940 9940 9941 9941 9941 9942 9942 9942 9943 9943 9943 9944 9944 9944 9945 9945 9945 9946 9946 9946 9947 9947 9947 9948 9948 9948 9949 9949 9949 9950 9950 9950 9951 9951 9951 9952 9952 9952 9953 9953 9953 9954 9954 9954 9955 9955 9955 9956 9956 9956 9957 9957 9957 9958 9958 9958 9959 9959 9959 9960 9960 9960 9961 9961 9961 9962 9962 9962 9963 9963 9963 9964 9964 9964 9965 9965 9965 9966 9966 9966 9967 9967 9967 9968 9968 9968 9969 9969 9969 9970 9970 9970 9971 9971 9971 9972 9972 9972 9973 9973 9973 9974 9974 9974 9975 9975 9975 9976 9976 9976 9977 9977 9977 9978 9978 9978 9979 9979 9979 9980 9980 9980 9981 9981 9981 9982 9982 9982 9983 9983 9983 9984 9984 9984 9985 9985 9985 9986 9986 9986 9987 9987 9987 9988 9988 9988 9989 9989 9989 9990 9990 9990 9991 9991 9991 9992 9992 9992 9993 9993 9993 9994 9994 9994 9995 9995 9995 9996 9996 9996 9997 9997 9997 9998 9998 9998 9999 9999 9999 10000 10000 10000 10001 10001 10001 10002 10002 10002 10003 10003 10003 10004 10004 10004 10005 10005 10005 10006 10006 10006 10007 10007 10007 10008 10008 10008 10009 10009 10009 10010 10010 10010 10011 10011 10011 10012 10012 10012 10013 10013 10013 10014 10014 10014 10015 10015 10015 10016 10016 10016 10017 10017 10017 10018 10018 10018 10019 10019 10019 10020 10020 10020 10021 10021 10021 10022 10022 10022 10023 10023 10023 10024 10024 10024 10025 10025 10025 10026 10026 10026 10027 10027 10027 10028 10028 10028 10029 10029 10029 10030 10030 10030 10031 10031 10031 10032 10032 10032 10033 10033 10033 10034 10034 10034 10035 10035 10035 10036 10036 10036 10037 10037 10037 10038 10038 10038 10039 10039 10039 10040 10040 10040 10041 10041 10041 10042 10042 10042 10043 10043 10043 10044 10044 10044 10045 10045 10045 10046 10046 10046 10047 10047 10047 10048 10048 10048 10049 10049 10049 10050 10050 10050 10051 10051 10051 10052 10052 10052 10053 10053 10053 10054 10054 10054 10055 10055 10055 10056 10056 10056 10057 10057 10057 10058 10058 10058 10059 10059 10059 10060 10060 10060 10061 10061 10061 10062 10062 10062 10063 10063 10063 10064 10064 10064 10065 10065 10065 10066 10066 10066 10067 10067 10067 10068 10068 10068 10069 10069 10069 10070 10070 10070 10071 10071 10071 10072 10072 10072 10073 10073 10073 10074 10074 10074 10075 10075 10075 10076 10076 10076 10077 10077 10077 10078 10078 10078 10079 10079 10079 10080 10080 10080 10081 10081 10081 10082 10082 10082 10083 10083 10083 10084 10084 10084 10085 10085 10085 10086 10086 10086 10087 10087 10087 10088 10088 10088 10089 10089 10089 10090 10090 10090 10091 10091 10091 10092 10092 10092 10093 10093 10093 10094 10094 10094 10095 10095 10095 10096 10096 10096 10097 10097 10097 10098 10098 10098 10099 10099 10099 10100 10100 10100 10101 10101 10101 10102 10102 10102 10103 10103 10103 10104 10104 10104 10105 10105 10105 10106 10106 10106 10107 10107 10107 10108 10108 10108 10109 10109 10109 10110 10110 10110 10111 10111 10111 10112 10112 10112 10113 10113 10113 10114 10114 10114 10115 10115 10115 10116 10116 10116 10117 10117 10117 10118 10118 10118 10119 10119 10119 10120 10120 10120 10121 10121 10121 10122 10122 10122 10123 10123 10123 10124 10124 10124 10125 10125 10125 10126 10126 10126 10127 10127 10127 10128 10128 10128 10129 10129 10129 10130 10130 10130 10131 10131 10131 10132 10132 10132 10133 10133 10133 10134 10134 10134 10135 10135 10135 10136 10136 10136 10137 10137 10137 10138 10138 10138 10139 10139 10139 10140 10140 10140 10141 10141 10141 10142 10142 10142 10143 10143 10143 10144 10144 10144 10145 10145 10145 10146 10146 10146 10147 10147 10147 10148 10148 10148 10149 10149 10149 10150 10150 10150 10151 10151 10151 10152 10152 10152 10153 10153 10153 10154 10154 10154 10155 10155 10155 10156 10156 10156 10157 10157 10157 10158 10158 10158 10159 10159 10159 10160 10160 10160 10161 10161 10161 10162 10162 10162 10163 10163 10163 10164 10164 10164 10165 10165 10165 10166 10166 10166 10167 10167 10167 10168 10168 10168 10169 10169 10169 10170 10170 10170 10171 10171 10171 10172 10172 10172 10173 10173 10173 10174 10174 10174 10175 10175 10175 10176 10176 10176 10177 10177 10177 10178 10178 10178 10179 10179 10179 10180 10180 10180 10181 10181 10181 10182 10182 10182 10183 10183 10183 10184 10184 10184 10185 10185 10185 10186 10186 10186 10187 10187 10187 10188 10188 10188 10189 10189 10189 10190 10190 10190 10191 10191 10191 10192 10192 10192 10193 10193 10193 10194 10194 10194 10195 10195 10195 10196 10196 10196 10197 10197 10197 10198 10198 10198 10199 10199 10199 10200 10200 10200 10201 10201 10201 10202 10202 10202 10203 10203 10203 10204 10204 10204 10205 10205 10205 10206 10206 10206 10207 10207 10207 10208 10208 10208 10209 10209 10209 10210 10210 10210 10211 10211 10211 10212 10212 10212 10213 10213 10213 10214 10214 10214 10215 10215 10215 10216 10216 10216 10217 10217 10217 10218 10218 10218 10219 10219 10219 10220 10220 10220 10221 10221 10221 10222 10222 10222 10223 10223 10223 10224 10224 10224 10225 10225 10225 10226 10226 10226 10227 10227 10227 10228 10228 10228 10229 10229 10229 10230 10230 10230 10231 10231 10231 10232 10232 10232 10233 10233 10233 10234 10234 10234 10235 10235 10235 10236 10236 10236 10237 10237 10237 10238 10238 10238 10239 10239 10239 10240 10240 10240 10241 10241 10241 10242 10242 10242 10243 10243 10243 10244 10244 10244 10245 10245 10245 10246 10246 10246 10247 10247 10247 10248 10248 10248 10249 10249 10249 10250 10250 10250 10251 10251 10251 10252 10252 10252 10253 10253 10253 10254 10254 10254 10255 10255 10255 10256 10256 10256 10257 10257 10257 10258 10258 10258 10259 10259 10259</p>
        </triangles>
      </mesh>
    </geometry>
  </library_geometries>
  <library_visual_scenes>
    <visual_scene id="farm_unknown_weed_scene">
      <node id="farm_unknown_weed_node">
        <instance_geometry url="#farm_unknown_weed_geometry">
          <bind_material><technique_common>
            <instance_material symbol="farm_unknown_weed_material" target="#farm_unknown_weed_material"><bind_vertex_input semantic="UVSET0" input_semantic="TEXCOORD" input_set="0"/></instance_material>
          </technique_common></bind_material>
        </instance_geometry>
      </node>
    </visual_scene>
  </library_visual_scenes>
  <scene><instance_visual_scene url="#farm_unknown_weed_scene"/></scene>
</COLLADA>
