<?xml version="1.0" encoding="utf-8"?>
<COLLADA xmlns="http://www.collada.org/2005/11/COLLADASchema" version="1.4.1">
  <asset><unit name="meter" meter="1"/><up_axis>Z_UP</up_axis></asset>
  
  <library_effects>
    <effect id="farm_pumpkin_plant_effect">
      <profile_COMMON>
        
        <technique sid="common"><lambert><diffuse><color>0.38 0.55 0.14 1</color></diffuse></lambert></technique>
      </profile_COMMON>
    </effect>
  </library_effects>
  <library_materials>
    <material id="farm_pumpkin_plant_material"><instance_effect url="#farm_pumpkin_plant_effect"/></material>
  </library_materials>
  <library_geometries>
    <geometry id="farm_pumpkin_plant_geometry">
      <mesh>
        <source id="farm_pumpkin_plant_positions">
          <float_array id="farm_pumpkin_plant_positions_array" count="5148">12.5425 -0.560699 0.04 12.564 -0.547871 0.04 12.5385 -0.529685 0.161973 12.5385 -0.529685 0.161973 12.564 -0.547871 0.04 12.5425 -0.560699 0.04 12.5655 -0.556896 0.04 12.541 -0.551674 0.04 12.5472 -0.582313 0.169062 12.5472 -0.582313 0.169062 12.541 -0.551674 0.04 12.5655 -0.556896 0.04 12.5499 -0.54224 0.04 12.5566 -0.566331 0.04 12.5808 -0.546629 0.209791 12.5808 -0.546629 0.209791 12.5566 -0.566331 0.04 12.5499 -0.54224 0.04 12.599 -0.467898 0.107366 12.4559 -0.544773 0.107366 12.4736 -0.406211 0.302226 12.4736 -0.406211 0.302226 12.4559 -0.544773 0.107366 12.599 -0.467898 0.107366 12.5561 -0.49096 0.107366 12.4988 -0.52171 0.107366 12.5481 -0.544695 0.045 12.5481 -0.544695 0.045 12.4988 -0.52171 0.107366 12.5561 -0.49096 0.107366 12.486 -0.482888 0.0645396 12.5146 -0.644438 0.0645396 12.3872 -0.583712 0.261423 12.3872 -0.583712 0.261423 12.5146 -0.644438 0.0645396 12.486 -0.482888 0.0645396 12.4946 -0.531353 0.0645396 12.5061 -0.595973 0.0645396 12.5426 -0.556161 0.045 12.5426 -0.556161 0.045 12.5061 -0.595973 0.0645396 12.4946 -0.531353 0.0645396 12.4872 -0.64436 0.0859019 12.6526 -0.60535 0.0859019 12.5972 -0.7406 0.28977 12.5972 -0.7406 0.28977 12.6526 -0.60535 0.0859019 12.4872 -0.64436 0.0859019 12.5368 -0.632657 0.0859019 12.6029 -0.617053 0.0859019 12.5566 -0.568399 0.045 12.5566 -0.568399 0.045 12.6029 -0.617053 0.0859019 12.5368 -0.632657 0.0859019 12.5927 -0.659927 0.06 12.6468 -0.491409 0.06 12.7377 -0.613589 0.266271 12.7377 -0.613589 0.266271 12.6468 -0.491409 0.06 12.5927 -0.659927 0.06 12.6089 -0.609371 0.06 12.6306 -0.541964 0.06 12.5665 -0.558562 0.045 12.5665 -0.558562 0.045 12.6306 -0.541964 0.06 12.6089 -0.609371 0.06 12.6533 -0.529397 0.06 12.4969 -0.4679 0.06 12.6182 -0.389213 0.257504 12.6182 -0.389213 0.257504 12.4969 -0.4679 0.06 12.6533 -0.529397 0.06 12.6064 -0.510948 0.06 12.5438 -0.486349 0.06 12.5576 -0.543158 0.045 12.5576 -0.543158 0.045 12.5438 -0.486349 0.06 12.6064 -0.510948 0.06 13.4579 -0.604206 0.04 13.4425 -0.584579 0.04 13.4277 -0.612145 0.161973 13.4277 -0.612145 0.161973 13.4425 -0.584579 0.04 13.4579 -0.604206 0.04 13.4512 -0.581934 0.04 13.4492 -0.606851 0.04 13.4788 -0.596718 0.169062 13.4788 -0.596718 0.169062 13.4492 -0.606851 0.04 13.4512 -0.581934 0.04 13.4387 -0.599256 0.04 13.4617 -0.589529 0.04 13.4391 -0.567991 0.209791 13.4391 -0.567991 0.209791 13.4617 -0.589529 0.04 13.4387 -0.599256 0.04 13.3586 -0.560158 0.107366 13.4533 -0.692095 0.107366 13.3136 -0.692391 0.302226 13.3136 -0.692391 0.302226 13.4533 -0.692095 0.107366 13.3586 -0.560158 0.107366 13.387 -0.599739 0.107366 13.4249 -0.652514 0.107366 13.4414 -0.600739 0.045 13.4414 -0.600739 0.045 13.4249 -0.652514 0.107366 13.387 -0.599739 0.107366 13.3881 -0.67025 0.0645396 13.5446 -0.621033 0.0645396 13.5008 -0.755201 0.261423 13.5008 -0.755201 0.261423 13.5446 -0.621033 0.0645396 13.3881 -0.67025 0.0645396 13.435 -0.655485 0.0645396 13.4976 -0.635798 0.0645396 13.4534 -0.604642 0.045 13.4534 -0.604642 0.045 13.4976 -0.635798 0.0645396 13.435 -0.655485 0.0645396 13.548 -0.648262 0.0859019 13.488 -0.489316 0.0859019 13.6293 -0.526796 0.28977 13.6293 -0.526796 0.28977 13.488 -0.489316 0.0859019 13.548 -0.648262 0.0859019 13.53 -0.600579 0.0859019 13.506 -0.537 0.0859019 13.4638 -0.589272 0.045 13.4638 -0.589272 0.045 13.506 -0.537 0.0859019 13.53 -0.600579 0.0859019 13.5499 -0.541683 0.06 13.3758 -0.509673 0.06 13.4852 -0.403814 0.266271 13.4852 -0.403814 0.266271 13.3758 -0.509673 0.06 13.5499 -0.541683 0.06 13.4977 -0.53208 0.06 13.428 -0.519276 0.06 13.4527 -0.58065 0.045 13.4527 -0.58065 0.045 13.428 -0.519276 0.06 13.4977 -0.53208 0.06 13.4126 -0.49838 0.06 13.3718 -0.661337 0.06 13.2781 -0.551269 0.257504 13.2781 -0.551269 0.257504 13.3718 -0.661337 0.06 13.4126 -0.49838 0.06 13.4004 -0.547267 0.06 13.384 -0.612449 0.06 13.4386 -0.591486 0.045 13.4386 -0.591486 0.045 13.384 -0.612449 0.06 13.4004 -0.547267 0.06 14.3423 -0.594769 0.04 14.3248 -0.612654 0.04 14.354 -0.623737 0.161973 14.354 -0.623737 0.161973 14.3248 -0.612654 0.04 14.3423 -0.594769 0.04 14.321 -0.604311 0.04 14.346 -0.603112 0.04 14.3321 -0.575084 0.169062 14.3321 -0.575084 0.169062 14.346 -0.603112 0.04 14.321 -0.604311 0.04 14.3398 -0.614504 0.04 14.3272 -0.592919 0.04 14.3088 -0.618172 0.209791 14.3088 -0.618172 0.209791 14.3272 -0.592919 0.04 14.3398 -0.614504 0.04 14.3114 -0.698921 0.107366 14.43 -0.588047 0.107366 14.4483 -0.726533 0.302226 14.4483 -0.726533 0.302226 14.43 -0.588047 0.107366 14.3114 -0.698921 0.107366 14.347 -0.665659 0.107366 14.3944 -0.621309 0.107366 14.341 -0.611666 0.045 14.341 -0.611666 0.045 14.3944 -0.621309 0.107366 14.347 -0.665659 0.107366 14.4168 -0.655561 0.0645396 14.3478 -0.506693 0.0645396 14.4865 -0.532846 0.261423 14.4865 -0.532846 0.261423 14.3478 -0.506693 0.0645396 14.4168 -0.655561 0.0645396 14.3961 -0.610901 0.0645396 14.3685 -0.551353 0.0645396 14.3433 -0.599195 0.045 14.3433 -0.599195 0.045 14.3685 -0.551353 0.0645396 14.3961 -0.610901 0.0645396 14.3743 -0.499755 0.0859019 14.2244 -0.579724 0.0859019 14.2434 -0.434815 0.28977 14.2434 -0.434815 0.28977 14.2244 -0.579724 0.0859019 14.3743 -0.499755 0.0859019 14.3294 -0.523745 0.0859019 14.2694 -0.555733 0.0859019 14.3267 -0.590917 0.045 14.3267 -0.590917 0.045 14.2694 -0.555733 0.0859019 14.3294 -0.523745 0.0859019 14.2684 -0.511653 0.06 14.2591 -0.688419 0.06 14.14 -0.593518 0.266271 14.14 -0.593518 0.266271 14.2591 -0.688419 0.06 14.2684 -0.511653 0.06 14.2656 -0.564683 0.06 14.2619 -0.635389 0.06 14.3196 -0.602976 0.045 14.3196 -0.602976 0.045 14.2619 -0.635389 0.06 14.2656 -0.564683 0.06 14.2432 -0.653341 0.06 14.41 -0.672846 0.06 14.3129 -0.779896 0.257504 14.3129 -0.779896 0.257504 14.41 -0.672846 0.06 14.2432 -0.653341 0.06 14.2932 -0.659192 0.06 14.36 -0.666994 0.06 14.3321 -0.615588 0.045 14.3321 -0.615588 0.045 14.36 -0.666994 0.06 14.2932 -0.659192 0.06 15.2215 -0.582561 0.04 15.2412 -0.597913 0.04 15.249 -0.567617 0.161973 15.249 -0.567617 0.161973 15.2412 -0.597913 0.04 15.2215 -0.582561 0.04 15.2334 -0.602577 0.04 15.2294 -0.577898 0.04 15.2031 -0.594813 0.169062 15.2031 -0.594813 0.169062 15.2294 -0.577898 0.04 15.2334 -0.602577 0.04 15.2414 -0.58276 0.04 15.2213 -0.597714 0.04 15.2485 -0.613204 0.209791 15.2485 -0.613204 0.209791 15.2213 -0.597714 0.04 15.2414 -0.58276 0.04 15.3285 -0.601571 0.107366 15.205 -0.496114 0.107366 15.3405 -0.462406 0.302226 15.3405 -0.462406 0.302226 15.205 -0.496114 0.107366 15.3285 -0.601571 0.107366 15.2914 -0.569934 0.107366 15.242 -0.527751 0.107366 15.2384 -0.581958 0.045 15.2384 -0.581958 0.045 15.242 -0.527751 0.107366 15.2914 -0.569934 0.107366 15.2736 -0.501716 0.0645396 15.1334 -0.586949 0.0645396 15.1438 -0.446197 0.261423 15.1438 -0.446197 0.261423 15.1334 -0.586949 0.0645396 15.2736 -0.501716 0.0645396 15.2315 -0.527286 0.0645396 15.1754 -0.561379 0.0645396 15.2258 -0.581056 0.045 15.2258 -0.581056 0.045 15.1754 -0.561379 0.0645396 15.2315 -0.527286 0.0645396 15.1235 -0.561338 0.0859019 15.2198 -0.701315 0.0859019 15.0736 -0.698719 0.28977 15.0736 -0.698719 0.28977 15.2198 -0.701315 0.0859019 15.1235 -0.561338 0.0859019 15.1524 -0.603331 0.0859019 15.1909 -0.659322 0.0859019 15.2194 -0.598455 0.045 15.2194 -0.598455 0.045 15.1909 -0.659322 0.0859019 15.1524 -0.603331 0.0859019 15.1472 -0.665265 0.06 15.3239 -0.654693 0.06 15.2429 -0.783665 0.266271 15.2429 -0.783665 0.266271 15.3239 -0.654693 0.06 15.1472 -0.665265 0.06 15.2002 -0.662093 0.06 15.2709 -0.657865 0.06 15.2322 -0.604185 0.045 15.2322 -0.604185 0.045 15.2709 -0.657865 0.06 15.2002 -0.662093 0.06 15.2908 -0.674472 0.06 15.2915 -0.506477 0.06 15.4087 -0.590942 0.257504 15.4087 -0.590942 0.257504 15.2915 -0.506477 0.06 15.2908 -0.674472 0.06 15.291 -0.624074 0.06 15.2913 -0.556876 0.06 15.2433 -0.590285 0.045 15.2433 -0.590285 0.045 15.2913 -0.556876 0.06 15.291 -0.624074 0.06 16.1476 -0.624994 0.04 16.1603 -0.603449 0.04 16.1293 -0.599683 0.161973 16.1293 -0.599683 0.161973 16.1603 -0.603449 0.04 16.1476 -0.624994 0.04 16.166 -0.610652 0.04 16.142 -0.61779 0.04 16.1622 -0.641688 0.169062 16.1622 -0.641688 0.169062 16.142 -0.61779 0.04 16.166 -0.610652 0.04 16.1453 -0.605251 0.04 16.1627 -0.623191 0.04 16.1746 -0.594261 0.209791 16.1746 -0.594261 0.209791 16.1627 -0.623191 0.04 16.1453 -0.605251 0.04 16.1527 -0.516477 0.107366 16.064 -0.652516 0.107366 16.0132 -0.522428 0.302226 16.0132 -0.522428 0.302226 16.064 -0.652516 0.107366 16.1527 -0.516477 0.107366 16.1261 -0.557289 0.107366 16.0906 -0.611704 0.107366 16.1449 -0.608276 0.045 16.1449 -0.608276 0.045 16.0906 -0.611704 0.107366 16.1261 -0.557289 0.107366 16.0608 -0.583791 0.0645396 16.1634 -0.711833 0.0645396 16.0224 -0.719622 0.261423 16.0224 -0.719622 0.261423 16.1634 -0.711833 0.0645396 16.0608 -0.583791 0.0645396 16.0915 -0.622204 0.0645396 16.1326 -0.673421 0.0645396 16.1456 -0.620939 0.045 16.1456 -0.620939 0.045 16.1326 -0.673421 0.0645396 16.0915 -0.622204 0.0645396 16.1392 -0.724924 0.0859019 16.2656 -0.611416 0.0859019 16.2819 -0.756654 0.28977 16.2819 -0.756654 0.28977 16.2656 -0.611416 0.0859019 16.1392 -0.724924 0.0859019 16.1771 -0.690872 0.0859019 16.2277 -0.645468 0.0859019 16.1637 -0.625011 0.045 16.1637 -0.625011 0.045 16.2277 -0.645468 0.0859019 16.1771 -0.690872 0.0859019 16.2392 -0.688028 0.06 16.206 -0.514167 0.06 16.3443 -0.577823 0.266271 16.3443 -0.577823 0.266271 16.206 -0.514167 0.06 16.2392 -0.688028 0.06 16.2293 -0.63587 0.06 16.216 -0.566326 0.06 16.1677 -0.611597 0.045 16.1677 -0.611597 0.045 16.216 -0.566326 0.06 16.2293 -0.63587 0.06 16.2299 -0.544412 0.06 16.0632 -0.565395 0.06 16.1318 -0.438226 0.257504 16.1318 -0.438226 0.257504 16.0632 -0.565395 0.06 16.2299 -0.544412 0.06 16.1799 -0.550707 0.06 16.1132 -0.5591 0.06 16.1525 -0.602358 0.045 16.1525 -0.602358 0.045 16.1132 -0.5591 0.06 16.1799 -0.550707 0.06 17.0407 -0.637632 0.04 17.0177 -0.627832 0.04 17.0179 -0.659098 0.161973 17.0179 -0.659098 0.161973 17.0177 -0.627832 0.04 17.0407 -0.637632 0.04 17.0241 -0.621312 0.04 17.0342 -0.644152 0.04 17.0553 -0.621077 0.169062 17.0553 -0.621077 0.169062 17.0342 -0.644152 0.04 17.0241 -0.621312 0.04 17.0214 -0.64252 0.04 17.0369 -0.622943 0.04 17.0067 -0.614908 0.209791 17.0067 -0.614908 0.209791 17.0369 -0.622943 0.04 17.0214 -0.64252 0.04 16.9324 -0.646585 0.107366 17.0787 -0.716987 0.107366 16.9563 -0.784217 0.302226 16.9563 -0.784217 0.302226 17.0787 -0.716987 0.107366 16.9324 -0.646585 0.107366 16.9763 -0.667706 0.107366 17.0348 -0.695866 0.107366 17.0244 -0.642543 0.045 17.0244 -0.642543 0.045 17.0348 -0.695866 0.107366 16.9763 -0.667706 0.107366 17.011 -0.729095 0.0645396 17.1248 -0.610867 0.0645396 17.1506 -0.749611 0.261423 17.1506 -0.749611 0.261423 17.1248 -0.610867 0.0645396 17.011 -0.729095 0.0645396 17.0451 -0.693626 0.0645396 17.0906 -0.646335 0.0645396 17.0369 -0.640181 0.045 17.0369 -0.640181 0.045 17.0906 -0.646335 0.0645396 17.0451 -0.693626 0.0645396 17.1408 -0.633104 0.0859019 17.012 -0.522377 0.0859019 17.1539 -0.487546 0.28977 17.1539 -0.487546 0.28977 17.012 -0.522377 0.0859019 17.1408 -0.633104 0.0859019 17.1022 -0.599886 0.0859019 17.0506 -0.555595 0.0859019 17.0386 -0.621733 0.045 17.0386 -0.621733 0.045 17.0506 -0.555595 0.0859019 17.1022 -0.599886 0.0859019 17.0914 -0.538685 0.06 16.9232 -0.594058 0.06 16.9685 -0.448683 0.266271 16.9685 -0.448683 0.266271 16.9232 -0.594058 0.06 17.0914 -0.538685 0.06 17.0409 -0.555297 0.06 16.9737 -0.577446 0.06 17.0248 -0.61946 0.045 17.0248 -0.61946 0.045 16.9737 -0.577446 0.06 17.0409 -0.555297 0.06 16.9502 -0.566486 0.06 16.9924 -0.729074 0.06 16.8575 -0.677379 0.257504 16.8575 -0.677379 0.257504 16.9924 -0.729074 0.06 16.9502 -0.566486 0.06 16.9628 -0.615262 0.06 16.9798 -0.680297 0.06 17.0176 -0.635741 0.045 17.0176 -0.635741 0.045 16.9798 -0.680297 0.06 16.9628 -0.615262 0.06 17.9886 -0.611755 0.04 17.9818 -0.635825 0.04 18.0128 -0.631534 0.161973 18.0128 -0.631534 0.161973 17.9818 -0.635825 0.04 17.9886 -0.611755 0.04 17.9745 -0.630302 0.04 17.9959 -0.617278 0.04 17.9703 -0.599326 0.169062 17.9703 -0.599326 0.169062 17.9959 -0.617278 0.04 17.9745 -0.630302 0.04 17.9959 -0.630237 0.04 17.9745 -0.617342 0.04 17.9704 -0.648343 0.209791 17.9704 -0.648343 0.209791 17.9745 -0.617342 0.04 17.9959 -0.630237 0.04 18.0114 -0.717964 0.107366 18.0624 -0.563784 0.107366 18.1448 -0.676547 0.302226 18.1448 -0.676547 0.302226 18.0624 -0.563784 0.107366 18.0114 -0.717964 0.107366 18.0267 -0.67171 0.107366 18.0471 -0.610038 0.107366 17.9955 -0.627207 0.045 17.9955 -0.627207 0.045 18.0471 -0.610038 0.107366 18.0267 -0.67171 0.107366 18.0831 -0.629389 0.0645396 17.9512 -0.531812 0.0645396 18.0855 -0.48827 0.261423 18.0855 -0.48827 0.261423 17.9512 -0.531812 0.0645396 18.0831 -0.629389 0.0645396 18.0435 -0.600116 0.0645396 17.9908 -0.561085 0.0645396 17.9916 -0.615152 0.045 17.9916 -0.615152 0.045 17.9908 -0.561085 0.0645396 18.0435 -0.600116 0.0645396 17.9712 -0.512991 0.0859019 17.878 -0.655033 0.0859019 17.8252 -0.51877 0.28977 17.8252 -0.51877 0.28977 17.878 -0.655033 0.0859019 17.9712 -0.512991 0.0859019 17.9432 -0.555604 0.0859019 17.9059 -0.61242 0.0859019 17.9731 -0.615834 0.045 17.9731 -0.615834 0.045 17.9059 -0.61242 0.0859019 17.9432 -0.555604 0.0859019 17.8839 -0.574218 0.06 17.9605 -0.733809 0.06 17.8105 -0.707615 0.266271 17.8105 -0.707615 0.266271 17.9605 -0.733809 0.06 17.8839 -0.574218 0.06 17.9069 -0.622095 0.06 17.9375 -0.685932 0.06 17.9726 -0.629835 0.045 17.9726 -0.629835 0.045 17.9375 -0.685932 0.06 17.9069 -0.622095 0.06 17.9297 -0.71067 0.06 18.0855 -0.64779 0.06 18.0516 -0.78828 0.257504 18.0516 -0.78828 0.257504 18.0855 -0.64779 0.06 17.9297 -0.71067 0.06 17.9764 -0.691806 0.06 18.0387 -0.666654 0.06 17.9897 -0.634878 0.045 17.9897 -0.634878 0.045 18.0387 -0.666654 0.06 17.9764 -0.691806 0.06 18.8124 -0.593521 0.04 18.8371 -0.597534 0.04 18.8293 -0.567239 0.161973 18.8293 -0.567239 0.161973 18.8371 -0.597534 0.04 18.8124 -0.593521 0.04 18.8324 -0.6054 0.04 18.8171 -0.585655 0.04 18.8021 -0.613108 0.169062 18.8021 -0.613108 0.169062 18.8171 -0.585655 0.04 18.8324 -0.6054 0.04 18.8299 -0.584163 0.04 18.8195 -0.606892 0.04 18.8508 -0.607464 0.209791 18.8508 -0.607464 0.209791 18.8195 -0.606892 0.04 18.8299 -0.584163 0.04 18.9154 -0.558925 0.107366 18.7564 -0.525577 0.107366 18.8592 -0.431005 0.302226 18.8592 -0.431005 0.302226 18.7564 -0.525577 0.107366 18.9154 -0.558925 0.107366 18.8677 -0.548921 0.107366 18.8041 -0.535581 0.107366 18.827 -0.584872 0.045 18.827 -0.584872 0.045 18.8041 -0.535581 0.107366 18.8677 -0.548921 0.107366 18.8193 -0.497617 0.0645396 18.7371 -0.639628 0.0645396 18.6788 -0.511105 0.261423 18.6788 -0.511105 0.261423 18.7371 -0.639628 0.0645396 18.8193 -0.497617 0.0645396 18.7947 -0.54022 0.0645396 18.7618 -0.597024 0.0645396 18.8154 -0.590146 0.045 18.8154 -0.590146 0.045 18.7618 -0.597024 0.0645396 18.7947 -0.54022 0.0645396 18.7162 -0.621886 0.0859019 18.8678 -0.69857 0.0859019 18.7383 -0.766347 0.28977 18.7383 -0.766347 0.28977 18.8678 -0.69857 0.0859019 18.7162 -0.621886 0.0859019 18.7617 -0.644891 0.0859019 18.8223 -0.675565 0.0859019 18.8182 -0.608467 0.045 18.8182 -0.608467 0.045 18.8223 -0.675565 0.0859019 18.7617 -0.644891 0.0859019 18.7868 -0.701726 0.06 18.9368 -0.607737 0.06 18.9276 -0.759728 0.266271 18.9276 -0.759728 0.266271 18.9368 -0.607737 0.06 18.7868 -0.701726 0.06 18.8318 -0.673529 0.06 18.8918 -0.635933 0.06 18.8321 -0.607368 0.045 18.8321 -0.607368 0.045 18.8918 -0.635933 0.06 18.8318 -0.673529 0.06 18.9173 -0.640948 0.06 18.8373 -0.493198 0.06 18.9807 -0.511104 0.257504 18.9807 -0.511104 0.257504 18.8373 -0.493198 0.06 18.9173 -0.640948 0.06 18.8933 -0.596623 0.06 18.8613 -0.537523 0.06 18.8352 -0.589837 0.045 18.8352 -0.589837 0.045 18.8613 -0.537523 0.06 18.8933 -0.596623 0.06 19.7488 -0.609355 0.04 19.7496 -0.584368 0.04 19.7206 -0.595944 0.161973 19.7206 -0.595944 0.161973 19.7496 -0.584368 0.04 19.7488 -0.609355 0.04 19.758 -0.587986 0.04 19.7404 -0.605737 0.04 19.7696 -0.617042 0.169062 19.7696 -0.617042 0.169062 19.7404 -0.605737 0.04 19.758 -0.587986 0.04 19.7373 -0.593163 0.04 19.7612 -0.600559 0.04 19.7577 -0.569484 0.209791 19.7577 -0.569484 0.209791 19.7612 -0.600559 0.04 19.7373 -0.593163 0.04 19.7012 -0.511692 0.107366 19.6887 -0.673587 0.107366 19.5816 -0.583824 0.302226 19.5816 -0.583824 0.302226 19.6887 -0.673587 0.107366 19.7012 -0.511692 0.107366 19.6975 -0.56026 0.107366 19.6924 -0.625018 0.107366 19.7384 -0.596017 0.045 19.7384 -0.596017 0.045 19.6924 -0.625018 0.107366 19.6975 -0.56026 0.107366 19.6528 -0.614848 0.0645396 19.8042 -0.678033 0.0645396 19.6843 -0.752431 0.261423 19.6843 -0.752431 0.261423 19.8042 -0.678033 0.0645396 19.6528 -0.614848 0.0645396 19.6982 -0.633803 0.0645396 19.7588 -0.659078 0.0645396 19.7451 -0.606777 0.045 19.7451 -0.606777 0.045 19.7588 -0.659078 0.0645396 19.6982 -0.633803 0.0645396 19.7893 -0.701088 0.0859019 19.8459 -0.540873 0.0859019 19.9298 -0.660539 0.28977 19.9298 -0.660539 0.28977 19.8459 -0.540873 0.0859019 19.7893 -0.701088 0.0859019 19.8063 -0.653023 0.0859019 19.8289 -0.588937 0.0859019 19.7629 -0.601685 0.045 19.7629 -0.601685 0.045 19.8289 -0.588937 0.0859019 19.8063 -0.653023 0.0859019 19.8594 -0.620763 0.06 19.7469 -0.484126 0.06 19.8988 -0.473672 0.266271 19.8988 -0.473672 0.266271 19.7469 -0.484126 0.06 19.8594 -0.620763 0.06 19.8257 -0.579772 0.06 19.7806 -0.525118 0.06 19.76 -0.587978 0.045 19.76 -0.587978 0.045 19.7806 -0.525118 0.06 19.8257 -0.579772 0.06 19.7823 -0.499222 0.06 19.6461 -0.597548 0.06 19.6454 -0.453033 0.257504 19.6454 -0.453033 0.257504 19.6461 -0.597548 0.06 19.7823 -0.499222 0.06 19.7415 -0.52872 0.06 19.687 -0.56805 0.06 19.7422 -0.587166 0.045 19.7422 -0.587166 0.045 19.687 -0.56805 0.06 19.7415 -0.52872 0.06 20.6779 -0.570174 0.04 20.653 -0.5726 0.04 20.6682 -0.599912 0.161973 20.6682 -0.599912 0.161973 20.653 -0.5726 0.04 20.6779 -0.570174 0.04 20.6555 -0.563802 0.04 20.6754 -0.578972 0.04 20.6828 -0.548607 0.169062 20.6828 -0.548607 0.169062 20.6754 -0.578972 0.04 20.6555 -0.563802 0.04 20.6633 -0.583705 0.04 20.6676 -0.55907 0.04 20.6372 -0.566506 0.209791 20.6372 -0.566506 0.209791 20.6676 -0.55907 0.04 20.6633 -0.583705 0.04 20.5872 -0.629937 0.107366 20.7493 -0.621566 0.107366 20.6741 -0.73927 0.302226 20.6741 -0.73927 0.302226 20.7493 -0.621566 0.107366 20.5872 -0.629937 0.107366 20.6358 -0.627426 0.107366 20.7007 -0.624077 0.107366 20.666 -0.58226 0.045 20.666 -0.58226 0.045 20.7007 -0.624077 0.107366 20.6358 -0.627426 0.107366 20.6957 -0.664663 0.0645396 20.7389 -0.50637 0.0645396 20.8281 -0.615721 0.261423 20.8281 -0.615721 0.261423 20.7389 -0.50637 0.0645396 20.6957 -0.664663 0.0645396 20.7087 -0.617175 0.0645396 20.7259 -0.553858 0.0645396 20.6758 -0.574213 0.045 20.6758 -0.574213 0.045 20.7259 -0.553858 0.0645396 20.7087 -0.617175 0.0645396 20.7636 -0.518171 0.0859019 20.5975 -0.482772 0.0859019 20.7053 -0.384159 0.28977 20.7053 -0.384159 0.28977 20.5975 -0.482772 0.0859019 20.7636 -0.518171 0.0859019 20.7138 -0.507551 0.0859019 20.6473 -0.493392 0.0859019 20.6685 -0.557204 0.045 20.6685 -0.557204 0.045 20.6473 -0.493392 0.0859019 20.7138 -0.507551 0.0859019 20.675 -0.459029 0.06 20.554 -0.588229 0.06 20.524 -0.438931 0.266271 20.524 -0.438931 0.266271 20.554 -0.588229 0.06 20.675 -0.459029 0.06 20.6387 -0.49779 0.06 20.5903 -0.549469 0.06 20.6553 -0.561836 0.045 20.6553 -0.561836 0.045 20.5903 -0.549469 0.06 20.6387 -0.49779 0.06 20.5644 -0.551127 0.06 20.6794 -0.67354 0.06 20.5362 -0.692873 0.257504 20.5362 -0.692873 0.257504 20.6794 -0.67354 0.06 20.5644 -0.551127 0.06 20.5989 -0.587851 0.06 20.6449 -0.636816 0.06 20.6567 -0.579577 0.045 20.6567 -0.579577 0.045 20.6449 -0.636816 0.06 20.5989 -0.587851 0.06 21.5604 -0.558532 0.04 21.5656 -0.582985 0.04 21.591 -0.564796 0.161973 21.591 -0.564796 0.161973 21.5656 -0.582985 0.04 21.5604 -0.558532 0.04 21.5566 -0.581482 0.04 21.5694 -0.560035 0.04 21.5384 -0.556032 0.169062 21.5384 -0.556032 0.169062 21.5694 -0.560035 0.04 21.5566 -0.581482 0.04 21.5755 -0.571493 0.04 21.5505 -0.570024 0.04 21.5613 -0.599369 0.209791 21.5613 -0.599369 0.209791 21.5505 -0.570024 0.04 21.5755 -0.571493 0.04 21.6299 -0.641976 0.107366 21.6034 -0.48177 0.107366 21.7288 -0.54332 0.302226 21.7288 -0.54332 0.302226 21.6034 -0.48177 0.107366 21.6299 -0.641976 0.107366 21.622 -0.593914 0.107366 21.6114 -0.529832 0.107366 21.5737 -0.568982 0.045 21.5737 -0.568982 0.045 21.6114 -0.529832 0.107366 21.622 -0.593914 0.107366 21.6523 -0.530232 0.0645396 21.4901 -0.505107 0.0645396 21.5888 -0.404175 0.261423 21.5888 -0.404175 0.261423 21.4901 -0.505107 0.0645396 21.6523 -0.530232 0.0645396 21.6036 -0.522694 0.0645396 21.5388 -0.512644 0.0645396 21.5646 -0.560141 0.045 21.5646 -0.560141 0.045 21.5388 -0.512644 0.0645396 21.6036 -0.522694 0.0645396 21.4991 -0.479158 0.0859019 21.4826 -0.648241 0.0859019 21.3725 -0.552121 0.28977 21.3725 -0.552121 0.28977 21.4826 -0.648241 0.0859019 21.4991 -0.479158 0.0859019 21.4941 -0.529883 0.0859019 21.4875 -0.597516 0.0859019 21.5486 -0.569347 0.045 21.5486 -0.569347 0.045 21.4875 -0.597516 0.0859019 21.4941 -0.529883 0.0859019 21.4503 -0.573915 0.06 21.5922 -0.679661 0.06 21.4472 -0.726156 0.266271 21.4472 -0.726156 0.266271 21.5922 -0.679661 0.06 21.4503 -0.573915 0.06 21.4929 -0.605639 0.06 21.5496 -0.647937 0.06 21.5546 -0.581964 0.045 21.5546 -0.581964 0.045 21.5496 -0.647937 0.06 21.4929 -0.605639 0.06 21.5542 -0.673485 0.06 21.6629 -0.545425 0.06 21.6982 -0.685571 0.257504 21.6982 -0.685571 0.257504 21.6629 -0.545425 0.06 21.5542 -0.673485 0.06 21.5868 -0.635067 0.06 21.6303 -0.583843 0.06 21.5721 -0.578498 0.045 21.5721 -0.578498 0.045 21.6303 -0.583843 0.06 21.5868 -0.635067 0.06 22.4092 -0.609352 0.04 22.4328 -0.601043 0.04 22.4115 -0.578166 0.161973 22.4115 -0.578166 0.161973 22.4328 -0.601043 0.04 22.4092 -0.609352 0.04 22.4325 -0.610185 0.04 22.4096 -0.60021 0.04 22.4096 -0.631477 0.169062 22.4096 -0.631477 0.169062 22.4096 -0.60021 0.04 22.4325 -0.610185 0.04 22.4202 -0.592728 0.04 22.4219 -0.617666 0.04 22.4496 -0.60318 0.209791 22.4496 -0.60318 0.209791 22.4219 -0.617666 0.04 22.4202 -0.592728 0.04 22.483 -0.52962 0.107366 22.3276 -0.576546 0.107366 22.3725 -0.444264 0.302226 22.3725 -0.444264 0.302226 22.3276 -0.576546 0.107366 22.483 -0.52962 0.107366 22.4364 -0.543698 0.107366 22.3742 -0.562469 0.107366 22.4179 -0.594775 0.045 22.4179 -0.594775 0.045 22.3742 -0.562469 0.107366 22.4364 -0.543698 0.107366 22.3693 -0.521869 0.0645396 22.3653 -0.685889 0.0645396 22.2525 -0.601062 0.261423 22.2525 -0.601062 0.261423 22.3653 -0.685889 0.0645396 22.3693 -0.521869 0.0645396 22.3681 -0.571075 0.0645396 22.3665 -0.636683 0.0645396 22.4103 -0.604934 0.045 22.4103 -0.604934 0.045 22.3665 -0.636683 0.0645396 22.3681 -0.571075 0.0645396 22.3384 -0.68036 0.0859019 22.5082 -0.674977 0.0859019 22.4271 -0.796531 0.28977 22.4271 -0.796531 0.28977 22.5082 -0.674977 0.0859019 22.3384 -0.68036 0.0859019 22.3894 -0.678745 0.0859019 22.4573 -0.676592 0.0859019 22.4215 -0.619692 0.045 22.4215 -0.619692 0.045 22.4573 -0.676592 0.0859019 22.3894 -0.678745 0.0859019 22.4387 -0.716566 0.06 22.5253 -0.56217 0.06 22.59 -0.699969 0.266271 22.59 -0.699969 0.266271 22.5253 -0.56217 0.06 22.4387 -0.716566 0.06 22.4647 -0.670247 0.06 22.4993 -0.608489 0.06 22.4332 -0.612032 0.045 22.4332 -0.612032 0.045 22.4993 -0.608489 0.06 22.4647 -0.670247 0.06 22.524 -0.600683 0.06 22.383 -0.509352 0.06 22.5175 -0.456316 0.257504 22.5175 -0.456316 0.257504 22.383 -0.509352 0.06 22.524 -0.600683 0.06 22.4817 -0.573284 0.06 22.4253 -0.536752 0.06 22.4275 -0.595162 0.045 22.4275 -0.595162 0.045 22.4253 -0.536752 0.06 22.4817 -0.573284 0.06 23.3804 -0.56623 0.04 23.3691 -0.543918 0.04 23.3492 -0.568003 0.161973 23.3492 -0.568003 0.161973 23.3691 -0.543918 0.04 23.3804 -0.56623 0.04 23.3782 -0.543065 0.04 23.3713 -0.567083 0.04 23.4023 -0.563029 0.169062 23.4023 -0.563029 0.169062 23.3713 -0.567083 0.04 23.3782 -0.543065 0.04 23.3625 -0.557553 0.04 23.387 -0.552595 0.04 23.369 -0.526984 0.209791 23.369 -0.526984 0.209791 23.387 -0.552595 0.04 23.3625 -0.557553 0.04 23.2918 -0.503332 0.107366 23.3584 -0.651446 0.107366 23.2214 -0.623984 0.302226 23.2214 -0.623984 0.302226 23.3584 -0.651446 0.107366 23.2918 -0.503332 0.107366 23.3118 -0.547766 0.107366 23.3384 -0.607012 0.107366 23.3648 -0.559537 0.045 23.3648 -0.559537 0.045 23.3384 -0.607012 0.107366 23.3118 -0.547766 0.107366 23.2988 -0.617074 0.0645396 23.4619 -0.599933 0.0645396 23.3923 -0.722723 0.261423 23.3923 -0.722723 0.261423 23.4619 -0.599933 0.0645396 23.2988 -0.617074 0.0645396 23.3477 -0.611932 0.0645396 23.413 -0.605075 0.0645396 23.3759 -0.56576 0.045 23.3759 -0.56576 0.045 23.413 -0.605075 0.0645396 23.3477 -0.611932 0.0645396 23.4599 -0.627307 0.0859019 23.4327 -0.459611 0.0859019 23.5637 -0.524407 0.28977 23.5637 -0.524407 0.28977 23.4327 -0.459611 0.0859019 23.4599 -0.627307 0.0859019 23.4517 -0.576998 0.0859019 23.4409 -0.509919 0.0859019 23.389 -0.552751 0.045 23.389 -0.552751 0.045 23.4409 -0.509919 0.0859019 23.4517 -0.576998 0.0859019 23.4829 -0.523219 0.06 23.3186 -0.45726 0.06 23.4469 -0.375256 0.266271 23.4469 -0.375256 0.266271 23.3186 -0.45726 0.06 23.4829 -0.523219 0.06 23.4336 -0.503432 0.06 23.3679 -0.477048 0.06 23.3799 -0.542107 0.045 23.3799 -0.542107 0.045 23.3679 -0.477048 0.06 23.4336 -0.503432 0.06 23.357 -0.453511 0.06 23.2846 -0.605106 0.06 23.2147 -0.478627 0.257504 23.2147 -0.478627 0.257504 23.2846 -0.605106 0.06 23.357 -0.453511 0.06 23.3353 -0.498989 0.06 23.3063 -0.559627 0.06 23.3639 -0.549921 0.045 23.3639 -0.549921 0.045 23.3063 -0.559627 0.06 23.3353 -0.498989 0.06 24.2874 -0.613048 0.04 24.2667 -0.627106 0.04 24.2932 -0.643777 0.161973 24.2932 -0.643777 0.161973 24.2667 -0.627106 0.04 24.2874 -0.613048 0.04 24.2647 -0.618184 0.04 24.2894 -0.62197 0.04 24.2814 -0.591748 0.169062 24.2814 -0.591748 0.169062 24.2894 -0.62197 0.04 24.2647 -0.618184 0.04 24.2811 -0.631907 0.04 24.273 -0.608247 0.04 24.25 -0.629333 0.209791 24.25 -0.629333 0.209791 24.273 -0.608247 0.04 24.2811 -0.631907 0.04 24.2365 -0.708987 0.107366 24.3748 -0.623894 0.107366 24.3652 -0.763253 0.302226 24.3652 -0.763253 0.302226 24.3748 -0.623894 0.107366 24.2365 -0.708987 0.107366 24.2779 -0.68346 0.107366 24.3333 -0.649422 0.107366 24.2828 -0.62935 0.045 24.2828 -0.62935 0.045 24.3333 -0.649422 0.107366 24.2779 -0.68346 0.107366 24.3484 -0.687428 0.0645396 24.3103 -0.527826 0.0645396 24.4411 -0.581012 0.261423 24.4411 -0.581012 0.261423 24.3103 -0.527826 0.0645396 24.3484 -0.687428 0.0645396 24.3369 -0.639548 0.0645396 24.3217 -0.575706 0.0645396 24.2875 -0.617587 0.045 24.2875 -0.617587 0.045 24.3217 -0.575706 0.0645396 24.3369 -0.639548 0.0645396 24.3377 -0.526301 0.0859019 24.1749 -0.574898 0.0859019 24.2223 -0.436646 0.28977 24.2223 -0.436646 0.28977 24.1749 -0.574898 0.0859019 24.3377 -0.526301 0.0859019 24.2889 -0.54088 0.0859019 24.2238 -0.560319 0.0859019 24.2729 -0.606182 0.045 24.2729 -0.606182 0.045 24.2238 -0.560319 0.0859019 24.2889 -0.54088 0.0859019 24.2316 -0.516917 0.06 24.1873 -0.68831 0.06 24.0895 -0.571643 0.266271 24.0895 -0.571643 0.266271 24.1873 -0.68831 0.06 24.2316 -0.516917 0.06 24.2183 -0.568335 0.06 24.2006 -0.636892 0.06 24.2636 -0.616584 0.045 24.2636 -0.616584 0.045 24.2006 -0.636892 0.06 24.2183 -0.568335 0.06 24.1787 -0.650763 0.06 24.3383 -0.70303 0.06 24.2219 -0.788658 0.257504 24.2219 -0.788658 0.257504 24.3383 -0.70303 0.06 24.1787 -0.650763 0.06 24.2266 -0.666443 0.06 24.2904 -0.687349 0.06 24.2734 -0.631441 0.045 24.2734 -0.631441 0.045 24.2904 -0.687349 0.06 24.2266 -0.666443 0.06 25.175 -0.55664 0.04 25.1913 -0.575606 0.04 25.2049 -0.54745 0.161973 25.2049 -0.54745 0.161973 25.1913 -0.575606 0.04 25.175 -0.55664 0.04 25.1826 -0.578613 0.04 25.1836 -0.553633 0.04 25.1545 -0.564987 0.169062 25.1545 -0.564987 0.169062 25.1836 -0.553633 0.04 25.1826 -0.578613 0.04 25.1944 -0.560785 0.04 25.1718 -0.571461 0.04 25.1954 -0.592038 0.209791 25.1954 -0.592038 0.209791 25.1718 -0.571461 0.04 25.1944 -0.560785 0.04 25.276 -0.596521 0.107366 25.176 -0.468634 0.107366 25.3155 -0.46253 0.302226 25.3155 -0.46253 0.302226 25.176 -0.468634 0.107366 25.276 -0.596521 0.107366 25.246 -0.558155 0.107366 25.206 -0.507 0.107366 25.1917 -0.559414 0.045 25.1917 -0.559414 0.045 25.206 -0.507 0.107366 25.246 -0.558155 0.107366 25.2421 -0.487747 0.0645396 25.0877 -0.54343 0.0645396 25.1259 -0.407556 0.261423 25.1259 -0.407556 0.261423 25.0877 -0.54343 0.0645396 25.2421 -0.487747 0.0645396 25.1958 -0.504452 0.0645396 25.134 -0.526725 0.0645396 25.1795 -0.556016 0.045 25.1795 -0.556016 0.045 25.134 -0.526725 0.0645396 25.1958 -0.504452 0.0645396 25.0831 -0.516368 0.0859019 25.1497 -0.672682 0.0859019 25.007 -0.641108 0.28977 25.007 -0.641108 0.28977 25.1497 -0.672682 0.0859019 25.0831 -0.516368 0.0859019 25.1031 -0.563262 0.0859019 25.1297 -0.625788 0.0859019 25.1698 -0.571803 0.045 25.1698 -0.571803 0.045 25.1297 -0.625788 0.0859019 25.1031 -0.563262 0.0859019 25.0857 -0.622932 0.06 25.261 -0.647675 0.06 25.156 -0.757994 0.266271 25.156 -0.757994 0.266271 25.261 -0.647675 0.06 25.0857 -0.622932 0.06 25.1383 -0.630355 0.06 25.2084 -0.640252 0.06 25.1812 -0.579959 0.045 25.1812 -0.579959 0.045 25.2084 -0.640252 0.06 25.1383 -0.630355 0.06 25.2247 -0.66049 0.06 25.2587 -0.495976 0.06 25.3568 -0.602055 0.257504 25.3568 -0.602055 0.257504 25.2587 -0.495976 0.06 25.2247 -0.66049 0.06 25.2349 -0.611136 0.06 25.2485 -0.545331 0.06 25.1948 -0.568545 0.045 25.1948 -0.568545 0.045 25.2485 -0.545331 0.06 25.2349 -0.611136 0.06 26.0356 -0.595009 0.04 26.0523 -0.576413 0.04 26.0227 -0.566556 0.161973 26.0227 -0.566556 0.161973 26.0523 -0.576413 0.04 26.0356 -0.595009 0.04 26.0564 -0.584593 0.04 26.0315 -0.586829 0.04 26.0466 -0.614256 0.169062 26.0466 -0.614256 0.169062 26.0315 -0.586829 0.04 26.0564 -0.584593 0.04 26.0372 -0.57519 0.04 26.0507 -0.596232 0.04 26.0681 -0.570235 0.209791 26.0681 -0.570235 0.209791 26.0507 -0.596232 0.04 26.0372 -0.57519 0.04 26.0622 -0.489663 0.107366 25.9482 -0.605374 0.107366 25.9242 -0.467769 0.302226 25.9242 -0.467769 0.302226 25.9482 -0.605374 0.107366 26.0622 -0.489663 0.107366 26.028 -0.524376 0.107366 25.9824 -0.570661 0.107366 26.0362 -0.578073 0.045 26.0362 -0.578073 0.045 25.9824 -0.570661 0.107366 26.028 -0.524376 0.107366 25.9587 -0.537367 0.0645396 26.0338 -0.683238 0.0645396 25.8941 -0.662875 0.261423 25.8941 -0.662875 0.261423 26.0338 -0.683238 0.0645396 25.9587 -0.537367 0.0645396 25.9812 -0.581129 0.0645396 26.0112 -0.639477 0.0645396 26.0344 -0.590629 0.045 26.0344 -0.590629 0.045 26.0112 -0.639477 0.0645396 25.9812 -0.581129 0.0645396 26.0075 -0.691275 0.0859019 26.154 -0.605142 0.0859019 26.141 -0.750714 0.28977 26.141 -0.750714 0.28977 26.154 -0.605142 0.0859019 26.0075 -0.691275 0.0859019 26.0515 -0.665435 0.0859019 26.11 -0.630982 0.0859019 26.0513 -0.598211 0.045 26.0513 -0.598211 0.045 26.11 -0.630982 0.0859019 26.0515 -0.665435 0.0859019 26.1129 -0.674983 0.06 26.1148 -0.497982 0.06 26.2378 -0.58785 0.266271 26.2378 -0.58785 0.266271 26.1148 -0.497982 0.06 26.1129 -0.674983 0.06 26.1135 -0.621883 0.06 26.1142 -0.551082 0.06 26.058 -0.585865 0.045 26.058 -0.585865 0.045 26.1142 -0.551082 0.06 26.1135 -0.621883 0.06 26.1322 -0.532367 0.06 25.9647 -0.519817 0.06 26.0572 -0.408822 0.257504 26.0572 -0.408822 0.257504 25.9647 -0.519817 0.06 26.1322 -0.532367 0.06 26.082 -0.528602 0.06 26.015 -0.523582 0.06 26.0449 -0.573787 0.045 26.0449 -0.573787 0.045 26.015 -0.523582 0.06 26.082 -0.528602 0.06 26.9118 -0.597201 0.04 26.8912 -0.583027 0.04 26.8853 -0.613723 0.161973 26.8853 -0.613723 0.161973 26.8912 -0.583027 0.04 26.9118 -0.597201 0.04 26.8988 -0.577912 0.04 26.9042 -0.602316 0.04 26.9295 -0.583894 0.169062 26.9295 -0.583894 0.169062 26.9042 -0.602316 0.04 26.8988 -0.577912 0.04 26.8919 -0.598163 0.04 26.9111 -0.582065 0.04 26.883 -0.568187 0.209791 26.883 -0.568187 0.209791 26.9111 -0.582065 0.04 26.8919 -0.598163 0.04 26.8039 -0.584467 0.107366 26.9333 -0.682536 0.107366 26.8 -0.7241 0.302226 26.8 -0.7241 0.302226 26.9333 -0.682536 0.107366 26.8039 -0.584467 0.107366 26.8427 -0.613888 0.107366 26.8945 -0.653115 0.107366 26.8949 -0.598791 0.045 26.8949 -0.598791 0.045 26.8945 -0.653115 0.107366 26.8427 -0.613888 0.107366 26.8646 -0.680947 0.0645396 26.9995 -0.587676 0.0645396 26.9973 -0.728796 0.261423 26.9973 -0.728796 0.261423 26.9995 -0.587676 0.0645396 26.8646 -0.680947 0.0645396 26.905 -0.652966 0.0645396 26.959 -0.615657 0.0645396 26.9076 -0.598953 0.045 26.9076 -0.598953 0.045 26.959 -0.615657 0.0645396 26.905 -0.652966 0.0645396 27.0109 -0.612667 0.0859019 26.9066 -0.478548 0.0859019 27.0526 -0.47261 0.28977 27.0526 -0.47261 0.28977 26.9066 -0.478548 0.0859019 27.0109 -0.612667 0.0859019 26.9796 -0.572431 0.0859019 26.9379 -0.518784 0.0859019 26.913 -0.581213 0.045 26.913 -0.581213 0.045 26.9379 -0.518784 0.0859019 26.9796 -0.572431 0.0859019 26.9812 -0.510301 0.06 26.8054 -0.531168 0.06 26.8787 -0.397691 0.266271 26.8787 -0.397691 0.266271 26.8054 -0.531168 0.06 26.9812 -0.510301 0.06 26.9284 -0.516561 0.06 26.8581 -0.524908 0.06 26.8999 -0.576238 0.045 26.8999 -0.576238 0.045 26.8581 -0.524908 0.06 26.9284 -0.516561 0.06 26.8372 -0.509493 0.06 26.8464 -0.677241 0.06 26.7244 -0.599764 0.257504 26.7244 -0.599764 0.257504 26.8464 -0.677241 0.06 26.8372 -0.509493 0.06 26.84 -0.559817 0.06 26.8436 -0.626916 0.06 26.8896 -0.590764 0.045 26.8896 -0.590764 0.045 26.8436 -0.626916 0.06 26.84 -0.559817 0.06 27.8364 -0.617747 0.04 27.825 -0.639995 0.04 27.8562 -0.641943 0.161973 27.8562 -0.641943 0.161973 27.825 -0.639995 0.04 27.8364 -0.617747 0.04 27.819 -0.633133 0.04 27.8425 -0.624608 0.04 27.8209 -0.601928 0.169062 27.8209 -0.601928 0.169062 27.8425 -0.624608 0.04 27.819 -0.633133 0.04 27.8399 -0.637317 0.04 27.8215 -0.620424 0.04 27.8113 -0.649998 0.209791 27.8113 -0.649998 0.209791 27.8215 -0.620424 0.04 27.8399 -0.637317 0.04 27.8377 -0.726374 0.107366 27.9183 -0.585392 0.107366 27.9767 -0.712286 0.302226 27.9767 -0.712286 0.302226 27.9183 -0.585392 0.107366 27.8377 -0.726374 0.107366 27.8619 -0.684079 0.107366 27.8941 -0.627686 0.107366 27.8402 -0.634273 0.045 27.8402 -0.634273 0.045 27.8941 -0.627686 0.107366 27.8619 -0.684079 0.107366 27.9255 -0.653808 0.0645396 27.8157 -0.531972 0.0645396 27.9559 -0.51597 0.261423 27.9559 -0.51597 0.261423 27.8157 -0.531972 0.0645396 27.9255 -0.653808 0.0645396 27.8926 -0.617257 0.0645396 27.8486 -0.568523 0.0645396 27.8387 -0.621675 0.045 27.8387 -0.621675 0.045 27.8486 -0.568523 0.0645396 27.8926 -0.617257 0.0645396 27.839 -0.517495 0.0859019 27.7194 -0.638189 0.0859019 27.6947 -0.494147 0.28977 27.6947 -0.494147 0.28977 27.7194 -0.638189 0.0859019 27.839 -0.517495 0.0859019 27.8031 -0.553703 0.0859019 27.7553 -0.601981 0.0859019 27.8204 -0.618665 0.045 27.8204 -0.618665 0.045 27.7553 -0.601981 0.0859019 27.8031 -0.553703 0.0859019 27.7413 -0.560166 0.06 27.7846 -0.731789 0.06 27.6428 -0.676317 0.266271 27.6428 -0.676317 0.266271 27.7846 -0.731789 0.06 27.7413 -0.560166 0.06 27.7543 -0.611653 0.06 27.7716 -0.680302 0.06 27.8172 -0.632292 0.045 27.8172 -0.632292 0.045 27.7716 -0.680302 0.06 27.7543 -0.611653 0.06 27.759 -0.70299 0.06 27.9242 -0.672313 0.06 27.8631 -0.803273 0.257504 27.8631 -0.803273 0.257504 27.9242 -0.672313 0.06 27.759 -0.70299 0.06 27.8086 -0.693787 0.06 27.8747 -0.681516 0.06 27.8329 -0.640627 0.045 27.8329 -0.640627 0.045 27.8747 -0.681516 0.06 27.8086 -0.693787 0.06 28.7187 -0.60031 0.04 28.7421 -0.609145 0.04 28.7405 -0.577917 0.161973 28.7405 -0.577917 0.161973 28.7421 -0.609145 0.04 28.7187 -0.60031 0.04 28.736 -0.615927 0.04 28.7249 -0.593529 0.04 28.7047 -0.617461 0.169062 28.7047 -0.617461 0.169062 28.7249 -0.593529 0.04 28.736 -0.615927 0.04 28.7378 -0.594624 0.04 28.723 -0.614831 0.04 28.7536 -0.621603 0.209791 28.7536 -0.621603 0.209791 28.723 -0.614831 0.04 28.7378 -0.594624 0.04 28.8265 -0.586863 0.107366 28.6774 -0.522606 0.107366 28.7969 -0.450344 0.302226 28.7969 -0.450344 0.302226 28.6774 -0.522606 0.107366 28.8265 -0.586863 0.107366 28.7818 -0.567586 0.107366 28.7221 -0.541883 0.107366 28.7347 -0.594729 0.045 28.7347 -0.594729 0.045 28.7221 -0.541883 0.107366 28.7818 -0.567586 0.107366 28.7445 -0.507693 0.0645396 28.6358 -0.630549 0.0645396 28.6042 -0.493001 0.261423 28.6042 -0.493001 0.261423 28.6358 -0.630549 0.0645396 28.7445 -0.507693 0.0645396 28.7119 -0.54455 0.0645396 28.6684 -0.593692 0.0645396 28.7224 -0.597606 0.045 28.7224 -0.597606 0.045 28.6684 -0.593692 0.0645396 28.7119 -0.54455 0.0645396 28.6188 -0.609 0.0859019 28.7521 -0.714274 0.0859019 28.6118 -0.754976 0.28977 28.6118 -0.754976 0.28977 28.7521 -0.714274 0.0859019 28.6188 -0.609 0.0859019 28.6588 -0.640582 0.0859019 28.7121 -0.682691 0.0859019 28.7214 -0.61611 0.045 28.7214 -0.61611 0.045 28.7121 -0.682691 0.0859019 28.6588 -0.640582 0.0859019 28.6722 -0.70128 0.06 28.8378 -0.638964 0.06 28.7986 -0.786097 0.266271 28.7986 -0.786097 0.266271 28.8378 -0.638964 0.06 28.6722 -0.70128 0.06 28.7219 -0.682585 0.06 28.7881 -0.657658 0.06 28.7353 -0.617807 0.045 28.7353 -0.617807 0.045 28.7881 -0.657658 0.06 28.7219 -0.682585 0.06 28.8121 -0.667632 0.06 28.7631 -0.506942 0.06 28.9001 -0.552981 0.257504 28.9001 -0.552981 0.257504 28.7631 -0.506942 0.06 28.8121 -0.667632 0.06 28.7974 -0.619425 0.06 28.7778 -0.555149 0.06 28.7418 -0.60124 0.045 28.7418 -0.60124 0.045 28.7778 -0.555149 0.06 28.7974 -0.619425 0.06 29.632 -0.59859 0.04 29.6378 -0.57426 0.04 29.607 -0.579835 0.161973 29.607 -0.579835 0.161973 29.6378 -0.57426 0.04 29.632 -0.59859 0.04 29.6453 -0.579475 0.04 29.6245 -0.593375 0.04 29.6508 -0.610247 0.169062 29.6508 -0.610247 0.169062 29.6245 -0.593375 0.04 29.6453 -0.579475 0.04 29.6239 -0.580428 0.04 29.6459 -0.592422 0.04 29.6487 -0.561279 0.209791 29.6487 -0.561279 0.209791 29.6459 -0.592422 0.04 29.6239 -0.580428 0.04 29.6048 -0.493422 0.107366 29.5603 -0.649588 0.107366 29.4732 -0.540351 0.302226 29.4732 -0.540351 0.302226 29.5603 -0.649588 0.107366 29.6048 -0.493422 0.107366 29.5915 -0.540272 0.107366 29.5736 -0.602738 0.107366 29.6244 -0.583441 0.045 29.6244 -0.583441 0.045 29.5736 -0.602738 0.107366 29.5915 -0.540272 0.107366 29.5369 -0.584902 0.0645396 29.6727 -0.67691 0.0645396 29.5404 -0.725996 0.261423 29.5404 -0.725996 0.261423 29.6727 -0.67691 0.0645396 29.5369 -0.584902 0.0645396 29.5776 -0.612504 0.0645396 29.6319 -0.649307 0.0645396 29.6289 -0.595321 0.045 29.6289 -0.595321 0.045 29.6319 -0.649307 0.0645396 29.5776 -0.612504 0.0645396 29.6535 -0.696545 0.0859019 29.7407 -0.550751 0.0859019 29.7992 -0.684699 0.28977 29.7992 -0.684699 0.28977 29.7407 -0.550751 0.0859019 29.6535 -0.696545 0.0859019 29.6797 -0.652807 0.0859019 29.7146 -0.594489 0.0859019 29.6473 -0.59387 0.045 29.6473 -0.59387 0.045 29.7146 -0.594489 0.0859019 29.6797 -0.652807 0.0859019 29.7382 -0.631743 0.06 29.655 -0.475474 0.06 29.806 -0.495408 0.266271 29.806 -0.495408 0.266271 29.655 -0.475474 0.06 29.7382 -0.631743 0.06 29.7132 -0.584862 0.06 29.68 -0.522355 0.06 29.6472 -0.579862 0.045 29.6472 -0.579862 0.045 29.68 -0.522355 0.06 29.7132 -0.584862 0.06 29.6868 -0.497312 0.06 29.5337 -0.566615 0.06 29.5617 -0.424838 0.257504 29.5617 -0.424838 0.257504 29.5337 -0.566615 0.06 29.6868 -0.497312 0.06 29.6408 -0.518103 0.06 29.5796 -0.545824 0.06 29.63 -0.575533 0.045 29.63 -0.575533 0.045 29.5796 -0.545824 0.06 29.6408 -0.518103 0.06 30.5748 -0.640228 0.04 30.55 -0.637663 0.04 30.5595 -0.667454 0.161973 30.5595 -0.667454 0.161973 30.55 -0.637663 0.04 30.5748 -0.640228 0.04 30.5542 -0.629538 0.04 30.5706 -0.648353 0.04 30.584 -0.620074 0.169062 30.584 -0.620074 0.169062 30.5706 -0.648353 0.04 30.5542 -0.629538 0.04 30.5579 -0.650594 0.04 30.5669 -0.627297 0.04 30.5357 -0.628551 0.209791 30.5357 -0.628551 0.209791 30.5669 -0.627297 0.04 30.5579 -0.650594 0.04 30.4741 -0.680776 0.107366 30.6347 -0.704791 0.107366 30.5375 -0.805203 0.302226 30.5375 -0.805203 0.302226 30.6347 -0.704791 0.107366 30.4741 -0.680776 0.107366 30.5222 -0.687981 0.107366 30.5865 -0.697586 0.107366 30.5608 -0.649713 0.045 30.5608 -0.649713 0.045 30.5865 -0.697586 0.107366 30.5222 -0.687981 0.107366 30.5735 -0.736373 0.0645396 30.6473 -0.589808 0.0645396 30.713 -0.714707 0.261423 30.713 -0.714707 0.261423 30.6473 -0.589808 0.0645396 30.5735 -0.736373 0.0645396 30.5957 -0.692403 0.0645396 30.6251 -0.633777 0.0645396 30.572 -0.643774 0.045 30.572 -0.643774 0.045 30.6251 -0.633777 0.0645396 30.5957 -0.692403 0.0645396 30.6692 -0.606297 0.0859019 30.5134 -0.538592 0.0859019 30.6387 -0.463374 0.28977 30.6387 -0.463374 0.28977 30.5134 -0.538592 0.0859019 30.6692 -0.606297 0.0859019 30.6225 -0.585986 0.0859019 30.5601 -0.558904 0.0859019 30.5682 -0.625645 0.045 30.5682 -0.625645 0.045 30.5601 -0.558904 0.0859019 30.6225 -0.585986 0.0859019 30.594 -0.530715 0.06 30.4498 -0.633301 0.06 30.4501 -0.481031 0.266271 30.4501 -0.481031 0.266271 30.4498 -0.633301 0.06 30.594 -0.530715 0.06 30.5508 -0.561491 0.06 30.4931 -0.602525 0.06 30.5543 -0.627558 0.045 30.5543 -0.627558 0.045 30.4931 -0.602525 0.06 30.5508 -0.561491 0.06 30.4674 -0.599005 0.06 30.5558 -0.741836 0.06 30.4116 -0.732331 0.257504 30.4116 -0.732331 0.257504 30.5558 -0.741836 0.06 30.4674 -0.599005 0.06 30.4939 -0.641854 0.06 30.5293 -0.698987 0.06 30.5522 -0.64524 0.045 30.5522 -0.64524 0.045 30.5293 -0.698987 0.06 30.4939 -0.641854 0.06 31.4444 -0.563637 0.04 31.445 -0.588628 0.04 31.4734 -0.575376 0.161973 31.4734 -0.575376 0.161973 31.445 -0.588628 0.04 31.4444 -0.563637 0.04 31.4364 -0.585507 0.04 31.453 -0.566759 0.04 31.4232 -0.557174 0.169062 31.4232 -0.557174 0.169062 31.453 -0.566759 0.04 31.4364 -0.585507 0.04 31.4569 -0.579128 0.04 31.4326 -0.573138 0.04 31.4378 -0.603958 0.209791 31.4378 -0.603958 0.209791 31.4326 -0.573138 0.04 31.4569 -0.579128 0.04 31.4976 -0.658356 0.107366 31.5007 -0.496002 0.107366 31.6128 -0.579365 0.302226 31.6128 -0.579365 0.302226 31.5007 -0.496002 0.107366 31.4976 -0.658356 0.107366 31.4985 -0.60965 0.107366 31.4998 -0.544709 0.107366 31.4556 -0.576342 0.045 31.4556 -0.576342 0.045 31.4998 -0.544709 0.107366 31.4985 -0.60965 0.107366 31.5399 -0.55255 0.0645396 31.3851 -0.498311 0.0645396 31.5004 -0.417039 0.261423 31.5004 -0.417039 0.261423 31.3851 -0.498311 0.0645396 31.5399 -0.55255 0.0645396 31.4934 -0.536278 0.0645396 31.4315 -0.514582 0.0645396 31.4483 -0.565992 0.045 31.4483 -0.565992 0.045 31.4315 -0.514582 0.0645396 31.4934 -0.536278 0.0645396 31.3986 -0.474426 0.0859019 31.3515 -0.637667 0.0859019 31.2608 -0.523102 0.28977 31.2608 -0.523102 0.28977 31.3515 -0.637667 0.0859019 31.3986 -0.474426 0.0859019 31.3845 -0.523398 0.0859019 31.3656 -0.588695 0.0859019 31.4308 -0.572116 0.045 31.4308 -0.572116 0.045 31.3656 -0.588695 0.0859019 31.3845 -0.523398 0.0859019 31.3333 -0.558704 0.06 31.4536 -0.688539 0.06 31.3026 -0.707843 0.266271 31.3026 -0.707843 0.266271 31.4536 -0.688539 0.06 31.3333 -0.558704 0.06 31.3694 -0.597655 0.06 31.4175 -0.649588 0.06 31.4345 -0.585631 0.045 31.4345 -0.585631 0.045 31.4175 -0.649588 0.06 31.3694 -0.597655 0.06 31.4174 -0.675538 0.06 31.5476 -0.569429 0.06 31.5568 -0.713656 0.257504 31.5568 -0.713656 0.257504 31.5476 -0.569429 0.06 31.4174 -0.675538 0.06 31.4564 -0.643706 0.06 31.5085 -0.601262 0.06 31.4523 -0.585403 0.045 31.4523 -0.585403 0.045 31.5085 -0.601262 0.06 31.4564 -0.643706 0.06</float_array>
          <technique_common><accessor source="#farm_pumpkin_plant_positions_array" count="1716" stride="3"><param name="X" type="float"/><param name="Y" type="float"/><param name="Z" type="float"/></accessor></technique_common>
        </source>
        <source id="farm_pumpkin_plant_normals">
          <float_array id="farm_pumpkin_plant_normals_array" count="5148">0.499496 -0.835573 0.228741 0.499496 -0.835573 0.228741 0.499496 -0.835573 0.228741 -0.499496 0.835573 -0.228741 -0.499496 0.835573 -0.228741 -0.499496 0.835573 -0.228741 0.203918 0.954684 0.216784 0.203918 0.954684 0.216784 0.203918 0.954684 0.216784 -0.203918 -0.954684 -0.216784 -0.203918 -0.954684 -0.216784 -0.203918 -0.954684 -0.216784 -0.950212 -0.263427 0.166442 -0.950212 -0.263427 0.166442 -0.950212 -0.263427 0.166442 0.950212 0.263427 -0.166442 0.950212 0.263427 -0.166442 0.950212 0.263427 -0.166442 -0.408925 0.760851 -0.503871 -0.408925 0.760851 -0.503871 -0.408925 0.760851 -0.503871 0.408925 -0.760851 0.503871 0.408925 -0.760851 0.503871 0.408925 -0.760851 0.503871 0.388148 -0.722192 0.572521 0.388148 -0.722192 0.572521 0.388148 -0.722192 0.572521 -0.388148 0.722192 -0.572521 -0.388148 0.722192 -0.572521 -0.388148 0.722192 -0.572521 -0.850516 -0.150785 -0.503871 -0.850516 -0.150785 -0.503871 -0.850516 -0.150785 -0.503871 0.850516 0.150785 0.503871 0.850516 0.150785 0.503871 0.850516 0.150785 0.503871 0.407517 0.0722471 0.910335 0.407517 0.0722471 0.910335 0.407517 0.0722471 0.910335 -0.407517 -0.0722471 -0.910335 -0.407517 -0.0722471 -0.910335 -0.407517 -0.0722471 -0.910335 0.198344 -0.840698 -0.503871 0.198344 -0.840698 -0.503871 0.198344 -0.840698 -0.503871 -0.198344 0.840698 0.503871 -0.198344 0.840698 0.503871 -0.198344 0.840698 0.503871 -0.132327 0.560878 0.817255 -0.132327 0.560878 0.817255 -0.132327 0.560878 0.817255 0.132327 -0.560878 -0.817255 0.132327 -0.560878 -0.817255 0.132327 -0.560878 -0.817255 0.816093 -0.262355 -0.514939 0.816093 -0.262355 -0.514939 0.816093 -0.262355 -0.514939 -0.816093 0.262355 0.514939 -0.816093 0.262355 0.514939 -0.816093 0.262355 0.514939 -0.246761 0.0793275 0.965824 -0.246761 0.0793275 0.965824 -0.246761 0.0793275 0.965824 0.246761 -0.0793275 -0.965824 0.246761 -0.0793275 -0.965824 0.246761 -0.0793275 -0.965824 0.314527 0.799587 -0.511598 0.314527 0.799587 -0.511598 0.314527 0.799587 -0.511598 -0.314527 -0.799587 0.511598 -0.314527 -0.799587 0.511598 -0.314527 -0.799587 0.511598 -0.109542 -0.278476 0.954176 -0.109542 -0.278476 0.954176 -0.109542 -0.278476 0.954176 0.109542 0.278476 -0.954176 0.109542 0.278476 -0.954176 0.109542 0.278476 -0.954176 0.764251 0.602991 0.228741 0.764251 0.602991 0.228741 0.764251 0.602991 0.228741 -0.764251 -0.602991 -0.228741 -0.764251 -0.602991 -0.228741 -0.764251 -0.602991 -0.228741 -0.973 0.0792126 0.216784 -0.973 0.0792126 0.216784 -0.973 0.0792126 0.216784 0.973 -0.0792126 -0.216784 0.973 -0.0792126 -0.216784 0.973 -0.0792126 -0.216784 0.383661 -0.908351 0.166442 0.383661 -0.908351 0.166442 0.383661 -0.908351 0.166442 -0.383661 0.908351 -0.166442 -0.383661 0.908351 -0.166442 -0.383661 0.908351 -0.166442 -0.701822 -0.503548 -0.503871 -0.701822 -0.503548 -0.503871 -0.701822 -0.503548 -0.503871 0.701822 0.503548 0.503871 0.701822 0.503548 0.503871 0.701822 0.503548 0.503871 0.666162 0.477963 0.572521 0.666162 0.477963 0.572521 0.666162 0.477963 0.572521 -0.666162 -0.477963 -0.572521 -0.666162 -0.477963 -0.572521 -0.666162 -0.477963 -0.572521 0.259113 -0.823999 -0.503871 0.259113 -0.823999 -0.503871 0.259113 -0.823999 -0.503871 -0.259113 0.823999 0.503871 -0.259113 0.823999 0.503871 -0.259113 0.823999 0.503871 -0.124151 0.394812 0.910335 -0.124151 0.394812 0.910335 -0.124151 0.394812 0.910335 0.124151 -0.394812 -0.910335 0.124151 -0.394812 -0.910335 0.124151 -0.394812 -0.910335 0.808135 0.30501 -0.503871 0.808135 0.30501 -0.503871 0.808135 0.30501 -0.503871 -0.808135 -0.30501 0.503871 -0.808135 -0.30501 0.503871 -0.808135 -0.30501 0.503871 -0.539153 -0.20349 0.817255 -0.539153 -0.20349 0.817255 -0.539153 -0.20349 0.817255 0.539153 0.20349 -0.817255 0.539153 0.20349 -0.817255 0.539153 0.20349 -0.817255 0.155019 0.843094 -0.514939 0.155019 0.843094 -0.514939 0.155019 0.843094 -0.514939 -0.155019 -0.843094 0.514939 -0.155019 -0.843094 0.514939 -0.155019 -0.843094 0.514939 -0.0468725 -0.254925 0.965824 -0.0468725 -0.254925 0.965824 -0.0468725 -0.254925 0.965824 0.0468725 0.254925 -0.965824 0.0468725 0.254925 -0.965824 0.0468725 0.254925 -0.965824 -0.833447 0.208883 -0.511598 -0.833447 0.208883 -0.511598 -0.833447 0.208883 -0.511598 0.833447 -0.208883 0.511598 0.833447 -0.208883 0.511598 0.833447 -0.208883 0.511598 0.290269 -0.0727487 0.954176 0.290269 -0.0727487 0.954176 0.290269 -0.0727487 0.954176 -0.290269 0.0727487 -0.954176 -0.290269 0.0727487 -0.954176 -0.290269 0.0727487 -0.954176 -0.696435 0.680189 0.228741 -0.696435 0.680189 0.228741 -0.696435 0.680189 0.228741 0.696435 -0.680189 -0.228741 0.696435 -0.680189 -0.228741 0.696435 -0.680189 -0.228741 0.0468134 -0.975096 0.216784 0.0468134 -0.975096 0.216784 0.0468134 -0.975096 0.216784 -0.0468134 0.975096 -0.216784 -0.0468134 0.975096 -0.216784 -0.0468134 0.975096 -0.216784 0.851347 0.497499 0.166442 0.851347 0.497499 0.166442 0.851347 0.497499 0.166442 -0.851347 -0.497499 -0.166442 -0.851347 -0.497499 -0.166442 -0.851347 -0.497499 -0.166442 0.589777 -0.631093 -0.503871 0.589777 -0.631093 -0.503871 0.589777 -0.631093 -0.503871 -0.589777 0.631093 0.503871 -0.589777 0.631093 0.503871 -0.589777 0.631093 0.503871 -0.55981 0.599027 0.572521 -0.55981 0.599027 0.572521 -0.55981 0.599027 0.572521 0.55981 -0.599027 -0.572521 0.55981 -0.599027 -0.572521 0.55981 -0.599027 -0.572521 0.783746 0.363121 -0.503871 0.783746 0.363121 -0.503871 0.783746 0.363121 -0.503871 -0.783746 -0.363121 0.503871 -0.783746 -0.363121 0.503871 -0.783746 -0.363121 0.503871 -0.375525 -0.173986 0.910335 -0.375525 -0.173986 0.910335 -0.375525 -0.173986 0.910335 0.375525 0.173986 -0.910335 0.375525 0.173986 -0.910335 0.375525 0.173986 -0.910335 -0.406592 0.7621 -0.503871 -0.406592 0.7621 -0.503871 -0.406592 0.7621 -0.503871 0.406592 -0.7621 0.503871 0.406592 -0.7621 0.503871 0.406592 -0.7621 0.503871 0.271261 -0.508441 0.817255 0.271261 -0.508441 0.817255 0.271261 -0.508441 0.817255 -0.271261 0.508441 -0.817255 -0.271261 0.508441 -0.817255 -0.271261 0.508441 -0.817255 -0.85604 0.0450989 -0.514939 -0.85604 0.0450989 -0.514939 -0.85604 0.0450989 -0.514939 0.85604 -0.0450989 0.514939 0.85604 -0.0450989 0.514939 0.85604 -0.0450989 0.514939 0.258839 -0.0136362 0.965824 0.258839 -0.0136362 0.965824 0.258839 -0.0136362 0.965824 -0.258839 0.0136362 -0.965824 -0.258839 0.0136362 -0.965824 -0.258839 0.0136362 -0.965824 -0.0997566 -0.853414 -0.511598 -0.0997566 -0.853414 -0.511598 -0.0997566 -0.853414 -0.511598 0.0997566 0.853414 0.511598 0.0997566 0.853414 0.511598 0.0997566 0.853414 0.511598 0.0347428 0.297223 0.954176 0.0347428 0.297223 0.954176 0.0347428 0.297223 0.954176 -0.0347428 -0.297223 -0.954176 -0.0347428 -0.297223 -0.954176 -0.0347428 -0.297223 -0.954176 -0.597791 -0.768326 0.228741 -0.597791 -0.768326 0.228741 -0.597791 -0.768326 0.228741 0.597791 0.768326 -0.228741 0.597791 0.768326 -0.228741 0.597791 0.768326 -0.228741 0.963694 0.155878 0.216784 0.963694 0.155878 0.216784 0.963694 0.155878 0.216784 -0.963694 -0.155878 -0.216784 -0.963694 -0.155878 -0.216784 -0.963694 -0.155878 -0.216784 -0.589841 0.79018 0.166442 -0.589841 0.79018 0.166442 -0.589841 0.79018 0.166442 0.589841 -0.79018 -0.166442 0.589841 -0.79018 -0.166442 0.589841 -0.79018 -0.166442 0.560966 0.656834 -0.503871 0.560966 0.656834 -0.503871 0.560966 0.656834 -0.503871 -0.560966 -0.656834 0.503871 -0.560966 -0.656834 0.503871 -0.560966 -0.656834 0.503871 -0.532463 -0.623461 0.572521 -0.532463 -0.623461 0.572521 -0.532463 -0.623461 0.572521 0.532463 0.623461 -0.572521 0.532463 0.623461 -0.572521 0.532463 0.623461 -0.572521 -0.448729 0.738076 -0.503871 -0.448729 0.738076 -0.503871 -0.448729 0.738076 -0.503871 0.448729 -0.738076 0.503871 0.448729 -0.738076 0.503871 0.448729 -0.738076 0.503871 0.215004 -0.353643 0.910335 0.215004 -0.353643 0.910335 0.215004 -0.353643 0.910335 -0.215004 0.353643 -0.910335 -0.215004 0.353643 -0.910335 -0.215004 0.353643 -0.910335 -0.711692 -0.489498 -0.503871 -0.711692 -0.489498 -0.503871 -0.711692 -0.489498 -0.503871 0.711692 0.489498 0.503871 0.711692 0.489498 0.503871 0.711692 0.489498 0.503871 0.47481 0.326572 0.817255 0.47481 0.326572 0.817255 0.47481 0.326572 0.817255 -0.47481 -0.326572 -0.817255 -0.47481 -0.326572 -0.817255 -0.47481 -0.326572 -0.817255 0.0511926 -0.855697 -0.514939 0.0511926 -0.855697 -0.514939 0.0511926 -0.855697 -0.514939 -0.0511926 0.855697 0.514939 -0.0511926 0.855697 0.514939 -0.0511926 0.855697 0.514939 -0.0154793 0.258736 0.965824 -0.0154793 0.258736 0.965824 -0.0154793 0.258736 0.965824 0.0154793 -0.258736 -0.965824 0.0154793 -0.258736 -0.965824 0.0154793 -0.258736 -0.965824 0.859218 -0.00341476 -0.511598 0.859218 -0.00341476 -0.511598 0.859218 -0.00341476 -0.511598 -0.859218 0.00341476 0.511598 -0.859218 0.00341476 0.511598 -0.859218 0.00341476 0.511598 -0.299244 0.00118934 0.954176 -0.299244 0.00118934 0.954176 -0.299244 0.00118934 0.954176 0.299244 -0.00118934 -0.954176 0.299244 -0.00118934 -0.954176 0.299244 -0.00118934 -0.954176 0.838944 -0.493813 0.228741 0.838944 -0.493813 0.228741 0.838944 -0.493813 0.228741 -0.838944 0.493813 -0.228741 -0.838944 0.493813 -0.228741 -0.838944 0.493813 -0.228741 -0.278745 0.935578 0.216784 -0.278745 0.935578 0.216784 -0.278745 0.935578 0.216784 0.278745 -0.935578 -0.216784 0.278745 -0.935578 -0.216784 0.278745 -0.935578 -0.216784 -0.707596 -0.686735 0.166442 -0.707596 -0.686735 0.166442 -0.707596 -0.686735 0.166442 0.707596 0.686735 -0.166442 0.707596 0.686735 -0.166442 0.707596 0.686735 -0.166442 -0.723637 0.471661 -0.503871 -0.723637 0.471661 -0.503871 -0.723637 0.471661 -0.503871 0.723637 -0.471661 0.503871 0.723637 -0.471661 0.503871 0.723637 -0.471661 0.503871 0.686869 -0.447696 0.572521 0.686869 -0.447696 0.572521 0.686869 -0.447696 0.572521 -0.686869 0.447696 -0.572521 -0.686869 0.447696 -0.572521 -0.686869 0.447696 -0.572521 -0.674108 -0.540086 -0.503871 -0.674108 -0.540086 -0.503871 -0.674108 -0.540086 -0.503871 0.674108 0.540086 0.503871 0.674108 0.540086 0.503871 0.674108 0.540086 0.503871 0.322993 0.258777 0.910335 0.322993 0.258777 0.910335 0.322993 0.258777 0.910335 -0.322993 -0.258777 -0.910335 -0.322993 -0.258777 -0.910335 -0.322993 -0.258777 -0.910335 0.577116 -0.642691 -0.503871 0.577116 -0.642691 -0.503871 0.577116 -0.642691 -0.503871 -0.577116 0.642691 0.503871 -0.577116 0.642691 0.503871 -0.577116 0.642691 0.503871 -0.385027 0.428776 0.817255 -0.385027 0.428776 0.817255 -0.385027 0.428776 0.817255 0.385027 -0.428776 -0.817255 0.385027 -0.428776 -0.817255 0.385027 -0.428776 -0.817255 0.841968 0.161018 -0.514939 0.841968 0.161018 -0.514939 0.841968 0.161018 -0.514939 -0.841968 -0.161018 0.514939 -0.841968 -0.161018 0.514939 -0.841968 -0.161018 0.514939 -0.254585 -0.048687 0.965824 -0.254585 -0.048687 0.965824 -0.254585 -0.048687 0.965824 0.254585 0.048687 -0.965824 0.254585 0.048687 -0.965824 0.254585 0.048687 -0.965824 -0.107319 0.852496 -0.511598 -0.107319 0.852496 -0.511598 -0.107319 0.852496 -0.511598 0.107319 -0.852496 0.511598 0.107319 -0.852496 0.511598 0.107319 -0.852496 0.511598 0.0373765 -0.296903 0.954176 0.0373765 -0.296903 0.954176 0.0373765 -0.296903 0.954176 -0.0373765 0.296903 -0.954176 -0.0373765 0.296903 -0.954176 -0.0373765 0.296903 -0.954176 0.381604 0.895576 0.228741 0.381604 0.895576 0.228741 0.381604 0.895576 0.228741 -0.381604 -0.895576 -0.228741 -0.381604 -0.895576 -0.228741 -0.381604 -0.895576 -0.228741 -0.891865 -0.396966 0.216784 -0.891865 -0.396966 0.216784 -0.891865 -0.396966 0.216784 0.891865 0.396966 -0.216784 0.891865 0.396966 -0.216784 0.891865 0.396966 -0.216784 0.772181 -0.613216 0.166442 0.772181 -0.613216 0.166442 0.772181 -0.613216 0.166442 -0.772181 0.613216 -0.166442 -0.772181 0.613216 -0.166442 -0.772181 0.613216 -0.166442 -0.374493 -0.778376 -0.503871 -0.374493 -0.778376 -0.503871 -0.374493 -0.778376 -0.503871 0.374493 0.778376 0.503871 0.374493 0.778376 0.503871 0.374493 0.778376 0.503871 0.355465 0.738827 0.572521 0.355465 0.738827 0.572521 0.355465 0.738827 0.572521 -0.355465 -0.738827 -0.572521 -0.355465 -0.738827 -0.572521 -0.355465 -0.738827 -0.572521 0.622439 -0.598902 -0.503871 0.622439 -0.598902 -0.503871 0.622439 -0.598902 -0.503871 -0.622439 0.598902 0.503871 -0.622439 0.598902 0.503871 -0.622439 0.598902 0.503871 -0.298236 0.286959 0.910335 -0.298236 0.286959 0.910335 -0.298236 0.286959 0.910335 0.298236 -0.286959 -0.910335 0.298236 -0.286959 -0.910335 0.298236 -0.286959 -0.910335 0.562976 0.655112 -0.503871 0.562976 0.655112 -0.503871 0.562976 0.655112 -0.503871 -0.562976 -0.655112 0.503871 -0.562976 -0.655112 0.503871 -0.562976 -0.655112 0.503871 -0.375593 -0.437063 0.817255 -0.375593 -0.437063 0.817255 -0.375593 -0.437063 0.817255 0.375593 0.437063 -0.817255 0.375593 0.437063 -0.817255 0.375593 0.437063 -0.817255 -0.268159 0.814204 -0.514939 -0.268159 0.814204 -0.514939 -0.268159 0.814204 -0.514939 0.268159 -0.814204 0.514939 0.268159 -0.814204 0.514939 0.268159 -0.814204 0.514939 0.081083 -0.246189 0.965824 0.081083 -0.246189 0.965824 0.081083 -0.246189 0.965824 -0.081083 0.246189 -0.965824 -0.081083 0.246189 -0.965824 -0.081083 0.246189 -0.965824 -0.831563 -0.216264 -0.511598 -0.831563 -0.216264 -0.511598 -0.831563 -0.216264 -0.511598 0.831563 0.216264 0.511598 0.831563 0.216264 0.511598 0.831563 0.216264 0.511598 0.289612 0.0753192 0.954176 0.289612 0.0753192 0.954176 0.289612 0.0753192 0.954176 -0.289612 -0.0753192 -0.954176 -0.289612 -0.0753192 -0.954176 -0.289612 -0.0753192 -0.954176 -0.937279 0.263033 0.228741 -0.937279 0.263033 0.228741 -0.937279 0.263033 0.228741 0.937279 -0.263033 -0.228741 0.937279 -0.263033 -0.228741 0.937279 -0.263033 -0.228741 0.508569 -0.833284 0.216784 0.508569 -0.833284 0.216784 0.508569 -0.833284 0.216784 -0.508569 0.833284 -0.216784 -0.508569 0.833284 -0.216784 -0.508569 0.833284 -0.216784 0.508613 0.844754 0.166442 0.508613 0.844754 0.166442 0.508613 0.844754 0.166442 -0.508613 -0.844754 -0.166442 -0.508613 -0.844754 -0.166442 -0.508613 -0.844754 -0.166442 0.82014 -0.271082 -0.503871 0.82014 -0.271082 -0.503871 0.82014 -0.271082 -0.503871 -0.82014 0.271082 0.503871 -0.82014 0.271082 0.503871 -0.82014 0.271082 0.503871 -0.778468 0.257308 0.572521 -0.778468 0.257308 0.572521 -0.778468 0.257308 0.572521 0.778468 -0.257308 -0.572521 0.778468 -0.257308 -0.572521 0.778468 -0.257308 -0.572521 0.513712 0.694416 -0.503871 0.513712 0.694416 -0.503871 0.513712 0.694416 -0.503871 -0.513712 -0.694416 0.503871 -0.513712 -0.694416 0.503871 -0.513712 -0.694416 0.503871 -0.246141 -0.332723 0.910335 -0.246141 -0.332723 0.910335 -0.246141 -0.332723 0.910335 0.246141 0.332723 -0.910335 0.246141 0.332723 -0.910335 0.246141 0.332723 -0.910335 -0.722188 0.473876 -0.503871 -0.722188 0.473876 -0.503871 -0.722188 0.473876 -0.503871 0.722188 -0.473876 0.503871 0.722188 -0.473876 0.503871 0.722188 -0.473876 0.503871 0.481813 -0.316149 0.817255 0.481813 -0.316149 0.817255 0.481813 -0.316149 0.817255 -0.481813 0.316149 -0.817255 -0.481813 0.316149 -0.817255 -0.481813 0.316149 -0.817255 -0.772867 -0.370829 -0.514939 -0.772867 -0.370829 -0.514939 -0.772867 -0.370829 -0.514939 0.772867 0.370829 0.514939 0.772867 0.370829 0.514939 0.772867 0.370829 0.514939 0.23369 0.112127 0.965824 0.23369 0.112127 0.965824 0.23369 0.112127 0.965824 -0.23369 -0.112127 -0.965824 -0.23369 -0.112127 -0.965824 -0.23369 -0.112127 -0.965824 0.321604 -0.796767 -0.511598 0.321604 -0.796767 -0.511598 0.321604 -0.796767 -0.511598 -0.321604 0.796767 0.511598 -0.321604 0.796767 0.511598 -0.321604 0.796767 0.511598 -0.112006 0.277494 0.954176 -0.112006 0.277494 0.954176 -0.112006 0.277494 0.954176 0.112006 -0.277494 -0.954176 0.112006 -0.277494 -0.954176 0.112006 -0.277494 -0.954176 -0.156256 -0.960865 0.228741 -0.156256 -0.960865 0.228741 -0.156256 -0.960865 0.228741 0.156256 0.960865 -0.228741 0.156256 0.960865 -0.228741 0.156256 0.960865 -0.228741 0.77099 0.598815 0.216784 0.77099 0.598815 0.216784 0.77099 0.598815 0.216784 -0.77099 -0.598815 -0.216784 -0.77099 -0.598815 -0.216784 -0.77099 -0.598815 -0.216784 -0.896467 0.410663 0.166442 -0.896467 0.410663 0.166442 -0.896467 0.410663 0.166442 0.896467 -0.410663 -0.166442 0.896467 -0.410663 -0.166442 0.896467 -0.410663 -0.166442 0.177391 0.845368 -0.503871 0.177391 0.845368 -0.503871 0.177391 0.845368 -0.503871 -0.177391 -0.845368 0.503871 -0.177391 -0.845368 0.503871 -0.177391 -0.845368 0.503871 -0.168377 -0.802415 0.572521 -0.168377 -0.802415 0.572521 -0.168377 -0.802415 0.572521 0.168377 0.802415 -0.572521 0.168377 0.802415 -0.572521 0.168377 0.802415 -0.572521 -0.747649 0.432591 -0.503871 -0.747649 0.432591 -0.503871 -0.747649 0.432591 -0.503871 0.747649 -0.432591 0.503871 0.747649 -0.432591 0.503871 0.747649 -0.432591 0.503871 0.358229 -0.207272 0.910335 0.358229 -0.207272 0.910335 0.358229 -0.207272 0.910335 -0.358229 0.207272 -0.910335 -0.358229 0.207272 -0.910335 -0.358229 0.207272 -0.910335 -0.389891 -0.770778 -0.503871 -0.389891 -0.770778 -0.503871 -0.389891 -0.770778 -0.503871 0.389891 0.770778 0.503871 0.389891 0.770778 0.503871 0.389891 0.770778 0.503871 0.260118 0.51423 0.817255 0.260118 0.51423 0.817255 0.260118 0.51423 0.817255 -0.260118 -0.51423 -0.817255 -0.260118 -0.51423 -0.817255 -0.260118 -0.51423 -0.817255 0.455169 -0.726401 -0.514939 0.455169 -0.726401 -0.514939 0.455169 -0.726401 -0.514939 -0.455169 0.726401 0.514939 -0.455169 0.726401 0.514939 -0.455169 0.726401 0.514939 -0.137629 0.219641 0.965824 -0.137629 0.219641 0.965824 -0.137629 0.219641 0.965824 0.137629 -0.219641 -0.965824 0.137629 -0.219641 -0.965824 0.137629 -0.219641 -0.965824 0.755671 0.408934 -0.511598 0.755671 0.408934 -0.511598 0.755671 0.408934 -0.511598 -0.755671 -0.408934 0.511598 -0.755671 -0.408934 0.511598 -0.755671 -0.408934 0.511598 -0.263181 -0.142421 0.954176 -0.263181 -0.142421 0.954176 -0.263181 -0.142421 0.954176 0.263181 0.142421 -0.954176 0.263181 0.142421 -0.954176 0.263181 0.142421 -0.954176 0.972989 -0.031151 0.228741 0.972989 -0.031151 0.228741 0.972989 -0.031151 0.228741 -0.972989 0.031151 -0.228741 -0.972989 0.031151 -0.228741 -0.972989 0.031151 -0.228741 -0.693162 0.687409 0.216784 -0.693162 0.687409 0.216784 -0.693162 0.687409 0.216784 0.693162 -0.687409 -0.216784 0.693162 -0.687409 -0.216784 0.693162 -0.687409 -0.216784 -0.291735 -0.941906 0.166442 -0.291735 -0.941906 0.166442 -0.291735 -0.941906 0.166442 0.291735 0.941906 -0.166442 0.291735 0.941906 -0.166442 0.291735 0.941906 -0.166442 -0.861177 0.0669912 -0.503871 -0.861177 0.0669912 -0.503871 -0.861177 0.0669912 -0.503871 0.861177 -0.0669912 0.503871 0.861177 -0.0669912 0.503871 0.861177 -0.0669912 0.503871 0.817421 -0.0635873 0.572521 0.817421 -0.0635873 0.572521 0.817421 -0.0635873 0.572521 -0.817421 0.0635873 -0.572521 -0.817421 0.0635873 -0.572521 -0.817421 0.0635873 -0.572521 -0.332654 -0.797154 -0.503871 -0.332654 -0.797154 -0.503871 -0.332654 -0.797154 -0.503871 0.332654 0.797154 0.503871 0.332654 0.797154 0.503871 0.332654 0.797154 0.503871 0.159389 0.381949 0.910335 0.159389 0.381949 0.910335 0.159389 0.381949 0.910335 -0.159389 -0.381949 -0.910335 -0.159389 -0.381949 -0.910335 -0.159389 -0.381949 -0.910335 0.814589 -0.28733 -0.503871 0.814589 -0.28733 -0.503871 0.814589 -0.28733 -0.503871 -0.814589 0.28733 0.503871 -0.814589 0.28733 0.503871 -0.814589 0.28733 0.503871 -0.543459 0.191694 0.817255 -0.543459 0.191694 0.817255 -0.543459 0.191694 0.817255 0.543459 -0.191694 -0.817255 0.543459 -0.191694 -0.817255 0.543459 -0.191694 -0.817255 0.661701 0.544968 -0.514939 0.661701 0.544968 -0.514939 0.661701 0.544968 -0.514939 -0.661701 -0.544968 0.514939 -0.661701 -0.544968 0.514939 -0.661701 -0.544968 0.514939 -0.200077 -0.164781 0.965824 -0.200077 -0.164781 0.965824 -0.200077 -0.164781 0.965824 0.200077 0.164781 -0.965824 0.200077 0.164781 -0.965824 0.200077 0.164781 -0.965824 -0.50289 0.696684 -0.511598 -0.50289 0.696684 -0.511598 -0.50289 0.696684 -0.511598 0.50289 -0.696684 0.511598 0.50289 -0.696684 0.511598 0.50289 -0.696684 0.511598 0.175144 -0.242637 0.954176 0.175144 -0.242637 0.954176 0.175144 -0.242637 0.954176 -0.175144 0.242637 -0.954176 -0.175144 0.242637 -0.954176 -0.175144 0.242637 -0.954176 -0.094473 0.968893 0.228741 -0.094473 0.968893 0.228741 -0.094473 0.968893 0.228741 0.094473 -0.968893 -0.228741 0.094473 -0.968893 -0.228741 0.094473 -0.968893 -0.228741 -0.592369 -0.775953 0.216784 -0.592369 -0.775953 0.216784 -0.592369 -0.775953 0.216784 0.592369 0.775953 -0.216784 0.592369 0.775953 -0.216784 0.592369 0.775953 -0.216784 0.971644 -0.167944 0.166442 0.971644 -0.167944 0.166442 0.971644 -0.167944 0.166442 -0.971644 0.167944 -0.166442 -0.971644 0.167944 -0.166442 -0.971644 0.167944 -0.166442 0.0445252 -0.862631 -0.503871 0.0445252 -0.862631 -0.503871 0.0445252 -0.862631 -0.503871 -0.0445252 0.862631 0.503871 -0.0445252 0.862631 0.503871 -0.0445252 0.862631 0.503871 -0.0422629 0.8188 0.572521 -0.0422629 0.8188 0.572521 -0.0422629 0.8188 0.572521 0.0422629 -0.8188 -0.572521 0.0422629 -0.8188 -0.572521 0.0422629 -0.8188 -0.572521 0.833371 -0.227173 -0.503871 0.833371 -0.227173 -0.503871 0.833371 -0.227173 -0.503871 -0.833371 0.227173 0.503871 -0.833371 0.227173 0.503871 -0.833371 0.227173 0.503871 -0.399302 0.108848 0.910335 -0.399302 0.108848 0.910335 -0.399302 0.108848 0.910335 0.399302 -0.108848 -0.910335 0.399302 -0.108848 -0.910335 0.399302 -0.108848 -0.910335 0.17998 0.84482 -0.503871 0.17998 0.84482 -0.503871 0.17998 0.84482 -0.503871 -0.17998 -0.84482 0.503871 -0.17998 -0.84482 0.503871 -0.17998 -0.84482 0.503871 -0.120075 -0.563628 0.817255 -0.120075 -0.563628 0.817255 -0.120075 -0.563628 0.817255 0.120075 0.563628 -0.817255 0.120075 0.563628 -0.817255 0.120075 0.563628 -0.817255 -0.625682 0.585969 -0.514939 -0.625682 0.585969 -0.514939 -0.625682 0.585969 -0.514939 0.625682 -0.585969 0.514939 0.625682 -0.585969 0.514939 0.625682 -0.585969 0.514939 0.189187 -0.177178 0.965824 0.189187 -0.177178 0.965824 0.189187 -0.177178 0.965824 -0.189187 0.177178 -0.965824 -0.189187 0.177178 -0.965824 -0.189187 0.177178 -0.965824 -0.626082 -0.588462 -0.511598 -0.626082 -0.588462 -0.511598 -0.626082 -0.588462 -0.511598 0.626082 0.588462 0.511598 0.626082 0.588462 0.511598 0.626082 0.588462 0.511598 0.218049 0.204946 0.954176 0.218049 0.204946 0.954176 0.218049 0.204946 0.954176 -0.218049 -0.204946 -0.954176 -0.218049 -0.204946 -0.954176 -0.218049 -0.204946 -0.954176 -0.952185 -0.202541 0.228741 -0.952185 -0.202541 0.228741 -0.952185 -0.202541 0.228741 0.952185 0.202541 -0.228741 0.952185 0.202541 -0.228741 0.952185 0.202541 -0.228741 0.837493 -0.501607 0.216784 0.837493 -0.501607 0.216784 0.837493 -0.501607 0.216784 -0.837493 0.501607 -0.216784 -0.837493 0.501607 -0.216784 -0.837493 0.501607 -0.216784 0.0579124 0.984349 0.166442 0.0579124 0.984349 0.166442 0.0579124 0.984349 0.166442 -0.0579124 -0.984349 -0.166442 -0.0579124 -0.984349 -0.166442 -0.0579124 -0.984349 -0.166442 0.852195 0.14099 -0.503871 0.852195 0.14099 -0.503871 0.852195 0.14099 -0.503871 -0.852195 -0.14099 0.503871 -0.852195 -0.14099 0.503871 -0.852195 -0.14099 0.503871 -0.808895 -0.133827 0.572521 -0.808895 -0.133827 0.572521 -0.808895 -0.133827 0.572521 0.808895 0.133827 -0.572521 0.808895 0.133827 -0.572521 0.808895 0.133827 -0.572521 0.132275 0.853591 -0.503871 0.132275 0.853591 -0.503871 0.132275 0.853591 -0.503871 -0.132275 -0.853591 0.503871 -0.132275 -0.853591 0.503871 -0.132275 -0.853591 0.503871 -0.0633787 -0.408991 0.910335 -0.0633787 -0.408991 0.910335 -0.0633787 -0.408991 0.910335 0.0633787 0.408991 -0.910335 0.0633787 0.408991 -0.910335 0.0633787 0.408991 -0.910335 -0.859675 0.0840958 -0.503871 -0.859675 0.0840958 -0.503871 -0.859675 0.0840958 -0.503871 0.859675 -0.0840958 0.503871 0.859675 -0.0840958 0.503871 0.859675 -0.0840958 0.503871 0.573538 -0.056105 0.817255 0.573538 -0.056105 0.817255 0.573538 -0.056105 0.817255 -0.573538 0.056105 -0.817255 -0.573538 0.056105 -0.817255 -0.573538 0.056105 -0.817255 -0.512101 -0.687452 -0.514939 -0.512101 -0.687452 -0.514939 -0.512101 -0.687452 -0.514939 0.512101 0.687452 0.514939 0.512101 0.687452 0.514939 0.512101 0.687452 0.514939 0.154843 0.207864 0.965824 0.154843 0.207864 0.965824 0.154843 0.207864 0.965824 -0.154843 -0.207864 -0.965824 -0.154843 -0.207864 -0.965824 -0.154843 -0.207864 -0.965824 0.654966 -0.556135 -0.511598 0.654966 -0.556135 -0.511598 0.654966 -0.556135 -0.511598 -0.654966 0.556135 0.511598 -0.654966 0.556135 0.511598 -0.654966 0.556135 0.511598 -0.228108 0.193688 0.954176 -0.228108 0.193688 0.954176 -0.228108 0.193688 0.954176 0.228108 -0.193688 -0.954176 0.228108 -0.193688 -0.954176 0.228108 -0.193688 -0.954176 0.323536 -0.918152 0.228741 0.323536 -0.918152 0.228741 0.323536 -0.918152 0.228741 -0.323536 0.918152 -0.228741 -0.323536 0.918152 -0.228741 -0.323536 0.918152 -0.228741 0.38952 0.895142 0.216784 0.38952 0.895142 0.216784 0.38952 0.895142 0.216784 -0.38952 -0.895142 -0.216784 -0.38952 -0.895142 -0.216784 -0.38952 -0.895142 -0.216784 -0.983606 -0.0693983 0.166442 -0.983606 -0.0693983 0.166442 -0.983606 -0.0693983 0.166442 0.983606 0.0693983 -0.166442 0.983606 0.0693983 -0.166442 0.983606 0.0693983 -0.166442 -0.249616 0.826926 -0.503871 -0.249616 0.826926 -0.503871 -0.249616 0.826926 -0.503871 0.249616 -0.826926 0.503871 0.249616 -0.826926 0.503871 0.249616 -0.826926 0.503871 0.236933 -0.78491 0.572521 0.236933 -0.78491 0.572521 0.236933 -0.78491 0.572521 -0.236933 0.78491 -0.572521 -0.236933 0.78491 -0.572521 -0.236933 0.78491 -0.572521 -0.863519 0.0211919 -0.503871 -0.863519 0.0211919 -0.503871 -0.863519 0.0211919 -0.503871 0.863519 -0.0211919 0.503871 0.863519 -0.0211919 0.503871 0.863519 -0.0211919 0.503871 0.413748 -0.0101542 0.910335 0.413748 -0.0101542 0.910335 0.413748 -0.0101542 0.910335 -0.413748 0.0101542 -0.910335 -0.413748 0.0101542 -0.910335 -0.413748 0.0101542 -0.910335 0.0273696 -0.863345 -0.503871 0.0273696 -0.863345 -0.503871 0.0273696 -0.863345 -0.503871 -0.0273696 0.863345 0.503871 -0.0273696 0.863345 0.503871 -0.0273696 0.863345 0.503871 -0.0182599 0.575987 0.817255 -0.0182599 0.575987 0.817255 -0.0182599 0.575987 0.817255 0.0182599 -0.575987 -0.817255 0.0182599 -0.575987 -0.817255 0.0182599 -0.575987 -0.817255 0.747703 -0.419258 -0.514939 0.747703 -0.419258 -0.514939 0.747703 -0.419258 -0.514939 -0.747703 0.419258 0.514939 -0.747703 0.419258 0.514939 -0.747703 0.419258 0.514939 -0.226082 0.12677 0.965824 -0.226082 0.12677 0.965824 -0.226082 0.12677 0.965824 0.226082 -0.12677 -0.965824 0.226082 -0.12677 -0.965824 0.226082 -0.12677 -0.965824 0.467111 0.721162 -0.511598 0.467111 0.721162 -0.511598 0.467111 0.721162 -0.511598 -0.467111 -0.721162 0.511598 -0.467111 -0.721162 0.511598 -0.467111 -0.721162 0.511598 -0.162683 -0.251162 0.954176 -0.162683 -0.251162 0.954176 -0.162683 -0.251162 0.954176 0.162683 0.251162 -0.954176 0.162683 0.251162 -0.954176 0.162683 0.251162 -0.954176 0.868813 0.439138 0.228741 0.868813 0.439138 0.228741 0.868813 0.439138 0.228741 -0.868813 -0.439138 -0.228741 -0.868813 -0.439138 -0.228741 -0.868813 -0.439138 -0.228741 -0.937868 0.270939 0.216784 -0.937868 0.270939 0.216784 -0.937868 0.270939 0.216784 0.937868 -0.270939 -0.216784 0.937868 -0.270939 -0.216784 0.937868 -0.270939 -0.216784 0.195552 -0.966466 0.166442 0.195552 -0.966466 0.166442 0.195552 -0.966466 0.166442 -0.195552 0.966466 -0.166442 -0.195552 0.966466 -0.166442 -0.195552 0.966466 -0.166442 -0.787872 -0.35408 -0.503871 -0.787872 -0.35408 -0.503871 -0.787872 -0.35408 -0.503871 0.787872 0.35408 0.503871 0.787872 0.35408 0.503871 0.787872 0.35408 0.503871 0.74784 0.336089 0.572521 0.74784 0.336089 0.572521 0.74784 0.336089 0.572521 -0.74784 -0.336089 -0.572521 -0.74784 -0.336089 -0.572521 -0.74784 -0.336089 -0.572521 0.0902444 -0.859052 -0.503871 0.0902444 -0.859052 -0.503871 0.0902444 -0.859052 -0.503871 -0.0902444 0.859052 0.503871 -0.0902444 0.859052 0.503871 -0.0902444 0.859052 0.503871 -0.0432395 0.411607 0.910335 -0.0432395 0.411607 0.910335 -0.0432395 0.411607 0.910335 0.0432395 -0.411607 -0.910335 0.0432395 -0.411607 -0.910335 0.0432395 -0.411607 -0.910335 0.852623 0.138379 -0.503871 0.852623 0.138379 -0.503871 0.852623 0.138379 -0.503871 -0.852623 -0.138379 0.503871 -0.852623 -0.138379 0.503871 -0.852623 -0.138379 0.503871 -0.568833 -0.0923204 0.817255 -0.568833 -0.0923204 0.817255 -0.568833 -0.0923204 0.817255 0.568833 0.0923204 -0.817255 0.568833 0.0923204 -0.817255 0.568833 0.0923204 -0.817255 0.319426 0.79549 -0.514939 0.319426 0.79549 -0.514939 0.319426 0.79549 -0.514939 -0.319426 -0.79549 0.514939 -0.319426 -0.79549 0.514939 -0.319426 -0.79549 0.514939 -0.096584 -0.240531 0.965824 -0.096584 -0.240531 0.965824 -0.096584 -0.240531 0.965824 0.096584 0.240531 -0.965824 0.096584 0.240531 -0.965824 0.096584 0.240531 -0.965824 -0.775335 0.370299 -0.511598 -0.775335 0.370299 -0.511598 -0.775335 0.370299 -0.511598 0.775335 -0.370299 0.511598 0.775335 -0.370299 0.511598 0.775335 -0.370299 0.511598 0.27003 -0.128966 0.954176 0.27003 -0.128966 0.954176 0.27003 -0.128966 0.954176 -0.27003 0.128966 -0.954176 -0.27003 0.128966 -0.954176 -0.27003 0.128966 -0.954176 -0.54742 0.804991 0.228741 -0.54742 0.804991 0.228741 -0.54742 0.804991 0.228741 0.54742 -0.804991 -0.228741 0.54742 -0.804991 -0.228741 0.54742 -0.804991 -0.228741 -0.147841 -0.96496 0.216784 -0.147841 -0.96496 0.216784 -0.147841 -0.96496 0.216784 0.147841 0.96496 -0.216784 0.147841 0.96496 -0.216784 0.147841 0.96496 -0.216784 0.933215 0.318446 0.166442 0.933215 0.318446 0.166442 0.933215 0.318446 0.166442 -0.933215 -0.318446 -0.166442 -0.933215 -0.318446 -0.166442 -0.933215 -0.318446 -0.166442 0.452642 -0.735683 -0.503871 0.452642 -0.735683 -0.503871 0.452642 -0.735683 -0.503871 -0.452642 0.735683 0.503871 -0.452642 0.735683 0.503871 -0.452642 0.735683 0.503871 -0.429643 0.698303 0.572521 -0.429643 0.698303 0.572521 -0.429643 0.698303 0.572521 0.429643 -0.698303 -0.572521 0.429643 -0.698303 -0.572521 0.429643 -0.698303 -0.572521 0.840264 0.200176 -0.503871 0.840264 0.200176 -0.503871 0.840264 0.200176 -0.503871 -0.840264 -0.200176 0.503871 -0.840264 -0.200176 0.503871 -0.840264 -0.200176 0.503871 -0.402605 -0.0959124 0.910335 -0.402605 -0.0959124 0.910335 -0.402605 -0.0959124 0.910335 0.402605 0.0959124 -0.910335 0.402605 0.0959124 -0.910335 0.402605 0.0959124 -0.910335 -0.247081 0.827686 -0.503871 -0.247081 0.827686 -0.503871 -0.247081 0.827686 -0.503871 0.247081 -0.827686 0.503871 0.247081 -0.827686 0.503871 0.247081 -0.827686 0.503871 0.164842 -0.552197 0.817255 0.164842 -0.552197 0.817255 0.164842 -0.552197 0.817255 -0.164842 0.552197 -0.817255 -0.164842 0.552197 -0.817255 -0.164842 0.552197 -0.817255 -0.830016 0.214269 -0.514939 -0.830016 0.214269 -0.514939 -0.830016 0.214269 -0.514939 0.830016 -0.214269 0.514939 0.830016 -0.214269 0.514939 0.830016 -0.214269 0.514939 0.250971 -0.0647878 0.965824 0.250971 -0.0647878 0.965824 0.250971 -0.0647878 0.965824 -0.250971 0.0647878 -0.965824 -0.250971 0.0647878 -0.965824 -0.250971 0.0647878 -0.965824 -0.267315 -0.816584 -0.511598 -0.267315 -0.816584 -0.511598 -0.267315 -0.816584 -0.511598 0.267315 0.816584 0.511598 0.267315 0.816584 0.511598 0.267315 0.816584 0.511598 0.0930992 0.284396 0.954176 0.0930992 0.284396 0.954176 0.0930992 0.284396 0.954176 -0.0930992 -0.284396 -0.954176 -0.0930992 -0.284396 -0.954176 -0.0930992 -0.284396 -0.954176 -0.738517 -0.634248 0.228741 -0.738517 -0.634248 0.228741 -0.738517 -0.634248 0.228741 0.738517 0.634248 -0.228741 0.738517 0.634248 -0.228741 0.738517 0.634248 -0.228741 0.975453 -0.0386861 0.216784 0.975453 -0.0386861 0.216784 0.975453 -0.0386861 0.216784 -0.975453 0.0386861 -0.216784 -0.975453 0.0386861 -0.216784 -0.975453 0.0386861 -0.216784 -0.421099 0.891612 0.166442 -0.421099 0.891612 0.166442 -0.421099 0.891612 0.166442 0.421099 -0.891612 -0.166442 0.421099 -0.891612 -0.166442 0.421099 -0.891612 -0.166442 0.680277 0.532295 -0.503871 0.680277 0.532295 -0.503871 0.680277 0.532295 -0.503871 -0.680277 -0.532295 0.503871 -0.680277 -0.532295 0.503871 -0.680277 -0.532295 0.503871 -0.645712 -0.505249 0.572521 -0.645712 -0.505249 0.572521 -0.645712 -0.505249 0.572521 0.645712 0.505249 -0.572521 0.645712 0.505249 -0.572521 0.645712 0.505249 -0.572521 -0.293151 0.812512 -0.503871 -0.293151 0.812512 -0.503871 -0.293151 0.812512 -0.503871 0.293151 -0.812512 0.503871 0.293151 -0.812512 0.503871 0.293151 -0.812512 0.503871 0.14046 -0.389308 0.910335 0.14046 -0.389308 0.910335 0.14046 -0.389308 0.910335 -0.14046 0.389308 -0.910335 -0.14046 0.389308 -0.910335 -0.14046 0.389308 -0.910335 -0.794754 -0.338349 -0.503871 -0.794754 -0.338349 -0.503871 -0.794754 -0.338349 -0.503871 0.794754 0.338349 0.503871 0.794754 0.338349 0.503871 0.794754 0.338349 0.503871 0.530226 0.225732 0.817255 0.530226 0.225732 0.817255 0.530226 0.225732 0.817255 -0.530226 -0.225732 -0.817255 -0.530226 -0.225732 -0.817255 -0.530226 -0.225732 -0.817255 -0.119828 -0.84881 -0.514939 -0.119828 -0.84881 -0.514939 -0.119828 -0.84881 -0.514939 0.119828 0.84881 0.514939 0.119828 0.84881 0.514939 0.119828 0.84881 0.514939 0.0362321 0.256653 0.965824 0.0362321 0.256653 0.965824 0.0362321 0.256653 0.965824 -0.0362321 -0.256653 -0.965824 -0.0362321 -0.256653 -0.965824 -0.0362321 -0.256653 -0.965824 0.841412 -0.174047 -0.511598 0.841412 -0.174047 -0.511598 0.841412 -0.174047 -0.511598 -0.841412 0.174047 0.511598 -0.841412 0.174047 0.511598 -0.841412 0.174047 0.511598 -0.293043 0.0606162 0.954176 -0.293043 0.0606162 0.954176 -0.293043 0.0606162 0.954176 0.293043 -0.0606162 -0.954176 0.293043 -0.0606162 -0.954176 0.293043 -0.0606162 -0.954176 0.724115 -0.650642 0.228741 0.724115 -0.650642 0.228741 0.724115 -0.650642 0.228741 -0.724115 0.650642 -0.228741 -0.724115 0.650642 -0.228741 -0.724115 0.650642 -0.228741 -0.0873181 0.972307 0.216784 -0.0873181 0.972307 0.216784 -0.0873181 0.972307 0.216784 0.0873181 -0.972307 -0.216784 0.0873181 -0.972307 -0.216784 0.0873181 -0.972307 -0.216784 -0.829924 -0.532469 0.166442 -0.829924 -0.532469 0.166442 -0.829924 -0.532469 0.166442 0.829924 0.532469 -0.166442 0.829924 0.532469 -0.166442 0.829924 0.532469 -0.166442 -0.615508 0.606023 -0.503871 -0.615508 0.606023 -0.503871 -0.615508 0.606023 -0.503871 0.615508 -0.606023 0.503871 0.615508 -0.606023 0.503871 0.615508 -0.606023 0.503871 0.584234 -0.575231 0.572521 0.584234 -0.575231 0.572521 0.584234 -0.575231 0.572521 -0.584234 0.575231 -0.572521 -0.584234 0.575231 -0.572521 -0.584234 0.575231 -0.572521 -0.767969 -0.395395 -0.503871 -0.767969 -0.395395 -0.503871 -0.767969 -0.395395 -0.503871 0.767969 0.395395 0.503871 0.767969 0.395395 0.503871 0.767969 0.395395 0.503871 0.367966 0.18945 0.910335 0.367966 0.18945 0.910335 0.367966 0.18945 0.910335 -0.367966 -0.18945 -0.910335 -0.367966 -0.18945 -0.910335 -0.367966 -0.18945 -0.910335 0.437929 -0.744535 -0.503871 0.437929 -0.744535 -0.503871 0.437929 -0.744535 -0.503871 -0.437929 0.744535 0.503871 -0.437929 0.744535 0.503871 -0.437929 0.744535 0.503871 -0.292167 0.496722 0.817255 -0.292167 0.496722 0.817255 -0.292167 0.496722 0.817255 0.292167 -0.496722 -0.817255 0.292167 -0.496722 -0.817255 0.292167 -0.496722 -0.817255 0.857174 -0.00946519 -0.514939 0.857174 -0.00946519 -0.514939 0.857174 -0.00946519 -0.514939 -0.857174 0.00946519 0.514939 -0.857174 0.00946519 0.514939 -0.857174 0.00946519 0.514939 -0.259182 0.00286169 0.965824 -0.259182 0.00286169 0.965824 -0.259182 0.00286169 0.965824 0.259182 -0.00286169 -0.965824 0.259182 -0.00286169 -0.965824 0.259182 -0.00286169 -0.965824 0.0641849 0.856824 -0.511598 0.0641849 0.856824 -0.511598 0.0641849 0.856824 -0.511598 -0.0641849 -0.856824 0.511598 -0.0641849 -0.856824 0.511598 -0.0641849 -0.856824 0.511598 -0.022354 -0.29841 0.954176 -0.022354 -0.29841 0.954176 -0.022354 -0.29841 0.954176 0.022354 0.29841 -0.954176 0.022354 0.29841 -0.954176 0.022354 0.29841 -0.954176 0.551921 0.801911 0.228741 0.551921 0.801911 0.228741 0.551921 0.801911 0.228741 -0.551921 -0.801911 -0.228741 -0.551921 -0.801911 -0.228741 -0.551921 -0.801911 -0.228741 -0.952952 -0.211867 0.216784 -0.952952 -0.211867 0.216784 -0.952952 -0.211867 0.216784 0.952952 0.211867 -0.216784 0.952952 0.211867 -0.216784 0.952952 0.211867 -0.216784 0.634962 -0.754401 0.166442 0.634962 -0.754401 0.166442 0.634962 -0.754401 0.166442 -0.634962 0.754401 -0.166442 -0.634962 0.754401 -0.166442 -0.634962 0.754401 -0.166442 -0.521667 -0.68846 -0.503871 -0.521667 -0.68846 -0.503871 -0.521667 -0.68846 -0.503871 0.521667 0.68846 0.503871 0.521667 0.68846 0.503871 0.521667 0.68846 0.503871 0.495161 0.65348 0.572521 0.495161 0.65348 0.572521 0.495161 0.65348 0.572521 -0.495161 -0.65348 -0.572521 -0.495161 -0.65348 -0.572521 -0.495161 -0.65348 -0.572521 0.491048 -0.710623 -0.503871 0.491048 -0.710623 -0.503871 0.491048 -0.710623 -0.503871 -0.491048 0.710623 0.503871 -0.491048 0.710623 0.503871 -0.491048 0.710623 0.503871 -0.235281 0.340489 0.910335 -0.235281 0.340489 0.910335 -0.235281 0.340489 0.910335 0.235281 -0.340489 -0.910335 0.235281 -0.340489 -0.910335 0.235281 -0.340489 -0.910335 0.681904 0.530208 -0.503871 0.681904 0.530208 -0.503871 0.681904 0.530208 -0.503871 -0.681904 -0.530208 0.503871 -0.681904 -0.530208 0.503871 -0.681904 -0.530208 0.503871 -0.454937 -0.353732 0.817255 -0.454937 -0.353732 0.817255 -0.454937 -0.353732 0.817255 0.454937 0.353732 -0.817255 0.454937 0.353732 -0.817255 0.454937 0.353732 -0.817255 -0.101056 0.851249 -0.514939 -0.101056 0.851249 -0.514939 -0.101056 0.851249 -0.514939 0.101056 -0.851249 0.514939 0.101056 -0.851249 0.514939 0.101056 -0.851249 0.514939 0.0305564 -0.257391 0.965824 0.0305564 -0.257391 0.965824 0.0305564 -0.257391 0.965824 -0.0305564 0.257391 -0.965824 -0.0305564 0.257391 -0.965824 -0.0305564 0.257391 -0.965824 -0.857952 -0.0467471 -0.511598 -0.857952 -0.0467471 -0.511598 -0.857952 -0.0467471 -0.511598 0.857952 0.0467471 0.511598 0.857952 0.0467471 0.511598 0.857952 0.0467471 0.511598 0.298803 0.0162808 0.954176 0.298803 0.0162808 0.954176 0.298803 0.0162808 0.954176 -0.298803 -0.0162808 -0.954176 -0.298803 -0.0162808 -0.954176 -0.298803 -0.0162808 -0.954176 -0.866339 0.443999 0.228741 -0.866339 0.443999 0.228741 -0.866339 0.443999 0.228741 0.866339 -0.443999 -0.228741 0.866339 -0.443999 -0.228741 0.866339 -0.443999 -0.228741 0.332883 -0.917711 0.216784 0.332883 -0.917711 0.216784 0.332883 -0.917711 0.216784 -0.332883 0.917711 -0.216784 -0.332883 0.917711 -0.216784 -0.332883 0.917711 -0.216784 0.666302 0.72687 0.166442 0.666302 0.72687 0.166442 0.666302 0.72687 0.166442 -0.666302 -0.72687 -0.166442 -0.666302 -0.72687 -0.166442 -0.666302 -0.72687 -0.166442 0.749936 -0.428615 -0.503871 0.749936 -0.428615 -0.503871 0.749936 -0.428615 -0.503871 -0.749936 0.428615 0.503871 -0.749936 0.428615 0.503871 -0.749936 0.428615 0.503871 -0.711832 0.406837 0.572521 -0.711832 0.406837 0.572521 -0.711832 0.406837 0.572521 0.711832 -0.406837 -0.572521 0.711832 -0.406837 -0.572521 0.711832 -0.406837 -0.572521 0.641431 0.578515 -0.503871 0.641431 0.578515 -0.503871 0.641431 0.578515 -0.503871 -0.641431 -0.578515 0.503871 -0.641431 -0.578515 0.503871 -0.641431 -0.578515 0.503871 -0.307336 -0.27719 0.910335 -0.307336 -0.27719 0.910335 -0.307336 -0.27719 0.910335 0.307336 0.27719 -0.910335 0.307336 0.27719 -0.910335 0.307336 0.27719 -0.910335 -0.613648 0.607906 -0.503871 -0.613648 0.607906 -0.503871 -0.613648 0.607906 -0.503871 0.613648 -0.607906 0.503871 0.613648 -0.607906 0.503871 0.613648 -0.607906 0.503871 0.4094 -0.405569 0.817255 0.4094 -0.405569 0.817255 0.4094 -0.405569 0.817255 -0.4094 0.405569 -0.817255 -0.4094 0.405569 -0.817255 -0.4094 0.405569 -0.817255 -0.831133 -0.209892 -0.514939 -0.831133 -0.209892 -0.514939 -0.831133 -0.209892 -0.514939 0.831133 0.209892 0.514939 0.831133 0.209892 0.514939 0.831133 0.209892 0.514939 0.251308 0.0634651 0.965824 0.251308 0.0634651 0.965824 0.251308 0.0634651 0.965824 -0.251308 -0.0634651 -0.965824 -0.251308 -0.0634651 -0.965824 -0.251308 -0.0634651 -0.965824 0.1569 -0.844777 -0.511598 0.1569 -0.844777 -0.511598 0.1569 -0.844777 -0.511598 -0.1569 0.844777 0.511598 -0.1569 0.844777 0.511598 -0.1569 0.844777 0.511598 -0.0546442 0.294215 0.954176 -0.0546442 0.294215 0.954176 -0.0546442 0.294215 0.954176 0.0546442 -0.294215 -0.954176 0.0546442 -0.294215 -0.954176 0.0546442 -0.294215 -0.954176 -0.344035 -0.910669 0.228741 -0.344035 -0.910669 0.228741 -0.344035 -0.910669 0.228741 0.344035 0.910669 -0.228741 0.344035 0.910669 -0.228741 0.344035 0.910669 -0.228741 0.874587 0.433707 0.216784 0.874587 0.433707 0.216784 0.874587 0.433707 0.216784 -0.874587 -0.433707 -0.216784 -0.874587 -0.433707 -0.216784 -0.874587 -0.433707 -0.216784 -0.797011 0.580578 0.166442 -0.797011 0.580578 0.166442 -0.797011 0.580578 0.166442 0.797011 -0.580578 -0.166442 0.797011 -0.580578 -0.166442 0.797011 -0.580578 -0.166442 0.341803 0.793275 -0.503871 0.341803 0.793275 -0.503871 0.341803 0.793275 -0.503871 -0.341803 -0.793275 0.503871 -0.341803 -0.793275 0.503871 -0.341803 -0.793275 0.503871 -0.324436 -0.752968 0.572521 -0.324436 -0.752968 0.572521 -0.324436 -0.752968 0.572521 0.324436 0.752968 -0.572521 0.324436 0.752968 -0.572521 0.324436 0.752968 -0.572521 -0.646803 0.572503 -0.503871 -0.646803 0.572503 -0.503871 -0.646803 0.572503 -0.503871 0.646803 -0.572503 0.503871 0.646803 -0.572503 0.503871 0.646803 -0.572503 0.503871 0.30991 -0.27431 0.910335 0.30991 -0.27431 0.910335 0.30991 -0.27431 0.910335 -0.30991 0.27431 -0.910335 -0.30991 0.27431 -0.910335 -0.30991 0.27431 -0.910335 -0.535249 -0.677955 -0.503871 -0.535249 -0.677955 -0.503871 -0.535249 -0.677955 -0.503871 0.535249 0.677955 0.503871 0.535249 0.677955 0.503871 0.535249 0.677955 0.503871 0.357095 0.452302 0.817255 0.357095 0.452302 0.817255 0.357095 0.452302 0.817255 -0.357095 -0.452302 -0.817255 -0.357095 -0.452302 -0.817255 -0.357095 -0.452302 -0.817255 0.301782 -0.80235 -0.514939 0.301782 -0.80235 -0.514939 0.301782 -0.80235 -0.514939 -0.301782 0.80235 0.514939 -0.301782 0.80235 0.514939 -0.301782 0.80235 0.514939 -0.0912496 0.242605 0.965824 -0.0912496 0.242605 0.965824 -0.0912496 0.242605 0.965824 0.0912496 -0.242605 -0.965824 0.0912496 -0.242605 -0.965824 0.0912496 -0.242605 -0.965824 0.821851 0.250654 -0.511598 0.821851 0.250654 -0.511598 0.821851 0.250654 -0.511598 -0.821851 -0.250654 0.511598 -0.821851 -0.250654 0.511598 -0.821851 -0.250654 0.511598 -0.28623 -0.0872964 0.954176 -0.28623 -0.0872964 0.954176 -0.28623 -0.0872964 0.954176 0.28623 0.0872964 -0.954176 0.28623 0.0872964 -0.954176 0.28623 0.0872964 -0.954176 0.947405 -0.223833 0.228741 0.947405 -0.223833 0.228741 0.947405 -0.223833 0.228741 -0.947405 0.223833 -0.228741 -0.947405 0.223833 -0.228741 -0.947405 0.223833 -0.228741 -0.542777 0.811417 0.216784 -0.542777 0.811417 0.216784 -0.542777 0.811417 0.216784 0.542777 -0.811417 -0.216784 0.542777 -0.811417 -0.216784 0.542777 -0.811417 -0.216784 -0.473048 -0.865172 0.166442 -0.473048 -0.865172 0.166442 -0.473048 -0.865172 0.166442 0.473048 0.865172 -0.166442 0.473048 0.865172 -0.166442 0.473048 0.865172 -0.166442 -0.830702 0.236745 -0.503871 -0.830702 0.236745 -0.503871 -0.830702 0.236745 -0.503871 0.830702 -0.236745 0.503871 0.830702 -0.236745 0.503871 0.830702 -0.236745 0.503871 0.788494 -0.224716 0.572521 0.788494 -0.224716 0.572521 0.788494 -0.224716 0.572521 -0.788494 0.224716 -0.572521 -0.788494 0.224716 -0.572521 -0.788494 0.224716 -0.572521 -0.484394 -0.715176 -0.503871 -0.484394 -0.715176 -0.503871 -0.484394 -0.715176 -0.503871 0.484394 0.715176 0.503871 0.484394 0.715176 0.503871 0.484394 0.715176 0.503871 0.232093 0.34267 0.910335 0.232093 0.34267 0.910335 0.232093 0.34267 0.910335 -0.232093 -0.34267 -0.910335 -0.232093 -0.34267 -0.910335 -0.232093 -0.34267 -0.910335 0.741268 -0.443437 -0.503871 0.741268 -0.443437 -0.503871 0.741268 -0.443437 -0.503871 -0.741268 0.443437 0.503871 -0.741268 0.443437 0.503871 -0.741268 0.443437 0.503871 -0.494542 0.295842 0.817255 -0.494542 0.295842 0.817255 -0.494542 0.295842 0.817255 0.494542 -0.295842 -0.817255 0.494542 -0.295842 -0.817255 0.494542 -0.295842 -0.817255 0.756779 0.402645 -0.514939 0.756779 0.402645 -0.514939 0.756779 0.402645 -0.514939 -0.756779 -0.402645 0.514939 -0.756779 -0.402645 0.514939 -0.756779 -0.402645 0.514939 -0.228826 -0.121747 0.965824 -0.228826 -0.121747 0.965824 -0.228826 -0.121747 0.965824 0.228826 0.121747 -0.965824 0.228826 0.121747 -0.965824 0.228826 0.121747 -0.965824 -0.354456 0.782705 -0.511598 -0.354456 0.782705 -0.511598 -0.354456 0.782705 -0.511598 0.354456 -0.782705 0.511598 0.354456 -0.782705 0.511598 0.354456 -0.782705 0.511598 0.123448 -0.272597 0.954176 0.123448 -0.272597 0.954176 0.123448 -0.272597 0.954176 -0.123448 0.272597 -0.954176 -0.123448 0.272597 -0.954176 -0.123448 0.272597 -0.954176 0.0998995 0.968348 0.228741 0.0998995 0.968348 0.228741 0.0998995 0.968348 0.228741 -0.0998995 -0.968348 -0.228741 -0.0998995 -0.968348 -0.228741 -0.0998995 -0.968348 -0.228741 -0.73472 -0.6428 0.216784 -0.73472 -0.6428 0.216784 -0.73472 -0.6428 0.216784 0.73472 0.6428 -0.216784 0.73472 0.6428 -0.216784 0.73472 0.6428 -0.216784 0.91891 -0.357632 0.166442 0.91891 -0.357632 0.166442 0.91891 -0.357632 0.166442 -0.91891 0.357632 -0.166442 -0.91891 0.357632 -0.166442 -0.91891 0.357632 -0.166442 -0.127741 -0.854281 -0.503871 -0.127741 -0.854281 -0.503871 -0.127741 -0.854281 -0.503871 0.127741 0.854281 0.503871 0.127741 0.854281 0.503871 0.127741 0.854281 0.503871 0.12125 0.810875 0.572521 0.12125 0.810875 0.572521 0.12125 0.810875 0.572521 -0.12125 -0.810875 -0.572521 -0.12125 -0.810875 -0.572521 -0.12125 -0.810875 -0.572521 0.771626 -0.38821 -0.503871 0.771626 -0.38821 -0.503871 0.771626 -0.38821 -0.503871 -0.771626 0.38821 0.503871 -0.771626 0.38821 0.503871 -0.771626 0.38821 0.503871 -0.369718 0.186008 0.910335 -0.369718 0.186008 0.910335 -0.369718 0.186008 0.910335 0.369718 -0.186008 -0.910335 0.369718 -0.186008 -0.910335 0.369718 -0.186008 -0.910335 0.344232 0.792223 -0.503871 0.344232 0.792223 -0.503871 0.344232 0.792223 -0.503871 -0.344232 -0.792223 0.503871 -0.344232 -0.792223 0.503871 -0.344232 -0.792223 0.503871 -0.229657 -0.528537 0.817255 -0.229657 -0.528537 0.817255 -0.229657 -0.528537 0.817255 0.229657 0.528537 -0.817255 0.229657 0.528537 -0.817255 0.229657 0.528537 -0.817255 -0.496796 0.698593 -0.514939 -0.496796 0.698593 -0.514939 -0.496796 0.698593 -0.514939 0.496796 -0.698593 0.514939 0.496796 -0.698593 0.514939 0.496796 -0.698593 0.514939 0.150215 -0.211232 0.965824 0.150215 -0.211232 0.965824 0.150215 -0.211232 0.965824 -0.150215 0.211232 -0.965824 -0.150215 0.211232 -0.965824 -0.150215 0.211232 -0.965824 -0.730512 -0.452348 -0.511598 -0.730512 -0.452348 -0.511598 -0.730512 -0.452348 -0.511598 0.730512 0.452348 0.511598 0.730512 0.452348 0.511598 0.730512 0.452348 0.511598 0.254419 0.157542 0.954176 0.254419 0.157542 0.954176 0.254419 0.157542 0.954176 -0.254419 -0.157542 -0.954176 -0.254419 -0.157542 -0.954176 -0.254419 -0.157542 -0.954176 -0.973148 -0.0256995 0.228741 -0.973148 -0.0256995 0.228741 -0.973148 -0.0256995 0.228741 0.973148 0.0256995 -0.228741 0.973148 0.0256995 -0.228741 0.973148 0.0256995 -0.228741 0.732107 -0.645774 0.216784 0.732107 -0.645774 0.216784 0.732107 -0.645774 0.216784 -0.732107 0.645774 -0.216784 -0.732107 0.645774 -0.216784 -0.732107 0.645774 -0.216784 0.236255 0.95733 0.166442 0.236255 0.95733 0.166442 0.236255 0.95733 0.166442 -0.236255 -0.95733 -0.166442 -0.236255 -0.95733 -0.166442 -0.236255 -0.95733 -0.166442 0.863619 -0.0166065 -0.503871 0.863619 -0.0166065 -0.503871 0.863619 -0.0166065 -0.503871 -0.863619 0.0166065 0.503871 -0.863619 0.0166065 0.503871 -0.863619 0.0166065 0.503871 -0.819739 0.0157626 0.572521 -0.819739 0.0157626 0.572521 -0.819739 0.0157626 0.572521 0.819739 -0.0157626 -0.572521 0.819739 -0.0157626 -0.572521 0.819739 -0.0157626 -0.572521 0.285554 0.815213 -0.503871 0.285554 0.815213 -0.503871 0.285554 0.815213 -0.503871 -0.285554 -0.815213 0.503871 -0.285554 -0.815213 0.503871 -0.285554 -0.815213 0.503871 -0.136821 -0.390602 0.910335 -0.136821 -0.390602 0.910335 -0.136821 -0.390602 0.910335 0.136821 0.390602 -0.910335 0.136821 0.390602 -0.910335 0.136821 0.390602 -0.910335 -0.829973 0.239289 -0.503871 -0.829973 0.239289 -0.503871 -0.829973 0.239289 -0.503871 0.829973 -0.239289 0.503871 0.829973 -0.239289 0.503871 0.829973 -0.239289 0.503871 0.553722 -0.159643 0.817255 0.553722 -0.159643 0.817255 0.553722 -0.159643 0.817255 -0.553722 0.159643 -0.817255 -0.553722 0.159643 -0.817255 -0.553722 0.159643 -0.817255 -0.62876 -0.582664 -0.514939 -0.62876 -0.582664 -0.514939 -0.62876 -0.582664 -0.514939 0.62876 0.582664 0.514939 0.62876 0.582664 0.514939 0.62876 0.582664 0.514939 0.190117 0.176179 0.965824 0.190117 0.176179 0.965824 0.190117 0.176179 0.965824 -0.190117 -0.176179 -0.965824 -0.190117 -0.176179 -0.965824 -0.190117 -0.176179 -0.965824 0.5427 -0.66614 -0.511598 0.5427 -0.66614 -0.511598 0.5427 -0.66614 -0.511598 -0.5427 0.66614 0.511598 -0.5427 0.66614 0.511598 -0.5427 0.66614 0.511598 -0.189009 0.232 0.954176 -0.189009 0.232 0.954176 -0.189009 0.232 0.954176 0.189009 -0.232 -0.954176 0.189009 -0.232 -0.954176 0.189009 -0.232 -0.954176</float_array>
          <technique_common><accessor source="#farm_pumpkin_plant_normals_array" count="1716" stride="3"><param name="X" type="float"/><param name="Y" type="float"/><param name="Z" type="float"/></accessor></technique_common>
        </source>
        <vertices id="farm_pumpkin_plant_vertices"><input semantic="POSITION" source="#farm_pumpkin_plant_positions"/></vertices>
        <triangles material="farm_pumpkin_plant_material" count="572">
          <input semantic="VERTEX" source="#farm_pumpkin_plant_vertices" offset="0"/>
          <input semantic="NORMAL" source="#farm_pumpkin_plant_normals" offset="0"/>
          
          <p>0 1 2 3 4 5 6 7 8 9 10 11 12 13 14 15 16 17 18 19 20 21 22 23 24 25 26 27 28 29 30 31 32 33 34 35 36 37 38 39 40 41 42 43 44 45 46 47 48 49 50 51 52 53 54 55 56 57 58 59 60 61 62 63 64 65 66 67 68 69 70 71 72 73 74 75 76 77 78 79 80 81 82 83 84 85 86 87 88 89 90 91 92 93 94 95 96 97 98 99 100 101 102 103 104 105 106 107 108 109 110 111 112 113 114 115 116 117 118 119 120 121 122 123 124 125 126 127 128 129 130 131 132 133 134 135 136 137 138 139 140 141 142 143 144 145 146 147 148 149 150 151 152 153 154 155 156 157 158 159 160 161 162 163 164 165 166 167 168 169 170 171 172 173 174 175 176 177 178 179 180 181 182 183 184 185 186 187 188 189 190 191 192 193 194 195 196 197 198 199 200 201 202 203 204 205 206 207 208 209 210 211 212 213 214 215 216 217 218 219 220 221 222 223 224 225 226 227 228 229 230 231 232 233 234 235 236 237 238 239 240 241 242 243 244 245 246 247 248 249 250 251 252 253 254 255 256 257 258 259 260 261 262 263 264 265 266 267 268 269 270 271 272 273 274 275 276 277 278 279 280 281 282 283 284 285 286 287 288 289 290 291 292 293 294 295 296 297 298 299 300 301 302 303 304 305 306 307 308 309 310 311 312 313 314 315 316 317 318 319 320 321 322 323 324 325 326 327 328 329 330 331 332 333 334 335 336 337 338 339 340 341 342 343 344 345 346 347 348 349 350 351 352 353 354 355 356 357 358 359 360 361 362 363 364 365 366 367 368 369 370 371 372 373 374 375 376 377 378 379 380 381 382 383 384 385 386 387 388 389 390 391 392 393 394 395 396 397 398 399 400 401 402 403 404 405 406 407 408 409 410 411 412 413 414 415 416 417 418 419 420 421 422 423 424 425 426 427 428 429 430 431 432 433 434 435 436 437 438 439 440 441 442 443 444 445 446 447 448 449 450 451 452 453 454 455 456 457 458 459 460 461 462 463 464 465 466 467 468 469 470 471 472 473 474 475 476 477 478 479 480 481 482 483 484 485 486 487 488 489 490 491 492 493 494 495 496 497 498 499 500 501 502 503 504 505 506 507 508 509 510 511 512 513 514 515 516 517 518 519 520 521 522 523 524 525 526 527 528 529 530 531 532 533 534 535 536 537 538 539 540 541 542 543 544 545 546 547 548 549 550 551 552 553 554 555 556 557 558 559 560 561 562 563 564 565 566 567 568 569 570 571 572 573 574 575 576 577 578 579 580 581 582 583 584 585 586 587 588 589 590 591 592 593 594 595 596 597 598 599 600 601 602 603 604 605 606 607 608 609 610 611 612 613 614 615 616 617 618 619 620 621 622 623 624 625 626 627 628 629 630 631 632 633 634 635 636 637 638 639 640 641 642 643 644 645 646 647 648 649 650 651 652 653 654 655 656 657 658 659 660 661 662 663 664 665 666 667 668 669 670 671 672 673 674 675 676 677 678 679 680 681 682 683 684 685 686 687 688 689 690 691 692 693 694 695 696 697 698 699 700 701 702 703 704 705 706 707 708 709 710 711 712 713 714 715 716 717 718 719 720 721 722 723 724 725 726 727 728 729 730 731 732 733 734 735 736 737 738 739 740 741 742 743 744 745 746 747 748 749 750 751 752 753 754 755 756 757 758 759 760 761 762 763 764 765 766 767 768 769 770 771 772 773 774 775 776 777 778 779 780 781 782 783 784 785 786 787 788 789 790 791 792 793 794 795 796 797 798 799 800 801 802 803 804 805 806 807 808 809 810 811 812 813 814 815 816 817 818 819 820 821 822 823 824 825 826 827 828 829 830 831 832 833 834 835 836 837 838 839 840 841 842 843 844 845 846 847 848 849 850 851 852 853 854 855 856 857 858 859 860 861 862 863 864 865 866 867 868 869 870 871 872 873 874 875 876 877 878 879 880 881 882 883 884 885 886 887 888 889 890 891 892 893 894 895 896 897 898 899 900 901 902 903 904 905 906 907 908 909 910 911 912 913 914 915 916 917 918 919 920 921 922 923 924 925 926 927 928 929 930 931 932 933 934 935 936 937 938 939 940 941 942 943 944 945 946 947 948 949 950 951 952 953 954 955 956 957 958 959 960 961 962 963 964 965 966 967 968 969 970 971 972 973 974 975 976 977 978 979 980 981 982 983 984 985 986 987 988 989 990 991 992 993 994 995 996 997 998 999 1000 1001 1002 1003 1004 1005 1006 1007 1008 1009 1010 1011 1012 1013 1014 1015 1016 1017 1018 1019 1020 1021 1022 1023 1024 1025 1026 1027 1028 1029 1030 1031 1032 1033 1034 1035 1036 1037 1038 1039 1040 1041 1042 1043 1044 1045 1046 1047 1048 1049 1050 1051 1052 1053 1054 1055 1056 1057 1058 1059 1060 1061 1062 1063 1064 1065 1066 1067 1068 1069 1070 1071 1072 1073 1074 1075 1076 1077 1078 1079 1080 1081 1082 1083 1084 1085 1086 1087 1088 1089 1090 1091 1092 1093 1094 1095 1096 1097 1098 1099 1100 1101 1102 1103 1104 1105 1106 1107 1108 1109 1110 1111 1112 1113 1114 1115 1116 1117 1118 1119 1120 1121 1122 1123 1124 1125 1126 1127 1128 1129 1130 1131 1132 1133 1134 1135 1136 1137 1138 1139 1140 1141 1142 1143 1144 1145 1146 1147 1148 1149 1150 1151 1152 1153 1154 1155 1156 1157 1158 1159 1160 1161 1162 1163 1164 1165 1166 1167 1168 1169 1170 1171 1172 1173 1174 1175 1176 1177 1178 1179 1180 1181 1182 1183 1184 1185 1186 1187 1188 1189 1190 1191 1192 1193 1194 1195 1196 1197 1198 1199 1200 1201 1202 1203 1204 1205 1206 1207 1208 1209 1210 1211 1212 1213 1214 1215 1216 1217 1218 1219 1220 1221 1222 1223 1224 1225 1226 1227 1228 1229 1230 1231 1232 1233 1234 1235 1236 1237 1238 1239 1240 1241 1242 1243 1244 1245 1246 1247 1248 1249 1250 1251 1252 1253 1254 1255 1256 1257 1258 1259 1260 1261 1262 1263 1264 1265 1266 1267 1268 1269 1270 1271 1272 1273 1274 1275 1276 1277 1278 1279 1280 1281 1282 1283 1284 1285 1286 1287 1288 1289 1290 1291 1292 1293 1294 1295 1296 1297 1298 1299 1300 1301 1302 1303 1304 1305 1306 1307 1308 1309 1310 1311 1312 1313 1314 1315 1316 1317 1318 1319 1320 1321 1322 1323 1324 1325 1326 1327 1328 1329 1330 1331 1332 1333 1334 1335 1336 1337 1338 1339 1340 1341 1342 1343 1344 1345 1346 1347 1348 1349 1350 1351 1352 1353 1354 1355 1356 1357 1358 1359 1360 1361 1362 1363 1364 1365 1366 1367 1368 1369 1370 1371 1372 1373 1374 1375 1376 1377 1378 1379 1380 1381 1382 1383 1384 1385 1386 1387 1388 1389 1390 1391 1392 1393 1394 1395 1396 1397 1398 1399 1400 1401 1402 1403 1404 1405 1406 1407 1408 1409 1410 1411 1412 1413 1414 1415 1416 1417 1418 1419 1420 1421 1422 1423 1424 1425 1426 1427 1428 1429 1430 1431 1432 1433 1434 1435 1436 1437 1438 1439 1440 1441 1442 1443 1444 1445 1446 1447 1448 1449 1450 1451 1452 1453 1454 1455 1456 1457 1458 1459 1460 1461 1462 1463 1464 1465 1466 1467 1468 1469 1470 1471 1472 1473 1474 1475 1476 1477 1478 1479 1480 1481 1482 1483 1484 1485 1486 1487 1488 1489 1490 1491 1492 1493 1494 1495 1496 1497 1498 1499 1500 1501 1502 1503 1504 1505 1506 1507 1508 1509 1510 1511 1512 1513 1514 1515 1516 1517 1518 1519 1520 1521 1522 1523 1524 1525 1526 1527 1528 1529 1530 1531 1532 1533 1534 1535 1536 1537 1538 1539 1540 1541 1542 1543 1544 1545 1546 1547 1548 1549 1550 1551 1552 1553 1554 1555 1556 1557 1558 1559 1560 1561 1562 1563 1564 1565 1566 1567 1568 1569 1570 1571 1572 1573 1574 1575 1576 1577 1578 1579 1580 1581 1582 1583 1584 1585 1586 1587 1588 1589 1590 1591 1592 1593 1594 1595 1596 1597 1598 1599 1600 1601 1602 1603 1604 1605 1606 1607 1608 1609 1610 1611 1612 1613 1614 1615 1616 1617 1618 1619 1620 1621 1622 1623 1624 1625 1626 1627 1628 1629 1630 1631 1632 1633 1634 1635 1636 1637 1638 1639 1640 1641 1642 1643 1644 1645 1646 1647 1648 1649 1650 1651 1652 1653 1654 1655 1656 1657 1658 1659 1660 1661 1662 1663 1664 1665 1666 1667 1668 1669 1670 1671 1672 1673 1674 1675 1676 1677 1678 1679 1680 1681 1682 1683 1684 1685 1686 1687 1688 1689 1690 1691 1692 1693 1694 1695 1696 1697 1698 1699 1700 1701 1702 1703 1704 1705 1706 1707 1708 1709 1710 1711 1712 1713 1714 1715</p>
        </triangles>
      </mesh>
    </geometry>
  </library_geometries>
  <library_visual_scenes>
    <visual_scene id="farm_pumpkin_plant_scene">
      <node id="farm_pumpkin_plant_node">
        <instance_geometry url="#farm_pumpkin_plant_geometry">
          <bind_material><technique_common>
            <instance_material symbol="farm_pumpkin_plant_material" target="#farm_pumpkin_plant_material"></instance_material>
          </technique_common></bind_material>
        </instance_geometry>
      </node>
    </visual_scene>
  </library_visual_scenes>
  <scene><instance_visual_scene url="#farm_pumpkin_plant_scene"/></scene>
</COLLADA>
