ISO-10303-21;
HEADER;
/* Generated by software containing ST-Developer
 * from STEP Tools, Inc. (www.steptools.com) 
 */
/* OPTION: using custom renumber hook */

FILE_DESCRIPTION(
/* description */ ('STEP AP242 Edition 2',
'CAx-IF Rec.Pracs.---Representation and Presentation of Product Manufa
cturing Information (PMI)---4.0---2014-10-13',
'CAx-IF Rec.Pracs.---3D Tessellated Geometry---0.4---2014-09-14','2;1',
'CAx-IF Rec.Pracs.---User Defined Attributes---1.5---2016-08-15'),
/* implementation_level */ '2;1');

FILE_NAME(
/* name */ '14IN WHEELS - tread',
/* time_stamp */ '2026-07-12T21:15:40Z',
/* author */ (''),
/* organization */ (''),
/* preprocessor_version */ 'ST-DEVELOPER v20',
/* originating_system */ 'ONSHAPE BY PTC INC, 1.217',
/* authorisation */ '  ');

FILE_SCHEMA (('AP242_MANAGED_MODEL_BASED_3D_ENGINEERING_MIM_LF { 1 0 10303 442 3 1 4 }'));
ENDSEC;

DATA;
#10=SHAPE_REPRESENTATION_RELATIONSHIP('','',#3135,#11);
#11=ADVANCED_BREP_SHAPE_REPRESENTATION('',(#3133),#5419);
#12=ELLIPSE('',#3239,0.985027253627597,0.175);
#13=ELLIPSE('',#3240,1.02240576695271,0.175);
#14=ELLIPSE('',#3241,1.0224057669527,0.175);
#15=ELLIPSE('',#3242,0.985027253627573,0.175);
#16=ELLIPSE('',#3246,1.0224057669527,0.175);
#17=ELLIPSE('',#3247,1.0224057669527,0.175);
#18=ELLIPSE('',#3248,0.985027253627572,0.175);
#19=ELLIPSE('',#3251,0.985027253627586,0.175);
#20=ELLIPSE('',#3253,0.985027253627588,0.175);
#21=ELLIPSE('',#3254,1.0224057669527,0.175);
#22=ELLIPSE('',#3255,1.0224057669527,0.175);
#23=ELLIPSE('',#3256,0.985027253627572,0.175);
#24=ELLIPSE('',#3260,0.985027253627589,0.175);
#25=ELLIPSE('',#3261,1.0224057669527,0.175);
#26=ELLIPSE('',#3262,1.0224057669527,0.175);
#27=ELLIPSE('',#3263,0.985027253627573,0.175);
#28=ELLIPSE('',#3267,0.985027253627586,0.175);
#29=ELLIPSE('',#3268,1.0224057669527,0.175);
#30=ELLIPSE('',#3269,1.0224057669527,0.175);
#31=ELLIPSE('',#3270,0.985027253627572,0.175);
#32=ELLIPSE('',#3274,0.985027253627598,0.175);
#33=ELLIPSE('',#3275,1.02240576695271,0.175);
#34=ELLIPSE('',#3276,1.0224057669527,0.175);
#35=ELLIPSE('',#3277,0.985027253627573,0.175);
#36=ELLIPSE('',#3281,0.985027253627593,0.175);
#37=ELLIPSE('',#3282,1.0224057669527,0.175);
#38=ELLIPSE('',#3283,1.0224057669527,0.175);
#39=ELLIPSE('',#3284,0.985027253627575,0.175);
#40=ELLIPSE('',#3288,0.98502725362758,0.175);
#41=ELLIPSE('',#3289,1.02240576695269,0.175);
#42=ELLIPSE('',#3290,1.0224057669527,0.175);
#43=ELLIPSE('',#3291,0.985027253627573,0.175);
#44=ELLIPSE('',#3295,0.985027253627588,0.175);
#45=ELLIPSE('',#3296,1.0224057669527,0.175);
#46=ELLIPSE('',#3297,1.0224057669527,0.175);
#47=ELLIPSE('',#3298,0.985027253627574,0.175);
#48=ELLIPSE('',#3302,0.985027253627589,0.175);
#49=ELLIPSE('',#3303,1.0224057669527,0.175);
#50=ELLIPSE('',#3304,1.0224057669527,0.175);
#51=ELLIPSE('',#3305,0.985027253627571,0.175);
#52=ELLIPSE('',#3309,0.985027253627581,0.175);
#53=ELLIPSE('',#3310,1.02240576695269,0.175);
#54=ELLIPSE('',#3311,1.02240576695269,0.175);
#55=ELLIPSE('',#3312,0.985027253627573,0.175);
#56=ELLIPSE('',#3316,0.985027253627592,0.175);
#57=ELLIPSE('',#3317,1.0224057669527,0.175);
#58=ELLIPSE('',#3318,1.0224057669527,0.175);
#59=ELLIPSE('',#3319,0.985027253627574,0.175);
#60=ELLIPSE('',#3323,0.857818019730543,0.1524);
#61=ELLIPSE('',#3330,0.857818019730547,0.1524);
#62=ELLIPSE('',#3337,0.857818019730539,0.1524);
#63=ELLIPSE('',#3344,0.85781801973054,0.1524);
#64=ELLIPSE('',#3351,0.857818019730538,0.1524);
#65=ELLIPSE('',#3358,0.857818019730548,0.1524);
#66=ELLIPSE('',#3365,0.857818019730544,0.1524);
#67=ELLIPSE('',#3372,0.857818019730533,0.1524);
#68=ELLIPSE('',#3379,0.857818019730539,0.1524);
#69=ELLIPSE('',#3386,0.857818019730541,0.1524);
#70=ELLIPSE('',#3393,0.857818019730533,0.1524);
#71=ELLIPSE('',#3400,0.857818019730526,0.1524);
#72=ELLIPSE('',#3402,0.890369365049091,0.1524);
#73=ELLIPSE('',#3404,0.890369365049091,0.1524);
#74=ELLIPSE('',#3406,0.890369365049085,0.1524);
#75=ELLIPSE('',#3408,0.857818019730527,0.1524);
#76=ELLIPSE('',#3409,0.890369365049092,0.1524);
#77=ELLIPSE('',#3411,0.890369365049096,0.1524);
#78=ELLIPSE('',#3413,0.857818019730527,0.1524);
#79=ELLIPSE('',#3414,0.890369365049091,0.1524);
#80=ELLIPSE('',#3416,0.890369365049099,0.1524);
#81=ELLIPSE('',#3418,0.857818019730528,0.1524);
#82=ELLIPSE('',#3419,0.890369365049091,0.1524);
#83=ELLIPSE('',#3421,0.890369365049091,0.1524);
#84=ELLIPSE('',#3423,0.857818019730526,0.1524);
#85=ELLIPSE('',#3424,0.890369365049091,0.1524);
#86=ELLIPSE('',#3426,0.890369365049094,0.1524);
#87=ELLIPSE('',#3428,0.857818019730526,0.1524);
#88=ELLIPSE('',#3429,0.890369365049093,0.1524);
#89=ELLIPSE('',#3431,0.890369365049092,0.1524);
#90=ELLIPSE('',#3433,0.857818019730526,0.1524);
#91=ELLIPSE('',#3434,0.890369365049092,0.1524);
#92=ELLIPSE('',#3436,0.857818019730538,0.1524);
#93=ELLIPSE('',#3440,0.890369365049092,0.1524);
#94=ELLIPSE('',#3441,0.890369365049102,0.1524);
#95=ELLIPSE('',#3443,0.857818019730525,0.1524);
#96=ELLIPSE('',#3446,0.890369365049096,0.1524);
#97=ELLIPSE('',#3448,0.857818019730527,0.1524);
#98=ELLIPSE('',#3449,0.890369365049092,0.1524);
#99=ELLIPSE('',#3451,0.890369365049085,0.1524);
#100=ELLIPSE('',#3453,0.857818019730527,0.1524);
#101=ELLIPSE('',#3454,0.890369365049089,0.1524);
#102=ELLIPSE('',#3456,0.890369365049094,0.1524);
#103=ELLIPSE('',#3458,0.857818019730527,0.1524);
#104=ELLIPSE('',#3459,0.890369365049092,0.1524);
#105=ELLIPSE('',#3461,0.890369365049092,0.1524);
#106=ELLIPSE('',#3465,0.857818019730525,0.1524);
#107=ELLIPSE('',#3466,0.890369365049092,0.1524);
#108=CYLINDRICAL_SURFACE('',#3237,0.115108644332213);
#109=CYLINDRICAL_SURFACE('',#3238,0.175);
#110=CYLINDRICAL_SURFACE('',#3245,0.175);
#111=CYLINDRICAL_SURFACE('',#3252,0.175);
#112=CYLINDRICAL_SURFACE('',#3259,0.175);
#113=CYLINDRICAL_SURFACE('',#3266,0.175);
#114=CYLINDRICAL_SURFACE('',#3273,0.175);
#115=CYLINDRICAL_SURFACE('',#3280,0.175);
#116=CYLINDRICAL_SURFACE('',#3287,0.175);
#117=CYLINDRICAL_SURFACE('',#3294,0.175);
#118=CYLINDRICAL_SURFACE('',#3301,0.175);
#119=CYLINDRICAL_SURFACE('',#3308,0.175);
#120=CYLINDRICAL_SURFACE('',#3315,0.175);
#121=CYLINDRICAL_SURFACE('',#3407,0.1524);
#122=CYLINDRICAL_SURFACE('',#3412,0.1524);
#123=CYLINDRICAL_SURFACE('',#3417,0.1524);
#124=CYLINDRICAL_SURFACE('',#3422,0.1524);
#125=CYLINDRICAL_SURFACE('',#3427,0.1524);
#126=CYLINDRICAL_SURFACE('',#3432,0.1524);
#127=CYLINDRICAL_SURFACE('',#3437,0.1524);
#128=CYLINDRICAL_SURFACE('',#3442,0.1524);
#129=CYLINDRICAL_SURFACE('',#3447,0.1524);
#130=CYLINDRICAL_SURFACE('',#3452,0.1524);
#131=CYLINDRICAL_SURFACE('',#3457,0.1524);
#132=CYLINDRICAL_SURFACE('',#3464,0.1524);
#133=CIRCLE('',#3162,0.175);
#134=CIRCLE('',#3163,0.1524);
#135=CIRCLE('',#3164,0.175);
#136=CIRCLE('',#3165,0.1524);
#137=CIRCLE('',#3166,0.175);
#138=CIRCLE('',#3167,0.1524);
#139=CIRCLE('',#3168,0.175);
#140=CIRCLE('',#3169,0.1524);
#141=CIRCLE('',#3170,0.175);
#142=CIRCLE('',#3171,0.1524);
#143=CIRCLE('',#3172,0.175);
#144=CIRCLE('',#3173,0.1524);
#145=CIRCLE('',#3174,0.175);
#146=CIRCLE('',#3175,0.1524);
#147=CIRCLE('',#3176,0.175);
#148=CIRCLE('',#3177,0.1524);
#149=CIRCLE('',#3178,0.175);
#150=CIRCLE('',#3179,0.1524);
#151=CIRCLE('',#3180,0.175);
#152=CIRCLE('',#3181,0.1524);
#153=CIRCLE('',#3182,0.175);
#154=CIRCLE('',#3183,0.1524);
#155=CIRCLE('',#3184,0.175);
#156=CIRCLE('',#3185,0.1524);
#157=CIRCLE('',#3186,0.115108644332213);
#158=CIRCLE('',#3212,0.175);
#159=CIRCLE('',#3213,0.1524);
#160=CIRCLE('',#3214,0.175);
#161=CIRCLE('',#3215,0.1524);
#162=CIRCLE('',#3216,0.175);
#163=CIRCLE('',#3217,0.1524);
#164=CIRCLE('',#3218,0.175);
#165=CIRCLE('',#3219,0.1524);
#166=CIRCLE('',#3220,0.175);
#167=CIRCLE('',#3221,0.1524);
#168=CIRCLE('',#3222,0.175);
#169=CIRCLE('',#3223,0.1524);
#170=CIRCLE('',#3224,0.175);
#171=CIRCLE('',#3225,0.1524);
#172=CIRCLE('',#3226,0.175);
#173=CIRCLE('',#3227,0.1524);
#174=CIRCLE('',#3228,0.175);
#175=CIRCLE('',#3229,0.1524);
#176=CIRCLE('',#3230,0.175);
#177=CIRCLE('',#3231,0.1524);
#178=CIRCLE('',#3232,0.175);
#179=CIRCLE('',#3233,0.1524);
#180=CIRCLE('',#3234,0.175);
#181=CIRCLE('',#3235,0.1524);
#182=CIRCLE('',#3236,0.115108644332213);
#183=CIRCLE('',#3243,0.175);
#184=CIRCLE('',#3244,0.175);
#185=CIRCLE('',#3249,0.175);
#186=CIRCLE('',#3250,0.175);
#187=CIRCLE('',#3257,0.175);
#188=CIRCLE('',#3258,0.175);
#189=CIRCLE('',#3264,0.175);
#190=CIRCLE('',#3265,0.175);
#191=CIRCLE('',#3271,0.175);
#192=CIRCLE('',#3272,0.175);
#193=CIRCLE('',#3278,0.175);
#194=CIRCLE('',#3279,0.175);
#195=CIRCLE('',#3285,0.175);
#196=CIRCLE('',#3286,0.175);
#197=CIRCLE('',#3292,0.175);
#198=CIRCLE('',#3293,0.175);
#199=CIRCLE('',#3299,0.175);
#200=CIRCLE('',#3300,0.175);
#201=CIRCLE('',#3306,0.175);
#202=CIRCLE('',#3307,0.175);
#203=CIRCLE('',#3313,0.175);
#204=CIRCLE('',#3314,0.175);
#205=CIRCLE('',#3320,0.175);
#206=CIRCLE('',#3321,0.175);
#207=CIRCLE('',#3325,0.1524);
#208=CIRCLE('',#3328,0.1524);
#209=CIRCLE('',#3332,0.1524);
#210=CIRCLE('',#3335,0.1524);
#211=CIRCLE('',#3339,0.1524);
#212=CIRCLE('',#3342,0.1524);
#213=CIRCLE('',#3346,0.1524);
#214=CIRCLE('',#3349,0.1524);
#215=CIRCLE('',#3353,0.1524);
#216=CIRCLE('',#3356,0.1524);
#217=CIRCLE('',#3360,0.1524);
#218=CIRCLE('',#3363,0.1524);
#219=CIRCLE('',#3367,0.1524);
#220=CIRCLE('',#3370,0.1524);
#221=CIRCLE('',#3374,0.1524);
#222=CIRCLE('',#3377,0.1524);
#223=CIRCLE('',#3381,0.1524);
#224=CIRCLE('',#3384,0.1524);
#225=CIRCLE('',#3388,0.1524);
#226=CIRCLE('',#3391,0.1524);
#227=CIRCLE('',#3395,0.1524);
#228=CIRCLE('',#3398,0.1524);
#229=CIRCLE('',#3438,0.1524);
#230=CIRCLE('',#3439,0.1524);
#231=ORIENTED_EDGE('',*,*,#1171,.T.);
#232=ORIENTED_EDGE('',*,*,#1172,.T.);
#233=ORIENTED_EDGE('',*,*,#1173,.F.);
#234=ORIENTED_EDGE('',*,*,#1174,.F.);
#235=ORIENTED_EDGE('',*,*,#1175,.T.);
#236=ORIENTED_EDGE('',*,*,#1176,.T.);
#237=ORIENTED_EDGE('',*,*,#1177,.F.);
#238=ORIENTED_EDGE('',*,*,#1178,.F.);
#239=ORIENTED_EDGE('',*,*,#1179,.T.);
#240=ORIENTED_EDGE('',*,*,#1180,.T.);
#241=ORIENTED_EDGE('',*,*,#1181,.F.);
#242=ORIENTED_EDGE('',*,*,#1182,.F.);
#243=ORIENTED_EDGE('',*,*,#1183,.T.);
#244=ORIENTED_EDGE('',*,*,#1184,.T.);
#245=ORIENTED_EDGE('',*,*,#1185,.F.);
#246=ORIENTED_EDGE('',*,*,#1186,.F.);
#247=ORIENTED_EDGE('',*,*,#1187,.T.);
#248=ORIENTED_EDGE('',*,*,#1188,.T.);
#249=ORIENTED_EDGE('',*,*,#1189,.F.);
#250=ORIENTED_EDGE('',*,*,#1190,.F.);
#251=ORIENTED_EDGE('',*,*,#1191,.T.);
#252=ORIENTED_EDGE('',*,*,#1192,.T.);
#253=ORIENTED_EDGE('',*,*,#1193,.F.);
#254=ORIENTED_EDGE('',*,*,#1194,.F.);
#255=ORIENTED_EDGE('',*,*,#1195,.T.);
#256=ORIENTED_EDGE('',*,*,#1196,.T.);
#257=ORIENTED_EDGE('',*,*,#1197,.F.);
#258=ORIENTED_EDGE('',*,*,#1198,.F.);
#259=ORIENTED_EDGE('',*,*,#1199,.T.);
#260=ORIENTED_EDGE('',*,*,#1200,.T.);
#261=ORIENTED_EDGE('',*,*,#1201,.F.);
#262=ORIENTED_EDGE('',*,*,#1202,.F.);
#263=ORIENTED_EDGE('',*,*,#1203,.T.);
#264=ORIENTED_EDGE('',*,*,#1204,.T.);
#265=ORIENTED_EDGE('',*,*,#1205,.F.);
#266=ORIENTED_EDGE('',*,*,#1206,.F.);
#267=ORIENTED_EDGE('',*,*,#1207,.T.);
#268=ORIENTED_EDGE('',*,*,#1208,.T.);
#269=ORIENTED_EDGE('',*,*,#1209,.F.);
#270=ORIENTED_EDGE('',*,*,#1210,.F.);
#271=ORIENTED_EDGE('',*,*,#1211,.T.);
#272=ORIENTED_EDGE('',*,*,#1212,.T.);
#273=ORIENTED_EDGE('',*,*,#1213,.F.);
#274=ORIENTED_EDGE('',*,*,#1214,.F.);
#275=ORIENTED_EDGE('',*,*,#1215,.T.);
#276=ORIENTED_EDGE('',*,*,#1216,.T.);
#277=ORIENTED_EDGE('',*,*,#1217,.F.);
#278=ORIENTED_EDGE('',*,*,#1218,.F.);
#279=ORIENTED_EDGE('',*,*,#1219,.T.);
#280=ORIENTED_EDGE('',*,*,#1220,.T.);
#281=ORIENTED_EDGE('',*,*,#1221,.F.);
#282=ORIENTED_EDGE('',*,*,#1222,.F.);
#283=ORIENTED_EDGE('',*,*,#1223,.T.);
#284=ORIENTED_EDGE('',*,*,#1224,.T.);
#285=ORIENTED_EDGE('',*,*,#1225,.F.);
#286=ORIENTED_EDGE('',*,*,#1226,.F.);
#287=ORIENTED_EDGE('',*,*,#1227,.T.);
#288=ORIENTED_EDGE('',*,*,#1228,.T.);
#289=ORIENTED_EDGE('',*,*,#1229,.F.);
#290=ORIENTED_EDGE('',*,*,#1230,.F.);
#291=ORIENTED_EDGE('',*,*,#1231,.T.);
#292=ORIENTED_EDGE('',*,*,#1232,.T.);
#293=ORIENTED_EDGE('',*,*,#1233,.F.);
#294=ORIENTED_EDGE('',*,*,#1234,.F.);
#295=ORIENTED_EDGE('',*,*,#1235,.T.);
#296=ORIENTED_EDGE('',*,*,#1236,.T.);
#297=ORIENTED_EDGE('',*,*,#1237,.F.);
#298=ORIENTED_EDGE('',*,*,#1238,.F.);
#299=ORIENTED_EDGE('',*,*,#1239,.T.);
#300=ORIENTED_EDGE('',*,*,#1240,.T.);
#301=ORIENTED_EDGE('',*,*,#1241,.F.);
#302=ORIENTED_EDGE('',*,*,#1242,.F.);
#303=ORIENTED_EDGE('',*,*,#1243,.T.);
#304=ORIENTED_EDGE('',*,*,#1244,.T.);
#305=ORIENTED_EDGE('',*,*,#1245,.F.);
#306=ORIENTED_EDGE('',*,*,#1246,.F.);
#307=ORIENTED_EDGE('',*,*,#1247,.T.);
#308=ORIENTED_EDGE('',*,*,#1248,.T.);
#309=ORIENTED_EDGE('',*,*,#1249,.F.);
#310=ORIENTED_EDGE('',*,*,#1250,.F.);
#311=ORIENTED_EDGE('',*,*,#1251,.T.);
#312=ORIENTED_EDGE('',*,*,#1252,.T.);
#313=ORIENTED_EDGE('',*,*,#1253,.F.);
#314=ORIENTED_EDGE('',*,*,#1254,.F.);
#315=ORIENTED_EDGE('',*,*,#1255,.T.);
#316=ORIENTED_EDGE('',*,*,#1256,.T.);
#317=ORIENTED_EDGE('',*,*,#1257,.F.);
#318=ORIENTED_EDGE('',*,*,#1258,.F.);
#319=ORIENTED_EDGE('',*,*,#1259,.T.);
#320=ORIENTED_EDGE('',*,*,#1260,.T.);
#321=ORIENTED_EDGE('',*,*,#1261,.F.);
#322=ORIENTED_EDGE('',*,*,#1262,.F.);
#323=ORIENTED_EDGE('',*,*,#1263,.T.);
#324=ORIENTED_EDGE('',*,*,#1264,.T.);
#325=ORIENTED_EDGE('',*,*,#1265,.F.);
#326=ORIENTED_EDGE('',*,*,#1266,.F.);
#327=ORIENTED_EDGE('',*,*,#1267,.T.);
#328=ORIENTED_EDGE('',*,*,#1265,.T.);
#329=ORIENTED_EDGE('',*,*,#1268,.T.);
#330=ORIENTED_EDGE('',*,*,#1261,.T.);
#331=ORIENTED_EDGE('',*,*,#1269,.T.);
#332=ORIENTED_EDGE('',*,*,#1257,.T.);
#333=ORIENTED_EDGE('',*,*,#1270,.T.);
#334=ORIENTED_EDGE('',*,*,#1253,.T.);
#335=ORIENTED_EDGE('',*,*,#1271,.T.);
#336=ORIENTED_EDGE('',*,*,#1249,.T.);
#337=ORIENTED_EDGE('',*,*,#1272,.T.);
#338=ORIENTED_EDGE('',*,*,#1245,.T.);
#339=ORIENTED_EDGE('',*,*,#1273,.T.);
#340=ORIENTED_EDGE('',*,*,#1241,.T.);
#341=ORIENTED_EDGE('',*,*,#1274,.T.);
#342=ORIENTED_EDGE('',*,*,#1237,.T.);
#343=ORIENTED_EDGE('',*,*,#1275,.T.);
#344=ORIENTED_EDGE('',*,*,#1233,.T.);
#345=ORIENTED_EDGE('',*,*,#1276,.T.);
#346=ORIENTED_EDGE('',*,*,#1229,.T.);
#347=ORIENTED_EDGE('',*,*,#1277,.T.);
#348=ORIENTED_EDGE('',*,*,#1225,.T.);
#349=ORIENTED_EDGE('',*,*,#1278,.T.);
#350=ORIENTED_EDGE('',*,*,#1221,.T.);
#351=ORIENTED_EDGE('',*,*,#1279,.T.);
#352=ORIENTED_EDGE('',*,*,#1217,.T.);
#353=ORIENTED_EDGE('',*,*,#1280,.T.);
#354=ORIENTED_EDGE('',*,*,#1213,.T.);
#355=ORIENTED_EDGE('',*,*,#1281,.T.);
#356=ORIENTED_EDGE('',*,*,#1209,.T.);
#357=ORIENTED_EDGE('',*,*,#1282,.T.);
#358=ORIENTED_EDGE('',*,*,#1205,.T.);
#359=ORIENTED_EDGE('',*,*,#1283,.T.);
#360=ORIENTED_EDGE('',*,*,#1201,.T.);
#361=ORIENTED_EDGE('',*,*,#1284,.T.);
#362=ORIENTED_EDGE('',*,*,#1197,.T.);
#363=ORIENTED_EDGE('',*,*,#1285,.T.);
#364=ORIENTED_EDGE('',*,*,#1193,.T.);
#365=ORIENTED_EDGE('',*,*,#1286,.T.);
#366=ORIENTED_EDGE('',*,*,#1189,.T.);
#367=ORIENTED_EDGE('',*,*,#1287,.T.);
#368=ORIENTED_EDGE('',*,*,#1185,.T.);
#369=ORIENTED_EDGE('',*,*,#1288,.T.);
#370=ORIENTED_EDGE('',*,*,#1181,.T.);
#371=ORIENTED_EDGE('',*,*,#1289,.T.);
#372=ORIENTED_EDGE('',*,*,#1177,.T.);
#373=ORIENTED_EDGE('',*,*,#1290,.T.);
#374=ORIENTED_EDGE('',*,*,#1173,.T.);
#375=ORIENTED_EDGE('',*,*,#1291,.T.);
#376=ORIENTED_EDGE('',*,*,#1292,.F.);
#377=ORIENTED_EDGE('',*,*,#1293,.T.);
#378=ORIENTED_EDGE('',*,*,#1294,.F.);
#379=ORIENTED_EDGE('',*,*,#1295,.F.);
#380=ORIENTED_EDGE('',*,*,#1296,.F.);
#381=ORIENTED_EDGE('',*,*,#1297,.T.);
#382=ORIENTED_EDGE('',*,*,#1298,.F.);
#383=ORIENTED_EDGE('',*,*,#1299,.F.);
#384=ORIENTED_EDGE('',*,*,#1300,.F.);
#385=ORIENTED_EDGE('',*,*,#1301,.T.);
#386=ORIENTED_EDGE('',*,*,#1302,.F.);
#387=ORIENTED_EDGE('',*,*,#1303,.F.);
#388=ORIENTED_EDGE('',*,*,#1304,.T.);
#389=ORIENTED_EDGE('',*,*,#1305,.T.);
#390=ORIENTED_EDGE('',*,*,#1306,.F.);
#391=ORIENTED_EDGE('',*,*,#1307,.F.);
#392=ORIENTED_EDGE('',*,*,#1308,.T.);
#393=ORIENTED_EDGE('',*,*,#1309,.T.);
#394=ORIENTED_EDGE('',*,*,#1310,.F.);
#395=ORIENTED_EDGE('',*,*,#1311,.F.);
#396=ORIENTED_EDGE('',*,*,#1312,.F.);
#397=ORIENTED_EDGE('',*,*,#1313,.T.);
#398=ORIENTED_EDGE('',*,*,#1314,.F.);
#399=ORIENTED_EDGE('',*,*,#1315,.F.);
#400=ORIENTED_EDGE('',*,*,#1316,.F.);
#401=ORIENTED_EDGE('',*,*,#1317,.T.);
#402=ORIENTED_EDGE('',*,*,#1318,.F.);
#403=ORIENTED_EDGE('',*,*,#1319,.F.);
#404=ORIENTED_EDGE('',*,*,#1320,.F.);
#405=ORIENTED_EDGE('',*,*,#1321,.T.);
#406=ORIENTED_EDGE('',*,*,#1322,.F.);
#407=ORIENTED_EDGE('',*,*,#1323,.F.);
#408=ORIENTED_EDGE('',*,*,#1324,.F.);
#409=ORIENTED_EDGE('',*,*,#1325,.T.);
#410=ORIENTED_EDGE('',*,*,#1326,.F.);
#411=ORIENTED_EDGE('',*,*,#1327,.F.);
#412=ORIENTED_EDGE('',*,*,#1328,.F.);
#413=ORIENTED_EDGE('',*,*,#1329,.T.);
#414=ORIENTED_EDGE('',*,*,#1330,.F.);
#415=ORIENTED_EDGE('',*,*,#1331,.F.);
#416=ORIENTED_EDGE('',*,*,#1332,.F.);
#417=ORIENTED_EDGE('',*,*,#1333,.T.);
#418=ORIENTED_EDGE('',*,*,#1334,.F.);
#419=ORIENTED_EDGE('',*,*,#1335,.F.);
#420=ORIENTED_EDGE('',*,*,#1336,.F.);
#421=ORIENTED_EDGE('',*,*,#1337,.T.);
#422=ORIENTED_EDGE('',*,*,#1338,.F.);
#423=ORIENTED_EDGE('',*,*,#1339,.F.);
#424=ORIENTED_EDGE('',*,*,#1340,.F.);
#425=ORIENTED_EDGE('',*,*,#1341,.T.);
#426=ORIENTED_EDGE('',*,*,#1342,.F.);
#427=ORIENTED_EDGE('',*,*,#1343,.F.);
#428=ORIENTED_EDGE('',*,*,#1344,.F.);
#429=ORIENTED_EDGE('',*,*,#1345,.T.);
#430=ORIENTED_EDGE('',*,*,#1346,.F.);
#431=ORIENTED_EDGE('',*,*,#1347,.F.);
#432=ORIENTED_EDGE('',*,*,#1348,.F.);
#433=ORIENTED_EDGE('',*,*,#1349,.T.);
#434=ORIENTED_EDGE('',*,*,#1350,.F.);
#435=ORIENTED_EDGE('',*,*,#1351,.F.);
#436=ORIENTED_EDGE('',*,*,#1352,.F.);
#437=ORIENTED_EDGE('',*,*,#1353,.T.);
#438=ORIENTED_EDGE('',*,*,#1354,.F.);
#439=ORIENTED_EDGE('',*,*,#1355,.F.);
#440=ORIENTED_EDGE('',*,*,#1356,.F.);
#441=ORIENTED_EDGE('',*,*,#1357,.T.);
#442=ORIENTED_EDGE('',*,*,#1358,.F.);
#443=ORIENTED_EDGE('',*,*,#1359,.F.);
#444=ORIENTED_EDGE('',*,*,#1360,.F.);
#445=ORIENTED_EDGE('',*,*,#1361,.T.);
#446=ORIENTED_EDGE('',*,*,#1362,.F.);
#447=ORIENTED_EDGE('',*,*,#1363,.F.);
#448=ORIENTED_EDGE('',*,*,#1364,.F.);
#449=ORIENTED_EDGE('',*,*,#1365,.T.);
#450=ORIENTED_EDGE('',*,*,#1366,.F.);
#451=ORIENTED_EDGE('',*,*,#1367,.F.);
#452=ORIENTED_EDGE('',*,*,#1368,.F.);
#453=ORIENTED_EDGE('',*,*,#1369,.T.);
#454=ORIENTED_EDGE('',*,*,#1370,.F.);
#455=ORIENTED_EDGE('',*,*,#1371,.F.);
#456=ORIENTED_EDGE('',*,*,#1372,.F.);
#457=ORIENTED_EDGE('',*,*,#1373,.T.);
#458=ORIENTED_EDGE('',*,*,#1374,.F.);
#459=ORIENTED_EDGE('',*,*,#1375,.F.);
#460=ORIENTED_EDGE('',*,*,#1376,.F.);
#461=ORIENTED_EDGE('',*,*,#1377,.T.);
#462=ORIENTED_EDGE('',*,*,#1378,.F.);
#463=ORIENTED_EDGE('',*,*,#1379,.F.);
#464=ORIENTED_EDGE('',*,*,#1380,.F.);
#465=ORIENTED_EDGE('',*,*,#1381,.T.);
#466=ORIENTED_EDGE('',*,*,#1382,.F.);
#467=ORIENTED_EDGE('',*,*,#1383,.F.);
#468=ORIENTED_EDGE('',*,*,#1384,.F.);
#469=ORIENTED_EDGE('',*,*,#1385,.T.);
#470=ORIENTED_EDGE('',*,*,#1386,.F.);
#471=ORIENTED_EDGE('',*,*,#1387,.F.);
#472=ORIENTED_EDGE('',*,*,#1388,.T.);
#473=ORIENTED_EDGE('',*,*,#1386,.T.);
#474=ORIENTED_EDGE('',*,*,#1389,.T.);
#475=ORIENTED_EDGE('',*,*,#1382,.T.);
#476=ORIENTED_EDGE('',*,*,#1390,.T.);
#477=ORIENTED_EDGE('',*,*,#1378,.T.);
#478=ORIENTED_EDGE('',*,*,#1391,.T.);
#479=ORIENTED_EDGE('',*,*,#1374,.T.);
#480=ORIENTED_EDGE('',*,*,#1392,.T.);
#481=ORIENTED_EDGE('',*,*,#1370,.T.);
#482=ORIENTED_EDGE('',*,*,#1393,.T.);
#483=ORIENTED_EDGE('',*,*,#1366,.T.);
#484=ORIENTED_EDGE('',*,*,#1394,.T.);
#485=ORIENTED_EDGE('',*,*,#1362,.T.);
#486=ORIENTED_EDGE('',*,*,#1395,.T.);
#487=ORIENTED_EDGE('',*,*,#1358,.T.);
#488=ORIENTED_EDGE('',*,*,#1396,.T.);
#489=ORIENTED_EDGE('',*,*,#1354,.T.);
#490=ORIENTED_EDGE('',*,*,#1397,.T.);
#491=ORIENTED_EDGE('',*,*,#1350,.T.);
#492=ORIENTED_EDGE('',*,*,#1398,.T.);
#493=ORIENTED_EDGE('',*,*,#1346,.T.);
#494=ORIENTED_EDGE('',*,*,#1399,.T.);
#495=ORIENTED_EDGE('',*,*,#1342,.T.);
#496=ORIENTED_EDGE('',*,*,#1400,.T.);
#497=ORIENTED_EDGE('',*,*,#1338,.T.);
#498=ORIENTED_EDGE('',*,*,#1401,.T.);
#499=ORIENTED_EDGE('',*,*,#1334,.T.);
#500=ORIENTED_EDGE('',*,*,#1402,.T.);
#501=ORIENTED_EDGE('',*,*,#1330,.T.);
#502=ORIENTED_EDGE('',*,*,#1403,.T.);
#503=ORIENTED_EDGE('',*,*,#1326,.T.);
#504=ORIENTED_EDGE('',*,*,#1404,.T.);
#505=ORIENTED_EDGE('',*,*,#1322,.T.);
#506=ORIENTED_EDGE('',*,*,#1405,.T.);
#507=ORIENTED_EDGE('',*,*,#1318,.T.);
#508=ORIENTED_EDGE('',*,*,#1406,.T.);
#509=ORIENTED_EDGE('',*,*,#1314,.T.);
#510=ORIENTED_EDGE('',*,*,#1407,.T.);
#511=ORIENTED_EDGE('',*,*,#1310,.T.);
#512=ORIENTED_EDGE('',*,*,#1408,.T.);
#513=ORIENTED_EDGE('',*,*,#1306,.T.);
#514=ORIENTED_EDGE('',*,*,#1409,.T.);
#515=ORIENTED_EDGE('',*,*,#1302,.T.);
#516=ORIENTED_EDGE('',*,*,#1410,.T.);
#517=ORIENTED_EDGE('',*,*,#1298,.T.);
#518=ORIENTED_EDGE('',*,*,#1411,.T.);
#519=ORIENTED_EDGE('',*,*,#1294,.T.);
#520=ORIENTED_EDGE('',*,*,#1412,.T.);
#521=ORIENTED_EDGE('',*,*,#1291,.F.);
#522=ORIENTED_EDGE('',*,*,#1412,.F.);
#523=ORIENTED_EDGE('',*,*,#1413,.F.);
#524=ORIENTED_EDGE('',*,*,#1299,.T.);
#525=ORIENTED_EDGE('',*,*,#1410,.F.);
#526=ORIENTED_EDGE('',*,*,#1301,.F.);
#527=ORIENTED_EDGE('',*,*,#1414,.F.);
#528=ORIENTED_EDGE('',*,*,#1415,.F.);
#529=ORIENTED_EDGE('',*,*,#1258,.T.);
#530=ORIENTED_EDGE('',*,*,#1269,.F.);
#531=ORIENTED_EDGE('',*,*,#1260,.F.);
#532=ORIENTED_EDGE('',*,*,#1416,.F.);
#533=ORIENTED_EDGE('',*,*,#1417,.F.);
#534=ORIENTED_EDGE('',*,*,#1418,.F.);
#535=ORIENTED_EDGE('',*,*,#1419,.F.);
#536=ORIENTED_EDGE('',*,*,#1420,.F.);
#537=ORIENTED_EDGE('',*,*,#1421,.F.);
#538=ORIENTED_EDGE('',*,*,#1250,.T.);
#539=ORIENTED_EDGE('',*,*,#1271,.F.);
#540=ORIENTED_EDGE('',*,*,#1252,.F.);
#541=ORIENTED_EDGE('',*,*,#1422,.F.);
#542=ORIENTED_EDGE('',*,*,#1423,.F.);
#543=ORIENTED_EDGE('',*,*,#1424,.F.);
#544=ORIENTED_EDGE('',*,*,#1425,.F.);
#545=ORIENTED_EDGE('',*,*,#1426,.F.);
#546=ORIENTED_EDGE('',*,*,#1307,.T.);
#547=ORIENTED_EDGE('',*,*,#1408,.F.);
#548=ORIENTED_EDGE('',*,*,#1309,.F.);
#549=ORIENTED_EDGE('',*,*,#1427,.F.);
#550=ORIENTED_EDGE('',*,*,#1315,.T.);
#551=ORIENTED_EDGE('',*,*,#1406,.F.);
#552=ORIENTED_EDGE('',*,*,#1317,.F.);
#553=ORIENTED_EDGE('',*,*,#1428,.F.);
#554=ORIENTED_EDGE('',*,*,#1429,.F.);
#555=ORIENTED_EDGE('',*,*,#1242,.T.);
#556=ORIENTED_EDGE('',*,*,#1273,.F.);
#557=ORIENTED_EDGE('',*,*,#1244,.F.);
#558=ORIENTED_EDGE('',*,*,#1430,.F.);
#559=ORIENTED_EDGE('',*,*,#1431,.F.);
#560=ORIENTED_EDGE('',*,*,#1432,.F.);
#561=ORIENTED_EDGE('',*,*,#1433,.F.);
#562=ORIENTED_EDGE('',*,*,#1434,.F.);
#563=ORIENTED_EDGE('',*,*,#1323,.T.);
#564=ORIENTED_EDGE('',*,*,#1404,.F.);
#565=ORIENTED_EDGE('',*,*,#1325,.F.);
#566=ORIENTED_EDGE('',*,*,#1435,.F.);
#567=ORIENTED_EDGE('',*,*,#1436,.F.);
#568=ORIENTED_EDGE('',*,*,#1234,.T.);
#569=ORIENTED_EDGE('',*,*,#1275,.F.);
#570=ORIENTED_EDGE('',*,*,#1236,.F.);
#571=ORIENTED_EDGE('',*,*,#1437,.F.);
#572=ORIENTED_EDGE('',*,*,#1438,.F.);
#573=ORIENTED_EDGE('',*,*,#1439,.F.);
#574=ORIENTED_EDGE('',*,*,#1440,.F.);
#575=ORIENTED_EDGE('',*,*,#1441,.F.);
#576=ORIENTED_EDGE('',*,*,#1331,.T.);
#577=ORIENTED_EDGE('',*,*,#1402,.F.);
#578=ORIENTED_EDGE('',*,*,#1333,.F.);
#579=ORIENTED_EDGE('',*,*,#1442,.F.);
#580=ORIENTED_EDGE('',*,*,#1443,.F.);
#581=ORIENTED_EDGE('',*,*,#1226,.T.);
#582=ORIENTED_EDGE('',*,*,#1277,.F.);
#583=ORIENTED_EDGE('',*,*,#1228,.F.);
#584=ORIENTED_EDGE('',*,*,#1444,.F.);
#585=ORIENTED_EDGE('',*,*,#1445,.F.);
#586=ORIENTED_EDGE('',*,*,#1446,.F.);
#587=ORIENTED_EDGE('',*,*,#1447,.F.);
#588=ORIENTED_EDGE('',*,*,#1448,.F.);
#589=ORIENTED_EDGE('',*,*,#1339,.T.);
#590=ORIENTED_EDGE('',*,*,#1400,.F.);
#591=ORIENTED_EDGE('',*,*,#1341,.F.);
#592=ORIENTED_EDGE('',*,*,#1449,.F.);
#593=ORIENTED_EDGE('',*,*,#1450,.F.);
#594=ORIENTED_EDGE('',*,*,#1218,.T.);
#595=ORIENTED_EDGE('',*,*,#1279,.F.);
#596=ORIENTED_EDGE('',*,*,#1220,.F.);
#597=ORIENTED_EDGE('',*,*,#1451,.F.);
#598=ORIENTED_EDGE('',*,*,#1452,.F.);
#599=ORIENTED_EDGE('',*,*,#1453,.F.);
#600=ORIENTED_EDGE('',*,*,#1454,.F.);
#601=ORIENTED_EDGE('',*,*,#1455,.F.);
#602=ORIENTED_EDGE('',*,*,#1347,.T.);
#603=ORIENTED_EDGE('',*,*,#1398,.F.);
#604=ORIENTED_EDGE('',*,*,#1349,.F.);
#605=ORIENTED_EDGE('',*,*,#1456,.F.);
#606=ORIENTED_EDGE('',*,*,#1457,.F.);
#607=ORIENTED_EDGE('',*,*,#1210,.T.);
#608=ORIENTED_EDGE('',*,*,#1281,.F.);
#609=ORIENTED_EDGE('',*,*,#1212,.F.);
#610=ORIENTED_EDGE('',*,*,#1458,.F.);
#611=ORIENTED_EDGE('',*,*,#1459,.F.);
#612=ORIENTED_EDGE('',*,*,#1460,.F.);
#613=ORIENTED_EDGE('',*,*,#1461,.F.);
#614=ORIENTED_EDGE('',*,*,#1462,.F.);
#615=ORIENTED_EDGE('',*,*,#1355,.T.);
#616=ORIENTED_EDGE('',*,*,#1396,.F.);
#617=ORIENTED_EDGE('',*,*,#1357,.F.);
#618=ORIENTED_EDGE('',*,*,#1463,.F.);
#619=ORIENTED_EDGE('',*,*,#1464,.F.);
#620=ORIENTED_EDGE('',*,*,#1202,.T.);
#621=ORIENTED_EDGE('',*,*,#1283,.F.);
#622=ORIENTED_EDGE('',*,*,#1204,.F.);
#623=ORIENTED_EDGE('',*,*,#1465,.F.);
#624=ORIENTED_EDGE('',*,*,#1466,.F.);
#625=ORIENTED_EDGE('',*,*,#1467,.F.);
#626=ORIENTED_EDGE('',*,*,#1468,.F.);
#627=ORIENTED_EDGE('',*,*,#1469,.F.);
#628=ORIENTED_EDGE('',*,*,#1363,.T.);
#629=ORIENTED_EDGE('',*,*,#1394,.F.);
#630=ORIENTED_EDGE('',*,*,#1365,.F.);
#631=ORIENTED_EDGE('',*,*,#1470,.F.);
#632=ORIENTED_EDGE('',*,*,#1471,.F.);
#633=ORIENTED_EDGE('',*,*,#1194,.T.);
#634=ORIENTED_EDGE('',*,*,#1285,.F.);
#635=ORIENTED_EDGE('',*,*,#1196,.F.);
#636=ORIENTED_EDGE('',*,*,#1472,.F.);
#637=ORIENTED_EDGE('',*,*,#1473,.F.);
#638=ORIENTED_EDGE('',*,*,#1474,.F.);
#639=ORIENTED_EDGE('',*,*,#1475,.F.);
#640=ORIENTED_EDGE('',*,*,#1476,.F.);
#641=ORIENTED_EDGE('',*,*,#1371,.T.);
#642=ORIENTED_EDGE('',*,*,#1392,.F.);
#643=ORIENTED_EDGE('',*,*,#1373,.F.);
#644=ORIENTED_EDGE('',*,*,#1477,.F.);
#645=ORIENTED_EDGE('',*,*,#1478,.F.);
#646=ORIENTED_EDGE('',*,*,#1186,.T.);
#647=ORIENTED_EDGE('',*,*,#1287,.F.);
#648=ORIENTED_EDGE('',*,*,#1188,.F.);
#649=ORIENTED_EDGE('',*,*,#1479,.F.);
#650=ORIENTED_EDGE('',*,*,#1480,.F.);
#651=ORIENTED_EDGE('',*,*,#1481,.F.);
#652=ORIENTED_EDGE('',*,*,#1482,.F.);
#653=ORIENTED_EDGE('',*,*,#1483,.F.);
#654=ORIENTED_EDGE('',*,*,#1379,.T.);
#655=ORIENTED_EDGE('',*,*,#1390,.F.);
#656=ORIENTED_EDGE('',*,*,#1381,.F.);
#657=ORIENTED_EDGE('',*,*,#1484,.F.);
#658=ORIENTED_EDGE('',*,*,#1485,.F.);
#659=ORIENTED_EDGE('',*,*,#1178,.T.);
#660=ORIENTED_EDGE('',*,*,#1289,.F.);
#661=ORIENTED_EDGE('',*,*,#1180,.F.);
#662=ORIENTED_EDGE('',*,*,#1486,.F.);
#663=ORIENTED_EDGE('',*,*,#1487,.F.);
#664=ORIENTED_EDGE('',*,*,#1488,.F.);
#665=ORIENTED_EDGE('',*,*,#1489,.F.);
#666=ORIENTED_EDGE('',*,*,#1490,.F.);
#667=ORIENTED_EDGE('',*,*,#1387,.T.);
#668=ORIENTED_EDGE('',*,*,#1388,.F.);
#669=ORIENTED_EDGE('',*,*,#1293,.F.);
#670=ORIENTED_EDGE('',*,*,#1491,.F.);
#671=ORIENTED_EDGE('',*,*,#1492,.F.);
#672=ORIENTED_EDGE('',*,*,#1266,.T.);
#673=ORIENTED_EDGE('',*,*,#1267,.F.);
#674=ORIENTED_EDGE('',*,*,#1172,.F.);
#675=ORIENTED_EDGE('',*,*,#1493,.F.);
#676=ORIENTED_EDGE('',*,*,#1494,.F.);
#677=ORIENTED_EDGE('',*,*,#1495,.F.);
#678=ORIENTED_EDGE('',*,*,#1496,.F.);
#679=ORIENTED_EDGE('',*,*,#1490,.T.);
#680=ORIENTED_EDGE('',*,*,#1497,.F.);
#681=ORIENTED_EDGE('',*,*,#1498,.F.);
#682=ORIENTED_EDGE('',*,*,#1384,.T.);
#683=ORIENTED_EDGE('',*,*,#1496,.T.);
#684=ORIENTED_EDGE('',*,*,#1499,.T.);
#685=ORIENTED_EDGE('',*,*,#1500,.F.);
#686=ORIENTED_EDGE('',*,*,#1497,.T.);
#687=ORIENTED_EDGE('',*,*,#1495,.T.);
#688=ORIENTED_EDGE('',*,*,#1501,.F.);
#689=ORIENTED_EDGE('',*,*,#1502,.F.);
#690=ORIENTED_EDGE('',*,*,#1499,.F.);
#691=ORIENTED_EDGE('',*,*,#1494,.T.);
#692=ORIENTED_EDGE('',*,*,#1503,.T.);
#693=ORIENTED_EDGE('',*,*,#1504,.F.);
#694=ORIENTED_EDGE('',*,*,#1501,.T.);
#695=ORIENTED_EDGE('',*,*,#1413,.T.);
#696=ORIENTED_EDGE('',*,*,#1505,.F.);
#697=ORIENTED_EDGE('',*,*,#1506,.F.);
#698=ORIENTED_EDGE('',*,*,#1296,.T.);
#699=ORIENTED_EDGE('',*,*,#1419,.T.);
#700=ORIENTED_EDGE('',*,*,#1507,.T.);
#701=ORIENTED_EDGE('',*,*,#1508,.F.);
#702=ORIENTED_EDGE('',*,*,#1505,.T.);
#703=ORIENTED_EDGE('',*,*,#1418,.T.);
#704=ORIENTED_EDGE('',*,*,#1509,.F.);
#705=ORIENTED_EDGE('',*,*,#1510,.F.);
#706=ORIENTED_EDGE('',*,*,#1507,.F.);
#707=ORIENTED_EDGE('',*,*,#1417,.T.);
#708=ORIENTED_EDGE('',*,*,#1511,.T.);
#709=ORIENTED_EDGE('',*,*,#1512,.F.);
#710=ORIENTED_EDGE('',*,*,#1509,.T.);
#711=ORIENTED_EDGE('',*,*,#1427,.T.);
#712=ORIENTED_EDGE('',*,*,#1513,.F.);
#713=ORIENTED_EDGE('',*,*,#1514,.F.);
#714=ORIENTED_EDGE('',*,*,#1312,.T.);
#715=ORIENTED_EDGE('',*,*,#1433,.T.);
#716=ORIENTED_EDGE('',*,*,#1515,.T.);
#717=ORIENTED_EDGE('',*,*,#1516,.F.);
#718=ORIENTED_EDGE('',*,*,#1513,.T.);
#719=ORIENTED_EDGE('',*,*,#1432,.T.);
#720=ORIENTED_EDGE('',*,*,#1517,.F.);
#721=ORIENTED_EDGE('',*,*,#1518,.F.);
#722=ORIENTED_EDGE('',*,*,#1515,.F.);
#723=ORIENTED_EDGE('',*,*,#1431,.T.);
#724=ORIENTED_EDGE('',*,*,#1519,.T.);
#725=ORIENTED_EDGE('',*,*,#1520,.F.);
#726=ORIENTED_EDGE('',*,*,#1517,.T.);
#727=ORIENTED_EDGE('',*,*,#1434,.T.);
#728=ORIENTED_EDGE('',*,*,#1521,.F.);
#729=ORIENTED_EDGE('',*,*,#1522,.F.);
#730=ORIENTED_EDGE('',*,*,#1320,.T.);
#731=ORIENTED_EDGE('',*,*,#1440,.T.);
#732=ORIENTED_EDGE('',*,*,#1523,.T.);
#733=ORIENTED_EDGE('',*,*,#1524,.F.);
#734=ORIENTED_EDGE('',*,*,#1521,.T.);
#735=ORIENTED_EDGE('',*,*,#1439,.T.);
#736=ORIENTED_EDGE('',*,*,#1525,.F.);
#737=ORIENTED_EDGE('',*,*,#1526,.F.);
#738=ORIENTED_EDGE('',*,*,#1523,.F.);
#739=ORIENTED_EDGE('',*,*,#1438,.T.);
#740=ORIENTED_EDGE('',*,*,#1527,.T.);
#741=ORIENTED_EDGE('',*,*,#1528,.F.);
#742=ORIENTED_EDGE('',*,*,#1525,.T.);
#743=ORIENTED_EDGE('',*,*,#1441,.T.);
#744=ORIENTED_EDGE('',*,*,#1529,.F.);
#745=ORIENTED_EDGE('',*,*,#1530,.F.);
#746=ORIENTED_EDGE('',*,*,#1328,.T.);
#747=ORIENTED_EDGE('',*,*,#1447,.T.);
#748=ORIENTED_EDGE('',*,*,#1531,.T.);
#749=ORIENTED_EDGE('',*,*,#1532,.F.);
#750=ORIENTED_EDGE('',*,*,#1529,.T.);
#751=ORIENTED_EDGE('',*,*,#1446,.T.);
#752=ORIENTED_EDGE('',*,*,#1533,.F.);
#753=ORIENTED_EDGE('',*,*,#1534,.F.);
#754=ORIENTED_EDGE('',*,*,#1531,.F.);
#755=ORIENTED_EDGE('',*,*,#1445,.T.);
#756=ORIENTED_EDGE('',*,*,#1535,.T.);
#757=ORIENTED_EDGE('',*,*,#1536,.F.);
#758=ORIENTED_EDGE('',*,*,#1533,.T.);
#759=ORIENTED_EDGE('',*,*,#1448,.T.);
#760=ORIENTED_EDGE('',*,*,#1537,.F.);
#761=ORIENTED_EDGE('',*,*,#1538,.F.);
#762=ORIENTED_EDGE('',*,*,#1336,.T.);
#763=ORIENTED_EDGE('',*,*,#1454,.T.);
#764=ORIENTED_EDGE('',*,*,#1539,.T.);
#765=ORIENTED_EDGE('',*,*,#1540,.F.);
#766=ORIENTED_EDGE('',*,*,#1537,.T.);
#767=ORIENTED_EDGE('',*,*,#1453,.T.);
#768=ORIENTED_EDGE('',*,*,#1541,.F.);
#769=ORIENTED_EDGE('',*,*,#1542,.F.);
#770=ORIENTED_EDGE('',*,*,#1539,.F.);
#771=ORIENTED_EDGE('',*,*,#1452,.T.);
#772=ORIENTED_EDGE('',*,*,#1543,.T.);
#773=ORIENTED_EDGE('',*,*,#1544,.F.);
#774=ORIENTED_EDGE('',*,*,#1541,.T.);
#775=ORIENTED_EDGE('',*,*,#1455,.T.);
#776=ORIENTED_EDGE('',*,*,#1545,.F.);
#777=ORIENTED_EDGE('',*,*,#1546,.F.);
#778=ORIENTED_EDGE('',*,*,#1344,.T.);
#779=ORIENTED_EDGE('',*,*,#1461,.T.);
#780=ORIENTED_EDGE('',*,*,#1547,.T.);
#781=ORIENTED_EDGE('',*,*,#1548,.F.);
#782=ORIENTED_EDGE('',*,*,#1545,.T.);
#783=ORIENTED_EDGE('',*,*,#1460,.T.);
#784=ORIENTED_EDGE('',*,*,#1549,.F.);
#785=ORIENTED_EDGE('',*,*,#1550,.F.);
#786=ORIENTED_EDGE('',*,*,#1547,.F.);
#787=ORIENTED_EDGE('',*,*,#1459,.T.);
#788=ORIENTED_EDGE('',*,*,#1551,.T.);
#789=ORIENTED_EDGE('',*,*,#1552,.F.);
#790=ORIENTED_EDGE('',*,*,#1549,.T.);
#791=ORIENTED_EDGE('',*,*,#1462,.T.);
#792=ORIENTED_EDGE('',*,*,#1553,.F.);
#793=ORIENTED_EDGE('',*,*,#1554,.F.);
#794=ORIENTED_EDGE('',*,*,#1352,.T.);
#795=ORIENTED_EDGE('',*,*,#1468,.T.);
#796=ORIENTED_EDGE('',*,*,#1555,.T.);
#797=ORIENTED_EDGE('',*,*,#1556,.F.);
#798=ORIENTED_EDGE('',*,*,#1553,.T.);
#799=ORIENTED_EDGE('',*,*,#1467,.T.);
#800=ORIENTED_EDGE('',*,*,#1557,.F.);
#801=ORIENTED_EDGE('',*,*,#1558,.F.);
#802=ORIENTED_EDGE('',*,*,#1555,.F.);
#803=ORIENTED_EDGE('',*,*,#1466,.T.);
#804=ORIENTED_EDGE('',*,*,#1559,.T.);
#805=ORIENTED_EDGE('',*,*,#1560,.F.);
#806=ORIENTED_EDGE('',*,*,#1557,.T.);
#807=ORIENTED_EDGE('',*,*,#1469,.T.);
#808=ORIENTED_EDGE('',*,*,#1561,.F.);
#809=ORIENTED_EDGE('',*,*,#1562,.F.);
#810=ORIENTED_EDGE('',*,*,#1360,.T.);
#811=ORIENTED_EDGE('',*,*,#1475,.T.);
#812=ORIENTED_EDGE('',*,*,#1563,.T.);
#813=ORIENTED_EDGE('',*,*,#1564,.F.);
#814=ORIENTED_EDGE('',*,*,#1561,.T.);
#815=ORIENTED_EDGE('',*,*,#1474,.T.);
#816=ORIENTED_EDGE('',*,*,#1565,.F.);
#817=ORIENTED_EDGE('',*,*,#1566,.F.);
#818=ORIENTED_EDGE('',*,*,#1563,.F.);
#819=ORIENTED_EDGE('',*,*,#1473,.T.);
#820=ORIENTED_EDGE('',*,*,#1567,.T.);
#821=ORIENTED_EDGE('',*,*,#1568,.F.);
#822=ORIENTED_EDGE('',*,*,#1565,.T.);
#823=ORIENTED_EDGE('',*,*,#1476,.T.);
#824=ORIENTED_EDGE('',*,*,#1569,.F.);
#825=ORIENTED_EDGE('',*,*,#1570,.F.);
#826=ORIENTED_EDGE('',*,*,#1368,.T.);
#827=ORIENTED_EDGE('',*,*,#1482,.T.);
#828=ORIENTED_EDGE('',*,*,#1571,.T.);
#829=ORIENTED_EDGE('',*,*,#1572,.F.);
#830=ORIENTED_EDGE('',*,*,#1569,.T.);
#831=ORIENTED_EDGE('',*,*,#1481,.T.);
#832=ORIENTED_EDGE('',*,*,#1573,.F.);
#833=ORIENTED_EDGE('',*,*,#1574,.F.);
#834=ORIENTED_EDGE('',*,*,#1571,.F.);
#835=ORIENTED_EDGE('',*,*,#1480,.T.);
#836=ORIENTED_EDGE('',*,*,#1575,.T.);
#837=ORIENTED_EDGE('',*,*,#1576,.F.);
#838=ORIENTED_EDGE('',*,*,#1573,.T.);
#839=ORIENTED_EDGE('',*,*,#1483,.T.);
#840=ORIENTED_EDGE('',*,*,#1577,.F.);
#841=ORIENTED_EDGE('',*,*,#1578,.F.);
#842=ORIENTED_EDGE('',*,*,#1376,.T.);
#843=ORIENTED_EDGE('',*,*,#1489,.T.);
#844=ORIENTED_EDGE('',*,*,#1579,.T.);
#845=ORIENTED_EDGE('',*,*,#1580,.F.);
#846=ORIENTED_EDGE('',*,*,#1577,.T.);
#847=ORIENTED_EDGE('',*,*,#1488,.T.);
#848=ORIENTED_EDGE('',*,*,#1581,.F.);
#849=ORIENTED_EDGE('',*,*,#1582,.F.);
#850=ORIENTED_EDGE('',*,*,#1579,.F.);
#851=ORIENTED_EDGE('',*,*,#1487,.T.);
#852=ORIENTED_EDGE('',*,*,#1583,.T.);
#853=ORIENTED_EDGE('',*,*,#1584,.F.);
#854=ORIENTED_EDGE('',*,*,#1581,.T.);
#855=ORIENTED_EDGE('',*,*,#1422,.T.);
#856=ORIENTED_EDGE('',*,*,#1251,.F.);
#857=ORIENTED_EDGE('',*,*,#1585,.F.);
#858=ORIENTED_EDGE('',*,*,#1586,.F.);
#859=ORIENTED_EDGE('',*,*,#1421,.T.);
#860=ORIENTED_EDGE('',*,*,#1587,.T.);
#861=ORIENTED_EDGE('',*,*,#1588,.F.);
#862=ORIENTED_EDGE('',*,*,#1247,.F.);
#863=ORIENTED_EDGE('',*,*,#1420,.T.);
#864=ORIENTED_EDGE('',*,*,#1308,.F.);
#865=ORIENTED_EDGE('',*,*,#1589,.F.);
#866=ORIENTED_EDGE('',*,*,#1587,.F.);
#867=ORIENTED_EDGE('',*,*,#1463,.T.);
#868=ORIENTED_EDGE('',*,*,#1356,.T.);
#869=ORIENTED_EDGE('',*,*,#1590,.F.);
#870=ORIENTED_EDGE('',*,*,#1591,.F.);
#871=ORIENTED_EDGE('',*,*,#1590,.T.);
#872=ORIENTED_EDGE('',*,*,#1359,.T.);
#873=ORIENTED_EDGE('',*,*,#1395,.F.);
#874=ORIENTED_EDGE('',*,*,#1361,.F.);
#875=ORIENTED_EDGE('',*,*,#1562,.T.);
#876=ORIENTED_EDGE('',*,*,#1564,.T.);
#877=ORIENTED_EDGE('',*,*,#1566,.T.);
#878=ORIENTED_EDGE('',*,*,#1568,.T.);
#879=ORIENTED_EDGE('',*,*,#1592,.T.);
#880=ORIENTED_EDGE('',*,*,#1198,.T.);
#881=ORIENTED_EDGE('',*,*,#1284,.F.);
#882=ORIENTED_EDGE('',*,*,#1200,.F.);
#883=ORIENTED_EDGE('',*,*,#1593,.T.);
#884=ORIENTED_EDGE('',*,*,#1456,.T.);
#885=ORIENTED_EDGE('',*,*,#1348,.T.);
#886=ORIENTED_EDGE('',*,*,#1594,.F.);
#887=ORIENTED_EDGE('',*,*,#1595,.F.);
#888=ORIENTED_EDGE('',*,*,#1554,.T.);
#889=ORIENTED_EDGE('',*,*,#1556,.T.);
#890=ORIENTED_EDGE('',*,*,#1558,.T.);
#891=ORIENTED_EDGE('',*,*,#1560,.T.);
#892=ORIENTED_EDGE('',*,*,#1596,.T.);
#893=ORIENTED_EDGE('',*,*,#1206,.T.);
#894=ORIENTED_EDGE('',*,*,#1282,.F.);
#895=ORIENTED_EDGE('',*,*,#1208,.F.);
#896=ORIENTED_EDGE('',*,*,#1597,.T.);
#897=ORIENTED_EDGE('',*,*,#1594,.T.);
#898=ORIENTED_EDGE('',*,*,#1351,.T.);
#899=ORIENTED_EDGE('',*,*,#1397,.F.);
#900=ORIENTED_EDGE('',*,*,#1353,.F.);
#901=ORIENTED_EDGE('',*,*,#1449,.T.);
#902=ORIENTED_EDGE('',*,*,#1340,.T.);
#903=ORIENTED_EDGE('',*,*,#1598,.F.);
#904=ORIENTED_EDGE('',*,*,#1599,.F.);
#905=ORIENTED_EDGE('',*,*,#1546,.T.);
#906=ORIENTED_EDGE('',*,*,#1548,.T.);
#907=ORIENTED_EDGE('',*,*,#1550,.T.);
#908=ORIENTED_EDGE('',*,*,#1552,.T.);
#909=ORIENTED_EDGE('',*,*,#1600,.T.);
#910=ORIENTED_EDGE('',*,*,#1214,.T.);
#911=ORIENTED_EDGE('',*,*,#1280,.F.);
#912=ORIENTED_EDGE('',*,*,#1216,.F.);
#913=ORIENTED_EDGE('',*,*,#1601,.T.);
#914=ORIENTED_EDGE('',*,*,#1598,.T.);
#915=ORIENTED_EDGE('',*,*,#1343,.T.);
#916=ORIENTED_EDGE('',*,*,#1399,.F.);
#917=ORIENTED_EDGE('',*,*,#1345,.F.);
#918=ORIENTED_EDGE('',*,*,#1442,.T.);
#919=ORIENTED_EDGE('',*,*,#1332,.T.);
#920=ORIENTED_EDGE('',*,*,#1602,.F.);
#921=ORIENTED_EDGE('',*,*,#1603,.F.);
#922=ORIENTED_EDGE('',*,*,#1538,.T.);
#923=ORIENTED_EDGE('',*,*,#1540,.T.);
#924=ORIENTED_EDGE('',*,*,#1542,.T.);
#925=ORIENTED_EDGE('',*,*,#1544,.T.);
#926=ORIENTED_EDGE('',*,*,#1604,.T.);
#927=ORIENTED_EDGE('',*,*,#1222,.T.);
#928=ORIENTED_EDGE('',*,*,#1278,.F.);
#929=ORIENTED_EDGE('',*,*,#1224,.F.);
#930=ORIENTED_EDGE('',*,*,#1605,.T.);
#931=ORIENTED_EDGE('',*,*,#1602,.T.);
#932=ORIENTED_EDGE('',*,*,#1335,.T.);
#933=ORIENTED_EDGE('',*,*,#1401,.F.);
#934=ORIENTED_EDGE('',*,*,#1337,.F.);
#935=ORIENTED_EDGE('',*,*,#1435,.T.);
#936=ORIENTED_EDGE('',*,*,#1324,.T.);
#937=ORIENTED_EDGE('',*,*,#1606,.F.);
#938=ORIENTED_EDGE('',*,*,#1607,.F.);
#939=ORIENTED_EDGE('',*,*,#1530,.T.);
#940=ORIENTED_EDGE('',*,*,#1532,.T.);
#941=ORIENTED_EDGE('',*,*,#1534,.T.);
#942=ORIENTED_EDGE('',*,*,#1536,.T.);
#943=ORIENTED_EDGE('',*,*,#1608,.T.);
#944=ORIENTED_EDGE('',*,*,#1230,.T.);
#945=ORIENTED_EDGE('',*,*,#1276,.F.);
#946=ORIENTED_EDGE('',*,*,#1232,.F.);
#947=ORIENTED_EDGE('',*,*,#1609,.T.);
#948=ORIENTED_EDGE('',*,*,#1606,.T.);
#949=ORIENTED_EDGE('',*,*,#1327,.T.);
#950=ORIENTED_EDGE('',*,*,#1403,.F.);
#951=ORIENTED_EDGE('',*,*,#1329,.F.);
#952=ORIENTED_EDGE('',*,*,#1428,.T.);
#953=ORIENTED_EDGE('',*,*,#1316,.T.);
#954=ORIENTED_EDGE('',*,*,#1610,.F.);
#955=ORIENTED_EDGE('',*,*,#1611,.F.);
#956=ORIENTED_EDGE('',*,*,#1522,.T.);
#957=ORIENTED_EDGE('',*,*,#1524,.T.);
#958=ORIENTED_EDGE('',*,*,#1526,.T.);
#959=ORIENTED_EDGE('',*,*,#1528,.T.);
#960=ORIENTED_EDGE('',*,*,#1612,.T.);
#961=ORIENTED_EDGE('',*,*,#1238,.T.);
#962=ORIENTED_EDGE('',*,*,#1274,.F.);
#963=ORIENTED_EDGE('',*,*,#1240,.F.);
#964=ORIENTED_EDGE('',*,*,#1613,.T.);
#965=ORIENTED_EDGE('',*,*,#1610,.T.);
#966=ORIENTED_EDGE('',*,*,#1319,.T.);
#967=ORIENTED_EDGE('',*,*,#1405,.F.);
#968=ORIENTED_EDGE('',*,*,#1321,.F.);
#969=ORIENTED_EDGE('',*,*,#1426,.T.);
#970=ORIENTED_EDGE('',*,*,#1614,.F.);
#971=ORIENTED_EDGE('',*,*,#1615,.F.);
#972=ORIENTED_EDGE('',*,*,#1304,.F.);
#973=ORIENTED_EDGE('',*,*,#1615,.T.);
#974=ORIENTED_EDGE('',*,*,#1616,.T.);
#975=ORIENTED_EDGE('',*,*,#1617,.T.);
#976=ORIENTED_EDGE('',*,*,#1618,.T.);
#977=ORIENTED_EDGE('',*,*,#1585,.T.);
#978=ORIENTED_EDGE('',*,*,#1254,.T.);
#979=ORIENTED_EDGE('',*,*,#1270,.F.);
#980=ORIENTED_EDGE('',*,*,#1256,.F.);
#981=ORIENTED_EDGE('',*,*,#1619,.T.);
#982=ORIENTED_EDGE('',*,*,#1620,.T.);
#983=ORIENTED_EDGE('',*,*,#1303,.T.);
#984=ORIENTED_EDGE('',*,*,#1409,.F.);
#985=ORIENTED_EDGE('',*,*,#1305,.F.);
#986=ORIENTED_EDGE('',*,*,#1514,.T.);
#987=ORIENTED_EDGE('',*,*,#1516,.T.);
#988=ORIENTED_EDGE('',*,*,#1518,.T.);
#989=ORIENTED_EDGE('',*,*,#1520,.T.);
#990=ORIENTED_EDGE('',*,*,#1621,.T.);
#991=ORIENTED_EDGE('',*,*,#1246,.T.);
#992=ORIENTED_EDGE('',*,*,#1272,.F.);
#993=ORIENTED_EDGE('',*,*,#1248,.F.);
#994=ORIENTED_EDGE('',*,*,#1588,.T.);
#995=ORIENTED_EDGE('',*,*,#1589,.T.);
#996=ORIENTED_EDGE('',*,*,#1311,.T.);
#997=ORIENTED_EDGE('',*,*,#1407,.F.);
#998=ORIENTED_EDGE('',*,*,#1313,.F.);
#999=ORIENTED_EDGE('',*,*,#1414,.T.);
#1000=ORIENTED_EDGE('',*,*,#1300,.T.);
#1001=ORIENTED_EDGE('',*,*,#1620,.F.);
#1002=ORIENTED_EDGE('',*,*,#1622,.F.);
#1003=ORIENTED_EDGE('',*,*,#1491,.T.);
#1004=ORIENTED_EDGE('',*,*,#1292,.T.);
#1005=ORIENTED_EDGE('',*,*,#1623,.F.);
#1006=ORIENTED_EDGE('',*,*,#1624,.F.);
#1007=ORIENTED_EDGE('',*,*,#1506,.T.);
#1008=ORIENTED_EDGE('',*,*,#1508,.T.);
#1009=ORIENTED_EDGE('',*,*,#1510,.T.);
#1010=ORIENTED_EDGE('',*,*,#1512,.T.);
#1011=ORIENTED_EDGE('',*,*,#1625,.T.);
#1012=ORIENTED_EDGE('',*,*,#1262,.T.);
#1013=ORIENTED_EDGE('',*,*,#1268,.F.);
#1014=ORIENTED_EDGE('',*,*,#1264,.F.);
#1015=ORIENTED_EDGE('',*,*,#1626,.T.);
#1016=ORIENTED_EDGE('',*,*,#1623,.T.);
#1017=ORIENTED_EDGE('',*,*,#1295,.T.);
#1018=ORIENTED_EDGE('',*,*,#1411,.F.);
#1019=ORIENTED_EDGE('',*,*,#1297,.F.);
#1020=ORIENTED_EDGE('',*,*,#1484,.T.);
#1021=ORIENTED_EDGE('',*,*,#1380,.T.);
#1022=ORIENTED_EDGE('',*,*,#1627,.F.);
#1023=ORIENTED_EDGE('',*,*,#1628,.F.);
#1024=ORIENTED_EDGE('',*,*,#1498,.T.);
#1025=ORIENTED_EDGE('',*,*,#1500,.T.);
#1026=ORIENTED_EDGE('',*,*,#1502,.T.);
#1027=ORIENTED_EDGE('',*,*,#1504,.T.);
#1028=ORIENTED_EDGE('',*,*,#1629,.T.);
#1029=ORIENTED_EDGE('',*,*,#1174,.T.);
#1030=ORIENTED_EDGE('',*,*,#1290,.F.);
#1031=ORIENTED_EDGE('',*,*,#1176,.F.);
#1032=ORIENTED_EDGE('',*,*,#1630,.T.);
#1033=ORIENTED_EDGE('',*,*,#1627,.T.);
#1034=ORIENTED_EDGE('',*,*,#1383,.T.);
#1035=ORIENTED_EDGE('',*,*,#1389,.F.);
#1036=ORIENTED_EDGE('',*,*,#1385,.F.);
#1037=ORIENTED_EDGE('',*,*,#1477,.T.);
#1038=ORIENTED_EDGE('',*,*,#1372,.T.);
#1039=ORIENTED_EDGE('',*,*,#1631,.F.);
#1040=ORIENTED_EDGE('',*,*,#1632,.F.);
#1041=ORIENTED_EDGE('',*,*,#1578,.T.);
#1042=ORIENTED_EDGE('',*,*,#1580,.T.);
#1043=ORIENTED_EDGE('',*,*,#1582,.T.);
#1044=ORIENTED_EDGE('',*,*,#1584,.T.);
#1045=ORIENTED_EDGE('',*,*,#1633,.T.);
#1046=ORIENTED_EDGE('',*,*,#1182,.T.);
#1047=ORIENTED_EDGE('',*,*,#1288,.F.);
#1048=ORIENTED_EDGE('',*,*,#1184,.F.);
#1049=ORIENTED_EDGE('',*,*,#1634,.T.);
#1050=ORIENTED_EDGE('',*,*,#1631,.T.);
#1051=ORIENTED_EDGE('',*,*,#1375,.T.);
#1052=ORIENTED_EDGE('',*,*,#1391,.F.);
#1053=ORIENTED_EDGE('',*,*,#1377,.F.);
#1054=ORIENTED_EDGE('',*,*,#1470,.T.);
#1055=ORIENTED_EDGE('',*,*,#1364,.T.);
#1056=ORIENTED_EDGE('',*,*,#1635,.F.);
#1057=ORIENTED_EDGE('',*,*,#1636,.F.);
#1058=ORIENTED_EDGE('',*,*,#1492,.T.);
#1059=ORIENTED_EDGE('',*,*,#1624,.T.);
#1060=ORIENTED_EDGE('',*,*,#1626,.F.);
#1061=ORIENTED_EDGE('',*,*,#1263,.F.);
#1062=ORIENTED_EDGE('',*,*,#1493,.T.);
#1063=ORIENTED_EDGE('',*,*,#1171,.F.);
#1064=ORIENTED_EDGE('',*,*,#1629,.F.);
#1065=ORIENTED_EDGE('',*,*,#1503,.F.);
#1066=ORIENTED_EDGE('',*,*,#1570,.T.);
#1067=ORIENTED_EDGE('',*,*,#1572,.T.);
#1068=ORIENTED_EDGE('',*,*,#1574,.T.);
#1069=ORIENTED_EDGE('',*,*,#1576,.T.);
#1070=ORIENTED_EDGE('',*,*,#1637,.T.);
#1071=ORIENTED_EDGE('',*,*,#1190,.T.);
#1072=ORIENTED_EDGE('',*,*,#1286,.F.);
#1073=ORIENTED_EDGE('',*,*,#1192,.F.);
#1074=ORIENTED_EDGE('',*,*,#1638,.T.);
#1075=ORIENTED_EDGE('',*,*,#1635,.T.);
#1076=ORIENTED_EDGE('',*,*,#1367,.T.);
#1077=ORIENTED_EDGE('',*,*,#1393,.F.);
#1078=ORIENTED_EDGE('',*,*,#1369,.F.);
#1079=ORIENTED_EDGE('',*,*,#1415,.T.);
#1080=ORIENTED_EDGE('',*,*,#1622,.T.);
#1081=ORIENTED_EDGE('',*,*,#1619,.F.);
#1082=ORIENTED_EDGE('',*,*,#1255,.F.);
#1083=ORIENTED_EDGE('',*,*,#1416,.T.);
#1084=ORIENTED_EDGE('',*,*,#1259,.F.);
#1085=ORIENTED_EDGE('',*,*,#1625,.F.);
#1086=ORIENTED_EDGE('',*,*,#1511,.F.);
#1087=ORIENTED_EDGE('',*,*,#1429,.T.);
#1088=ORIENTED_EDGE('',*,*,#1611,.T.);
#1089=ORIENTED_EDGE('',*,*,#1613,.F.);
#1090=ORIENTED_EDGE('',*,*,#1239,.F.);
#1091=ORIENTED_EDGE('',*,*,#1430,.T.);
#1092=ORIENTED_EDGE('',*,*,#1243,.F.);
#1093=ORIENTED_EDGE('',*,*,#1621,.F.);
#1094=ORIENTED_EDGE('',*,*,#1519,.F.);
#1095=ORIENTED_EDGE('',*,*,#1436,.T.);
#1096=ORIENTED_EDGE('',*,*,#1607,.T.);
#1097=ORIENTED_EDGE('',*,*,#1609,.F.);
#1098=ORIENTED_EDGE('',*,*,#1231,.F.);
#1099=ORIENTED_EDGE('',*,*,#1437,.T.);
#1100=ORIENTED_EDGE('',*,*,#1235,.F.);
#1101=ORIENTED_EDGE('',*,*,#1612,.F.);
#1102=ORIENTED_EDGE('',*,*,#1527,.F.);
#1103=ORIENTED_EDGE('',*,*,#1443,.T.);
#1104=ORIENTED_EDGE('',*,*,#1603,.T.);
#1105=ORIENTED_EDGE('',*,*,#1605,.F.);
#1106=ORIENTED_EDGE('',*,*,#1223,.F.);
#1107=ORIENTED_EDGE('',*,*,#1444,.T.);
#1108=ORIENTED_EDGE('',*,*,#1227,.F.);
#1109=ORIENTED_EDGE('',*,*,#1608,.F.);
#1110=ORIENTED_EDGE('',*,*,#1535,.F.);
#1111=ORIENTED_EDGE('',*,*,#1450,.T.);
#1112=ORIENTED_EDGE('',*,*,#1599,.T.);
#1113=ORIENTED_EDGE('',*,*,#1601,.F.);
#1114=ORIENTED_EDGE('',*,*,#1215,.F.);
#1115=ORIENTED_EDGE('',*,*,#1451,.T.);
#1116=ORIENTED_EDGE('',*,*,#1219,.F.);
#1117=ORIENTED_EDGE('',*,*,#1604,.F.);
#1118=ORIENTED_EDGE('',*,*,#1543,.F.);
#1119=ORIENTED_EDGE('',*,*,#1457,.T.);
#1120=ORIENTED_EDGE('',*,*,#1595,.T.);
#1121=ORIENTED_EDGE('',*,*,#1597,.F.);
#1122=ORIENTED_EDGE('',*,*,#1207,.F.);
#1123=ORIENTED_EDGE('',*,*,#1458,.T.);
#1124=ORIENTED_EDGE('',*,*,#1211,.F.);
#1125=ORIENTED_EDGE('',*,*,#1600,.F.);
#1126=ORIENTED_EDGE('',*,*,#1551,.F.);
#1127=ORIENTED_EDGE('',*,*,#1464,.T.);
#1128=ORIENTED_EDGE('',*,*,#1591,.T.);
#1129=ORIENTED_EDGE('',*,*,#1593,.F.);
#1130=ORIENTED_EDGE('',*,*,#1199,.F.);
#1131=ORIENTED_EDGE('',*,*,#1465,.T.);
#1132=ORIENTED_EDGE('',*,*,#1203,.F.);
#1133=ORIENTED_EDGE('',*,*,#1596,.F.);
#1134=ORIENTED_EDGE('',*,*,#1559,.F.);
#1135=ORIENTED_EDGE('',*,*,#1471,.T.);
#1136=ORIENTED_EDGE('',*,*,#1636,.T.);
#1137=ORIENTED_EDGE('',*,*,#1638,.F.);
#1138=ORIENTED_EDGE('',*,*,#1191,.F.);
#1139=ORIENTED_EDGE('',*,*,#1472,.T.);
#1140=ORIENTED_EDGE('',*,*,#1195,.F.);
#1141=ORIENTED_EDGE('',*,*,#1592,.F.);
#1142=ORIENTED_EDGE('',*,*,#1567,.F.);
#1143=ORIENTED_EDGE('',*,*,#1479,.T.);
#1144=ORIENTED_EDGE('',*,*,#1187,.F.);
#1145=ORIENTED_EDGE('',*,*,#1637,.F.);
#1146=ORIENTED_EDGE('',*,*,#1575,.F.);
#1147=ORIENTED_EDGE('',*,*,#1478,.T.);
#1148=ORIENTED_EDGE('',*,*,#1632,.T.);
#1149=ORIENTED_EDGE('',*,*,#1634,.F.);
#1150=ORIENTED_EDGE('',*,*,#1183,.F.);
#1151=ORIENTED_EDGE('',*,*,#1485,.T.);
#1152=ORIENTED_EDGE('',*,*,#1628,.T.);
#1153=ORIENTED_EDGE('',*,*,#1630,.F.);
#1154=ORIENTED_EDGE('',*,*,#1175,.F.);
#1155=ORIENTED_EDGE('',*,*,#1486,.T.);
#1156=ORIENTED_EDGE('',*,*,#1179,.F.);
#1157=ORIENTED_EDGE('',*,*,#1633,.F.);
#1158=ORIENTED_EDGE('',*,*,#1583,.F.);
#1159=ORIENTED_EDGE('',*,*,#1425,.T.);
#1160=ORIENTED_EDGE('',*,*,#1639,.T.);
#1161=ORIENTED_EDGE('',*,*,#1616,.F.);
#1162=ORIENTED_EDGE('',*,*,#1614,.T.);
#1163=ORIENTED_EDGE('',*,*,#1424,.T.);
#1164=ORIENTED_EDGE('',*,*,#1640,.F.);
#1165=ORIENTED_EDGE('',*,*,#1617,.F.);
#1166=ORIENTED_EDGE('',*,*,#1639,.F.);
#1167=ORIENTED_EDGE('',*,*,#1423,.T.);
#1168=ORIENTED_EDGE('',*,*,#1586,.T.);
#1169=ORIENTED_EDGE('',*,*,#1618,.F.);
#1170=ORIENTED_EDGE('',*,*,#1640,.T.);
#1171=EDGE_CURVE('',#1641,#1642,#1955,.T.);
#1172=EDGE_CURVE('',#1642,#1643,#1956,.T.);
#1173=EDGE_CURVE('',#1644,#1643,#1957,.T.);
#1174=EDGE_CURVE('',#1641,#1644,#1958,.T.);
#1175=EDGE_CURVE('',#1645,#1646,#1959,.T.);
#1176=EDGE_CURVE('',#1646,#1647,#1960,.T.);
#1177=EDGE_CURVE('',#1648,#1647,#1961,.T.);
#1178=EDGE_CURVE('',#1645,#1648,#1962,.T.);
#1179=EDGE_CURVE('',#1649,#1650,#1963,.T.);
#1180=EDGE_CURVE('',#1650,#1651,#1964,.T.);
#1181=EDGE_CURVE('',#1652,#1651,#1965,.T.);
#1182=EDGE_CURVE('',#1649,#1652,#1966,.T.);
#1183=EDGE_CURVE('',#1653,#1654,#1967,.T.);
#1184=EDGE_CURVE('',#1654,#1655,#1968,.T.);
#1185=EDGE_CURVE('',#1656,#1655,#1969,.T.);
#1186=EDGE_CURVE('',#1653,#1656,#1970,.T.);
#1187=EDGE_CURVE('',#1657,#1658,#1971,.T.);
#1188=EDGE_CURVE('',#1658,#1659,#1972,.T.);
#1189=EDGE_CURVE('',#1660,#1659,#1973,.T.);
#1190=EDGE_CURVE('',#1657,#1660,#1974,.T.);
#1191=EDGE_CURVE('',#1661,#1662,#1975,.T.);
#1192=EDGE_CURVE('',#1662,#1663,#1976,.T.);
#1193=EDGE_CURVE('',#1664,#1663,#1977,.T.);
#1194=EDGE_CURVE('',#1661,#1664,#1978,.T.);
#1195=EDGE_CURVE('',#1665,#1666,#1979,.T.);
#1196=EDGE_CURVE('',#1666,#1667,#1980,.T.);
#1197=EDGE_CURVE('',#1668,#1667,#1981,.T.);
#1198=EDGE_CURVE('',#1665,#1668,#1982,.T.);
#1199=EDGE_CURVE('',#1669,#1670,#1983,.T.);
#1200=EDGE_CURVE('',#1670,#1671,#1984,.T.);
#1201=EDGE_CURVE('',#1672,#1671,#1985,.T.);
#1202=EDGE_CURVE('',#1669,#1672,#1986,.T.);
#1203=EDGE_CURVE('',#1673,#1674,#1987,.T.);
#1204=EDGE_CURVE('',#1674,#1675,#1988,.T.);
#1205=EDGE_CURVE('',#1676,#1675,#1989,.T.);
#1206=EDGE_CURVE('',#1673,#1676,#1990,.T.);
#1207=EDGE_CURVE('',#1677,#1678,#1991,.T.);
#1208=EDGE_CURVE('',#1678,#1679,#1992,.T.);
#1209=EDGE_CURVE('',#1680,#1679,#1993,.T.);
#1210=EDGE_CURVE('',#1677,#1680,#1994,.T.);
#1211=EDGE_CURVE('',#1681,#1682,#1995,.T.);
#1212=EDGE_CURVE('',#1682,#1683,#1996,.T.);
#1213=EDGE_CURVE('',#1684,#1683,#1997,.T.);
#1214=EDGE_CURVE('',#1681,#1684,#1998,.T.);
#1215=EDGE_CURVE('',#1685,#1686,#1999,.T.);
#1216=EDGE_CURVE('',#1686,#1687,#2000,.T.);
#1217=EDGE_CURVE('',#1688,#1687,#2001,.T.);
#1218=EDGE_CURVE('',#1685,#1688,#2002,.T.);
#1219=EDGE_CURVE('',#1689,#1690,#2003,.T.);
#1220=EDGE_CURVE('',#1690,#1691,#2004,.T.);
#1221=EDGE_CURVE('',#1692,#1691,#2005,.T.);
#1222=EDGE_CURVE('',#1689,#1692,#2006,.T.);
#1223=EDGE_CURVE('',#1693,#1694,#2007,.T.);
#1224=EDGE_CURVE('',#1694,#1695,#2008,.T.);
#1225=EDGE_CURVE('',#1696,#1695,#2009,.T.);
#1226=EDGE_CURVE('',#1693,#1696,#2010,.T.);
#1227=EDGE_CURVE('',#1697,#1698,#2011,.T.);
#1228=EDGE_CURVE('',#1698,#1699,#2012,.T.);
#1229=EDGE_CURVE('',#1700,#1699,#2013,.T.);
#1230=EDGE_CURVE('',#1697,#1700,#2014,.T.);
#1231=EDGE_CURVE('',#1701,#1702,#2015,.T.);
#1232=EDGE_CURVE('',#1702,#1703,#2016,.T.);
#1233=EDGE_CURVE('',#1704,#1703,#2017,.T.);
#1234=EDGE_CURVE('',#1701,#1704,#2018,.T.);
#1235=EDGE_CURVE('',#1705,#1706,#2019,.T.);
#1236=EDGE_CURVE('',#1706,#1707,#2020,.T.);
#1237=EDGE_CURVE('',#1708,#1707,#2021,.T.);
#1238=EDGE_CURVE('',#1705,#1708,#2022,.T.);
#1239=EDGE_CURVE('',#1709,#1710,#2023,.T.);
#1240=EDGE_CURVE('',#1710,#1711,#2024,.T.);
#1241=EDGE_CURVE('',#1712,#1711,#2025,.T.);
#1242=EDGE_CURVE('',#1709,#1712,#2026,.T.);
#1243=EDGE_CURVE('',#1713,#1714,#2027,.T.);
#1244=EDGE_CURVE('',#1714,#1715,#2028,.T.);
#1245=EDGE_CURVE('',#1716,#1715,#2029,.T.);
#1246=EDGE_CURVE('',#1713,#1716,#2030,.T.);
#1247=EDGE_CURVE('',#1717,#1718,#2031,.T.);
#1248=EDGE_CURVE('',#1718,#1719,#2032,.T.);
#1249=EDGE_CURVE('',#1720,#1719,#2033,.T.);
#1250=EDGE_CURVE('',#1717,#1720,#2034,.T.);
#1251=EDGE_CURVE('',#1721,#1722,#2035,.T.);
#1252=EDGE_CURVE('',#1722,#1723,#2036,.T.);
#1253=EDGE_CURVE('',#1724,#1723,#2037,.T.);
#1254=EDGE_CURVE('',#1721,#1724,#2038,.T.);
#1255=EDGE_CURVE('',#1725,#1726,#2039,.T.);
#1256=EDGE_CURVE('',#1726,#1727,#2040,.T.);
#1257=EDGE_CURVE('',#1728,#1727,#2041,.T.);
#1258=EDGE_CURVE('',#1725,#1728,#2042,.T.);
#1259=EDGE_CURVE('',#1729,#1730,#2043,.T.);
#1260=EDGE_CURVE('',#1730,#1731,#2044,.T.);
#1261=EDGE_CURVE('',#1732,#1731,#2045,.T.);
#1262=EDGE_CURVE('',#1729,#1732,#2046,.T.);
#1263=EDGE_CURVE('',#1733,#1734,#2047,.T.);
#1264=EDGE_CURVE('',#1734,#1735,#2048,.T.);
#1265=EDGE_CURVE('',#1736,#1735,#2049,.T.);
#1266=EDGE_CURVE('',#1733,#1736,#2050,.T.);
#1267=EDGE_CURVE('',#1643,#1736,#133,.T.);
#1268=EDGE_CURVE('',#1735,#1732,#134,.T.);
#1269=EDGE_CURVE('',#1731,#1728,#135,.T.);
#1270=EDGE_CURVE('',#1727,#1724,#136,.T.);
#1271=EDGE_CURVE('',#1723,#1720,#137,.T.);
#1272=EDGE_CURVE('',#1719,#1716,#138,.T.);
#1273=EDGE_CURVE('',#1715,#1712,#139,.T.);
#1274=EDGE_CURVE('',#1711,#1708,#140,.T.);
#1275=EDGE_CURVE('',#1707,#1704,#141,.T.);
#1276=EDGE_CURVE('',#1703,#1700,#142,.T.);
#1277=EDGE_CURVE('',#1699,#1696,#143,.T.);
#1278=EDGE_CURVE('',#1695,#1692,#144,.T.);
#1279=EDGE_CURVE('',#1691,#1688,#145,.T.);
#1280=EDGE_CURVE('',#1687,#1684,#146,.T.);
#1281=EDGE_CURVE('',#1683,#1680,#147,.T.);
#1282=EDGE_CURVE('',#1679,#1676,#148,.T.);
#1283=EDGE_CURVE('',#1675,#1672,#149,.T.);
#1284=EDGE_CURVE('',#1671,#1668,#150,.T.);
#1285=EDGE_CURVE('',#1667,#1664,#151,.T.);
#1286=EDGE_CURVE('',#1663,#1660,#152,.T.);
#1287=EDGE_CURVE('',#1659,#1656,#153,.T.);
#1288=EDGE_CURVE('',#1655,#1652,#154,.T.);
#1289=EDGE_CURVE('',#1651,#1648,#155,.T.);
#1290=EDGE_CURVE('',#1647,#1644,#156,.T.);
#1291=EDGE_CURVE('',#1737,#1737,#157,.T.);
#1292=EDGE_CURVE('',#1738,#1739,#2051,.T.);
#1293=EDGE_CURVE('',#1738,#1740,#2052,.T.);
#1294=EDGE_CURVE('',#1741,#1740,#2053,.T.);
#1295=EDGE_CURVE('',#1739,#1741,#2054,.T.);
#1296=EDGE_CURVE('',#1742,#1743,#2055,.T.);
#1297=EDGE_CURVE('',#1742,#1744,#2056,.T.);
#1298=EDGE_CURVE('',#1745,#1744,#2057,.T.);
#1299=EDGE_CURVE('',#1743,#1745,#2058,.T.);
#1300=EDGE_CURVE('',#1746,#1747,#2059,.T.);
#1301=EDGE_CURVE('',#1746,#1748,#2060,.T.);
#1302=EDGE_CURVE('',#1749,#1748,#2061,.T.);
#1303=EDGE_CURVE('',#1747,#1749,#2062,.T.);
#1304=EDGE_CURVE('',#1750,#1751,#2063,.T.);
#1305=EDGE_CURVE('',#1751,#1752,#2064,.T.);
#1306=EDGE_CURVE('',#1753,#1752,#2065,.T.);
#1307=EDGE_CURVE('',#1750,#1753,#2066,.T.);
#1308=EDGE_CURVE('',#1754,#1755,#2067,.T.);
#1309=EDGE_CURVE('',#1755,#1756,#2068,.T.);
#1310=EDGE_CURVE('',#1757,#1756,#2069,.T.);
#1311=EDGE_CURVE('',#1754,#1757,#2070,.T.);
#1312=EDGE_CURVE('',#1758,#1759,#2071,.T.);
#1313=EDGE_CURVE('',#1758,#1760,#2072,.T.);
#1314=EDGE_CURVE('',#1761,#1760,#2073,.T.);
#1315=EDGE_CURVE('',#1759,#1761,#2074,.T.);
#1316=EDGE_CURVE('',#1762,#1763,#2075,.T.);
#1317=EDGE_CURVE('',#1762,#1764,#2076,.T.);
#1318=EDGE_CURVE('',#1765,#1764,#2077,.T.);
#1319=EDGE_CURVE('',#1763,#1765,#2078,.T.);
#1320=EDGE_CURVE('',#1766,#1767,#2079,.T.);
#1321=EDGE_CURVE('',#1766,#1768,#2080,.T.);
#1322=EDGE_CURVE('',#1769,#1768,#2081,.T.);
#1323=EDGE_CURVE('',#1767,#1769,#2082,.T.);
#1324=EDGE_CURVE('',#1770,#1771,#2083,.T.);
#1325=EDGE_CURVE('',#1770,#1772,#2084,.T.);
#1326=EDGE_CURVE('',#1773,#1772,#2085,.T.);
#1327=EDGE_CURVE('',#1771,#1773,#2086,.T.);
#1328=EDGE_CURVE('',#1774,#1775,#2087,.T.);
#1329=EDGE_CURVE('',#1774,#1776,#2088,.T.);
#1330=EDGE_CURVE('',#1777,#1776,#2089,.T.);
#1331=EDGE_CURVE('',#1775,#1777,#2090,.T.);
#1332=EDGE_CURVE('',#1778,#1779,#2091,.T.);
#1333=EDGE_CURVE('',#1778,#1780,#2092,.T.);
#1334=EDGE_CURVE('',#1781,#1780,#2093,.T.);
#1335=EDGE_CURVE('',#1779,#1781,#2094,.T.);
#1336=EDGE_CURVE('',#1782,#1783,#2095,.T.);
#1337=EDGE_CURVE('',#1782,#1784,#2096,.T.);
#1338=EDGE_CURVE('',#1785,#1784,#2097,.T.);
#1339=EDGE_CURVE('',#1783,#1785,#2098,.T.);
#1340=EDGE_CURVE('',#1786,#1787,#2099,.T.);
#1341=EDGE_CURVE('',#1786,#1788,#2100,.T.);
#1342=EDGE_CURVE('',#1789,#1788,#2101,.T.);
#1343=EDGE_CURVE('',#1787,#1789,#2102,.T.);
#1344=EDGE_CURVE('',#1790,#1791,#2103,.T.);
#1345=EDGE_CURVE('',#1790,#1792,#2104,.T.);
#1346=EDGE_CURVE('',#1793,#1792,#2105,.T.);
#1347=EDGE_CURVE('',#1791,#1793,#2106,.T.);
#1348=EDGE_CURVE('',#1794,#1795,#2107,.T.);
#1349=EDGE_CURVE('',#1794,#1796,#2108,.T.);
#1350=EDGE_CURVE('',#1797,#1796,#2109,.T.);
#1351=EDGE_CURVE('',#1795,#1797,#2110,.T.);
#1352=EDGE_CURVE('',#1798,#1799,#2111,.T.);
#1353=EDGE_CURVE('',#1798,#1800,#2112,.T.);
#1354=EDGE_CURVE('',#1801,#1800,#2113,.T.);
#1355=EDGE_CURVE('',#1799,#1801,#2114,.T.);
#1356=EDGE_CURVE('',#1802,#1803,#2115,.T.);
#1357=EDGE_CURVE('',#1802,#1804,#2116,.T.);
#1358=EDGE_CURVE('',#1805,#1804,#2117,.T.);
#1359=EDGE_CURVE('',#1803,#1805,#2118,.T.);
#1360=EDGE_CURVE('',#1806,#1807,#2119,.T.);
#1361=EDGE_CURVE('',#1806,#1808,#2120,.T.);
#1362=EDGE_CURVE('',#1809,#1808,#2121,.T.);
#1363=EDGE_CURVE('',#1807,#1809,#2122,.T.);
#1364=EDGE_CURVE('',#1810,#1811,#2123,.T.);
#1365=EDGE_CURVE('',#1810,#1812,#2124,.T.);
#1366=EDGE_CURVE('',#1813,#1812,#2125,.T.);
#1367=EDGE_CURVE('',#1811,#1813,#2126,.T.);
#1368=EDGE_CURVE('',#1814,#1815,#2127,.T.);
#1369=EDGE_CURVE('',#1814,#1816,#2128,.T.);
#1370=EDGE_CURVE('',#1817,#1816,#2129,.T.);
#1371=EDGE_CURVE('',#1815,#1817,#2130,.T.);
#1372=EDGE_CURVE('',#1818,#1819,#2131,.T.);
#1373=EDGE_CURVE('',#1818,#1820,#2132,.T.);
#1374=EDGE_CURVE('',#1821,#1820,#2133,.T.);
#1375=EDGE_CURVE('',#1819,#1821,#2134,.T.);
#1376=EDGE_CURVE('',#1822,#1823,#2135,.T.);
#1377=EDGE_CURVE('',#1822,#1824,#2136,.T.);
#1378=EDGE_CURVE('',#1825,#1824,#2137,.T.);
#1379=EDGE_CURVE('',#1823,#1825,#2138,.T.);
#1380=EDGE_CURVE('',#1826,#1827,#2139,.T.);
#1381=EDGE_CURVE('',#1826,#1828,#2140,.T.);
#1382=EDGE_CURVE('',#1829,#1828,#2141,.T.);
#1383=EDGE_CURVE('',#1827,#1829,#2142,.T.);
#1384=EDGE_CURVE('',#1830,#1831,#2143,.T.);
#1385=EDGE_CURVE('',#1830,#1832,#2144,.T.);
#1386=EDGE_CURVE('',#1833,#1832,#2145,.T.);
#1387=EDGE_CURVE('',#1831,#1833,#2146,.T.);
#1388=EDGE_CURVE('',#1740,#1833,#158,.T.);
#1389=EDGE_CURVE('',#1832,#1829,#159,.T.);
#1390=EDGE_CURVE('',#1828,#1825,#160,.T.);
#1391=EDGE_CURVE('',#1824,#1821,#161,.T.);
#1392=EDGE_CURVE('',#1820,#1817,#162,.T.);
#1393=EDGE_CURVE('',#1816,#1813,#163,.T.);
#1394=EDGE_CURVE('',#1812,#1809,#164,.T.);
#1395=EDGE_CURVE('',#1808,#1805,#165,.T.);
#1396=EDGE_CURVE('',#1804,#1801,#166,.T.);
#1397=EDGE_CURVE('',#1800,#1797,#167,.T.);
#1398=EDGE_CURVE('',#1796,#1793,#168,.T.);
#1399=EDGE_CURVE('',#1792,#1789,#169,.T.);
#1400=EDGE_CURVE('',#1788,#1785,#170,.T.);
#1401=EDGE_CURVE('',#1784,#1781,#171,.T.);
#1402=EDGE_CURVE('',#1780,#1777,#172,.T.);
#1403=EDGE_CURVE('',#1776,#1773,#173,.T.);
#1404=EDGE_CURVE('',#1772,#1769,#174,.T.);
#1405=EDGE_CURVE('',#1768,#1765,#175,.T.);
#1406=EDGE_CURVE('',#1764,#1761,#176,.T.);
#1407=EDGE_CURVE('',#1760,#1757,#177,.T.);
#1408=EDGE_CURVE('',#1756,#1753,#178,.T.);
#1409=EDGE_CURVE('',#1752,#1749,#179,.T.);
#1410=EDGE_CURVE('',#1748,#1745,#180,.T.);
#1411=EDGE_CURVE('',#1744,#1741,#181,.T.);
#1412=EDGE_CURVE('',#1834,#1834,#182,.T.);
#1413=EDGE_CURVE('',#1743,#1835,#12,.T.);
#1414=EDGE_CURVE('',#1836,#1746,#13,.T.);
#1415=EDGE_CURVE('',#1725,#1836,#14,.T.);
#1416=EDGE_CURVE('',#1837,#1730,#15,.T.);
#1417=EDGE_CURVE('',#1838,#1837,#183,.T.);
#1418=EDGE_CURVE('',#1839,#1838,#2147,.T.);
#1419=EDGE_CURVE('',#1835,#1839,#184,.T.);
#1420=EDGE_CURVE('',#1840,#1755,#16,.T.);
#1421=EDGE_CURVE('',#1717,#1840,#17,.T.);
#1422=EDGE_CURVE('',#1841,#1722,#18,.T.);
#1423=EDGE_CURVE('',#1842,#1841,#185,.T.);
#1424=EDGE_CURVE('',#1843,#1842,#2148,.T.);
#1425=EDGE_CURVE('',#1844,#1843,#186,.T.);
#1426=EDGE_CURVE('',#1750,#1844,#19,.T.);
#1427=EDGE_CURVE('',#1759,#1845,#20,.T.);
#1428=EDGE_CURVE('',#1846,#1762,#21,.T.);
#1429=EDGE_CURVE('',#1709,#1846,#22,.T.);
#1430=EDGE_CURVE('',#1847,#1714,#23,.T.);
#1431=EDGE_CURVE('',#1848,#1847,#187,.T.);
#1432=EDGE_CURVE('',#1849,#1848,#2149,.T.);
#1433=EDGE_CURVE('',#1845,#1849,#188,.T.);
#1434=EDGE_CURVE('',#1767,#1850,#24,.T.);
#1435=EDGE_CURVE('',#1851,#1770,#25,.T.);
#1436=EDGE_CURVE('',#1701,#1851,#26,.T.);
#1437=EDGE_CURVE('',#1852,#1706,#27,.T.);
#1438=EDGE_CURVE('',#1853,#1852,#189,.T.);
#1439=EDGE_CURVE('',#1854,#1853,#2150,.T.);
#1440=EDGE_CURVE('',#1850,#1854,#190,.T.);
#1441=EDGE_CURVE('',#1775,#1855,#28,.T.);
#1442=EDGE_CURVE('',#1856,#1778,#29,.T.);
#1443=EDGE_CURVE('',#1693,#1856,#30,.T.);
#1444=EDGE_CURVE('',#1857,#1698,#31,.T.);
#1445=EDGE_CURVE('',#1858,#1857,#191,.T.);
#1446=EDGE_CURVE('',#1859,#1858,#2151,.T.);
#1447=EDGE_CURVE('',#1855,#1859,#192,.T.);
#1448=EDGE_CURVE('',#1783,#1860,#32,.T.);
#1449=EDGE_CURVE('',#1861,#1786,#33,.T.);
#1450=EDGE_CURVE('',#1685,#1861,#34,.T.);
#1451=EDGE_CURVE('',#1862,#1690,#35,.T.);
#1452=EDGE_CURVE('',#1863,#1862,#193,.T.);
#1453=EDGE_CURVE('',#1864,#1863,#2152,.T.);
#1454=EDGE_CURVE('',#1860,#1864,#194,.T.);
#1455=EDGE_CURVE('',#1791,#1865,#36,.T.);
#1456=EDGE_CURVE('',#1866,#1794,#37,.T.);
#1457=EDGE_CURVE('',#1677,#1866,#38,.T.);
#1458=EDGE_CURVE('',#1867,#1682,#39,.T.);
#1459=EDGE_CURVE('',#1868,#1867,#195,.T.);
#1460=EDGE_CURVE('',#1869,#1868,#2153,.T.);
#1461=EDGE_CURVE('',#1865,#1869,#196,.T.);
#1462=EDGE_CURVE('',#1799,#1870,#40,.T.);
#1463=EDGE_CURVE('',#1871,#1802,#41,.T.);
#1464=EDGE_CURVE('',#1669,#1871,#42,.T.);
#1465=EDGE_CURVE('',#1872,#1674,#43,.T.);
#1466=EDGE_CURVE('',#1873,#1872,#197,.T.);
#1467=EDGE_CURVE('',#1874,#1873,#2154,.T.);
#1468=EDGE_CURVE('',#1870,#1874,#198,.T.);
#1469=EDGE_CURVE('',#1807,#1875,#44,.T.);
#1470=EDGE_CURVE('',#1876,#1810,#45,.T.);
#1471=EDGE_CURVE('',#1661,#1876,#46,.T.);
#1472=EDGE_CURVE('',#1877,#1666,#47,.T.);
#1473=EDGE_CURVE('',#1878,#1877,#199,.T.);
#1474=EDGE_CURVE('',#1879,#1878,#2155,.T.);
#1475=EDGE_CURVE('',#1875,#1879,#200,.T.);
#1476=EDGE_CURVE('',#1815,#1880,#48,.T.);
#1477=EDGE_CURVE('',#1881,#1818,#49,.T.);
#1478=EDGE_CURVE('',#1653,#1881,#50,.T.);
#1479=EDGE_CURVE('',#1882,#1658,#51,.T.);
#1480=EDGE_CURVE('',#1883,#1882,#201,.T.);
#1481=EDGE_CURVE('',#1884,#1883,#2156,.T.);
#1482=EDGE_CURVE('',#1880,#1884,#202,.T.);
#1483=EDGE_CURVE('',#1823,#1885,#52,.T.);
#1484=EDGE_CURVE('',#1886,#1826,#53,.T.);
#1485=EDGE_CURVE('',#1645,#1886,#54,.T.);
#1486=EDGE_CURVE('',#1887,#1650,#55,.T.);
#1487=EDGE_CURVE('',#1888,#1887,#203,.T.);
#1488=EDGE_CURVE('',#1889,#1888,#2157,.T.);
#1489=EDGE_CURVE('',#1885,#1889,#204,.T.);
#1490=EDGE_CURVE('',#1831,#1890,#56,.T.);
#1491=EDGE_CURVE('',#1891,#1738,#57,.T.);
#1492=EDGE_CURVE('',#1733,#1891,#58,.T.);
#1493=EDGE_CURVE('',#1892,#1642,#59,.T.);
#1494=EDGE_CURVE('',#1893,#1892,#205,.T.);
#1495=EDGE_CURVE('',#1894,#1893,#2158,.T.);
#1496=EDGE_CURVE('',#1890,#1894,#206,.T.);
#1497=EDGE_CURVE('',#1895,#1890,#2159,.T.);
#1498=EDGE_CURVE('',#1830,#1895,#60,.T.);
#1499=EDGE_CURVE('',#1894,#1896,#2160,.T.);
#1500=EDGE_CURVE('',#1895,#1896,#207,.T.);
#1501=EDGE_CURVE('',#1897,#1893,#2161,.T.);
#1502=EDGE_CURVE('',#1896,#1897,#2162,.T.);
#1503=EDGE_CURVE('',#1892,#1898,#2163,.T.);
#1504=EDGE_CURVE('',#1897,#1898,#208,.T.);
#1505=EDGE_CURVE('',#1899,#1835,#2164,.T.);
#1506=EDGE_CURVE('',#1742,#1899,#61,.T.);
#1507=EDGE_CURVE('',#1839,#1900,#2165,.T.);
#1508=EDGE_CURVE('',#1899,#1900,#209,.T.);
#1509=EDGE_CURVE('',#1901,#1838,#2166,.T.);
#1510=EDGE_CURVE('',#1900,#1901,#2167,.T.);
#1511=EDGE_CURVE('',#1837,#1902,#2168,.T.);
#1512=EDGE_CURVE('',#1901,#1902,#210,.T.);
#1513=EDGE_CURVE('',#1903,#1845,#2169,.T.);
#1514=EDGE_CURVE('',#1758,#1903,#62,.T.);
#1515=EDGE_CURVE('',#1849,#1904,#2170,.T.);
#1516=EDGE_CURVE('',#1903,#1904,#211,.T.);
#1517=EDGE_CURVE('',#1905,#1848,#2171,.T.);
#1518=EDGE_CURVE('',#1904,#1905,#2172,.T.);
#1519=EDGE_CURVE('',#1847,#1906,#2173,.T.);
#1520=EDGE_CURVE('',#1905,#1906,#212,.T.);
#1521=EDGE_CURVE('',#1907,#1850,#2174,.T.);
#1522=EDGE_CURVE('',#1766,#1907,#63,.T.);
#1523=EDGE_CURVE('',#1854,#1908,#2175,.T.);
#1524=EDGE_CURVE('',#1907,#1908,#213,.T.);
#1525=EDGE_CURVE('',#1909,#1853,#2176,.T.);
#1526=EDGE_CURVE('',#1908,#1909,#2177,.T.);
#1527=EDGE_CURVE('',#1852,#1910,#2178,.T.);
#1528=EDGE_CURVE('',#1909,#1910,#214,.T.);
#1529=EDGE_CURVE('',#1911,#1855,#2179,.T.);
#1530=EDGE_CURVE('',#1774,#1911,#64,.T.);
#1531=EDGE_CURVE('',#1859,#1912,#2180,.T.);
#1532=EDGE_CURVE('',#1911,#1912,#215,.T.);
#1533=EDGE_CURVE('',#1913,#1858,#2181,.T.);
#1534=EDGE_CURVE('',#1912,#1913,#2182,.T.);
#1535=EDGE_CURVE('',#1857,#1914,#2183,.T.);
#1536=EDGE_CURVE('',#1913,#1914,#216,.T.);
#1537=EDGE_CURVE('',#1915,#1860,#2184,.T.);
#1538=EDGE_CURVE('',#1782,#1915,#65,.T.);
#1539=EDGE_CURVE('',#1864,#1916,#2185,.T.);
#1540=EDGE_CURVE('',#1915,#1916,#217,.T.);
#1541=EDGE_CURVE('',#1917,#1863,#2186,.T.);
#1542=EDGE_CURVE('',#1916,#1917,#2187,.T.);
#1543=EDGE_CURVE('',#1862,#1918,#2188,.T.);
#1544=EDGE_CURVE('',#1917,#1918,#218,.T.);
#1545=EDGE_CURVE('',#1919,#1865,#2189,.T.);
#1546=EDGE_CURVE('',#1790,#1919,#66,.T.);
#1547=EDGE_CURVE('',#1869,#1920,#2190,.T.);
#1548=EDGE_CURVE('',#1919,#1920,#219,.T.);
#1549=EDGE_CURVE('',#1921,#1868,#2191,.T.);
#1550=EDGE_CURVE('',#1920,#1921,#2192,.T.);
#1551=EDGE_CURVE('',#1867,#1922,#2193,.T.);
#1552=EDGE_CURVE('',#1921,#1922,#220,.T.);
#1553=EDGE_CURVE('',#1923,#1870,#2194,.T.);
#1554=EDGE_CURVE('',#1798,#1923,#67,.T.);
#1555=EDGE_CURVE('',#1874,#1924,#2195,.T.);
#1556=EDGE_CURVE('',#1923,#1924,#221,.T.);
#1557=EDGE_CURVE('',#1925,#1873,#2196,.T.);
#1558=EDGE_CURVE('',#1924,#1925,#2197,.T.);
#1559=EDGE_CURVE('',#1872,#1926,#2198,.T.);
#1560=EDGE_CURVE('',#1925,#1926,#222,.T.);
#1561=EDGE_CURVE('',#1927,#1875,#2199,.T.);
#1562=EDGE_CURVE('',#1806,#1927,#68,.T.);
#1563=EDGE_CURVE('',#1879,#1928,#2200,.T.);
#1564=EDGE_CURVE('',#1927,#1928,#223,.T.);
#1565=EDGE_CURVE('',#1929,#1878,#2201,.T.);
#1566=EDGE_CURVE('',#1928,#1929,#2202,.T.);
#1567=EDGE_CURVE('',#1877,#1930,#2203,.T.);
#1568=EDGE_CURVE('',#1929,#1930,#224,.T.);
#1569=EDGE_CURVE('',#1931,#1880,#2204,.T.);
#1570=EDGE_CURVE('',#1814,#1931,#69,.T.);
#1571=EDGE_CURVE('',#1884,#1932,#2205,.T.);
#1572=EDGE_CURVE('',#1931,#1932,#225,.T.);
#1573=EDGE_CURVE('',#1933,#1883,#2206,.T.);
#1574=EDGE_CURVE('',#1932,#1933,#2207,.T.);
#1575=EDGE_CURVE('',#1882,#1934,#2208,.T.);
#1576=EDGE_CURVE('',#1933,#1934,#226,.T.);
#1577=EDGE_CURVE('',#1935,#1885,#2209,.T.);
#1578=EDGE_CURVE('',#1822,#1935,#70,.T.);
#1579=EDGE_CURVE('',#1889,#1936,#2210,.T.);
#1580=EDGE_CURVE('',#1935,#1936,#227,.T.);
#1581=EDGE_CURVE('',#1937,#1888,#2211,.T.);
#1582=EDGE_CURVE('',#1936,#1937,#2212,.T.);
#1583=EDGE_CURVE('',#1887,#1938,#2213,.T.);
#1584=EDGE_CURVE('',#1937,#1938,#228,.T.);
#1585=EDGE_CURVE('',#1939,#1721,#71,.T.);
#1586=EDGE_CURVE('',#1841,#1939,#2214,.T.);
#1587=EDGE_CURVE('',#1840,#1940,#2215,.T.);
#1588=EDGE_CURVE('',#1718,#1940,#72,.T.);
#1589=EDGE_CURVE('',#1940,#1754,#73,.T.);
#1590=EDGE_CURVE('',#1941,#1803,#74,.T.);
#1591=EDGE_CURVE('',#1871,#1941,#2216,.T.);
#1592=EDGE_CURVE('',#1930,#1665,#75,.T.);
#1593=EDGE_CURVE('',#1670,#1941,#76,.T.);
#1594=EDGE_CURVE('',#1942,#1795,#77,.T.);
#1595=EDGE_CURVE('',#1866,#1942,#2217,.T.);
#1596=EDGE_CURVE('',#1926,#1673,#78,.T.);
#1597=EDGE_CURVE('',#1678,#1942,#79,.T.);
#1598=EDGE_CURVE('',#1943,#1787,#80,.T.);
#1599=EDGE_CURVE('',#1861,#1943,#2218,.T.);
#1600=EDGE_CURVE('',#1922,#1681,#81,.T.);
#1601=EDGE_CURVE('',#1686,#1943,#82,.T.);
#1602=EDGE_CURVE('',#1944,#1779,#83,.T.);
#1603=EDGE_CURVE('',#1856,#1944,#2219,.T.);
#1604=EDGE_CURVE('',#1918,#1689,#84,.T.);
#1605=EDGE_CURVE('',#1694,#1944,#85,.T.);
#1606=EDGE_CURVE('',#1945,#1771,#86,.T.);
#1607=EDGE_CURVE('',#1851,#1945,#2220,.T.);
#1608=EDGE_CURVE('',#1914,#1697,#87,.T.);
#1609=EDGE_CURVE('',#1702,#1945,#88,.T.);
#1610=EDGE_CURVE('',#1946,#1763,#89,.T.);
#1611=EDGE_CURVE('',#1846,#1946,#2221,.T.);
#1612=EDGE_CURVE('',#1910,#1705,#90,.T.);
#1613=EDGE_CURVE('',#1710,#1946,#91,.T.);
#1614=EDGE_CURVE('',#1947,#1844,#2222,.T.);
#1615=EDGE_CURVE('',#1751,#1947,#92,.T.);
#1616=EDGE_CURVE('',#1947,#1948,#229,.T.);
#1617=EDGE_CURVE('',#1948,#1949,#2223,.T.);
#1618=EDGE_CURVE('',#1949,#1939,#230,.T.);
#1619=EDGE_CURVE('',#1726,#1950,#93,.T.);
#1620=EDGE_CURVE('',#1950,#1747,#94,.T.);
#1621=EDGE_CURVE('',#1906,#1713,#95,.T.);
#1622=EDGE_CURVE('',#1836,#1950,#2224,.T.);
#1623=EDGE_CURVE('',#1951,#1739,#96,.T.);
#1624=EDGE_CURVE('',#1891,#1951,#2225,.T.);
#1625=EDGE_CURVE('',#1902,#1729,#97,.T.);
#1626=EDGE_CURVE('',#1734,#1951,#98,.T.);
#1627=EDGE_CURVE('',#1952,#1827,#99,.T.);
#1628=EDGE_CURVE('',#1886,#1952,#2226,.T.);
#1629=EDGE_CURVE('',#1898,#1641,#100,.T.);
#1630=EDGE_CURVE('',#1646,#1952,#101,.T.);
#1631=EDGE_CURVE('',#1953,#1819,#102,.T.);
#1632=EDGE_CURVE('',#1881,#1953,#2227,.T.);
#1633=EDGE_CURVE('',#1938,#1649,#103,.T.);
#1634=EDGE_CURVE('',#1654,#1953,#104,.T.);
#1635=EDGE_CURVE('',#1954,#1811,#105,.T.);
#1636=EDGE_CURVE('',#1876,#1954,#2228,.T.);
#1637=EDGE_CURVE('',#1934,#1657,#106,.T.);
#1638=EDGE_CURVE('',#1662,#1954,#107,.T.);
#1639=EDGE_CURVE('',#1843,#1948,#2229,.T.);
#1640=EDGE_CURVE('',#1949,#1842,#2230,.T.);
#1641=VERTEX_POINT('',#4477);
#1642=VERTEX_POINT('',#4478);
#1643=VERTEX_POINT('',#4480);
#1644=VERTEX_POINT('',#4482);
#1645=VERTEX_POINT('',#4486);
#1646=VERTEX_POINT('',#4487);
#1647=VERTEX_POINT('',#4489);
#1648=VERTEX_POINT('',#4491);
#1649=VERTEX_POINT('',#4495);
#1650=VERTEX_POINT('',#4496);
#1651=VERTEX_POINT('',#4498);
#1652=VERTEX_POINT('',#4500);
#1653=VERTEX_POINT('',#4504);
#1654=VERTEX_POINT('',#4505);
#1655=VERTEX_POINT('',#4507);
#1656=VERTEX_POINT('',#4509);
#1657=VERTEX_POINT('',#4513);
#1658=VERTEX_POINT('',#4514);
#1659=VERTEX_POINT('',#4516);
#1660=VERTEX_POINT('',#4518);
#1661=VERTEX_POINT('',#4522);
#1662=VERTEX_POINT('',#4523);
#1663=VERTEX_POINT('',#4525);
#1664=VERTEX_POINT('',#4527);
#1665=VERTEX_POINT('',#4531);
#1666=VERTEX_POINT('',#4532);
#1667=VERTEX_POINT('',#4534);
#1668=VERTEX_POINT('',#4536);
#1669=VERTEX_POINT('',#4540);
#1670=VERTEX_POINT('',#4541);
#1671=VERTEX_POINT('',#4543);
#1672=VERTEX_POINT('',#4545);
#1673=VERTEX_POINT('',#4549);
#1674=VERTEX_POINT('',#4550);
#1675=VERTEX_POINT('',#4552);
#1676=VERTEX_POINT('',#4554);
#1677=VERTEX_POINT('',#4558);
#1678=VERTEX_POINT('',#4559);
#1679=VERTEX_POINT('',#4561);
#1680=VERTEX_POINT('',#4563);
#1681=VERTEX_POINT('',#4567);
#1682=VERTEX_POINT('',#4568);
#1683=VERTEX_POINT('',#4570);
#1684=VERTEX_POINT('',#4572);
#1685=VERTEX_POINT('',#4576);
#1686=VERTEX_POINT('',#4577);
#1687=VERTEX_POINT('',#4579);
#1688=VERTEX_POINT('',#4581);
#1689=VERTEX_POINT('',#4585);
#1690=VERTEX_POINT('',#4586);
#1691=VERTEX_POINT('',#4588);
#1692=VERTEX_POINT('',#4590);
#1693=VERTEX_POINT('',#4594);
#1694=VERTEX_POINT('',#4595);
#1695=VERTEX_POINT('',#4597);
#1696=VERTEX_POINT('',#4599);
#1697=VERTEX_POINT('',#4603);
#1698=VERTEX_POINT('',#4604);
#1699=VERTEX_POINT('',#4606);
#1700=VERTEX_POINT('',#4608);
#1701=VERTEX_POINT('',#4612);
#1702=VERTEX_POINT('',#4613);
#1703=VERTEX_POINT('',#4615);
#1704=VERTEX_POINT('',#4617);
#1705=VERTEX_POINT('',#4621);
#1706=VERTEX_POINT('',#4622);
#1707=VERTEX_POINT('',#4624);
#1708=VERTEX_POINT('',#4626);
#1709=VERTEX_POINT('',#4630);
#1710=VERTEX_POINT('',#4631);
#1711=VERTEX_POINT('',#4633);
#1712=VERTEX_POINT('',#4635);
#1713=VERTEX_POINT('',#4639);
#1714=VERTEX_POINT('',#4640);
#1715=VERTEX_POINT('',#4642);
#1716=VERTEX_POINT('',#4644);
#1717=VERTEX_POINT('',#4648);
#1718=VERTEX_POINT('',#4649);
#1719=VERTEX_POINT('',#4651);
#1720=VERTEX_POINT('',#4653);
#1721=VERTEX_POINT('',#4657);
#1722=VERTEX_POINT('',#4658);
#1723=VERTEX_POINT('',#4660);
#1724=VERTEX_POINT('',#4662);
#1725=VERTEX_POINT('',#4666);
#1726=VERTEX_POINT('',#4667);
#1727=VERTEX_POINT('',#4669);
#1728=VERTEX_POINT('',#4671);
#1729=VERTEX_POINT('',#4675);
#1730=VERTEX_POINT('',#4676);
#1731=VERTEX_POINT('',#4678);
#1732=VERTEX_POINT('',#4680);
#1733=VERTEX_POINT('',#4684);
#1734=VERTEX_POINT('',#4685);
#1735=VERTEX_POINT('',#4687);
#1736=VERTEX_POINT('',#4689);
#1737=VERTEX_POINT('',#4717);
#1738=VERTEX_POINT('',#4720);
#1739=VERTEX_POINT('',#4721);
#1740=VERTEX_POINT('',#4723);
#1741=VERTEX_POINT('',#4725);
#1742=VERTEX_POINT('',#4729);
#1743=VERTEX_POINT('',#4730);
#1744=VERTEX_POINT('',#4732);
#1745=VERTEX_POINT('',#4734);
#1746=VERTEX_POINT('',#4738);
#1747=VERTEX_POINT('',#4739);
#1748=VERTEX_POINT('',#4741);
#1749=VERTEX_POINT('',#4743);
#1750=VERTEX_POINT('',#4747);
#1751=VERTEX_POINT('',#4748);
#1752=VERTEX_POINT('',#4750);
#1753=VERTEX_POINT('',#4752);
#1754=VERTEX_POINT('',#4756);
#1755=VERTEX_POINT('',#4757);
#1756=VERTEX_POINT('',#4759);
#1757=VERTEX_POINT('',#4761);
#1758=VERTEX_POINT('',#4765);
#1759=VERTEX_POINT('',#4766);
#1760=VERTEX_POINT('',#4768);
#1761=VERTEX_POINT('',#4770);
#1762=VERTEX_POINT('',#4774);
#1763=VERTEX_POINT('',#4775);
#1764=VERTEX_POINT('',#4777);
#1765=VERTEX_POINT('',#4779);
#1766=VERTEX_POINT('',#4783);
#1767=VERTEX_POINT('',#4784);
#1768=VERTEX_POINT('',#4786);
#1769=VERTEX_POINT('',#4788);
#1770=VERTEX_POINT('',#4792);
#1771=VERTEX_POINT('',#4793);
#1772=VERTEX_POINT('',#4795);
#1773=VERTEX_POINT('',#4797);
#1774=VERTEX_POINT('',#4801);
#1775=VERTEX_POINT('',#4802);
#1776=VERTEX_POINT('',#4804);
#1777=VERTEX_POINT('',#4806);
#1778=VERTEX_POINT('',#4810);
#1779=VERTEX_POINT('',#4811);
#1780=VERTEX_POINT('',#4813);
#1781=VERTEX_POINT('',#4815);
#1782=VERTEX_POINT('',#4819);
#1783=VERTEX_POINT('',#4820);
#1784=VERTEX_POINT('',#4822);
#1785=VERTEX_POINT('',#4824);
#1786=VERTEX_POINT('',#4828);
#1787=VERTEX_POINT('',#4829);
#1788=VERTEX_POINT('',#4831);
#1789=VERTEX_POINT('',#4833);
#1790=VERTEX_POINT('',#4837);
#1791=VERTEX_POINT('',#4838);
#1792=VERTEX_POINT('',#4840);
#1793=VERTEX_POINT('',#4842);
#1794=VERTEX_POINT('',#4846);
#1795=VERTEX_POINT('',#4847);
#1796=VERTEX_POINT('',#4849);
#1797=VERTEX_POINT('',#4851);
#1798=VERTEX_POINT('',#4855);
#1799=VERTEX_POINT('',#4856);
#1800=VERTEX_POINT('',#4858);
#1801=VERTEX_POINT('',#4860);
#1802=VERTEX_POINT('',#4864);
#1803=VERTEX_POINT('',#4865);
#1804=VERTEX_POINT('',#4867);
#1805=VERTEX_POINT('',#4869);
#1806=VERTEX_POINT('',#4873);
#1807=VERTEX_POINT('',#4874);
#1808=VERTEX_POINT('',#4876);
#1809=VERTEX_POINT('',#4878);
#1810=VERTEX_POINT('',#4882);
#1811=VERTEX_POINT('',#4883);
#1812=VERTEX_POINT('',#4885);
#1813=VERTEX_POINT('',#4887);
#1814=VERTEX_POINT('',#4891);
#1815=VERTEX_POINT('',#4892);
#1816=VERTEX_POINT('',#4894);
#1817=VERTEX_POINT('',#4896);
#1818=VERTEX_POINT('',#4900);
#1819=VERTEX_POINT('',#4901);
#1820=VERTEX_POINT('',#4903);
#1821=VERTEX_POINT('',#4905);
#1822=VERTEX_POINT('',#4909);
#1823=VERTEX_POINT('',#4910);
#1824=VERTEX_POINT('',#4912);
#1825=VERTEX_POINT('',#4914);
#1826=VERTEX_POINT('',#4918);
#1827=VERTEX_POINT('',#4919);
#1828=VERTEX_POINT('',#4921);
#1829=VERTEX_POINT('',#4923);
#1830=VERTEX_POINT('',#4927);
#1831=VERTEX_POINT('',#4928);
#1832=VERTEX_POINT('',#4930);
#1833=VERTEX_POINT('',#4932);
#1834=VERTEX_POINT('',#4960);
#1835=VERTEX_POINT('',#4964);
#1836=VERTEX_POINT('',#4966);
#1837=VERTEX_POINT('',#4969);
#1838=VERTEX_POINT('',#4971);
#1839=VERTEX_POINT('',#4973);
#1840=VERTEX_POINT('',#4977);
#1841=VERTEX_POINT('',#4980);
#1842=VERTEX_POINT('',#4982);
#1843=VERTEX_POINT('',#4984);
#1844=VERTEX_POINT('',#4986);
#1845=VERTEX_POINT('',#4990);
#1846=VERTEX_POINT('',#4992);
#1847=VERTEX_POINT('',#4995);
#1848=VERTEX_POINT('',#4997);
#1849=VERTEX_POINT('',#4999);
#1850=VERTEX_POINT('',#5003);
#1851=VERTEX_POINT('',#5005);
#1852=VERTEX_POINT('',#5008);
#1853=VERTEX_POINT('',#5010);
#1854=VERTEX_POINT('',#5012);
#1855=VERTEX_POINT('',#5016);
#1856=VERTEX_POINT('',#5018);
#1857=VERTEX_POINT('',#5021);
#1858=VERTEX_POINT('',#5023);
#1859=VERTEX_POINT('',#5025);
#1860=VERTEX_POINT('',#5029);
#1861=VERTEX_POINT('',#5031);
#1862=VERTEX_POINT('',#5034);
#1863=VERTEX_POINT('',#5036);
#1864=VERTEX_POINT('',#5038);
#1865=VERTEX_POINT('',#5042);
#1866=VERTEX_POINT('',#5044);
#1867=VERTEX_POINT('',#5047);
#1868=VERTEX_POINT('',#5049);
#1869=VERTEX_POINT('',#5051);
#1870=VERTEX_POINT('',#5055);
#1871=VERTEX_POINT('',#5057);
#1872=VERTEX_POINT('',#5060);
#1873=VERTEX_POINT('',#5062);
#1874=VERTEX_POINT('',#5064);
#1875=VERTEX_POINT('',#5068);
#1876=VERTEX_POINT('',#5070);
#1877=VERTEX_POINT('',#5073);
#1878=VERTEX_POINT('',#5075);
#1879=VERTEX_POINT('',#5077);
#1880=VERTEX_POINT('',#5081);
#1881=VERTEX_POINT('',#5083);
#1882=VERTEX_POINT('',#5086);
#1883=VERTEX_POINT('',#5088);
#1884=VERTEX_POINT('',#5090);
#1885=VERTEX_POINT('',#5094);
#1886=VERTEX_POINT('',#5096);
#1887=VERTEX_POINT('',#5099);
#1888=VERTEX_POINT('',#5101);
#1889=VERTEX_POINT('',#5103);
#1890=VERTEX_POINT('',#5107);
#1891=VERTEX_POINT('',#5109);
#1892=VERTEX_POINT('',#5112);
#1893=VERTEX_POINT('',#5114);
#1894=VERTEX_POINT('',#5116);
#1895=VERTEX_POINT('',#5120);
#1896=VERTEX_POINT('',#5124);
#1897=VERTEX_POINT('',#5128);
#1898=VERTEX_POINT('',#5132);
#1899=VERTEX_POINT('',#5136);
#1900=VERTEX_POINT('',#5140);
#1901=VERTEX_POINT('',#5144);
#1902=VERTEX_POINT('',#5148);
#1903=VERTEX_POINT('',#5152);
#1904=VERTEX_POINT('',#5156);
#1905=VERTEX_POINT('',#5160);
#1906=VERTEX_POINT('',#5164);
#1907=VERTEX_POINT('',#5168);
#1908=VERTEX_POINT('',#5172);
#1909=VERTEX_POINT('',#5176);
#1910=VERTEX_POINT('',#5180);
#1911=VERTEX_POINT('',#5184);
#1912=VERTEX_POINT('',#5188);
#1913=VERTEX_POINT('',#5192);
#1914=VERTEX_POINT('',#5196);
#1915=VERTEX_POINT('',#5200);
#1916=VERTEX_POINT('',#5204);
#1917=VERTEX_POINT('',#5208);
#1918=VERTEX_POINT('',#5212);
#1919=VERTEX_POINT('',#5216);
#1920=VERTEX_POINT('',#5220);
#1921=VERTEX_POINT('',#5224);
#1922=VERTEX_POINT('',#5228);
#1923=VERTEX_POINT('',#5232);
#1924=VERTEX_POINT('',#5236);
#1925=VERTEX_POINT('',#5240);
#1926=VERTEX_POINT('',#5244);
#1927=VERTEX_POINT('',#5248);
#1928=VERTEX_POINT('',#5252);
#1929=VERTEX_POINT('',#5256);
#1930=VERTEX_POINT('',#5260);
#1931=VERTEX_POINT('',#5264);
#1932=VERTEX_POINT('',#5268);
#1933=VERTEX_POINT('',#5272);
#1934=VERTEX_POINT('',#5276);
#1935=VERTEX_POINT('',#5280);
#1936=VERTEX_POINT('',#5284);
#1937=VERTEX_POINT('',#5288);
#1938=VERTEX_POINT('',#5292);
#1939=VERTEX_POINT('',#5296);
#1940=VERTEX_POINT('',#5300);
#1941=VERTEX_POINT('',#5306);
#1942=VERTEX_POINT('',#5313);
#1943=VERTEX_POINT('',#5320);
#1944=VERTEX_POINT('',#5327);
#1945=VERTEX_POINT('',#5334);
#1946=VERTEX_POINT('',#5341);
#1947=VERTEX_POINT('',#5348);
#1948=VERTEX_POINT('',#5352);
#1949=VERTEX_POINT('',#5354);
#1950=VERTEX_POINT('',#5357);
#1951=VERTEX_POINT('',#5365);
#1952=VERTEX_POINT('',#5372);
#1953=VERTEX_POINT('',#5379);
#1954=VERTEX_POINT('',#5386);
#1955=LINE('',#4476,#2231);
#1956=LINE('',#4479,#2232);
#1957=LINE('',#4481,#2233);
#1958=LINE('',#4483,#2234);
#1959=LINE('',#4485,#2235);
#1960=LINE('',#4488,#2236);
#1961=LINE('',#4490,#2237);
#1962=LINE('',#4492,#2238);
#1963=LINE('',#4494,#2239);
#1964=LINE('',#4497,#2240);
#1965=LINE('',#4499,#2241);
#1966=LINE('',#4501,#2242);
#1967=LINE('',#4503,#2243);
#1968=LINE('',#4506,#2244);
#1969=LINE('',#4508,#2245);
#1970=LINE('',#4510,#2246);
#1971=LINE('',#4512,#2247);
#1972=LINE('',#4515,#2248);
#1973=LINE('',#4517,#2249);
#1974=LINE('',#4519,#2250);
#1975=LINE('',#4521,#2251);
#1976=LINE('',#4524,#2252);
#1977=LINE('',#4526,#2253);
#1978=LINE('',#4528,#2254);
#1979=LINE('',#4530,#2255);
#1980=LINE('',#4533,#2256);
#1981=LINE('',#4535,#2257);
#1982=LINE('',#4537,#2258);
#1983=LINE('',#4539,#2259);
#1984=LINE('',#4542,#2260);
#1985=LINE('',#4544,#2261);
#1986=LINE('',#4546,#2262);
#1987=LINE('',#4548,#2263);
#1988=LINE('',#4551,#2264);
#1989=LINE('',#4553,#2265);
#1990=LINE('',#4555,#2266);
#1991=LINE('',#4557,#2267);
#1992=LINE('',#4560,#2268);
#1993=LINE('',#4562,#2269);
#1994=LINE('',#4564,#2270);
#1995=LINE('',#4566,#2271);
#1996=LINE('',#4569,#2272);
#1997=LINE('',#4571,#2273);
#1998=LINE('',#4573,#2274);
#1999=LINE('',#4575,#2275);
#2000=LINE('',#4578,#2276);
#2001=LINE('',#4580,#2277);
#2002=LINE('',#4582,#2278);
#2003=LINE('',#4584,#2279);
#2004=LINE('',#4587,#2280);
#2005=LINE('',#4589,#2281);
#2006=LINE('',#4591,#2282);
#2007=LINE('',#4593,#2283);
#2008=LINE('',#4596,#2284);
#2009=LINE('',#4598,#2285);
#2010=LINE('',#4600,#2286);
#2011=LINE('',#4602,#2287);
#2012=LINE('',#4605,#2288);
#2013=LINE('',#4607,#2289);
#2014=LINE('',#4609,#2290);
#2015=LINE('',#4611,#2291);
#2016=LINE('',#4614,#2292);
#2017=LINE('',#4616,#2293);
#2018=LINE('',#4618,#2294);
#2019=LINE('',#4620,#2295);
#2020=LINE('',#4623,#2296);
#2021=LINE('',#4625,#2297);
#2022=LINE('',#4627,#2298);
#2023=LINE('',#4629,#2299);
#2024=LINE('',#4632,#2300);
#2025=LINE('',#4634,#2301);
#2026=LINE('',#4636,#2302);
#2027=LINE('',#4638,#2303);
#2028=LINE('',#4641,#2304);
#2029=LINE('',#4643,#2305);
#2030=LINE('',#4645,#2306);
#2031=LINE('',#4647,#2307);
#2032=LINE('',#4650,#2308);
#2033=LINE('',#4652,#2309);
#2034=LINE('',#4654,#2310);
#2035=LINE('',#4656,#2311);
#2036=LINE('',#4659,#2312);
#2037=LINE('',#4661,#2313);
#2038=LINE('',#4663,#2314);
#2039=LINE('',#4665,#2315);
#2040=LINE('',#4668,#2316);
#2041=LINE('',#4670,#2317);
#2042=LINE('',#4672,#2318);
#2043=LINE('',#4674,#2319);
#2044=LINE('',#4677,#2320);
#2045=LINE('',#4679,#2321);
#2046=LINE('',#4681,#2322);
#2047=LINE('',#4683,#2323);
#2048=LINE('',#4686,#2324);
#2049=LINE('',#4688,#2325);
#2050=LINE('',#4690,#2326);
#2051=LINE('',#4719,#2327);
#2052=LINE('',#4722,#2328);
#2053=LINE('',#4724,#2329);
#2054=LINE('',#4726,#2330);
#2055=LINE('',#4728,#2331);
#2056=LINE('',#4731,#2332);
#2057=LINE('',#4733,#2333);
#2058=LINE('',#4735,#2334);
#2059=LINE('',#4737,#2335);
#2060=LINE('',#4740,#2336);
#2061=LINE('',#4742,#2337);
#2062=LINE('',#4744,#2338);
#2063=LINE('',#4746,#2339);
#2064=LINE('',#4749,#2340);
#2065=LINE('',#4751,#2341);
#2066=LINE('',#4753,#2342);
#2067=LINE('',#4755,#2343);
#2068=LINE('',#4758,#2344);
#2069=LINE('',#4760,#2345);
#2070=LINE('',#4762,#2346);
#2071=LINE('',#4764,#2347);
#2072=LINE('',#4767,#2348);
#2073=LINE('',#4769,#2349);
#2074=LINE('',#4771,#2350);
#2075=LINE('',#4773,#2351);
#2076=LINE('',#4776,#2352);
#2077=LINE('',#4778,#2353);
#2078=LINE('',#4780,#2354);
#2079=LINE('',#4782,#2355);
#2080=LINE('',#4785,#2356);
#2081=LINE('',#4787,#2357);
#2082=LINE('',#4789,#2358);
#2083=LINE('',#4791,#2359);
#2084=LINE('',#4794,#2360);
#2085=LINE('',#4796,#2361);
#2086=LINE('',#4798,#2362);
#2087=LINE('',#4800,#2363);
#2088=LINE('',#4803,#2364);
#2089=LINE('',#4805,#2365);
#2090=LINE('',#4807,#2366);
#2091=LINE('',#4809,#2367);
#2092=LINE('',#4812,#2368);
#2093=LINE('',#4814,#2369);
#2094=LINE('',#4816,#2370);
#2095=LINE('',#4818,#2371);
#2096=LINE('',#4821,#2372);
#2097=LINE('',#4823,#2373);
#2098=LINE('',#4825,#2374);
#2099=LINE('',#4827,#2375);
#2100=LINE('',#4830,#2376);
#2101=LINE('',#4832,#2377);
#2102=LINE('',#4834,#2378);
#2103=LINE('',#4836,#2379);
#2104=LINE('',#4839,#2380);
#2105=LINE('',#4841,#2381);
#2106=LINE('',#4843,#2382);
#2107=LINE('',#4845,#2383);
#2108=LINE('',#4848,#2384);
#2109=LINE('',#4850,#2385);
#2110=LINE('',#4852,#2386);
#2111=LINE('',#4854,#2387);
#2112=LINE('',#4857,#2388);
#2113=LINE('',#4859,#2389);
#2114=LINE('',#4861,#2390);
#2115=LINE('',#4863,#2391);
#2116=LINE('',#4866,#2392);
#2117=LINE('',#4868,#2393);
#2118=LINE('',#4870,#2394);
#2119=LINE('',#4872,#2395);
#2120=LINE('',#4875,#2396);
#2121=LINE('',#4877,#2397);
#2122=LINE('',#4879,#2398);
#2123=LINE('',#4881,#2399);
#2124=LINE('',#4884,#2400);
#2125=LINE('',#4886,#2401);
#2126=LINE('',#4888,#2402);
#2127=LINE('',#4890,#2403);
#2128=LINE('',#4893,#2404);
#2129=LINE('',#4895,#2405);
#2130=LINE('',#4897,#2406);
#2131=LINE('',#4899,#2407);
#2132=LINE('',#4902,#2408);
#2133=LINE('',#4904,#2409);
#2134=LINE('',#4906,#2410);
#2135=LINE('',#4908,#2411);
#2136=LINE('',#4911,#2412);
#2137=LINE('',#4913,#2413);
#2138=LINE('',#4915,#2414);
#2139=LINE('',#4917,#2415);
#2140=LINE('',#4920,#2416);
#2141=LINE('',#4922,#2417);
#2142=LINE('',#4924,#2418);
#2143=LINE('',#4926,#2419);
#2144=LINE('',#4929,#2420);
#2145=LINE('',#4931,#2421);
#2146=LINE('',#4933,#2422);
#2147=LINE('',#4972,#2423);
#2148=LINE('',#4983,#2424);
#2149=LINE('',#4998,#2425);
#2150=LINE('',#5011,#2426);
#2151=LINE('',#5024,#2427);
#2152=LINE('',#5037,#2428);
#2153=LINE('',#5050,#2429);
#2154=LINE('',#5063,#2430);
#2155=LINE('',#5076,#2431);
#2156=LINE('',#5089,#2432);
#2157=LINE('',#5102,#2433);
#2158=LINE('',#5115,#2434);
#2159=LINE('',#5119,#2435);
#2160=LINE('',#5123,#2436);
#2161=LINE('',#5127,#2437);
#2162=LINE('',#5129,#2438);
#2163=LINE('',#5131,#2439);
#2164=LINE('',#5135,#2440);
#2165=LINE('',#5139,#2441);
#2166=LINE('',#5143,#2442);
#2167=LINE('',#5145,#2443);
#2168=LINE('',#5147,#2444);
#2169=LINE('',#5151,#2445);
#2170=LINE('',#5155,#2446);
#2171=LINE('',#5159,#2447);
#2172=LINE('',#5161,#2448);
#2173=LINE('',#5163,#2449);
#2174=LINE('',#5167,#2450);
#2175=LINE('',#5171,#2451);
#2176=LINE('',#5175,#2452);
#2177=LINE('',#5177,#2453);
#2178=LINE('',#5179,#2454);
#2179=LINE('',#5183,#2455);
#2180=LINE('',#5187,#2456);
#2181=LINE('',#5191,#2457);
#2182=LINE('',#5193,#2458);
#2183=LINE('',#5195,#2459);
#2184=LINE('',#5199,#2460);
#2185=LINE('',#5203,#2461);
#2186=LINE('',#5207,#2462);
#2187=LINE('',#5209,#2463);
#2188=LINE('',#5211,#2464);
#2189=LINE('',#5215,#2465);
#2190=LINE('',#5219,#2466);
#2191=LINE('',#5223,#2467);
#2192=LINE('',#5225,#2468);
#2193=LINE('',#5227,#2469);
#2194=LINE('',#5231,#2470);
#2195=LINE('',#5235,#2471);
#2196=LINE('',#5239,#2472);
#2197=LINE('',#5241,#2473);
#2198=LINE('',#5243,#2474);
#2199=LINE('',#5247,#2475);
#2200=LINE('',#5251,#2476);
#2201=LINE('',#5255,#2477);
#2202=LINE('',#5257,#2478);
#2203=LINE('',#5259,#2479);
#2204=LINE('',#5263,#2480);
#2205=LINE('',#5267,#2481);
#2206=LINE('',#5271,#2482);
#2207=LINE('',#5273,#2483);
#2208=LINE('',#5275,#2484);
#2209=LINE('',#5279,#2485);
#2210=LINE('',#5283,#2486);
#2211=LINE('',#5287,#2487);
#2212=LINE('',#5289,#2488);
#2213=LINE('',#5291,#2489);
#2214=LINE('',#5297,#2490);
#2215=LINE('',#5299,#2491);
#2216=LINE('',#5307,#2492);
#2217=LINE('',#5314,#2493);
#2218=LINE('',#5321,#2494);
#2219=LINE('',#5328,#2495);
#2220=LINE('',#5335,#2496);
#2221=LINE('',#5342,#2497);
#2222=LINE('',#5347,#2498);
#2223=LINE('',#5353,#2499);
#2224=LINE('',#5362,#2500);
#2225=LINE('',#5366,#2501);
#2226=LINE('',#5373,#2502);
#2227=LINE('',#5380,#2503);
#2228=LINE('',#5387,#2504);
#2229=LINE('',#5414,#2505);
#2230=LINE('',#5416,#2506);
#2231=VECTOR('',#3494,1.);
#2232=VECTOR('',#3495,1.);
#2233=VECTOR('',#3496,1.);
#2234=VECTOR('',#3497,1.);
#2235=VECTOR('',#3500,1.);
#2236=VECTOR('',#3501,1.);
#2237=VECTOR('',#3502,1.);
#2238=VECTOR('',#3503,1.);
#2239=VECTOR('',#3506,1.);
#2240=VECTOR('',#3507,1.);
#2241=VECTOR('',#3508,1.);
#2242=VECTOR('',#3509,1.);
#2243=VECTOR('',#3512,1.);
#2244=VECTOR('',#3513,1.);
#2245=VECTOR('',#3514,1.);
#2246=VECTOR('',#3515,1.);
#2247=VECTOR('',#3518,1.);
#2248=VECTOR('',#3519,1.);
#2249=VECTOR('',#3520,1.);
#2250=VECTOR('',#3521,1.);
#2251=VECTOR('',#3524,1.);
#2252=VECTOR('',#3525,1.);
#2253=VECTOR('',#3526,1.);
#2254=VECTOR('',#3527,1.);
#2255=VECTOR('',#3530,1.);
#2256=VECTOR('',#3531,1.);
#2257=VECTOR('',#3532,1.);
#2258=VECTOR('',#3533,1.);
#2259=VECTOR('',#3536,1.);
#2260=VECTOR('',#3537,1.);
#2261=VECTOR('',#3538,1.);
#2262=VECTOR('',#3539,1.);
#2263=VECTOR('',#3542,1.);
#2264=VECTOR('',#3543,1.);
#2265=VECTOR('',#3544,1.);
#2266=VECTOR('',#3545,1.);
#2267=VECTOR('',#3548,1.);
#2268=VECTOR('',#3549,1.);
#2269=VECTOR('',#3550,1.);
#2270=VECTOR('',#3551,1.);
#2271=VECTOR('',#3554,1.);
#2272=VECTOR('',#3555,1.);
#2273=VECTOR('',#3556,1.);
#2274=VECTOR('',#3557,1.);
#2275=VECTOR('',#3560,1.);
#2276=VECTOR('',#3561,1.);
#2277=VECTOR('',#3562,1.);
#2278=VECTOR('',#3563,1.);
#2279=VECTOR('',#3566,1.);
#2280=VECTOR('',#3567,1.);
#2281=VECTOR('',#3568,1.);
#2282=VECTOR('',#3569,1.);
#2283=VECTOR('',#3572,1.);
#2284=VECTOR('',#3573,1.);
#2285=VECTOR('',#3574,1.);
#2286=VECTOR('',#3575,1.);
#2287=VECTOR('',#3578,1.);
#2288=VECTOR('',#3579,1.);
#2289=VECTOR('',#3580,1.);
#2290=VECTOR('',#3581,1.);
#2291=VECTOR('',#3584,1.);
#2292=VECTOR('',#3585,1.);
#2293=VECTOR('',#3586,1.);
#2294=VECTOR('',#3587,1.);
#2295=VECTOR('',#3590,1.);
#2296=VECTOR('',#3591,1.);
#2297=VECTOR('',#3592,1.);
#2298=VECTOR('',#3593,1.);
#2299=VECTOR('',#3596,1.);
#2300=VECTOR('',#3597,1.);
#2301=VECTOR('',#3598,1.);
#2302=VECTOR('',#3599,1.);
#2303=VECTOR('',#3602,1.);
#2304=VECTOR('',#3603,1.);
#2305=VECTOR('',#3604,1.);
#2306=VECTOR('',#3605,1.);
#2307=VECTOR('',#3608,1.);
#2308=VECTOR('',#3609,1.);
#2309=VECTOR('',#3610,1.);
#2310=VECTOR('',#3611,1.);
#2311=VECTOR('',#3614,1.);
#2312=VECTOR('',#3615,1.);
#2313=VECTOR('',#3616,1.);
#2314=VECTOR('',#3617,1.);
#2315=VECTOR('',#3620,1.);
#2316=VECTOR('',#3621,1.);
#2317=VECTOR('',#3622,1.);
#2318=VECTOR('',#3623,1.);
#2319=VECTOR('',#3626,1.);
#2320=VECTOR('',#3627,1.);
#2321=VECTOR('',#3628,1.);
#2322=VECTOR('',#3629,1.);
#2323=VECTOR('',#3632,1.);
#2324=VECTOR('',#3633,1.);
#2325=VECTOR('',#3634,1.);
#2326=VECTOR('',#3635,1.);
#2327=VECTOR('',#3690,1.);
#2328=VECTOR('',#3691,1.);
#2329=VECTOR('',#3692,1.);
#2330=VECTOR('',#3693,1.);
#2331=VECTOR('',#3696,1.);
#2332=VECTOR('',#3697,1.);
#2333=VECTOR('',#3698,1.);
#2334=VECTOR('',#3699,1.);
#2335=VECTOR('',#3702,1.);
#2336=VECTOR('',#3703,1.);
#2337=VECTOR('',#3704,1.);
#2338=VECTOR('',#3705,1.);
#2339=VECTOR('',#3708,1.);
#2340=VECTOR('',#3709,1.);
#2341=VECTOR('',#3710,1.);
#2342=VECTOR('',#3711,1.);
#2343=VECTOR('',#3714,1.);
#2344=VECTOR('',#3715,1.);
#2345=VECTOR('',#3716,1.);
#2346=VECTOR('',#3717,1.);
#2347=VECTOR('',#3720,1.);
#2348=VECTOR('',#3721,1.);
#2349=VECTOR('',#3722,1.);
#2350=VECTOR('',#3723,1.);
#2351=VECTOR('',#3726,1.);
#2352=VECTOR('',#3727,1.);
#2353=VECTOR('',#3728,1.);
#2354=VECTOR('',#3729,1.);
#2355=VECTOR('',#3732,1.);
#2356=VECTOR('',#3733,1.);
#2357=VECTOR('',#3734,1.);
#2358=VECTOR('',#3735,1.);
#2359=VECTOR('',#3738,1.);
#2360=VECTOR('',#3739,1.);
#2361=VECTOR('',#3740,1.);
#2362=VECTOR('',#3741,1.);
#2363=VECTOR('',#3744,1.);
#2364=VECTOR('',#3745,1.);
#2365=VECTOR('',#3746,1.);
#2366=VECTOR('',#3747,1.);
#2367=VECTOR('',#3750,1.);
#2368=VECTOR('',#3751,1.);
#2369=VECTOR('',#3752,1.);
#2370=VECTOR('',#3753,1.);
#2371=VECTOR('',#3756,1.);
#2372=VECTOR('',#3757,1.);
#2373=VECTOR('',#3758,1.);
#2374=VECTOR('',#3759,1.);
#2375=VECTOR('',#3762,1.);
#2376=VECTOR('',#3763,1.);
#2377=VECTOR('',#3764,1.);
#2378=VECTOR('',#3765,1.);
#2379=VECTOR('',#3768,1.);
#2380=VECTOR('',#3769,1.);
#2381=VECTOR('',#3770,1.);
#2382=VECTOR('',#3771,1.);
#2383=VECTOR('',#3774,1.);
#2384=VECTOR('',#3775,1.);
#2385=VECTOR('',#3776,1.);
#2386=VECTOR('',#3777,1.);
#2387=VECTOR('',#3780,1.);
#2388=VECTOR('',#3781,1.);
#2389=VECTOR('',#3782,1.);
#2390=VECTOR('',#3783,1.);
#2391=VECTOR('',#3786,1.);
#2392=VECTOR('',#3787,1.);
#2393=VECTOR('',#3788,1.);
#2394=VECTOR('',#3789,1.);
#2395=VECTOR('',#3792,1.);
#2396=VECTOR('',#3793,1.);
#2397=VECTOR('',#3794,1.);
#2398=VECTOR('',#3795,1.);
#2399=VECTOR('',#3798,1.);
#2400=VECTOR('',#3799,1.);
#2401=VECTOR('',#3800,1.);
#2402=VECTOR('',#3801,1.);
#2403=VECTOR('',#3804,1.);
#2404=VECTOR('',#3805,1.);
#2405=VECTOR('',#3806,1.);
#2406=VECTOR('',#3807,1.);
#2407=VECTOR('',#3810,1.);
#2408=VECTOR('',#3811,1.);
#2409=VECTOR('',#3812,1.);
#2410=VECTOR('',#3813,1.);
#2411=VECTOR('',#3816,1.);
#2412=VECTOR('',#3817,1.);
#2413=VECTOR('',#3818,1.);
#2414=VECTOR('',#3819,1.);
#2415=VECTOR('',#3822,1.);
#2416=VECTOR('',#3823,1.);
#2417=VECTOR('',#3824,1.);
#2418=VECTOR('',#3825,1.);
#2419=VECTOR('',#3828,1.);
#2420=VECTOR('',#3829,1.);
#2421=VECTOR('',#3830,1.);
#2422=VECTOR('',#3831,1.);
#2423=VECTOR('',#3898,1.);
#2424=VECTOR('',#3911,1.);
#2425=VECTOR('',#3928,1.);
#2426=VECTOR('',#3943,1.);
#2427=VECTOR('',#3958,1.);
#2428=VECTOR('',#3973,1.);
#2429=VECTOR('',#3988,1.);
#2430=VECTOR('',#4003,1.);
#2431=VECTOR('',#4018,1.);
#2432=VECTOR('',#4033,1.);
#2433=VECTOR('',#4048,1.);
#2434=VECTOR('',#4063,1.);
#2435=VECTOR('',#4068,1.);
#2436=VECTOR('',#4073,1.);
#2437=VECTOR('',#4078,1.);
#2438=VECTOR('',#4079,1.);
#2439=VECTOR('',#4082,1.);
#2440=VECTOR('',#4087,1.);
#2441=VECTOR('',#4092,1.);
#2442=VECTOR('',#4097,1.);
#2443=VECTOR('',#4098,1.);
#2444=VECTOR('',#4101,1.);
#2445=VECTOR('',#4106,1.);
#2446=VECTOR('',#4111,1.);
#2447=VECTOR('',#4116,1.);
#2448=VECTOR('',#4117,1.);
#2449=VECTOR('',#4120,1.);
#2450=VECTOR('',#4125,1.);
#2451=VECTOR('',#4130,1.);
#2452=VECTOR('',#4135,1.);
#2453=VECTOR('',#4136,1.);
#2454=VECTOR('',#4139,1.);
#2455=VECTOR('',#4144,1.);
#2456=VECTOR('',#4149,1.);
#2457=VECTOR('',#4154,1.);
#2458=VECTOR('',#4155,1.);
#2459=VECTOR('',#4158,1.);
#2460=VECTOR('',#4163,1.);
#2461=VECTOR('',#4168,1.);
#2462=VECTOR('',#4173,1.);
#2463=VECTOR('',#4174,1.);
#2464=VECTOR('',#4177,1.);
#2465=VECTOR('',#4182,1.);
#2466=VECTOR('',#4187,1.);
#2467=VECTOR('',#4192,1.);
#2468=VECTOR('',#4193,1.);
#2469=VECTOR('',#4196,1.);
#2470=VECTOR('',#4201,1.);
#2471=VECTOR('',#4206,1.);
#2472=VECTOR('',#4211,1.);
#2473=VECTOR('',#4212,1.);
#2474=VECTOR('',#4215,1.);
#2475=VECTOR('',#4220,1.);
#2476=VECTOR('',#4225,1.);
#2477=VECTOR('',#4230,1.);
#2478=VECTOR('',#4231,1.);
#2479=VECTOR('',#4234,1.);
#2480=VECTOR('',#4239,1.);
#2481=VECTOR('',#4244,1.);
#2482=VECTOR('',#4249,1.);
#2483=VECTOR('',#4250,1.);
#2484=VECTOR('',#4253,1.);
#2485=VECTOR('',#4258,1.);
#2486=VECTOR('',#4263,1.);
#2487=VECTOR('',#4268,1.);
#2488=VECTOR('',#4269,1.);
#2489=VECTOR('',#4272,1.);
#2490=VECTOR('',#4279,1.);
#2491=VECTOR('',#4282,1.);
#2492=VECTOR('',#4293,1.);
#2493=VECTOR('',#4304,1.);
#2494=VECTOR('',#4315,1.);
#2495=VECTOR('',#4326,1.);
#2496=VECTOR('',#4337,1.);
#2497=VECTOR('',#4348,1.);
#2498=VECTOR('',#4357,1.);
#2499=VECTOR('',#4364,1.);
#2500=VECTOR('',#4377,1.);
#2501=VECTOR('',#4382,1.);
#2502=VECTOR('',#4393,1.);
#2503=VECTOR('',#4404,1.);
#2504=VECTOR('',#4415,1.);
#2505=VECTOR('',#4468,1.);
#2506=VECTOR('',#4471,1.);
#2507=EDGE_LOOP('',(#231,#232,#233,#234));
#2508=EDGE_LOOP('',(#235,#236,#237,#238));
#2509=EDGE_LOOP('',(#239,#240,#241,#242));
#2510=EDGE_LOOP('',(#243,#244,#245,#246));
#2511=EDGE_LOOP('',(#247,#248,#249,#250));
#2512=EDGE_LOOP('',(#251,#252,#253,#254));
#2513=EDGE_LOOP('',(#255,#256,#257,#258));
#2514=EDGE_LOOP('',(#259,#260,#261,#262));
#2515=EDGE_LOOP('',(#263,#264,#265,#266));
#2516=EDGE_LOOP('',(#267,#268,#269,#270));
#2517=EDGE_LOOP('',(#271,#272,#273,#274));
#2518=EDGE_LOOP('',(#275,#276,#277,#278));
#2519=EDGE_LOOP('',(#279,#280,#281,#282));
#2520=EDGE_LOOP('',(#283,#284,#285,#286));
#2521=EDGE_LOOP('',(#287,#288,#289,#290));
#2522=EDGE_LOOP('',(#291,#292,#293,#294));
#2523=EDGE_LOOP('',(#295,#296,#297,#298));
#2524=EDGE_LOOP('',(#299,#300,#301,#302));
#2525=EDGE_LOOP('',(#303,#304,#305,#306));
#2526=EDGE_LOOP('',(#307,#308,#309,#310));
#2527=EDGE_LOOP('',(#311,#312,#313,#314));
#2528=EDGE_LOOP('',(#315,#316,#317,#318));
#2529=EDGE_LOOP('',(#319,#320,#321,#322));
#2530=EDGE_LOOP('',(#323,#324,#325,#326));
#2531=EDGE_LOOP('',(#327,#328,#329,#330,#331,#332,#333,#334,#335,#336,#337,
#338,#339,#340,#341,#342,#343,#344,#345,#346,#347,#348,#349,#350,#351,#352,
#353,#354,#355,#356,#357,#358,#359,#360,#361,#362,#363,#364,#365,#366,#367,
#368,#369,#370,#371,#372,#373,#374));
#2532=EDGE_LOOP('',(#375));
#2533=EDGE_LOOP('',(#376,#377,#378,#379));
#2534=EDGE_LOOP('',(#380,#381,#382,#383));
#2535=EDGE_LOOP('',(#384,#385,#386,#387));
#2536=EDGE_LOOP('',(#388,#389,#390,#391));
#2537=EDGE_LOOP('',(#392,#393,#394,#395));
#2538=EDGE_LOOP('',(#396,#397,#398,#399));
#2539=EDGE_LOOP('',(#400,#401,#402,#403));
#2540=EDGE_LOOP('',(#404,#405,#406,#407));
#2541=EDGE_LOOP('',(#408,#409,#410,#411));
#2542=EDGE_LOOP('',(#412,#413,#414,#415));
#2543=EDGE_LOOP('',(#416,#417,#418,#419));
#2544=EDGE_LOOP('',(#420,#421,#422,#423));
#2545=EDGE_LOOP('',(#424,#425,#426,#427));
#2546=EDGE_LOOP('',(#428,#429,#430,#431));
#2547=EDGE_LOOP('',(#432,#433,#434,#435));
#2548=EDGE_LOOP('',(#436,#437,#438,#439));
#2549=EDGE_LOOP('',(#440,#441,#442,#443));
#2550=EDGE_LOOP('',(#444,#445,#446,#447));
#2551=EDGE_LOOP('',(#448,#449,#450,#451));
#2552=EDGE_LOOP('',(#452,#453,#454,#455));
#2553=EDGE_LOOP('',(#456,#457,#458,#459));
#2554=EDGE_LOOP('',(#460,#461,#462,#463));
#2555=EDGE_LOOP('',(#464,#465,#466,#467));
#2556=EDGE_LOOP('',(#468,#469,#470,#471));
#2557=EDGE_LOOP('',(#472,#473,#474,#475,#476,#477,#478,#479,#480,#481,#482,
#483,#484,#485,#486,#487,#488,#489,#490,#491,#492,#493,#494,#495,#496,#497,
#498,#499,#500,#501,#502,#503,#504,#505,#506,#507,#508,#509,#510,#511,#512,
#513,#514,#515,#516,#517,#518,#519));
#2558=EDGE_LOOP('',(#520));
#2559=EDGE_LOOP('',(#521));
#2560=EDGE_LOOP('',(#522));
#2561=EDGE_LOOP('',(#523,#524,#525,#526,#527,#528,#529,#530,#531,#532,#533,
#534,#535));
#2562=EDGE_LOOP('',(#536,#537,#538,#539,#540,#541,#542,#543,#544,#545,#546,
#547,#548));
#2563=EDGE_LOOP('',(#549,#550,#551,#552,#553,#554,#555,#556,#557,#558,#559,
#560,#561));
#2564=EDGE_LOOP('',(#562,#563,#564,#565,#566,#567,#568,#569,#570,#571,#572,
#573,#574));
#2565=EDGE_LOOP('',(#575,#576,#577,#578,#579,#580,#581,#582,#583,#584,#585,
#586,#587));
#2566=EDGE_LOOP('',(#588,#589,#590,#591,#592,#593,#594,#595,#596,#597,#598,
#599,#600));
#2567=EDGE_LOOP('',(#601,#602,#603,#604,#605,#606,#607,#608,#609,#610,#611,
#612,#613));
#2568=EDGE_LOOP('',(#614,#615,#616,#617,#618,#619,#620,#621,#622,#623,#624,
#625,#626));
#2569=EDGE_LOOP('',(#627,#628,#629,#630,#631,#632,#633,#634,#635,#636,#637,
#638,#639));
#2570=EDGE_LOOP('',(#640,#641,#642,#643,#644,#645,#646,#647,#648,#649,#650,
#651,#652));
#2571=EDGE_LOOP('',(#653,#654,#655,#656,#657,#658,#659,#660,#661,#662,#663,
#664,#665));
#2572=EDGE_LOOP('',(#666,#667,#668,#669,#670,#671,#672,#673,#674,#675,#676,
#677,#678));
#2573=EDGE_LOOP('',(#679,#680,#681,#682));
#2574=EDGE_LOOP('',(#683,#684,#685,#686));
#2575=EDGE_LOOP('',(#687,#688,#689,#690));
#2576=EDGE_LOOP('',(#691,#692,#693,#694));
#2577=EDGE_LOOP('',(#695,#696,#697,#698));
#2578=EDGE_LOOP('',(#699,#700,#701,#702));
#2579=EDGE_LOOP('',(#703,#704,#705,#706));
#2580=EDGE_LOOP('',(#707,#708,#709,#710));
#2581=EDGE_LOOP('',(#711,#712,#713,#714));
#2582=EDGE_LOOP('',(#715,#716,#717,#718));
#2583=EDGE_LOOP('',(#719,#720,#721,#722));
#2584=EDGE_LOOP('',(#723,#724,#725,#726));
#2585=EDGE_LOOP('',(#727,#728,#729,#730));
#2586=EDGE_LOOP('',(#731,#732,#733,#734));
#2587=EDGE_LOOP('',(#735,#736,#737,#738));
#2588=EDGE_LOOP('',(#739,#740,#741,#742));
#2589=EDGE_LOOP('',(#743,#744,#745,#746));
#2590=EDGE_LOOP('',(#747,#748,#749,#750));
#2591=EDGE_LOOP('',(#751,#752,#753,#754));
#2592=EDGE_LOOP('',(#755,#756,#757,#758));
#2593=EDGE_LOOP('',(#759,#760,#761,#762));
#2594=EDGE_LOOP('',(#763,#764,#765,#766));
#2595=EDGE_LOOP('',(#767,#768,#769,#770));
#2596=EDGE_LOOP('',(#771,#772,#773,#774));
#2597=EDGE_LOOP('',(#775,#776,#777,#778));
#2598=EDGE_LOOP('',(#779,#780,#781,#782));
#2599=EDGE_LOOP('',(#783,#784,#785,#786));
#2600=EDGE_LOOP('',(#787,#788,#789,#790));
#2601=EDGE_LOOP('',(#791,#792,#793,#794));
#2602=EDGE_LOOP('',(#795,#796,#797,#798));
#2603=EDGE_LOOP('',(#799,#800,#801,#802));
#2604=EDGE_LOOP('',(#803,#804,#805,#806));
#2605=EDGE_LOOP('',(#807,#808,#809,#810));
#2606=EDGE_LOOP('',(#811,#812,#813,#814));
#2607=EDGE_LOOP('',(#815,#816,#817,#818));
#2608=EDGE_LOOP('',(#819,#820,#821,#822));
#2609=EDGE_LOOP('',(#823,#824,#825,#826));
#2610=EDGE_LOOP('',(#827,#828,#829,#830));
#2611=EDGE_LOOP('',(#831,#832,#833,#834));
#2612=EDGE_LOOP('',(#835,#836,#837,#838));
#2613=EDGE_LOOP('',(#839,#840,#841,#842));
#2614=EDGE_LOOP('',(#843,#844,#845,#846));
#2615=EDGE_LOOP('',(#847,#848,#849,#850));
#2616=EDGE_LOOP('',(#851,#852,#853,#854));
#2617=EDGE_LOOP('',(#855,#856,#857,#858));
#2618=EDGE_LOOP('',(#859,#860,#861,#862));
#2619=EDGE_LOOP('',(#863,#864,#865,#866));
#2620=EDGE_LOOP('',(#867,#868,#869,#870));
#2621=EDGE_LOOP('',(#871,#872,#873,#874,#875,#876,#877,#878,#879,#880,#881,
#882,#883));
#2622=EDGE_LOOP('',(#884,#885,#886,#887));
#2623=EDGE_LOOP('',(#888,#889,#890,#891,#892,#893,#894,#895,#896,#897,#898,
#899,#900));
#2624=EDGE_LOOP('',(#901,#902,#903,#904));
#2625=EDGE_LOOP('',(#905,#906,#907,#908,#909,#910,#911,#912,#913,#914,#915,
#916,#917));
#2626=EDGE_LOOP('',(#918,#919,#920,#921));
#2627=EDGE_LOOP('',(#922,#923,#924,#925,#926,#927,#928,#929,#930,#931,#932,
#933,#934));
#2628=EDGE_LOOP('',(#935,#936,#937,#938));
#2629=EDGE_LOOP('',(#939,#940,#941,#942,#943,#944,#945,#946,#947,#948,#949,
#950,#951));
#2630=EDGE_LOOP('',(#952,#953,#954,#955));
#2631=EDGE_LOOP('',(#956,#957,#958,#959,#960,#961,#962,#963,#964,#965,#966,
#967,#968));
#2632=EDGE_LOOP('',(#969,#970,#971,#972));
#2633=EDGE_LOOP('',(#973,#974,#975,#976,#977,#978,#979,#980,#981,#982,#983,
#984,#985));
#2634=EDGE_LOOP('',(#986,#987,#988,#989,#990,#991,#992,#993,#994,#995,#996,
#997,#998));
#2635=EDGE_LOOP('',(#999,#1000,#1001,#1002));
#2636=EDGE_LOOP('',(#1003,#1004,#1005,#1006));
#2637=EDGE_LOOP('',(#1007,#1008,#1009,#1010,#1011,#1012,#1013,#1014,#1015,
#1016,#1017,#1018,#1019));
#2638=EDGE_LOOP('',(#1020,#1021,#1022,#1023));
#2639=EDGE_LOOP('',(#1024,#1025,#1026,#1027,#1028,#1029,#1030,#1031,#1032,
#1033,#1034,#1035,#1036));
#2640=EDGE_LOOP('',(#1037,#1038,#1039,#1040));
#2641=EDGE_LOOP('',(#1041,#1042,#1043,#1044,#1045,#1046,#1047,#1048,#1049,
#1050,#1051,#1052,#1053));
#2642=EDGE_LOOP('',(#1054,#1055,#1056,#1057));
#2643=EDGE_LOOP('',(#1058,#1059,#1060,#1061));
#2644=EDGE_LOOP('',(#1062,#1063,#1064,#1065));
#2645=EDGE_LOOP('',(#1066,#1067,#1068,#1069,#1070,#1071,#1072,#1073,#1074,
#1075,#1076,#1077,#1078));
#2646=EDGE_LOOP('',(#1079,#1080,#1081,#1082));
#2647=EDGE_LOOP('',(#1083,#1084,#1085,#1086));
#2648=EDGE_LOOP('',(#1087,#1088,#1089,#1090));
#2649=EDGE_LOOP('',(#1091,#1092,#1093,#1094));
#2650=EDGE_LOOP('',(#1095,#1096,#1097,#1098));
#2651=EDGE_LOOP('',(#1099,#1100,#1101,#1102));
#2652=EDGE_LOOP('',(#1103,#1104,#1105,#1106));
#2653=EDGE_LOOP('',(#1107,#1108,#1109,#1110));
#2654=EDGE_LOOP('',(#1111,#1112,#1113,#1114));
#2655=EDGE_LOOP('',(#1115,#1116,#1117,#1118));
#2656=EDGE_LOOP('',(#1119,#1120,#1121,#1122));
#2657=EDGE_LOOP('',(#1123,#1124,#1125,#1126));
#2658=EDGE_LOOP('',(#1127,#1128,#1129,#1130));
#2659=EDGE_LOOP('',(#1131,#1132,#1133,#1134));
#2660=EDGE_LOOP('',(#1135,#1136,#1137,#1138));
#2661=EDGE_LOOP('',(#1139,#1140,#1141,#1142));
#2662=EDGE_LOOP('',(#1143,#1144,#1145,#1146));
#2663=EDGE_LOOP('',(#1147,#1148,#1149,#1150));
#2664=EDGE_LOOP('',(#1151,#1152,#1153,#1154));
#2665=EDGE_LOOP('',(#1155,#1156,#1157,#1158));
#2666=EDGE_LOOP('',(#1159,#1160,#1161,#1162));
#2667=EDGE_LOOP('',(#1163,#1164,#1165,#1166));
#2668=EDGE_LOOP('',(#1167,#1168,#1169,#1170));
#2669=FACE_BOUND('',#2507,.T.);
#2670=FACE_BOUND('',#2508,.T.);
#2671=FACE_BOUND('',#2509,.T.);
#2672=FACE_BOUND('',#2510,.T.);
#2673=FACE_BOUND('',#2511,.T.);
#2674=FACE_BOUND('',#2512,.T.);
#2675=FACE_BOUND('',#2513,.T.);
#2676=FACE_BOUND('',#2514,.T.);
#2677=FACE_BOUND('',#2515,.T.);
#2678=FACE_BOUND('',#2516,.T.);
#2679=FACE_BOUND('',#2517,.T.);
#2680=FACE_BOUND('',#2518,.T.);
#2681=FACE_BOUND('',#2519,.T.);
#2682=FACE_BOUND('',#2520,.T.);
#2683=FACE_BOUND('',#2521,.T.);
#2684=FACE_BOUND('',#2522,.T.);
#2685=FACE_BOUND('',#2523,.T.);
#2686=FACE_BOUND('',#2524,.T.);
#2687=FACE_BOUND('',#2525,.T.);
#2688=FACE_BOUND('',#2526,.T.);
#2689=FACE_BOUND('',#2527,.T.);
#2690=FACE_BOUND('',#2528,.T.);
#2691=FACE_BOUND('',#2529,.T.);
#2692=FACE_BOUND('',#2530,.T.);
#2693=FACE_BOUND('',#2531,.T.);
#2694=FACE_BOUND('',#2532,.T.);
#2695=FACE_BOUND('',#2533,.T.);
#2696=FACE_BOUND('',#2534,.T.);
#2697=FACE_BOUND('',#2535,.T.);
#2698=FACE_BOUND('',#2536,.T.);
#2699=FACE_BOUND('',#2537,.T.);
#2700=FACE_BOUND('',#2538,.T.);
#2701=FACE_BOUND('',#2539,.T.);
#2702=FACE_BOUND('',#2540,.T.);
#2703=FACE_BOUND('',#2541,.T.);
#2704=FACE_BOUND('',#2542,.T.);
#2705=FACE_BOUND('',#2543,.T.);
#2706=FACE_BOUND('',#2544,.T.);
#2707=FACE_BOUND('',#2545,.T.);
#2708=FACE_BOUND('',#2546,.T.);
#2709=FACE_BOUND('',#2547,.T.);
#2710=FACE_BOUND('',#2548,.T.);
#2711=FACE_BOUND('',#2549,.T.);
#2712=FACE_BOUND('',#2550,.T.);
#2713=FACE_BOUND('',#2551,.T.);
#2714=FACE_BOUND('',#2552,.T.);
#2715=FACE_BOUND('',#2553,.T.);
#2716=FACE_BOUND('',#2554,.T.);
#2717=FACE_BOUND('',#2555,.T.);
#2718=FACE_BOUND('',#2556,.T.);
#2719=FACE_BOUND('',#2557,.T.);
#2720=FACE_BOUND('',#2558,.T.);
#2721=FACE_BOUND('',#2559,.T.);
#2722=FACE_BOUND('',#2560,.T.);
#2723=FACE_BOUND('',#2561,.T.);
#2724=FACE_BOUND('',#2562,.T.);
#2725=FACE_BOUND('',#2563,.T.);
#2726=FACE_BOUND('',#2564,.T.);
#2727=FACE_BOUND('',#2565,.T.);
#2728=FACE_BOUND('',#2566,.T.);
#2729=FACE_BOUND('',#2567,.T.);
#2730=FACE_BOUND('',#2568,.T.);
#2731=FACE_BOUND('',#2569,.T.);
#2732=FACE_BOUND('',#2570,.T.);
#2733=FACE_BOUND('',#2571,.T.);
#2734=FACE_BOUND('',#2572,.T.);
#2735=FACE_BOUND('',#2573,.T.);
#2736=FACE_BOUND('',#2574,.T.);
#2737=FACE_BOUND('',#2575,.T.);
#2738=FACE_BOUND('',#2576,.T.);
#2739=FACE_BOUND('',#2577,.T.);
#2740=FACE_BOUND('',#2578,.T.);
#2741=FACE_BOUND('',#2579,.T.);
#2742=FACE_BOUND('',#2580,.T.);
#2743=FACE_BOUND('',#2581,.T.);
#2744=FACE_BOUND('',#2582,.T.);
#2745=FACE_BOUND('',#2583,.T.);
#2746=FACE_BOUND('',#2584,.T.);
#2747=FACE_BOUND('',#2585,.T.);
#2748=FACE_BOUND('',#2586,.T.);
#2749=FACE_BOUND('',#2587,.T.);
#2750=FACE_BOUND('',#2588,.T.);
#2751=FACE_BOUND('',#2589,.T.);
#2752=FACE_BOUND('',#2590,.T.);
#2753=FACE_BOUND('',#2591,.T.);
#2754=FACE_BOUND('',#2592,.T.);
#2755=FACE_BOUND('',#2593,.T.);
#2756=FACE_BOUND('',#2594,.T.);
#2757=FACE_BOUND('',#2595,.T.);
#2758=FACE_BOUND('',#2596,.T.);
#2759=FACE_BOUND('',#2597,.T.);
#2760=FACE_BOUND('',#2598,.T.);
#2761=FACE_BOUND('',#2599,.T.);
#2762=FACE_BOUND('',#2600,.T.);
#2763=FACE_BOUND('',#2601,.T.);
#2764=FACE_BOUND('',#2602,.T.);
#2765=FACE_BOUND('',#2603,.T.);
#2766=FACE_BOUND('',#2604,.T.);
#2767=FACE_BOUND('',#2605,.T.);
#2768=FACE_BOUND('',#2606,.T.);
#2769=FACE_BOUND('',#2607,.T.);
#2770=FACE_BOUND('',#2608,.T.);
#2771=FACE_BOUND('',#2609,.T.);
#2772=FACE_BOUND('',#2610,.T.);
#2773=FACE_BOUND('',#2611,.T.);
#2774=FACE_BOUND('',#2612,.T.);
#2775=FACE_BOUND('',#2613,.T.);
#2776=FACE_BOUND('',#2614,.T.);
#2777=FACE_BOUND('',#2615,.T.);
#2778=FACE_BOUND('',#2616,.T.);
#2779=FACE_BOUND('',#2617,.T.);
#2780=FACE_BOUND('',#2618,.T.);
#2781=FACE_BOUND('',#2619,.T.);
#2782=FACE_BOUND('',#2620,.T.);
#2783=FACE_BOUND('',#2621,.T.);
#2784=FACE_BOUND('',#2622,.T.);
#2785=FACE_BOUND('',#2623,.T.);
#2786=FACE_BOUND('',#2624,.T.);
#2787=FACE_BOUND('',#2625,.T.);
#2788=FACE_BOUND('',#2626,.T.);
#2789=FACE_BOUND('',#2627,.T.);
#2790=FACE_BOUND('',#2628,.T.);
#2791=FACE_BOUND('',#2629,.T.);
#2792=FACE_BOUND('',#2630,.T.);
#2793=FACE_BOUND('',#2631,.T.);
#2794=FACE_BOUND('',#2632,.T.);
#2795=FACE_BOUND('',#2633,.T.);
#2796=FACE_BOUND('',#2634,.T.);
#2797=FACE_BOUND('',#2635,.T.);
#2798=FACE_BOUND('',#2636,.T.);
#2799=FACE_BOUND('',#2637,.T.);
#2800=FACE_BOUND('',#2638,.T.);
#2801=FACE_BOUND('',#2639,.T.);
#2802=FACE_BOUND('',#2640,.T.);
#2803=FACE_BOUND('',#2641,.T.);
#2804=FACE_BOUND('',#2642,.T.);
#2805=FACE_BOUND('',#2643,.T.);
#2806=FACE_BOUND('',#2644,.T.);
#2807=FACE_BOUND('',#2645,.T.);
#2808=FACE_BOUND('',#2646,.T.);
#2809=FACE_BOUND('',#2647,.T.);
#2810=FACE_BOUND('',#2648,.T.);
#2811=FACE_BOUND('',#2649,.T.);
#2812=FACE_BOUND('',#2650,.T.);
#2813=FACE_BOUND('',#2651,.T.);
#2814=FACE_BOUND('',#2652,.T.);
#2815=FACE_BOUND('',#2653,.T.);
#2816=FACE_BOUND('',#2654,.T.);
#2817=FACE_BOUND('',#2655,.T.);
#2818=FACE_BOUND('',#2656,.T.);
#2819=FACE_BOUND('',#2657,.T.);
#2820=FACE_BOUND('',#2658,.T.);
#2821=FACE_BOUND('',#2659,.T.);
#2822=FACE_BOUND('',#2660,.T.);
#2823=FACE_BOUND('',#2661,.T.);
#2824=FACE_BOUND('',#2662,.T.);
#2825=FACE_BOUND('',#2663,.T.);
#2826=FACE_BOUND('',#2664,.T.);
#2827=FACE_BOUND('',#2665,.T.);
#2828=FACE_BOUND('',#2666,.T.);
#2829=FACE_BOUND('',#2667,.T.);
#2830=FACE_BOUND('',#2668,.T.);
#2831=PLANE('',#3137);
#2832=PLANE('',#3138);
#2833=PLANE('',#3139);
#2834=PLANE('',#3140);
#2835=PLANE('',#3141);
#2836=PLANE('',#3142);
#2837=PLANE('',#3143);
#2838=PLANE('',#3144);
#2839=PLANE('',#3145);
#2840=PLANE('',#3146);
#2841=PLANE('',#3147);
#2842=PLANE('',#3148);
#2843=PLANE('',#3149);
#2844=PLANE('',#3150);
#2845=PLANE('',#3151);
#2846=PLANE('',#3152);
#2847=PLANE('',#3153);
#2848=PLANE('',#3154);
#2849=PLANE('',#3155);
#2850=PLANE('',#3156);
#2851=PLANE('',#3157);
#2852=PLANE('',#3158);
#2853=PLANE('',#3159);
#2854=PLANE('',#3160);
#2855=PLANE('',#3161);
#2856=PLANE('',#3187);
#2857=PLANE('',#3188);
#2858=PLANE('',#3189);
#2859=PLANE('',#3190);
#2860=PLANE('',#3191);
#2861=PLANE('',#3192);
#2862=PLANE('',#3193);
#2863=PLANE('',#3194);
#2864=PLANE('',#3195);
#2865=PLANE('',#3196);
#2866=PLANE('',#3197);
#2867=PLANE('',#3198);
#2868=PLANE('',#3199);
#2869=PLANE('',#3200);
#2870=PLANE('',#3201);
#2871=PLANE('',#3202);
#2872=PLANE('',#3203);
#2873=PLANE('',#3204);
#2874=PLANE('',#3205);
#2875=PLANE('',#3206);
#2876=PLANE('',#3207);
#2877=PLANE('',#3208);
#2878=PLANE('',#3209);
#2879=PLANE('',#3210);
#2880=PLANE('',#3211);
#2881=PLANE('',#3322);
#2882=PLANE('',#3324);
#2883=PLANE('',#3326);
#2884=PLANE('',#3327);
#2885=PLANE('',#3329);
#2886=PLANE('',#3331);
#2887=PLANE('',#3333);
#2888=PLANE('',#3334);
#2889=PLANE('',#3336);
#2890=PLANE('',#3338);
#2891=PLANE('',#3340);
#2892=PLANE('',#3341);
#2893=PLANE('',#3343);
#2894=PLANE('',#3345);
#2895=PLANE('',#3347);
#2896=PLANE('',#3348);
#2897=PLANE('',#3350);
#2898=PLANE('',#3352);
#2899=PLANE('',#3354);
#2900=PLANE('',#3355);
#2901=PLANE('',#3357);
#2902=PLANE('',#3359);
#2903=PLANE('',#3361);
#2904=PLANE('',#3362);
#2905=PLANE('',#3364);
#2906=PLANE('',#3366);
#2907=PLANE('',#3368);
#2908=PLANE('',#3369);
#2909=PLANE('',#3371);
#2910=PLANE('',#3373);
#2911=PLANE('',#3375);
#2912=PLANE('',#3376);
#2913=PLANE('',#3378);
#2914=PLANE('',#3380);
#2915=PLANE('',#3382);
#2916=PLANE('',#3383);
#2917=PLANE('',#3385);
#2918=PLANE('',#3387);
#2919=PLANE('',#3389);
#2920=PLANE('',#3390);
#2921=PLANE('',#3392);
#2922=PLANE('',#3394);
#2923=PLANE('',#3396);
#2924=PLANE('',#3397);
#2925=PLANE('',#3399);
#2926=PLANE('',#3401);
#2927=PLANE('',#3403);
#2928=PLANE('',#3405);
#2929=PLANE('',#3410);
#2930=PLANE('',#3415);
#2931=PLANE('',#3420);
#2932=PLANE('',#3425);
#2933=PLANE('',#3430);
#2934=PLANE('',#3435);
#2935=PLANE('',#3444);
#2936=PLANE('',#3445);
#2937=PLANE('',#3450);
#2938=PLANE('',#3455);
#2939=PLANE('',#3460);
#2940=PLANE('',#3462);
#2941=PLANE('',#3463);
#2942=PLANE('',#3467);
#2943=PLANE('',#3468);
#2944=PLANE('',#3469);
#2945=PLANE('',#3470);
#2946=PLANE('',#3471);
#2947=PLANE('',#3472);
#2948=PLANE('',#3473);
#2949=PLANE('',#3474);
#2950=PLANE('',#3475);
#2951=PLANE('',#3476);
#2952=PLANE('',#3477);
#2953=PLANE('',#3478);
#2954=PLANE('',#3479);
#2955=PLANE('',#3480);
#2956=PLANE('',#3481);
#2957=PLANE('',#3482);
#2958=PLANE('',#3483);
#2959=PLANE('',#3484);
#2960=PLANE('',#3485);
#2961=PLANE('',#3486);
#2962=PLANE('',#3487);
#2963=PLANE('',#3488);
#2964=PLANE('',#3489);
#2965=ADVANCED_FACE('',(#2669),#2831,.T.);
#2966=ADVANCED_FACE('',(#2670),#2832,.T.);
#2967=ADVANCED_FACE('',(#2671),#2833,.T.);
#2968=ADVANCED_FACE('',(#2672),#2834,.T.);
#2969=ADVANCED_FACE('',(#2673),#2835,.T.);
#2970=ADVANCED_FACE('',(#2674),#2836,.T.);
#2971=ADVANCED_FACE('',(#2675),#2837,.T.);
#2972=ADVANCED_FACE('',(#2676),#2838,.T.);
#2973=ADVANCED_FACE('',(#2677),#2839,.T.);
#2974=ADVANCED_FACE('',(#2678),#2840,.T.);
#2975=ADVANCED_FACE('',(#2679),#2841,.T.);
#2976=ADVANCED_FACE('',(#2680),#2842,.T.);
#2977=ADVANCED_FACE('',(#2681),#2843,.T.);
#2978=ADVANCED_FACE('',(#2682),#2844,.T.);
#2979=ADVANCED_FACE('',(#2683),#2845,.T.);
#2980=ADVANCED_FACE('',(#2684),#2846,.T.);
#2981=ADVANCED_FACE('',(#2685),#2847,.T.);
#2982=ADVANCED_FACE('',(#2686),#2848,.T.);
#2983=ADVANCED_FACE('',(#2687),#2849,.T.);
#2984=ADVANCED_FACE('',(#2688),#2850,.T.);
#2985=ADVANCED_FACE('',(#2689),#2851,.T.);
#2986=ADVANCED_FACE('',(#2690),#2852,.T.);
#2987=ADVANCED_FACE('',(#2691),#2853,.T.);
#2988=ADVANCED_FACE('',(#2692),#2854,.T.);
#2989=ADVANCED_FACE('',(#2693,#2694),#2855,.T.);
#2990=ADVANCED_FACE('',(#2695),#2856,.T.);
#2991=ADVANCED_FACE('',(#2696),#2857,.T.);
#2992=ADVANCED_FACE('',(#2697),#2858,.T.);
#2993=ADVANCED_FACE('',(#2698),#2859,.T.);
#2994=ADVANCED_FACE('',(#2699),#2860,.T.);
#2995=ADVANCED_FACE('',(#2700),#2861,.T.);
#2996=ADVANCED_FACE('',(#2701),#2862,.T.);
#2997=ADVANCED_FACE('',(#2702),#2863,.T.);
#2998=ADVANCED_FACE('',(#2703),#2864,.T.);
#2999=ADVANCED_FACE('',(#2704),#2865,.T.);
#3000=ADVANCED_FACE('',(#2705),#2866,.T.);
#3001=ADVANCED_FACE('',(#2706),#2867,.T.);
#3002=ADVANCED_FACE('',(#2707),#2868,.T.);
#3003=ADVANCED_FACE('',(#2708),#2869,.T.);
#3004=ADVANCED_FACE('',(#2709),#2870,.T.);
#3005=ADVANCED_FACE('',(#2710),#2871,.T.);
#3006=ADVANCED_FACE('',(#2711),#2872,.T.);
#3007=ADVANCED_FACE('',(#2712),#2873,.T.);
#3008=ADVANCED_FACE('',(#2713),#2874,.T.);
#3009=ADVANCED_FACE('',(#2714),#2875,.T.);
#3010=ADVANCED_FACE('',(#2715),#2876,.T.);
#3011=ADVANCED_FACE('',(#2716),#2877,.T.);
#3012=ADVANCED_FACE('',(#2717),#2878,.T.);
#3013=ADVANCED_FACE('',(#2718),#2879,.T.);
#3014=ADVANCED_FACE('',(#2719,#2720),#2880,.F.);
#3015=ADVANCED_FACE('',(#2721,#2722),#108,.F.);
#3016=ADVANCED_FACE('',(#2723),#109,.T.);
#3017=ADVANCED_FACE('',(#2724),#110,.T.);
#3018=ADVANCED_FACE('',(#2725),#111,.T.);
#3019=ADVANCED_FACE('',(#2726),#112,.T.);
#3020=ADVANCED_FACE('',(#2727),#113,.T.);
#3021=ADVANCED_FACE('',(#2728),#114,.T.);
#3022=ADVANCED_FACE('',(#2729),#115,.T.);
#3023=ADVANCED_FACE('',(#2730),#116,.T.);
#3024=ADVANCED_FACE('',(#2731),#117,.T.);
#3025=ADVANCED_FACE('',(#2732),#118,.T.);
#3026=ADVANCED_FACE('',(#2733),#119,.T.);
#3027=ADVANCED_FACE('',(#2734),#120,.T.);
#3028=ADVANCED_FACE('',(#2735),#2881,.F.);
#3029=ADVANCED_FACE('',(#2736),#2882,.F.);
#3030=ADVANCED_FACE('',(#2737),#2883,.T.);
#3031=ADVANCED_FACE('',(#2738),#2884,.T.);
#3032=ADVANCED_FACE('',(#2739),#2885,.F.);
#3033=ADVANCED_FACE('',(#2740),#2886,.F.);
#3034=ADVANCED_FACE('',(#2741),#2887,.T.);
#3035=ADVANCED_FACE('',(#2742),#2888,.T.);
#3036=ADVANCED_FACE('',(#2743),#2889,.F.);
#3037=ADVANCED_FACE('',(#2744),#2890,.F.);
#3038=ADVANCED_FACE('',(#2745),#2891,.T.);
#3039=ADVANCED_FACE('',(#2746),#2892,.T.);
#3040=ADVANCED_FACE('',(#2747),#2893,.F.);
#3041=ADVANCED_FACE('',(#2748),#2894,.F.);
#3042=ADVANCED_FACE('',(#2749),#2895,.T.);
#3043=ADVANCED_FACE('',(#2750),#2896,.T.);
#3044=ADVANCED_FACE('',(#2751),#2897,.F.);
#3045=ADVANCED_FACE('',(#2752),#2898,.F.);
#3046=ADVANCED_FACE('',(#2753),#2899,.T.);
#3047=ADVANCED_FACE('',(#2754),#2900,.T.);
#3048=ADVANCED_FACE('',(#2755),#2901,.F.);
#3049=ADVANCED_FACE('',(#2756),#2902,.F.);
#3050=ADVANCED_FACE('',(#2757),#2903,.T.);
#3051=ADVANCED_FACE('',(#2758),#2904,.T.);
#3052=ADVANCED_FACE('',(#2759),#2905,.F.);
#3053=ADVANCED_FACE('',(#2760),#2906,.F.);
#3054=ADVANCED_FACE('',(#2761),#2907,.T.);
#3055=ADVANCED_FACE('',(#2762),#2908,.T.);
#3056=ADVANCED_FACE('',(#2763),#2909,.F.);
#3057=ADVANCED_FACE('',(#2764),#2910,.F.);
#3058=ADVANCED_FACE('',(#2765),#2911,.T.);
#3059=ADVANCED_FACE('',(#2766),#2912,.T.);
#3060=ADVANCED_FACE('',(#2767),#2913,.F.);
#3061=ADVANCED_FACE('',(#2768),#2914,.F.);
#3062=ADVANCED_FACE('',(#2769),#2915,.T.);
#3063=ADVANCED_FACE('',(#2770),#2916,.T.);
#3064=ADVANCED_FACE('',(#2771),#2917,.F.);
#3065=ADVANCED_FACE('',(#2772),#2918,.F.);
#3066=ADVANCED_FACE('',(#2773),#2919,.T.);
#3067=ADVANCED_FACE('',(#2774),#2920,.T.);
#3068=ADVANCED_FACE('',(#2775),#2921,.F.);
#3069=ADVANCED_FACE('',(#2776),#2922,.F.);
#3070=ADVANCED_FACE('',(#2777),#2923,.T.);
#3071=ADVANCED_FACE('',(#2778),#2924,.T.);
#3072=ADVANCED_FACE('',(#2779),#2925,.T.);
#3073=ADVANCED_FACE('',(#2780),#2926,.T.);
#3074=ADVANCED_FACE('',(#2781),#2927,.F.);
#3075=ADVANCED_FACE('',(#2782),#2928,.F.);
#3076=ADVANCED_FACE('',(#2783),#121,.T.);
#3077=ADVANCED_FACE('',(#2784),#2929,.F.);
#3078=ADVANCED_FACE('',(#2785),#122,.T.);
#3079=ADVANCED_FACE('',(#2786),#2930,.F.);
#3080=ADVANCED_FACE('',(#2787),#123,.T.);
#3081=ADVANCED_FACE('',(#2788),#2931,.F.);
#3082=ADVANCED_FACE('',(#2789),#124,.T.);
#3083=ADVANCED_FACE('',(#2790),#2932,.F.);
#3084=ADVANCED_FACE('',(#2791),#125,.T.);
#3085=ADVANCED_FACE('',(#2792),#2933,.F.);
#3086=ADVANCED_FACE('',(#2793),#126,.T.);
#3087=ADVANCED_FACE('',(#2794),#2934,.F.);
#3088=ADVANCED_FACE('',(#2795),#127,.T.);
#3089=ADVANCED_FACE('',(#2796),#128,.T.);
#3090=ADVANCED_FACE('',(#2797),#2935,.F.);
#3091=ADVANCED_FACE('',(#2798),#2936,.F.);
#3092=ADVANCED_FACE('',(#2799),#129,.T.);
#3093=ADVANCED_FACE('',(#2800),#2937,.F.);
#3094=ADVANCED_FACE('',(#2801),#130,.T.);
#3095=ADVANCED_FACE('',(#2802),#2938,.F.);
#3096=ADVANCED_FACE('',(#2803),#131,.T.);
#3097=ADVANCED_FACE('',(#2804),#2939,.F.);
#3098=ADVANCED_FACE('',(#2805),#2940,.T.);
#3099=ADVANCED_FACE('',(#2806),#2941,.T.);
#3100=ADVANCED_FACE('',(#2807),#132,.T.);
#3101=ADVANCED_FACE('',(#2808),#2942,.T.);
#3102=ADVANCED_FACE('',(#2809),#2943,.T.);
#3103=ADVANCED_FACE('',(#2810),#2944,.T.);
#3104=ADVANCED_FACE('',(#2811),#2945,.T.);
#3105=ADVANCED_FACE('',(#2812),#2946,.T.);
#3106=ADVANCED_FACE('',(#2813),#2947,.T.);
#3107=ADVANCED_FACE('',(#2814),#2948,.T.);
#3108=ADVANCED_FACE('',(#2815),#2949,.T.);
#3109=ADVANCED_FACE('',(#2816),#2950,.T.);
#3110=ADVANCED_FACE('',(#2817),#2951,.T.);
#3111=ADVANCED_FACE('',(#2818),#2952,.F.);
#3112=ADVANCED_FACE('',(#2819),#2953,.F.);
#3113=ADVANCED_FACE('',(#2820),#2954,.F.);
#3114=ADVANCED_FACE('',(#2821),#2955,.F.);
#3115=ADVANCED_FACE('',(#2822),#2956,.F.);
#3116=ADVANCED_FACE('',(#2823),#2957,.F.);
#3117=ADVANCED_FACE('',(#2824),#2958,.T.);
#3118=ADVANCED_FACE('',(#2825),#2959,.T.);
#3119=ADVANCED_FACE('',(#2826),#2960,.F.);
#3120=ADVANCED_FACE('',(#2827),#2961,.F.);
#3121=ADVANCED_FACE('',(#2828),#2962,.F.);
#3122=ADVANCED_FACE('',(#2829),#2963,.T.);
#3123=ADVANCED_FACE('',(#2830),#2964,.T.);
#3124=CLOSED_SHELL('',(#2965,#2966,#2967,#2968,#2969,#2970,#2971,#2972,
#2973,#2974,#2975,#2976,#2977,#2978,#2979,#2980,#2981,#2982,#2983,#2984,
#2985,#2986,#2987,#2988,#2989,#2990,#2991,#2992,#2993,#2994,#2995,#2996,
#2997,#2998,#2999,#3000,#3001,#3002,#3003,#3004,#3005,#3006,#3007,#3008,
#3009,#3010,#3011,#3012,#3013,#3014,#3015,#3016,#3017,#3018,#3019,#3020,
#3021,#3022,#3023,#3024,#3025,#3026,#3027,#3028,#3029,#3030,#3031,#3032,
#3033,#3034,#3035,#3036,#3037,#3038,#3039,#3040,#3041,#3042,#3043,#3044,
#3045,#3046,#3047,#3048,#3049,#3050,#3051,#3052,#3053,#3054,#3055,#3056,
#3057,#3058,#3059,#3060,#3061,#3062,#3063,#3064,#3065,#3066,#3067,#3068,
#3069,#3070,#3071,#3072,#3073,#3074,#3075,#3076,#3077,#3078,#3079,#3080,
#3081,#3082,#3083,#3084,#3085,#3086,#3087,#3088,#3089,#3090,#3091,#3092,
#3093,#3094,#3095,#3096,#3097,#3098,#3099,#3100,#3101,#3102,#3103,#3104,
#3105,#3106,#3107,#3108,#3109,#3110,#3111,#3112,#3113,#3114,#3115,#3116,
#3117,#3118,#3119,#3120,#3121,#3122,#3123));
#3125=STYLED_ITEM('',(#3126),#3133);
#3126=PRESENTATION_STYLE_ASSIGNMENT((#3127));
#3127=SURFACE_STYLE_USAGE(.BOTH.,#3128);
#3128=SURFACE_SIDE_STYLE('',(#3129));
#3129=SURFACE_STYLE_FILL_AREA(#3130);
#3130=FILL_AREA_STYLE('',(#3131));
#3131=FILL_AREA_STYLE_COLOUR('',#3132);
#3132=DRAUGHTING_PRE_DEFINED_COLOUR('black');
#3133=MANIFOLD_SOLID_BREP('tread',#3124);
#3134=SHAPE_DEFINITION_REPRESENTATION(#5424,#3135);
#3135=SHAPE_REPRESENTATION('tread',(#3136),#5419);
#3136=AXIS2_PLACEMENT_3D('',#4474,#3490,#3491);
#3137=AXIS2_PLACEMENT_3D('',#4475,#3492,#3493);
#3138=AXIS2_PLACEMENT_3D('',#4484,#3498,#3499);
#3139=AXIS2_PLACEMENT_3D('',#4493,#3504,#3505);
#3140=AXIS2_PLACEMENT_3D('',#4502,#3510,#3511);
#3141=AXIS2_PLACEMENT_3D('',#4511,#3516,#3517);
#3142=AXIS2_PLACEMENT_3D('',#4520,#3522,#3523);
#3143=AXIS2_PLACEMENT_3D('',#4529,#3528,#3529);
#3144=AXIS2_PLACEMENT_3D('',#4538,#3534,#3535);
#3145=AXIS2_PLACEMENT_3D('',#4547,#3540,#3541);
#3146=AXIS2_PLACEMENT_3D('',#4556,#3546,#3547);
#3147=AXIS2_PLACEMENT_3D('',#4565,#3552,#3553);
#3148=AXIS2_PLACEMENT_3D('',#4574,#3558,#3559);
#3149=AXIS2_PLACEMENT_3D('',#4583,#3564,#3565);
#3150=AXIS2_PLACEMENT_3D('',#4592,#3570,#3571);
#3151=AXIS2_PLACEMENT_3D('',#4601,#3576,#3577);
#3152=AXIS2_PLACEMENT_3D('',#4610,#3582,#3583);
#3153=AXIS2_PLACEMENT_3D('',#4619,#3588,#3589);
#3154=AXIS2_PLACEMENT_3D('',#4628,#3594,#3595);
#3155=AXIS2_PLACEMENT_3D('',#4637,#3600,#3601);
#3156=AXIS2_PLACEMENT_3D('',#4646,#3606,#3607);
#3157=AXIS2_PLACEMENT_3D('',#4655,#3612,#3613);
#3158=AXIS2_PLACEMENT_3D('',#4664,#3618,#3619);
#3159=AXIS2_PLACEMENT_3D('',#4673,#3624,#3625);
#3160=AXIS2_PLACEMENT_3D('',#4682,#3630,#3631);
#3161=AXIS2_PLACEMENT_3D('',#4691,#3636,#3637);
#3162=AXIS2_PLACEMENT_3D('',#4692,#3638,#3639);
#3163=AXIS2_PLACEMENT_3D('',#4693,#3640,#3641);
#3164=AXIS2_PLACEMENT_3D('',#4694,#3642,#3643);
#3165=AXIS2_PLACEMENT_3D('',#4695,#3644,#3645);
#3166=AXIS2_PLACEMENT_3D('',#4696,#3646,#3647);
#3167=AXIS2_PLACEMENT_3D('',#4697,#3648,#3649);
#3168=AXIS2_PLACEMENT_3D('',#4698,#3650,#3651);
#3169=AXIS2_PLACEMENT_3D('',#4699,#3652,#3653);
#3170=AXIS2_PLACEMENT_3D('',#4700,#3654,#3655);
#3171=AXIS2_PLACEMENT_3D('',#4701,#3656,#3657);
#3172=AXIS2_PLACEMENT_3D('',#4702,#3658,#3659);
#3173=AXIS2_PLACEMENT_3D('',#4703,#3660,#3661);
#3174=AXIS2_PLACEMENT_3D('',#4704,#3662,#3663);
#3175=AXIS2_PLACEMENT_3D('',#4705,#3664,#3665);
#3176=AXIS2_PLACEMENT_3D('',#4706,#3666,#3667);
#3177=AXIS2_PLACEMENT_3D('',#4707,#3668,#3669);
#3178=AXIS2_PLACEMENT_3D('',#4708,#3670,#3671);
#3179=AXIS2_PLACEMENT_3D('',#4709,#3672,#3673);
#3180=AXIS2_PLACEMENT_3D('',#4710,#3674,#3675);
#3181=AXIS2_PLACEMENT_3D('',#4711,#3676,#3677);
#3182=AXIS2_PLACEMENT_3D('',#4712,#3678,#3679);
#3183=AXIS2_PLACEMENT_3D('',#4713,#3680,#3681);
#3184=AXIS2_PLACEMENT_3D('',#4714,#3682,#3683);
#3185=AXIS2_PLACEMENT_3D('',#4715,#3684,#3685);
#3186=AXIS2_PLACEMENT_3D('',#4716,#3686,#3687);
#3187=AXIS2_PLACEMENT_3D('',#4718,#3688,#3689);
#3188=AXIS2_PLACEMENT_3D('',#4727,#3694,#3695);
#3189=AXIS2_PLACEMENT_3D('',#4736,#3700,#3701);
#3190=AXIS2_PLACEMENT_3D('',#4745,#3706,#3707);
#3191=AXIS2_PLACEMENT_3D('',#4754,#3712,#3713);
#3192=AXIS2_PLACEMENT_3D('',#4763,#3718,#3719);
#3193=AXIS2_PLACEMENT_3D('',#4772,#3724,#3725);
#3194=AXIS2_PLACEMENT_3D('',#4781,#3730,#3731);
#3195=AXIS2_PLACEMENT_3D('',#4790,#3736,#3737);
#3196=AXIS2_PLACEMENT_3D('',#4799,#3742,#3743);
#3197=AXIS2_PLACEMENT_3D('',#4808,#3748,#3749);
#3198=AXIS2_PLACEMENT_3D('',#4817,#3754,#3755);
#3199=AXIS2_PLACEMENT_3D('',#4826,#3760,#3761);
#3200=AXIS2_PLACEMENT_3D('',#4835,#3766,#3767);
#3201=AXIS2_PLACEMENT_3D('',#4844,#3772,#3773);
#3202=AXIS2_PLACEMENT_3D('',#4853,#3778,#3779);
#3203=AXIS2_PLACEMENT_3D('',#4862,#3784,#3785);
#3204=AXIS2_PLACEMENT_3D('',#4871,#3790,#3791);
#3205=AXIS2_PLACEMENT_3D('',#4880,#3796,#3797);
#3206=AXIS2_PLACEMENT_3D('',#4889,#3802,#3803);
#3207=AXIS2_PLACEMENT_3D('',#4898,#3808,#3809);
#3208=AXIS2_PLACEMENT_3D('',#4907,#3814,#3815);
#3209=AXIS2_PLACEMENT_3D('',#4916,#3820,#3821);
#3210=AXIS2_PLACEMENT_3D('',#4925,#3826,#3827);
#3211=AXIS2_PLACEMENT_3D('',#4934,#3832,#3833);
#3212=AXIS2_PLACEMENT_3D('',#4935,#3834,#3835);
#3213=AXIS2_PLACEMENT_3D('',#4936,#3836,#3837);
#3214=AXIS2_PLACEMENT_3D('',#4937,#3838,#3839);
#3215=AXIS2_PLACEMENT_3D('',#4938,#3840,#3841);
#3216=AXIS2_PLACEMENT_3D('',#4939,#3842,#3843);
#3217=AXIS2_PLACEMENT_3D('',#4940,#3844,#3845);
#3218=AXIS2_PLACEMENT_3D('',#4941,#3846,#3847);
#3219=AXIS2_PLACEMENT_3D('',#4942,#3848,#3849);
#3220=AXIS2_PLACEMENT_3D('',#4943,#3850,#3851);
#3221=AXIS2_PLACEMENT_3D('',#4944,#3852,#3853);
#3222=AXIS2_PLACEMENT_3D('',#4945,#3854,#3855);
#3223=AXIS2_PLACEMENT_3D('',#4946,#3856,#3857);
#3224=AXIS2_PLACEMENT_3D('',#4947,#3858,#3859);
#3225=AXIS2_PLACEMENT_3D('',#4948,#3860,#3861);
#3226=AXIS2_PLACEMENT_3D('',#4949,#3862,#3863);
#3227=AXIS2_PLACEMENT_3D('',#4950,#3864,#3865);
#3228=AXIS2_PLACEMENT_3D('',#4951,#3866,#3867);
#3229=AXIS2_PLACEMENT_3D('',#4952,#3868,#3869);
#3230=AXIS2_PLACEMENT_3D('',#4953,#3870,#3871);
#3231=AXIS2_PLACEMENT_3D('',#4954,#3872,#3873);
#3232=AXIS2_PLACEMENT_3D('',#4955,#3874,#3875);
#3233=AXIS2_PLACEMENT_3D('',#4956,#3876,#3877);
#3234=AXIS2_PLACEMENT_3D('',#4957,#3878,#3879);
#3235=AXIS2_PLACEMENT_3D('',#4958,#3880,#3881);
#3236=AXIS2_PLACEMENT_3D('',#4959,#3882,#3883);
#3237=AXIS2_PLACEMENT_3D('',#4961,#3884,#3885);
#3238=AXIS2_PLACEMENT_3D('',#4962,#3886,#3887);
#3239=AXIS2_PLACEMENT_3D('',#4963,#3888,#3889);
#3240=AXIS2_PLACEMENT_3D('',#4965,#3890,#3891);
#3241=AXIS2_PLACEMENT_3D('',#4967,#3892,#3893);
#3242=AXIS2_PLACEMENT_3D('',#4968,#3894,#3895);
#3243=AXIS2_PLACEMENT_3D('',#4970,#3896,#3897);
#3244=AXIS2_PLACEMENT_3D('',#4974,#3899,#3900);
#3245=AXIS2_PLACEMENT_3D('',#4975,#3901,#3902);
#3246=AXIS2_PLACEMENT_3D('',#4976,#3903,#3904);
#3247=AXIS2_PLACEMENT_3D('',#4978,#3905,#3906);
#3248=AXIS2_PLACEMENT_3D('',#4979,#3907,#3908);
#3249=AXIS2_PLACEMENT_3D('',#4981,#3909,#3910);
#3250=AXIS2_PLACEMENT_3D('',#4985,#3912,#3913);
#3251=AXIS2_PLACEMENT_3D('',#4987,#3914,#3915);
#3252=AXIS2_PLACEMENT_3D('',#4988,#3916,#3917);
#3253=AXIS2_PLACEMENT_3D('',#4989,#3918,#3919);
#3254=AXIS2_PLACEMENT_3D('',#4991,#3920,#3921);
#3255=AXIS2_PLACEMENT_3D('',#4993,#3922,#3923);
#3256=AXIS2_PLACEMENT_3D('',#4994,#3924,#3925);
#3257=AXIS2_PLACEMENT_3D('',#4996,#3926,#3927);
#3258=AXIS2_PLACEMENT_3D('',#5000,#3929,#3930);
#3259=AXIS2_PLACEMENT_3D('',#5001,#3931,#3932);
#3260=AXIS2_PLACEMENT_3D('',#5002,#3933,#3934);
#3261=AXIS2_PLACEMENT_3D('',#5004,#3935,#3936);
#3262=AXIS2_PLACEMENT_3D('',#5006,#3937,#3938);
#3263=AXIS2_PLACEMENT_3D('',#5007,#3939,#3940);
#3264=AXIS2_PLACEMENT_3D('',#5009,#3941,#3942);
#3265=AXIS2_PLACEMENT_3D('',#5013,#3944,#3945);
#3266=AXIS2_PLACEMENT_3D('',#5014,#3946,#3947);
#3267=AXIS2_PLACEMENT_3D('',#5015,#3948,#3949);
#3268=AXIS2_PLACEMENT_3D('',#5017,#3950,#3951);
#3269=AXIS2_PLACEMENT_3D('',#5019,#3952,#3953);
#3270=AXIS2_PLACEMENT_3D('',#5020,#3954,#3955);
#3271=AXIS2_PLACEMENT_3D('',#5022,#3956,#3957);
#3272=AXIS2_PLACEMENT_3D('',#5026,#3959,#3960);
#3273=AXIS2_PLACEMENT_3D('',#5027,#3961,#3962);
#3274=AXIS2_PLACEMENT_3D('',#5028,#3963,#3964);
#3275=AXIS2_PLACEMENT_3D('',#5030,#3965,#3966);
#3276=AXIS2_PLACEMENT_3D('',#5032,#3967,#3968);
#3277=AXIS2_PLACEMENT_3D('',#5033,#3969,#3970);
#3278=AXIS2_PLACEMENT_3D('',#5035,#3971,#3972);
#3279=AXIS2_PLACEMENT_3D('',#5039,#3974,#3975);
#3280=AXIS2_PLACEMENT_3D('',#5040,#3976,#3977);
#3281=AXIS2_PLACEMENT_3D('',#5041,#3978,#3979);
#3282=AXIS2_PLACEMENT_3D('',#5043,#3980,#3981);
#3283=AXIS2_PLACEMENT_3D('',#5045,#3982,#3983);
#3284=AXIS2_PLACEMENT_3D('',#5046,#3984,#3985);
#3285=AXIS2_PLACEMENT_3D('',#5048,#3986,#3987);
#3286=AXIS2_PLACEMENT_3D('',#5052,#3989,#3990);
#3287=AXIS2_PLACEMENT_3D('',#5053,#3991,#3992);
#3288=AXIS2_PLACEMENT_3D('',#5054,#3993,#3994);
#3289=AXIS2_PLACEMENT_3D('',#5056,#3995,#3996);
#3290=AXIS2_PLACEMENT_3D('',#5058,#3997,#3998);
#3291=AXIS2_PLACEMENT_3D('',#5059,#3999,#4000);
#3292=AXIS2_PLACEMENT_3D('',#5061,#4001,#4002);
#3293=AXIS2_PLACEMENT_3D('',#5065,#4004,#4005);
#3294=AXIS2_PLACEMENT_3D('',#5066,#4006,#4007);
#3295=AXIS2_PLACEMENT_3D('',#5067,#4008,#4009);
#3296=AXIS2_PLACEMENT_3D('',#5069,#4010,#4011);
#3297=AXIS2_PLACEMENT_3D('',#5071,#4012,#4013);
#3298=AXIS2_PLACEMENT_3D('',#5072,#4014,#4015);
#3299=AXIS2_PLACEMENT_3D('',#5074,#4016,#4017);
#3300=AXIS2_PLACEMENT_3D('',#5078,#4019,#4020);
#3301=AXIS2_PLACEMENT_3D('',#5079,#4021,#4022);
#3302=AXIS2_PLACEMENT_3D('',#5080,#4023,#4024);
#3303=AXIS2_PLACEMENT_3D('',#5082,#4025,#4026);
#3304=AXIS2_PLACEMENT_3D('',#5084,#4027,#4028);
#3305=AXIS2_PLACEMENT_3D('',#5085,#4029,#4030);
#3306=AXIS2_PLACEMENT_3D('',#5087,#4031,#4032);
#3307=AXIS2_PLACEMENT_3D('',#5091,#4034,#4035);
#3308=AXIS2_PLACEMENT_3D('',#5092,#4036,#4037);
#3309=AXIS2_PLACEMENT_3D('',#5093,#4038,#4039);
#3310=AXIS2_PLACEMENT_3D('',#5095,#4040,#4041);
#3311=AXIS2_PLACEMENT_3D('',#5097,#4042,#4043);
#3312=AXIS2_PLACEMENT_3D('',#5098,#4044,#4045);
#3313=AXIS2_PLACEMENT_3D('',#5100,#4046,#4047);
#3314=AXIS2_PLACEMENT_3D('',#5104,#4049,#4050);
#3315=AXIS2_PLACEMENT_3D('',#5105,#4051,#4052);
#3316=AXIS2_PLACEMENT_3D('',#5106,#4053,#4054);
#3317=AXIS2_PLACEMENT_3D('',#5108,#4055,#4056);
#3318=AXIS2_PLACEMENT_3D('',#5110,#4057,#4058);
#3319=AXIS2_PLACEMENT_3D('',#5111,#4059,#4060);
#3320=AXIS2_PLACEMENT_3D('',#5113,#4061,#4062);
#3321=AXIS2_PLACEMENT_3D('',#5117,#4064,#4065);
#3322=AXIS2_PLACEMENT_3D('',#5118,#4066,#4067);
#3323=AXIS2_PLACEMENT_3D('',#5121,#4069,#4070);
#3324=AXIS2_PLACEMENT_3D('',#5122,#4071,#4072);
#3325=AXIS2_PLACEMENT_3D('',#5125,#4074,#4075);
#3326=AXIS2_PLACEMENT_3D('',#5126,#4076,#4077);
#3327=AXIS2_PLACEMENT_3D('',#5130,#4080,#4081);
#3328=AXIS2_PLACEMENT_3D('',#5133,#4083,#4084);
#3329=AXIS2_PLACEMENT_3D('',#5134,#4085,#4086);
#3330=AXIS2_PLACEMENT_3D('',#5137,#4088,#4089);
#3331=AXIS2_PLACEMENT_3D('',#5138,#4090,#4091);
#3332=AXIS2_PLACEMENT_3D('',#5141,#4093,#4094);
#3333=AXIS2_PLACEMENT_3D('',#5142,#4095,#4096);
#3334=AXIS2_PLACEMENT_3D('',#5146,#4099,#4100);
#3335=AXIS2_PLACEMENT_3D('',#5149,#4102,#4103);
#3336=AXIS2_PLACEMENT_3D('',#5150,#4104,#4105);
#3337=AXIS2_PLACEMENT_3D('',#5153,#4107,#4108);
#3338=AXIS2_PLACEMENT_3D('',#5154,#4109,#4110);
#3339=AXIS2_PLACEMENT_3D('',#5157,#4112,#4113);
#3340=AXIS2_PLACEMENT_3D('',#5158,#4114,#4115);
#3341=AXIS2_PLACEMENT_3D('',#5162,#4118,#4119);
#3342=AXIS2_PLACEMENT_3D('',#5165,#4121,#4122);
#3343=AXIS2_PLACEMENT_3D('',#5166,#4123,#4124);
#3344=AXIS2_PLACEMENT_3D('',#5169,#4126,#4127);
#3345=AXIS2_PLACEMENT_3D('',#5170,#4128,#4129);
#3346=AXIS2_PLACEMENT_3D('',#5173,#4131,#4132);
#3347=AXIS2_PLACEMENT_3D('',#5174,#4133,#4134);
#3348=AXIS2_PLACEMENT_3D('',#5178,#4137,#4138);
#3349=AXIS2_PLACEMENT_3D('',#5181,#4140,#4141);
#3350=AXIS2_PLACEMENT_3D('',#5182,#4142,#4143);
#3351=AXIS2_PLACEMENT_3D('',#5185,#4145,#4146);
#3352=AXIS2_PLACEMENT_3D('',#5186,#4147,#4148);
#3353=AXIS2_PLACEMENT_3D('',#5189,#4150,#4151);
#3354=AXIS2_PLACEMENT_3D('',#5190,#4152,#4153);
#3355=AXIS2_PLACEMENT_3D('',#5194,#4156,#4157);
#3356=AXIS2_PLACEMENT_3D('',#5197,#4159,#4160);
#3357=AXIS2_PLACEMENT_3D('',#5198,#4161,#4162);
#3358=AXIS2_PLACEMENT_3D('',#5201,#4164,#4165);
#3359=AXIS2_PLACEMENT_3D('',#5202,#4166,#4167);
#3360=AXIS2_PLACEMENT_3D('',#5205,#4169,#4170);
#3361=AXIS2_PLACEMENT_3D('',#5206,#4171,#4172);
#3362=AXIS2_PLACEMENT_3D('',#5210,#4175,#4176);
#3363=AXIS2_PLACEMENT_3D('',#5213,#4178,#4179);
#3364=AXIS2_PLACEMENT_3D('',#5214,#4180,#4181);
#3365=AXIS2_PLACEMENT_3D('',#5217,#4183,#4184);
#3366=AXIS2_PLACEMENT_3D('',#5218,#4185,#4186);
#3367=AXIS2_PLACEMENT_3D('',#5221,#4188,#4189);
#3368=AXIS2_PLACEMENT_3D('',#5222,#4190,#4191);
#3369=AXIS2_PLACEMENT_3D('',#5226,#4194,#4195);
#3370=AXIS2_PLACEMENT_3D('',#5229,#4197,#4198);
#3371=AXIS2_PLACEMENT_3D('',#5230,#4199,#4200);
#3372=AXIS2_PLACEMENT_3D('',#5233,#4202,#4203);
#3373=AXIS2_PLACEMENT_3D('',#5234,#4204,#4205);
#3374=AXIS2_PLACEMENT_3D('',#5237,#4207,#4208);
#3375=AXIS2_PLACEMENT_3D('',#5238,#4209,#4210);
#3376=AXIS2_PLACEMENT_3D('',#5242,#4213,#4214);
#3377=AXIS2_PLACEMENT_3D('',#5245,#4216,#4217);
#3378=AXIS2_PLACEMENT_3D('',#5246,#4218,#4219);
#3379=AXIS2_PLACEMENT_3D('',#5249,#4221,#4222);
#3380=AXIS2_PLACEMENT_3D('',#5250,#4223,#4224);
#3381=AXIS2_PLACEMENT_3D('',#5253,#4226,#4227);
#3382=AXIS2_PLACEMENT_3D('',#5254,#4228,#4229);
#3383=AXIS2_PLACEMENT_3D('',#5258,#4232,#4233);
#3384=AXIS2_PLACEMENT_3D('',#5261,#4235,#4236);
#3385=AXIS2_PLACEMENT_3D('',#5262,#4237,#4238);
#3386=AXIS2_PLACEMENT_3D('',#5265,#4240,#4241);
#3387=AXIS2_PLACEMENT_3D('',#5266,#4242,#4243);
#3388=AXIS2_PLACEMENT_3D('',#5269,#4245,#4246);
#3389=AXIS2_PLACEMENT_3D('',#5270,#4247,#4248);
#3390=AXIS2_PLACEMENT_3D('',#5274,#4251,#4252);
#3391=AXIS2_PLACEMENT_3D('',#5277,#4254,#4255);
#3392=AXIS2_PLACEMENT_3D('',#5278,#4256,#4257);
#3393=AXIS2_PLACEMENT_3D('',#5281,#4259,#4260);
#3394=AXIS2_PLACEMENT_3D('',#5282,#4261,#4262);
#3395=AXIS2_PLACEMENT_3D('',#5285,#4264,#4265);
#3396=AXIS2_PLACEMENT_3D('',#5286,#4266,#4267);
#3397=AXIS2_PLACEMENT_3D('',#5290,#4270,#4271);
#3398=AXIS2_PLACEMENT_3D('',#5293,#4273,#4274);
#3399=AXIS2_PLACEMENT_3D('',#5294,#4275,#4276);
#3400=AXIS2_PLACEMENT_3D('',#5295,#4277,#4278);
#3401=AXIS2_PLACEMENT_3D('',#5298,#4280,#4281);
#3402=AXIS2_PLACEMENT_3D('',#5301,#4283,#4284);
#3403=AXIS2_PLACEMENT_3D('',#5302,#4285,#4286);
#3404=AXIS2_PLACEMENT_3D('',#5303,#4287,#4288);
#3405=AXIS2_PLACEMENT_3D('',#5304,#4289,#4290);
#3406=AXIS2_PLACEMENT_3D('',#5305,#4291,#4292);
#3407=AXIS2_PLACEMENT_3D('',#5308,#4294,#4295);
#3408=AXIS2_PLACEMENT_3D('',#5309,#4296,#4297);
#3409=AXIS2_PLACEMENT_3D('',#5310,#4298,#4299);
#3410=AXIS2_PLACEMENT_3D('',#5311,#4300,#4301);
#3411=AXIS2_PLACEMENT_3D('',#5312,#4302,#4303);
#3412=AXIS2_PLACEMENT_3D('',#5315,#4305,#4306);
#3413=AXIS2_PLACEMENT_3D('',#5316,#4307,#4308);
#3414=AXIS2_PLACEMENT_3D('',#5317,#4309,#4310);
#3415=AXIS2_PLACEMENT_3D('',#5318,#4311,#4312);
#3416=AXIS2_PLACEMENT_3D('',#5319,#4313,#4314);
#3417=AXIS2_PLACEMENT_3D('',#5322,#4316,#4317);
#3418=AXIS2_PLACEMENT_3D('',#5323,#4318,#4319);
#3419=AXIS2_PLACEMENT_3D('',#5324,#4320,#4321);
#3420=AXIS2_PLACEMENT_3D('',#5325,#4322,#4323);
#3421=AXIS2_PLACEMENT_3D('',#5326,#4324,#4325);
#3422=AXIS2_PLACEMENT_3D('',#5329,#4327,#4328);
#3423=AXIS2_PLACEMENT_3D('',#5330,#4329,#4330);
#3424=AXIS2_PLACEMENT_3D('',#5331,#4331,#4332);
#3425=AXIS2_PLACEMENT_3D('',#5332,#4333,#4334);
#3426=AXIS2_PLACEMENT_3D('',#5333,#4335,#4336);
#3427=AXIS2_PLACEMENT_3D('',#5336,#4338,#4339);
#3428=AXIS2_PLACEMENT_3D('',#5337,#4340,#4341);
#3429=AXIS2_PLACEMENT_3D('',#5338,#4342,#4343);
#3430=AXIS2_PLACEMENT_3D('',#5339,#4344,#4345);
#3431=AXIS2_PLACEMENT_3D('',#5340,#4346,#4347);
#3432=AXIS2_PLACEMENT_3D('',#5343,#4349,#4350);
#3433=AXIS2_PLACEMENT_3D('',#5344,#4351,#4352);
#3434=AXIS2_PLACEMENT_3D('',#5345,#4353,#4354);
#3435=AXIS2_PLACEMENT_3D('',#5346,#4355,#4356);
#3436=AXIS2_PLACEMENT_3D('',#5349,#4358,#4359);
#3437=AXIS2_PLACEMENT_3D('',#5350,#4360,#4361);
#3438=AXIS2_PLACEMENT_3D('',#5351,#4362,#4363);
#3439=AXIS2_PLACEMENT_3D('',#5355,#4365,#4366);
#3440=AXIS2_PLACEMENT_3D('',#5356,#4367,#4368);
#3441=AXIS2_PLACEMENT_3D('',#5358,#4369,#4370);
#3442=AXIS2_PLACEMENT_3D('',#5359,#4371,#4372);
#3443=AXIS2_PLACEMENT_3D('',#5360,#4373,#4374);
#3444=AXIS2_PLACEMENT_3D('',#5361,#4375,#4376);
#3445=AXIS2_PLACEMENT_3D('',#5363,#4378,#4379);
#3446=AXIS2_PLACEMENT_3D('',#5364,#4380,#4381);
#3447=AXIS2_PLACEMENT_3D('',#5367,#4383,#4384);
#3448=AXIS2_PLACEMENT_3D('',#5368,#4385,#4386);
#3449=AXIS2_PLACEMENT_3D('',#5369,#4387,#4388);
#3450=AXIS2_PLACEMENT_3D('',#5370,#4389,#4390);
#3451=AXIS2_PLACEMENT_3D('',#5371,#4391,#4392);
#3452=AXIS2_PLACEMENT_3D('',#5374,#4394,#4395);
#3453=AXIS2_PLACEMENT_3D('',#5375,#4396,#4397);
#3454=AXIS2_PLACEMENT_3D('',#5376,#4398,#4399);
#3455=AXIS2_PLACEMENT_3D('',#5377,#4400,#4401);
#3456=AXIS2_PLACEMENT_3D('',#5378,#4402,#4403);
#3457=AXIS2_PLACEMENT_3D('',#5381,#4405,#4406);
#3458=AXIS2_PLACEMENT_3D('',#5382,#4407,#4408);
#3459=AXIS2_PLACEMENT_3D('',#5383,#4409,#4410);
#3460=AXIS2_PLACEMENT_3D('',#5384,#4411,#4412);
#3461=AXIS2_PLACEMENT_3D('',#5385,#4413,#4414);
#3462=AXIS2_PLACEMENT_3D('',#5388,#4416,#4417);
#3463=AXIS2_PLACEMENT_3D('',#5389,#4418,#4419);
#3464=AXIS2_PLACEMENT_3D('',#5390,#4420,#4421);
#3465=AXIS2_PLACEMENT_3D('',#5391,#4422,#4423);
#3466=AXIS2_PLACEMENT_3D('',#5392,#4424,#4425);
#3467=AXIS2_PLACEMENT_3D('',#5393,#4426,#4427);
#3468=AXIS2_PLACEMENT_3D('',#5394,#4428,#4429);
#3469=AXIS2_PLACEMENT_3D('',#5395,#4430,#4431);
#3470=AXIS2_PLACEMENT_3D('',#5396,#4432,#4433);
#3471=AXIS2_PLACEMENT_3D('',#5397,#4434,#4435);
#3472=AXIS2_PLACEMENT_3D('',#5398,#4436,#4437);
#3473=AXIS2_PLACEMENT_3D('',#5399,#4438,#4439);
#3474=AXIS2_PLACEMENT_3D('',#5400,#4440,#4441);
#3475=AXIS2_PLACEMENT_3D('',#5401,#4442,#4443);
#3476=AXIS2_PLACEMENT_3D('',#5402,#4444,#4445);
#3477=AXIS2_PLACEMENT_3D('',#5403,#4446,#4447);
#3478=AXIS2_PLACEMENT_3D('',#5404,#4448,#4449);
#3479=AXIS2_PLACEMENT_3D('',#5405,#4450,#4451);
#3480=AXIS2_PLACEMENT_3D('',#5406,#4452,#4453);
#3481=AXIS2_PLACEMENT_3D('',#5407,#4454,#4455);
#3482=AXIS2_PLACEMENT_3D('',#5408,#4456,#4457);
#3483=AXIS2_PLACEMENT_3D('',#5409,#4458,#4459);
#3484=AXIS2_PLACEMENT_3D('',#5410,#4460,#4461);
#3485=AXIS2_PLACEMENT_3D('',#5411,#4462,#4463);
#3486=AXIS2_PLACEMENT_3D('',#5412,#4464,#4465);
#3487=AXIS2_PLACEMENT_3D('',#5413,#4466,#4467);
#3488=AXIS2_PLACEMENT_3D('',#5415,#4469,#4470);
#3489=AXIS2_PLACEMENT_3D('',#5417,#4472,#4473);
#3490=DIRECTION('',(0.,0.,1.));
#3491=DIRECTION('',(1.,0.,0.));
#3492=DIRECTION('',(0.116442797670921,0.,-0.993197399750205));
#3493=DIRECTION('',(0.993197399750205,0.,0.116442797670921));
#3494=DIRECTION('',(-0.993197399750206,0.,-0.116442797670916));
#3495=DIRECTION('',(0.,1.,0.));
#3496=DIRECTION('',(-0.993197399750206,0.,-0.116442797670916));
#3497=DIRECTION('',(0.,1.,0.));
#3498=DIRECTION('',(-0.691613881806958,0.,0.722267428652235));
#3499=DIRECTION('',(-0.722267428652235,0.,-0.691613881806958));
#3500=DIRECTION('',(0.722267428652234,0.,0.691613881806959));
#3501=DIRECTION('',(0.,1.,0.));
#3502=DIRECTION('',(0.722267428652234,0.,0.691613881806959));
#3503=DIRECTION('',(0.,1.,0.));
#3504=DIRECTION('',(0.597441120745851,0.,-0.801912780320866));
#3505=DIRECTION('',(0.801912780320866,0.,0.597441120745851));
#3506=DIRECTION('',(-0.801912780320869,0.,-0.597441120745847));
#3507=DIRECTION('',(0.,1.,0.));
#3508=DIRECTION('',(-0.801912780320869,0.,-0.597441120745847));
#3509=DIRECTION('',(0.,1.,0.));
#3510=DIRECTION('',(-0.960088905580912,0.,0.27969500063542));
#3511=DIRECTION('',(-0.27969500063542,0.,-0.960088905580912));
#3512=DIRECTION('',(0.279695000635421,0.,0.960088905580911));
#3513=DIRECTION('',(0.,1.,0.));
#3514=DIRECTION('',(0.279695000635421,0.,0.960088905580911));
#3515=DIRECTION('',(0.,1.,0.));
#3516=DIRECTION('',(0.918355577991787,0.,-0.395756279004353));
#3517=DIRECTION('',(0.395756279004353,0.,0.918355577991787));
#3518=DIRECTION('',(-0.395756279004359,0.,-0.918355577991784));
#3519=DIRECTION('',(0.,1.,0.));
#3520=DIRECTION('',(-0.395756279004359,0.,-0.918355577991784));
#3521=DIRECTION('',(0.,1.,0.));
#3522=DIRECTION('',(-0.971308882442379,0.,-0.237821476928676));
#3523=DIRECTION('',(0.237821476928676,-3.42821852825326E-16,-0.971308882442379));
#3524=DIRECTION('',(-0.237821476928677,0.,0.971308882442379));
#3525=DIRECTION('',(0.,1.,0.));
#3526=DIRECTION('',(-0.237821476928677,0.,0.971308882442379));
#3527=DIRECTION('',(0.,1.,0.));
#3528=DIRECTION('',(0.993197399750205,0.,0.116442797670921));
#3529=DIRECTION('',(-0.116442797670921,0.,0.993197399750205));
#3530=DIRECTION('',(0.116442797670916,0.,-0.993197399750206));
#3531=DIRECTION('',(0.,1.,0.));
#3532=DIRECTION('',(0.116442797670916,0.,-0.993197399750206));
#3533=DIRECTION('',(0.,1.,0.));
#3534=DIRECTION('',(-0.722267428652235,0.,-0.691613881806958));
#3535=DIRECTION('',(0.691613881806958,0.,-0.722267428652235));
#3536=DIRECTION('',(-0.691613881806959,0.,0.722267428652234));
#3537=DIRECTION('',(0.,1.,0.));
#3538=DIRECTION('',(-0.691613881806959,0.,0.722267428652234));
#3539=DIRECTION('',(0.,1.,0.));
#3540=DIRECTION('',(0.801912780320865,0.,0.597441120745852));
#3541=DIRECTION('',(-0.597441120745852,0.,0.801912780320865));
#3542=DIRECTION('',(0.597441120745847,0.,-0.801912780320869));
#3543=DIRECTION('',(0.,1.,0.));
#3544=DIRECTION('',(0.597441120745847,0.,-0.801912780320869));
#3545=DIRECTION('',(0.,1.,0.));
#3546=DIRECTION('',(-0.27969500063542,0.,-0.960088905580912));
#3547=DIRECTION('',(0.960088905580912,0.,-0.27969500063542));
#3548=DIRECTION('',(-0.960088905580911,0.,0.279695000635421));
#3549=DIRECTION('',(0.,1.,0.));
#3550=DIRECTION('',(-0.960088905580911,0.,0.279695000635421));
#3551=DIRECTION('',(0.,1.,0.));
#3552=DIRECTION('',(0.395756279004353,0.,0.918355577991787));
#3553=DIRECTION('',(-0.918355577991787,0.,0.395756279004353));
#3554=DIRECTION('',(0.918355577991784,0.,-0.395756279004359));
#3555=DIRECTION('',(0.,1.,0.));
#3556=DIRECTION('',(0.918355577991784,0.,-0.395756279004359));
#3557=DIRECTION('',(0.,1.,0.));
#3558=DIRECTION('',(0.237821476928677,0.,-0.971308882442379));
#3559=DIRECTION('',(0.971308882442379,0.,0.237821476928677));
#3560=DIRECTION('',(-0.971308882442379,0.,-0.237821476928677));
#3561=DIRECTION('',(0.,1.,0.));
#3562=DIRECTION('',(-0.971308882442379,0.,-0.237821476928677));
#3563=DIRECTION('',(0.,1.,0.));
#3564=DIRECTION('',(-0.116442797670921,0.,0.993197399750205));
#3565=DIRECTION('',(-0.993197399750205,0.,-0.116442797670921));
#3566=DIRECTION('',(0.993197399750206,0.,0.116442797670916));
#3567=DIRECTION('',(0.,1.,0.));
#3568=DIRECTION('',(0.993197399750206,0.,0.116442797670916));
#3569=DIRECTION('',(0.,1.,0.));
#3570=DIRECTION('',(0.691613881806958,0.,-0.722267428652235));
#3571=DIRECTION('',(0.722267428652235,0.,0.691613881806958));
#3572=DIRECTION('',(-0.722267428652235,0.,-0.691613881806958));
#3573=DIRECTION('',(0.,1.,0.));
#3574=DIRECTION('',(-0.722267428652235,0.,-0.691613881806958));
#3575=DIRECTION('',(0.,1.,0.));
#3576=DIRECTION('',(-0.597441120745851,0.,0.801912780320866));
#3577=DIRECTION('',(-0.801912780320866,0.,-0.597441120745851));
#3578=DIRECTION('',(0.801912780320868,0.,0.597441120745848));
#3579=DIRECTION('',(0.,1.,0.));
#3580=DIRECTION('',(0.801912780320868,0.,0.597441120745848));
#3581=DIRECTION('',(0.,1.,0.));
#3582=DIRECTION('',(0.960088905580912,0.,-0.27969500063542));
#3583=DIRECTION('',(0.27969500063542,0.,0.960088905580912));
#3584=DIRECTION('',(-0.279695000635421,0.,-0.960088905580911));
#3585=DIRECTION('',(0.,1.,0.));
#3586=DIRECTION('',(-0.279695000635421,0.,-0.960088905580911));
#3587=DIRECTION('',(0.,1.,0.));
#3588=DIRECTION('',(-0.918355577991787,0.,0.395756279004353));
#3589=DIRECTION('',(-0.395756279004353,0.,-0.918355577991787));
#3590=DIRECTION('',(0.395756279004359,0.,0.918355577991784));
#3591=DIRECTION('',(0.,1.,0.));
#3592=DIRECTION('',(0.395756279004359,0.,0.918355577991784));
#3593=DIRECTION('',(0.,1.,0.));
#3594=DIRECTION('',(0.971308882442379,0.,0.237821476928677));
#3595=DIRECTION('',(-0.237821476928677,0.,0.971308882442379));
#3596=DIRECTION('',(0.237821476928677,0.,-0.971308882442379));
#3597=DIRECTION('',(0.,1.,0.));
#3598=DIRECTION('',(0.237821476928677,0.,-0.971308882442379));
#3599=DIRECTION('',(0.,1.,0.));
#3600=DIRECTION('',(-0.993197399750205,0.,-0.116442797670921));
#3601=DIRECTION('',(0.116442797670921,0.,-0.993197399750205));
#3602=DIRECTION('',(-0.116442797670916,0.,0.993197399750206));
#3603=DIRECTION('',(0.,1.,0.));
#3604=DIRECTION('',(-0.116442797670916,0.,0.993197399750206));
#3605=DIRECTION('',(0.,1.,0.));
#3606=DIRECTION('',(0.722267428652235,0.,0.691613881806958));
#3607=DIRECTION('',(-0.691613881806958,0.,0.722267428652235));
#3608=DIRECTION('',(0.691613881806958,0.,-0.722267428652235));
#3609=DIRECTION('',(0.,1.,0.));
#3610=DIRECTION('',(0.691613881806958,0.,-0.722267428652235));
#3611=DIRECTION('',(0.,1.,0.));
#3612=DIRECTION('',(-0.801912780320866,0.,-0.597441120745851));
#3613=DIRECTION('',(0.597441120745851,0.,-0.801912780320866));
#3614=DIRECTION('',(-0.597441120745848,0.,0.801912780320868));
#3615=DIRECTION('',(0.,1.,0.));
#3616=DIRECTION('',(-0.597441120745848,0.,0.801912780320868));
#3617=DIRECTION('',(0.,1.,0.));
#3618=DIRECTION('',(0.27969500063542,0.,0.960088905580912));
#3619=DIRECTION('',(-0.960088905580912,0.,0.27969500063542));
#3620=DIRECTION('',(0.960088905580911,0.,-0.279695000635421));
#3621=DIRECTION('',(0.,1.,0.));
#3622=DIRECTION('',(0.960088905580911,0.,-0.279695000635421));
#3623=DIRECTION('',(0.,1.,0.));
#3624=DIRECTION('',(-0.395756279004353,0.,-0.918355577991787));
#3625=DIRECTION('',(0.918355577991787,0.,-0.395756279004353));
#3626=DIRECTION('',(-0.918355577991784,0.,0.395756279004359));
#3627=DIRECTION('',(0.,1.,0.));
#3628=DIRECTION('',(-0.918355577991784,0.,0.395756279004359));
#3629=DIRECTION('',(0.,1.,0.));
#3630=DIRECTION('',(-0.237821476928677,0.,0.971308882442379));
#3631=DIRECTION('',(-0.971308882442379,0.,-0.237821476928677));
#3632=DIRECTION('',(0.971308882442379,0.,0.237821476928676));
#3633=DIRECTION('',(0.,1.,0.));
#3634=DIRECTION('',(0.971308882442379,0.,0.237821476928676));
#3635=DIRECTION('',(0.,1.,0.));
#3636=DIRECTION('',(0.,1.,0.));
#3637=DIRECTION('',(1.,0.,0.));
#3638=DIRECTION('',(0.,1.,0.));
#3639=DIRECTION('',(1.,0.,0.));
#3640=DIRECTION('',(0.,1.,0.));
#3641=DIRECTION('',(1.,0.,0.));
#3642=DIRECTION('',(0.,1.,0.));
#3643=DIRECTION('',(1.,0.,0.));
#3644=DIRECTION('',(0.,1.,0.));
#3645=DIRECTION('',(1.,0.,0.));
#3646=DIRECTION('',(0.,1.,0.));
#3647=DIRECTION('',(1.,0.,0.));
#3648=DIRECTION('',(0.,1.,0.));
#3649=DIRECTION('',(1.,0.,0.));
#3650=DIRECTION('',(0.,1.,0.));
#3651=DIRECTION('',(1.,0.,0.));
#3652=DIRECTION('',(0.,1.,0.));
#3653=DIRECTION('',(1.,0.,0.));
#3654=DIRECTION('',(0.,1.,0.));
#3655=DIRECTION('',(1.,0.,0.));
#3656=DIRECTION('',(0.,1.,0.));
#3657=DIRECTION('',(1.,0.,0.));
#3658=DIRECTION('',(0.,1.,0.));
#3659=DIRECTION('',(1.,0.,0.));
#3660=DIRECTION('',(0.,1.,0.));
#3661=DIRECTION('',(1.,0.,0.));
#3662=DIRECTION('',(0.,1.,0.));
#3663=DIRECTION('',(1.,0.,0.));
#3664=DIRECTION('',(0.,1.,0.));
#3665=DIRECTION('',(1.,0.,0.));
#3666=DIRECTION('',(0.,1.,0.));
#3667=DIRECTION('',(1.,0.,0.));
#3668=DIRECTION('',(0.,1.,0.));
#3669=DIRECTION('',(1.,0.,0.));
#3670=DIRECTION('',(0.,1.,0.));
#3671=DIRECTION('',(1.,0.,0.));
#3672=DIRECTION('',(0.,1.,0.));
#3673=DIRECTION('',(1.,0.,0.));
#3674=DIRECTION('',(0.,1.,0.));
#3675=DIRECTION('',(1.,0.,0.));
#3676=DIRECTION('',(0.,1.,0.));
#3677=DIRECTION('',(1.,0.,0.));
#3678=DIRECTION('',(0.,1.,0.));
#3679=DIRECTION('',(1.,0.,0.));
#3680=DIRECTION('',(0.,1.,0.));
#3681=DIRECTION('',(1.,0.,0.));
#3682=DIRECTION('',(0.,1.,0.));
#3683=DIRECTION('',(1.,0.,0.));
#3684=DIRECTION('',(0.,1.,0.));
#3685=DIRECTION('',(1.,0.,0.));
#3686=DIRECTION('',(0.,-1.,0.));
#3687=DIRECTION('',(-1.,0.,0.));
#3688=DIRECTION('',(-0.237821476928677,0.,0.971308882442379));
#3689=DIRECTION('',(-0.971308882442379,0.,-0.237821476928677));
#3690=DIRECTION('',(0.971308882442379,0.,0.237821476928677));
#3691=DIRECTION('',(0.,-1.,0.));
#3692=DIRECTION('',(-0.971308882442379,0.,-0.237821476928677));
#3693=DIRECTION('',(0.,-1.,0.));
#3694=DIRECTION('',(-0.395756279004353,0.,-0.918355577991787));
#3695=DIRECTION('',(0.918355577991787,0.,-0.395756279004353));
#3696=DIRECTION('',(-0.918355577991787,0.,0.395756279004353));
#3697=DIRECTION('',(0.,-1.,0.));
#3698=DIRECTION('',(0.918355577991787,0.,-0.395756279004353));
#3699=DIRECTION('',(0.,-1.,0.));
#3700=DIRECTION('',(0.27969500063542,0.,0.960088905580912));
#3701=DIRECTION('',(-0.960088905580912,0.,0.27969500063542));
#3702=DIRECTION('',(0.960088905580912,0.,-0.27969500063542));
#3703=DIRECTION('',(0.,-1.,0.));
#3704=DIRECTION('',(-0.960088905580912,0.,0.27969500063542));
#3705=DIRECTION('',(0.,-1.,0.));
#3706=DIRECTION('',(-0.801912780320866,0.,-0.597441120745851));
#3707=DIRECTION('',(0.597441120745851,0.,-0.801912780320866));
#3708=DIRECTION('',(0.597441120745851,0.,-0.801912780320866));
#3709=DIRECTION('',(0.,-1.,0.));
#3710=DIRECTION('',(0.597441120745851,0.,-0.801912780320866));
#3711=DIRECTION('',(0.,-1.,0.));
#3712=DIRECTION('',(0.722267428652235,0.,0.691613881806958));
#3713=DIRECTION('',(-0.691613881806958,0.,0.722267428652235));
#3714=DIRECTION('',(-0.691613881806958,0.,0.722267428652235));
#3715=DIRECTION('',(0.,-1.,0.));
#3716=DIRECTION('',(-0.691613881806958,0.,0.722267428652235));
#3717=DIRECTION('',(0.,-1.,0.));
#3718=DIRECTION('',(-0.993197399750205,0.,-0.116442797670921));
#3719=DIRECTION('',(0.116442797670921,0.,-0.993197399750205));
#3720=DIRECTION('',(-0.116442797670921,0.,0.993197399750205));
#3721=DIRECTION('',(0.,-1.,0.));
#3722=DIRECTION('',(0.116442797670921,0.,-0.993197399750205));
#3723=DIRECTION('',(0.,-1.,0.));
#3724=DIRECTION('',(0.971308882442379,0.,0.237821476928677));
#3725=DIRECTION('',(-0.237821476928677,0.,0.971308882442379));
#3726=DIRECTION('',(0.237821476928677,0.,-0.971308882442379));
#3727=DIRECTION('',(0.,-1.,0.));
#3728=DIRECTION('',(-0.237821476928677,0.,0.971308882442379));
#3729=DIRECTION('',(0.,-1.,0.));
#3730=DIRECTION('',(-0.918355577991787,0.,0.395756279004353));
#3731=DIRECTION('',(-0.395756279004353,0.,-0.918355577991787));
#3732=DIRECTION('',(0.395756279004353,0.,0.918355577991787));
#3733=DIRECTION('',(0.,-1.,0.));
#3734=DIRECTION('',(-0.395756279004353,0.,-0.918355577991787));
#3735=DIRECTION('',(0.,-1.,0.));
#3736=DIRECTION('',(0.960088905580912,0.,-0.27969500063542));
#3737=DIRECTION('',(0.27969500063542,0.,0.960088905580912));
#3738=DIRECTION('',(-0.27969500063542,0.,-0.960088905580912));
#3739=DIRECTION('',(0.,-1.,0.));
#3740=DIRECTION('',(0.27969500063542,0.,0.960088905580912));
#3741=DIRECTION('',(0.,-1.,0.));
#3742=DIRECTION('',(-0.597441120745851,0.,0.801912780320866));
#3743=DIRECTION('',(-0.801912780320866,0.,-0.597441120745851));
#3744=DIRECTION('',(0.801912780320866,0.,0.597441120745851));
#3745=DIRECTION('',(0.,-1.,0.));
#3746=DIRECTION('',(-0.801912780320866,0.,-0.597441120745851));
#3747=DIRECTION('',(0.,-1.,0.));
#3748=DIRECTION('',(0.691613881806958,0.,-0.722267428652235));
#3749=DIRECTION('',(0.722267428652235,0.,0.691613881806958));
#3750=DIRECTION('',(-0.722267428652235,0.,-0.691613881806958));
#3751=DIRECTION('',(0.,-1.,0.));
#3752=DIRECTION('',(0.722267428652235,0.,0.691613881806958));
#3753=DIRECTION('',(0.,-1.,0.));
#3754=DIRECTION('',(-0.116442797670921,0.,0.993197399750205));
#3755=DIRECTION('',(-0.993197399750205,0.,-0.116442797670921));
#3756=DIRECTION('',(0.993197399750205,0.,0.116442797670921));
#3757=DIRECTION('',(0.,-1.,0.));
#3758=DIRECTION('',(-0.993197399750205,0.,-0.116442797670921));
#3759=DIRECTION('',(0.,-1.,0.));
#3760=DIRECTION('',(0.237821476928677,0.,-0.971308882442379));
#3761=DIRECTION('',(0.971308882442379,0.,0.237821476928677));
#3762=DIRECTION('',(-0.971308882442379,0.,-0.237821476928677));
#3763=DIRECTION('',(0.,-1.,0.));
#3764=DIRECTION('',(0.971308882442379,0.,0.237821476928677));
#3765=DIRECTION('',(0.,-1.,0.));
#3766=DIRECTION('',(0.395756279004353,0.,0.918355577991787));
#3767=DIRECTION('',(-0.918355577991787,0.,0.395756279004353));
#3768=DIRECTION('',(0.918355577991787,0.,-0.395756279004353));
#3769=DIRECTION('',(0.,-1.,0.));
#3770=DIRECTION('',(-0.918355577991787,0.,0.395756279004353));
#3771=DIRECTION('',(0.,-1.,0.));
#3772=DIRECTION('',(-0.27969500063542,0.,-0.960088905580912));
#3773=DIRECTION('',(0.960088905580912,0.,-0.27969500063542));
#3774=DIRECTION('',(-0.960088905580912,0.,0.27969500063542));
#3775=DIRECTION('',(0.,-1.,0.));
#3776=DIRECTION('',(0.960088905580912,0.,-0.27969500063542));
#3777=DIRECTION('',(0.,-1.,0.));
#3778=DIRECTION('',(0.801912780320865,0.,0.597441120745852));
#3779=DIRECTION('',(-0.597441120745852,0.,0.801912780320865));
#3780=DIRECTION('',(0.597441120745852,0.,-0.801912780320865));
#3781=DIRECTION('',(0.,-1.,0.));
#3782=DIRECTION('',(-0.597441120745852,0.,0.801912780320865));
#3783=DIRECTION('',(0.,-1.,0.));
#3784=DIRECTION('',(-0.722267428652235,0.,-0.691613881806958));
#3785=DIRECTION('',(0.691613881806958,0.,-0.722267428652235));
#3786=DIRECTION('',(-0.691613881806958,0.,0.722267428652235));
#3787=DIRECTION('',(0.,-1.,0.));
#3788=DIRECTION('',(0.691613881806958,0.,-0.722267428652235));
#3789=DIRECTION('',(0.,-1.,0.));
#3790=DIRECTION('',(0.993197399750205,0.,0.116442797670921));
#3791=DIRECTION('',(-0.116442797670921,0.,0.993197399750205));
#3792=DIRECTION('',(0.116442797670921,0.,-0.993197399750205));
#3793=DIRECTION('',(0.,-1.,0.));
#3794=DIRECTION('',(-0.116442797670921,0.,0.993197399750205));
#3795=DIRECTION('',(0.,-1.,0.));
#3796=DIRECTION('',(-0.971308882442379,0.,-0.237821476928676));
#3797=DIRECTION('',(0.237821476928676,-3.42821852825326E-16,-0.971308882442379));
#3798=DIRECTION('',(-0.237821476928676,3.42821852825326E-16,0.971308882442379));
#3799=DIRECTION('',(0.,-1.,0.));
#3800=DIRECTION('',(0.237821476928676,-3.42821852825326E-16,-0.971308882442379));
#3801=DIRECTION('',(0.,-1.,0.));
#3802=DIRECTION('',(0.918355577991787,0.,-0.395756279004353));
#3803=DIRECTION('',(0.395756279004353,0.,0.918355577991787));
#3804=DIRECTION('',(-0.395756279004353,0.,-0.918355577991787));
#3805=DIRECTION('',(0.,-1.,0.));
#3806=DIRECTION('',(0.395756279004353,0.,0.918355577991787));
#3807=DIRECTION('',(0.,-1.,0.));
#3808=DIRECTION('',(-0.960088905580912,0.,0.27969500063542));
#3809=DIRECTION('',(-0.27969500063542,0.,-0.960088905580912));
#3810=DIRECTION('',(0.27969500063542,0.,0.960088905580912));
#3811=DIRECTION('',(0.,-1.,0.));
#3812=DIRECTION('',(-0.27969500063542,0.,-0.960088905580912));
#3813=DIRECTION('',(0.,-1.,0.));
#3814=DIRECTION('',(0.597441120745851,0.,-0.801912780320866));
#3815=DIRECTION('',(0.801912780320866,0.,0.597441120745851));
#3816=DIRECTION('',(-0.801912780320866,0.,-0.597441120745851));
#3817=DIRECTION('',(0.,-1.,0.));
#3818=DIRECTION('',(0.801912780320866,0.,0.597441120745851));
#3819=DIRECTION('',(0.,-1.,0.));
#3820=DIRECTION('',(-0.691613881806958,0.,0.722267428652235));
#3821=DIRECTION('',(-0.722267428652235,0.,-0.691613881806958));
#3822=DIRECTION('',(0.722267428652235,0.,0.691613881806958));
#3823=DIRECTION('',(0.,-1.,0.));
#3824=DIRECTION('',(-0.722267428652235,0.,-0.691613881806958));
#3825=DIRECTION('',(0.,-1.,0.));
#3826=DIRECTION('',(0.116442797670921,0.,-0.993197399750205));
#3827=DIRECTION('',(0.993197399750205,0.,0.116442797670921));
#3828=DIRECTION('',(-0.993197399750205,0.,-0.116442797670922));
#3829=DIRECTION('',(0.,-1.,0.));
#3830=DIRECTION('',(0.993197399750205,0.,0.116442797670922));
#3831=DIRECTION('',(0.,-1.,0.));
#3832=DIRECTION('',(0.,1.,0.));
#3833=DIRECTION('',(1.,0.,0.));
#3834=DIRECTION('',(0.,-1.,0.));
#3835=DIRECTION('',(1.,0.,0.));
#3836=DIRECTION('',(0.,-1.,0.));
#3837=DIRECTION('',(1.,0.,0.));
#3838=DIRECTION('',(0.,-1.,0.));
#3839=DIRECTION('',(1.,0.,0.));
#3840=DIRECTION('',(0.,-1.,0.));
#3841=DIRECTION('',(1.,0.,0.));
#3842=DIRECTION('',(0.,-1.,0.));
#3843=DIRECTION('',(1.,0.,0.));
#3844=DIRECTION('',(0.,-1.,0.));
#3845=DIRECTION('',(1.,0.,0.));
#3846=DIRECTION('',(0.,-1.,0.));
#3847=DIRECTION('',(1.,0.,0.));
#3848=DIRECTION('',(0.,-1.,0.));
#3849=DIRECTION('',(1.,0.,0.));
#3850=DIRECTION('',(0.,-1.,0.));
#3851=DIRECTION('',(1.,0.,0.));
#3852=DIRECTION('',(0.,-1.,0.));
#3853=DIRECTION('',(1.,0.,0.));
#3854=DIRECTION('',(0.,-1.,0.));
#3855=DIRECTION('',(1.,0.,0.));
#3856=DIRECTION('',(0.,-1.,0.));
#3857=DIRECTION('',(1.,0.,0.));
#3858=DIRECTION('',(0.,-1.,0.));
#3859=DIRECTION('',(1.,0.,0.));
#3860=DIRECTION('',(0.,-1.,0.));
#3861=DIRECTION('',(1.,0.,0.));
#3862=DIRECTION('',(0.,-1.,0.));
#3863=DIRECTION('',(1.,0.,0.));
#3864=DIRECTION('',(0.,-1.,0.));
#3865=DIRECTION('',(1.,0.,0.));
#3866=DIRECTION('',(0.,-1.,0.));
#3867=DIRECTION('',(1.,0.,0.));
#3868=DIRECTION('',(0.,-1.,0.));
#3869=DIRECTION('',(1.,0.,0.));
#3870=DIRECTION('',(0.,-1.,0.));
#3871=DIRECTION('',(1.,0.,0.));
#3872=DIRECTION('',(0.,-1.,0.));
#3873=DIRECTION('',(1.,0.,0.));
#3874=DIRECTION('',(0.,-1.,0.));
#3875=DIRECTION('',(1.,0.,0.));
#3876=DIRECTION('',(0.,-1.,0.));
#3877=DIRECTION('',(1.,0.,0.));
#3878=DIRECTION('',(0.,-1.,0.));
#3879=DIRECTION('',(1.,0.,0.));
#3880=DIRECTION('',(0.,-1.,0.));
#3881=DIRECTION('',(1.,0.,0.));
#3882=DIRECTION('',(0.,1.,0.));
#3883=DIRECTION('',(-1.,0.,0.));
#3884=DIRECTION('',(0.,-1.,0.));
#3885=DIRECTION('',(-1.,0.,0.));
#3886=DIRECTION('',(0.,1.,0.));
#3887=DIRECTION('',(1.,0.,0.));
#3888=DIRECTION('',(-0.38946055573869,-0.177660059003973,-0.903746302320743));
#3889=DIRECTION('',(0.0703100838791071,-0.984091918183817,0.163155106172648));
#3890=DIRECTION('',(0.275567371400482,0.171164918720665,0.945920289674969));
#3891=DIRECTION('',(0.0478739720503382,-0.985242391799778,0.164333539488369));
#3892=DIRECTION('',(0.275567371400483,-0.171164918720667,0.945920289674968));
#3893=DIRECTION('',(0.0478739720503389,0.985242391799778,0.164333539488371));
#3894=DIRECTION('',(-0.389460555738689,0.177660059003977,-0.903746302320742));
#3895=DIRECTION('',(0.0703100838791088,0.984091918183817,0.163155106172652));
#3896=DIRECTION('',(0.,1.,0.));
#3897=DIRECTION('',(1.,0.,0.));
#3898=DIRECTION('',(0.,1.,0.));
#3899=DIRECTION('',(0.,-1.,0.));
#3900=DIRECTION('',(1.,0.,0.));
#3901=DIRECTION('',(0.,1.,0.));
#3902=DIRECTION('',(1.,0.,0.));
#3903=DIRECTION('',(0.711608488924403,0.171164918720668,0.681407315113416));
#3904=DIRECTION('',(0.123626845719845,-0.985242391799778,0.118380033865573));
#3905=DIRECTION('',(0.711608488924403,-0.171164918720668,0.681407315113417));
#3906=DIRECTION('',(0.123626845719845,0.985242391799778,0.118380033865573));
#3907=DIRECTION('',(-0.789155886202081,0.177660059003977,-0.587936978516671));
#3908=DIRECTION('',(0.142467871867849,0.984091918183816,0.10614142476311));
#3909=DIRECTION('',(0.,1.,0.));
#3910=DIRECTION('',(1.,0.,0.));
#3911=DIRECTION('',(0.,1.,0.));
#3912=DIRECTION('',(0.,-1.,0.));
#3913=DIRECTION('',(1.,0.,0.));
#3914=DIRECTION('',(-0.789155886202081,-0.177660059003975,-0.587936978516671));
#3915=DIRECTION('',(0.142467871867847,-0.984091918183817,0.106141424763108));
#3916=DIRECTION('',(0.,1.,0.));
#3917=DIRECTION('',(1.,0.,0.));
#3918=DIRECTION('',(-0.977397534255359,-0.177660059003974,-0.114590416118662));
#3919=DIRECTION('',(0.176451508642215,-0.984091918183817,0.0206872343048028));
#3920=DIRECTION('',(0.956974686513899,0.171164918720667,0.234311800750566));
#3921=DIRECTION('',(0.166254005915912,-0.985242391799778,0.0407066937685261));
#3922=DIRECTION('',(0.956974686513899,-0.171164918720667,0.234311800750565));
#3923=DIRECTION('',(0.166254005915912,0.985242391799778,0.040706693768526));
#3924=DIRECTION('',(-0.977397534255359,0.177660059003977,-0.114590416118662));
#3925=DIRECTION('',(0.176451508642218,0.984091918183817,0.0206872343048031));
#3926=DIRECTION('',(0.,1.,0.));
#3927=DIRECTION('',(1.,0.,0.));
#3928=DIRECTION('',(0.,1.,0.));
#3929=DIRECTION('',(0.,-1.,0.));
#3930=DIRECTION('',(1.,0.,0.));
#3931=DIRECTION('',(0.,1.,0.));
#3932=DIRECTION('',(1.,0.,0.));
#3933=DIRECTION('',(-0.903746302320743,-0.177660059003974,0.389460555738689));
#3934=DIRECTION('',(0.163155106172649,-0.984091918183817,-0.0703100838791076));
#3935=DIRECTION('',(0.945920289674969,0.171164918720667,-0.275567371400482));
#3936=DIRECTION('',(0.164333539488371,-0.985242391799778,-0.0478739720503386));
#3937=DIRECTION('',(0.945920289674968,-0.171164918720667,-0.275567371400483));
#3938=DIRECTION('',(0.164333539488371,0.985242391799778,-0.0478739720503388));
#3939=DIRECTION('',(-0.903746302320743,0.177660059003977,0.389460555738689));
#3940=DIRECTION('',(0.163155106172652,0.984091918183816,-0.0703100838791087));
#3941=DIRECTION('',(0.,1.,0.));
#3942=DIRECTION('',(1.,0.,0.));
#3943=DIRECTION('',(0.,1.,0.));
#3944=DIRECTION('',(0.,-1.,0.));
#3945=DIRECTION('',(1.,0.,0.));
#3946=DIRECTION('',(0.,1.,0.));
#3947=DIRECTION('',(1.,0.,0.));
#3948=DIRECTION('',(-0.587936978516671,-0.177660059003975,0.789155886202081));
#3949=DIRECTION('',(0.106141424763108,-0.984091918183817,-0.142467871867847));
#3950=DIRECTION('',(0.681407315113417,0.171164918720668,-0.711608488924403));
#3951=DIRECTION('',(0.118380033865573,-0.985242391799778,-0.123626845719845));
#3952=DIRECTION('',(0.681407315113417,-0.171164918720668,-0.711608488924403));
#3953=DIRECTION('',(0.118380033865573,0.985242391799778,-0.123626845719845));
#3954=DIRECTION('',(-0.587936978516671,0.177660059003977,0.789155886202081));
#3955=DIRECTION('',(0.10614142476311,0.984091918183816,-0.142467871867849));
#3956=DIRECTION('',(0.,1.,0.));
#3957=DIRECTION('',(1.,0.,0.));
#3958=DIRECTION('',(0.,1.,0.));
#3959=DIRECTION('',(0.,-1.,0.));
#3960=DIRECTION('',(1.,0.,0.));
#3961=DIRECTION('',(0.,1.,0.));
#3962=DIRECTION('',(1.,0.,0.));
#3963=DIRECTION('',(-0.114590416118662,-0.177660059003973,0.97739753425536));
#3964=DIRECTION('',(0.0206872343048025,-0.984091918183817,-0.176451508642214));
#3965=DIRECTION('',(0.234311800750566,0.171164918720666,-0.956974686513899));
#3966=DIRECTION('',(0.0407066937685258,-0.985242391799778,-0.166254005915911));
#3967=DIRECTION('',(0.234311800750565,-0.171164918720667,-0.956974686513899));
#3968=DIRECTION('',(0.0407066937685261,0.985242391799778,-0.166254005915912));
#3969=DIRECTION('',(-0.114590416118662,0.177660059003977,0.977397534255359));
#3970=DIRECTION('',(0.0206872343048031,0.984091918183817,-0.176451508642218));
#3971=DIRECTION('',(0.,1.,0.));
#3972=DIRECTION('',(1.,0.,0.));
#3973=DIRECTION('',(0.,1.,0.));
#3974=DIRECTION('',(0.,-1.,0.));
#3975=DIRECTION('',(1.,0.,0.));
#3976=DIRECTION('',(0.,1.,0.));
#3977=DIRECTION('',(1.,0.,0.));
#3978=DIRECTION('',(0.389460555738689,-0.177660059003973,0.903746302320743));
#3979=DIRECTION('',(0.0703100838791072,0.984091918183817,0.163155106172649));
#3980=DIRECTION('',(-0.275567371400482,0.171164918720666,-0.945920289674969));
#3981=DIRECTION('',(0.0478739720503385,0.985242391799778,0.16433353948837));
#3982=DIRECTION('',(-0.275567371400482,-0.171164918720668,-0.945920289674968));
#3983=DIRECTION('',(0.0478739720503388,-0.985242391799778,0.164333539488371));
#3984=DIRECTION('',(0.389460555738689,0.177660059003977,0.903746302320743));
#3985=DIRECTION('',(0.0703100838791085,-0.984091918183817,0.163155106172651));
#3986=DIRECTION('',(0.,1.,0.));
#3987=DIRECTION('',(1.,0.,0.));
#3988=DIRECTION('',(0.,1.,0.));
#3989=DIRECTION('',(0.,-1.,0.));
#3990=DIRECTION('',(1.,0.,0.));
#3991=DIRECTION('',(0.,1.,0.));
#3992=DIRECTION('',(1.,0.,0.));
#3993=DIRECTION('',(0.789155886202081,-0.177660059003976,0.587936978516671));
#3994=DIRECTION('',(0.142467871867848,0.984091918183817,0.106141424763109));
#3995=DIRECTION('',(-0.711608488924403,0.171164918720669,-0.681407315113416));
#3996=DIRECTION('',(0.123626845719846,0.985242391799778,0.118380033865574));
#3997=DIRECTION('',(-0.711608488924403,-0.171164918720667,-0.681407315113417));
#3998=DIRECTION('',(0.123626845719845,-0.985242391799778,0.118380033865573));
#3999=DIRECTION('',(0.789155886202081,0.177660059003977,0.587936978516671));
#4000=DIRECTION('',(0.142467871867849,-0.984091918183816,0.10614142476311));
#4001=DIRECTION('',(0.,1.,0.));
#4002=DIRECTION('',(1.,0.,0.));
#4003=DIRECTION('',(0.,1.,0.));
#4004=DIRECTION('',(0.,-1.,0.));
#4005=DIRECTION('',(1.,0.,0.));
#4006=DIRECTION('',(0.,1.,0.));
#4007=DIRECTION('',(1.,0.,0.));
#4008=DIRECTION('',(0.977397534255359,-0.177660059003974,0.114590416118662));
#4009=DIRECTION('',(0.176451508642215,0.984091918183817,0.0206872343048029));
#4010=DIRECTION('',(-0.956974686513899,0.171164918720667,-0.234311800750565));
#4011=DIRECTION('',(0.166254005915912,0.985242391799778,0.0407066937685259));
#4012=DIRECTION('',(-0.956974686513899,-0.171164918720667,-0.234311800750565));
#4013=DIRECTION('',(0.166254005915912,-0.985242391799778,0.040706693768526));
#4014=DIRECTION('',(0.977397534255359,0.177660059003977,0.114590416118662));
#4015=DIRECTION('',(0.176451508642218,-0.984091918183817,0.0206872343048032));
#4016=DIRECTION('',(0.,1.,0.));
#4017=DIRECTION('',(1.,0.,0.));
#4018=DIRECTION('',(0.,1.,0.));
#4019=DIRECTION('',(0.,-1.,0.));
#4020=DIRECTION('',(1.,0.,0.));
#4021=DIRECTION('',(0.,1.,0.));
#4022=DIRECTION('',(1.,0.,0.));
#4023=DIRECTION('',(0.903746302320743,-0.177660059003974,-0.389460555738689));
#4024=DIRECTION('',(0.163155106172649,0.984091918183817,-0.0703100838791075));
#4025=DIRECTION('',(-0.945920289674969,0.171164918720667,0.275567371400482));
#4026=DIRECTION('',(0.164333539488371,0.985242391799778,-0.0478739720503386));
#4027=DIRECTION('',(-0.945920289674968,-0.171164918720667,0.275567371400483));
#4028=DIRECTION('',(0.164333539488371,-0.985242391799778,-0.0478739720503388));
#4029=DIRECTION('',(0.903746302320743,0.177660059003977,-0.389460555738689));
#4030=DIRECTION('',(0.163155106172652,-0.984091918183816,-0.0703100838791088));
#4031=DIRECTION('',(0.,1.,0.));
#4032=DIRECTION('',(1.,0.,0.));
#4033=DIRECTION('',(0.,1.,0.));
#4034=DIRECTION('',(0.,-1.,0.));
#4035=DIRECTION('',(1.,0.,0.));
#4036=DIRECTION('',(0.,1.,0.));
#4037=DIRECTION('',(1.,0.,0.));
#4038=DIRECTION('',(0.58793697851667,-0.177660059003976,-0.789155886202081));
#4039=DIRECTION('',(0.106141424763109,0.984091918183817,-0.142467871867848));
#4040=DIRECTION('',(-0.681407315113416,0.171164918720669,0.711608488924404));
#4041=DIRECTION('',(0.118380033865574,0.985242391799778,-0.123626845719846));
#4042=DIRECTION('',(-0.681407315113417,-0.171164918720668,0.711608488924403));
#4043=DIRECTION('',(0.118380033865574,-0.985242391799778,-0.123626845719845));
#4044=DIRECTION('',(0.58793697851667,0.177660059003977,-0.789155886202081));
#4045=DIRECTION('',(0.106141424763109,-0.984091918183817,-0.142467871867849));
#4046=DIRECTION('',(0.,1.,0.));
#4047=DIRECTION('',(1.,0.,0.));
#4048=DIRECTION('',(0.,1.,0.));
#4049=DIRECTION('',(0.,-1.,0.));
#4050=DIRECTION('',(1.,0.,0.));
#4051=DIRECTION('',(0.,1.,0.));
#4052=DIRECTION('',(1.,0.,0.));
#4053=DIRECTION('',(0.114590416118661,-0.177660059003973,-0.97739753425536));
#4054=DIRECTION('',(0.0206872343048026,0.984091918183817,-0.176451508642215));
#4055=DIRECTION('',(-0.234311800750565,0.171164918720667,0.956974686513899));
#4056=DIRECTION('',(0.0407066937685259,0.985242391799778,-0.166254005915911));
#4057=DIRECTION('',(-0.234311800750565,-0.171164918720667,0.956974686513899));
#4058=DIRECTION('',(0.040706693768526,-0.985242391799778,-0.166254005915912));
#4059=DIRECTION('',(0.114590416118661,0.177660059003977,-0.977397534255359));
#4060=DIRECTION('',(0.020687234304803,-0.984091918183817,-0.176451508642218));
#4061=DIRECTION('',(0.,1.,0.));
#4062=DIRECTION('',(1.,0.,0.));
#4063=DIRECTION('',(0.,1.,0.));
#4064=DIRECTION('',(0.,-1.,0.));
#4065=DIRECTION('',(1.,0.,0.));
#4066=DIRECTION('',(-0.114590416118661,0.177660059003973,0.97739753425536));
#4067=DIRECTION('',(0.993197399750206,0.,0.116442797670916));
#4068=DIRECTION('',(-0.993197399750206,0.,-0.116442797670916));
#4069=DIRECTION('',(0.114590416118661,-0.177660059003973,-0.97739753425536));
#4070=DIRECTION('',(0.0206872343048026,0.984091918183817,-0.176451508642215));
#4071=DIRECTION('',(0.,1.,0.));
#4072=DIRECTION('',(1.,0.,0.));
#4073=DIRECTION('',(0.952289389202816,0.,0.305196525556448));
#4074=DIRECTION('',(0.,-1.,0.));
#4075=DIRECTION('',(1.,0.,0.));
#4076=DIRECTION('',(0.305196525556448,0.,-0.952289389202816));
#4077=DIRECTION('',(-0.952289389202816,0.,-0.305196525556448));
#4078=DIRECTION('',(-0.952289389202816,0.,-0.305196525556448));
#4079=DIRECTION('',(0.,1.,0.));
#4080=DIRECTION('',(0.,1.,0.));
#4081=DIRECTION('',(1.,0.,0.));
#4082=DIRECTION('',(0.993197399750206,0.,0.116442797670915));
#4083=DIRECTION('',(0.,1.,0.));
#4084=DIRECTION('',(1.,0.,0.));
#4085=DIRECTION('',(0.38946055573869,0.177660059003973,0.903746302320743));
#4086=DIRECTION('',(0.918355577991784,0.,-0.395756279004359));
#4087=DIRECTION('',(-0.918355577991784,0.,0.395756279004359));
#4088=DIRECTION('',(-0.38946055573869,-0.177660059003973,-0.903746302320743));
#4089=DIRECTION('',(0.0703100838791071,-0.984091918183817,0.163155106172648));
#4090=DIRECTION('',(0.,1.,0.));
#4091=DIRECTION('',(1.,0.,0.));
#4092=DIRECTION('',(0.977305065582229,0.,-0.211836750322777));
#4093=DIRECTION('',(0.,-1.,0.));
#4094=DIRECTION('',(1.,0.,0.));
#4095=DIRECTION('',(-0.211836750322777,0.,-0.977305065582229));
#4096=DIRECTION('',(-0.977305065582229,0.,0.211836750322777));
#4097=DIRECTION('',(-0.977305065582229,0.,0.211836750322777));
#4098=DIRECTION('',(0.,1.,0.));
#4099=DIRECTION('',(0.,1.,0.));
#4100=DIRECTION('',(1.,0.,0.));
#4101=DIRECTION('',(0.918355577991784,0.,-0.395756279004359));
#4102=DIRECTION('',(0.,1.,0.));
#4103=DIRECTION('',(1.,0.,0.));
#4104=DIRECTION('',(0.977397534255359,0.177660059003974,0.114590416118662));
#4105=DIRECTION('',(0.116442797670916,0.,-0.993197399750206));
#4106=DIRECTION('',(-0.116442797670916,0.,0.993197399750206));
#4107=DIRECTION('',(-0.977397534255359,-0.177660059003974,-0.114590416118662));
#4108=DIRECTION('',(0.176451508642215,-0.984091918183817,0.0206872343048028));
#4109=DIRECTION('',(0.,1.,0.));
#4110=DIRECTION('',(1.,0.,0.));
#4111=DIRECTION('',(0.305196525556447,0.,-0.952289389202816));
#4112=DIRECTION('',(0.,-1.,0.));
#4113=DIRECTION('',(1.,0.,0.));
#4114=DIRECTION('',(-0.952289389202816,0.,-0.305196525556447));
#4115=DIRECTION('',(-0.305196525556447,0.,0.952289389202816));
#4116=DIRECTION('',(-0.305196525556447,0.,0.952289389202816));
#4117=DIRECTION('',(0.,1.,0.));
#4118=DIRECTION('',(0.,1.,0.));
#4119=DIRECTION('',(1.,0.,0.));
#4120=DIRECTION('',(0.116442797670916,0.,-0.993197399750206));
#4121=DIRECTION('',(0.,1.,0.));
#4122=DIRECTION('',(1.,0.,0.));
#4123=DIRECTION('',(0.903746302320743,0.177660059003974,-0.389460555738689));
#4124=DIRECTION('',(-0.395756279004358,0.,-0.918355577991785));
#4125=DIRECTION('',(0.395756279004358,0.,0.918355577991785));
#4126=DIRECTION('',(-0.903746302320743,-0.177660059003974,0.389460555738689));
#4127=DIRECTION('',(0.163155106172649,-0.984091918183817,-0.0703100838791076));
#4128=DIRECTION('',(0.,1.,0.));
#4129=DIRECTION('',(1.,0.,0.));
#4130=DIRECTION('',(-0.211836750322778,0.,-0.977305065582229));
#4131=DIRECTION('',(0.,-1.,0.));
#4132=DIRECTION('',(1.,0.,0.));
#4133=DIRECTION('',(-0.977305065582229,0.,0.211836750322778));
#4134=DIRECTION('',(0.211836750322778,0.,0.977305065582229));
#4135=DIRECTION('',(0.211836750322778,0.,0.977305065582229));
#4136=DIRECTION('',(0.,1.,0.));
#4137=DIRECTION('',(0.,1.,0.));
#4138=DIRECTION('',(1.,0.,0.));
#4139=DIRECTION('',(-0.395756279004358,0.,-0.918355577991785));
#4140=DIRECTION('',(0.,1.,0.));
#4141=DIRECTION('',(1.,0.,0.));
#4142=DIRECTION('',(0.587936978516671,0.177660059003975,-0.789155886202081));
#4143=DIRECTION('',(-0.801912780320868,0.,-0.597441120745848));
#4144=DIRECTION('',(0.801912780320868,0.,0.597441120745848));
#4145=DIRECTION('',(-0.587936978516671,-0.177660059003975,0.789155886202081));
#4146=DIRECTION('',(0.106141424763108,-0.984091918183817,-0.142467871867847));
#4147=DIRECTION('',(0.,1.,0.));
#4148=DIRECTION('',(1.,0.,0.));
#4149=DIRECTION('',(-0.672108540025782,0.,-0.740452638880038));
#4150=DIRECTION('',(0.,-1.,0.));
#4151=DIRECTION('',(1.,0.,0.));
#4152=DIRECTION('',(-0.740452638880038,0.,0.672108540025782));
#4153=DIRECTION('',(0.672108540025782,0.,0.740452638880038));
#4154=DIRECTION('',(0.672108540025782,0.,0.740452638880038));
#4155=DIRECTION('',(0.,1.,0.));
#4156=DIRECTION('',(0.,1.,0.));
#4157=DIRECTION('',(1.,0.,0.));
#4158=DIRECTION('',(-0.801912780320868,0.,-0.597441120745848));
#4159=DIRECTION('',(0.,1.,0.));
#4160=DIRECTION('',(1.,0.,0.));
#4161=DIRECTION('',(0.114590416118662,0.177660059003973,-0.97739753425536));
#4162=DIRECTION('',(-0.993197399750206,0.,-0.116442797670916));
#4163=DIRECTION('',(0.993197399750206,0.,0.116442797670916));
#4164=DIRECTION('',(-0.114590416118662,-0.177660059003973,0.97739753425536));
#4165=DIRECTION('',(0.0206872343048025,-0.984091918183817,-0.176451508642214));
#4166=DIRECTION('',(0.,1.,0.));
#4167=DIRECTION('',(1.,0.,0.));
#4168=DIRECTION('',(-0.952289389202816,0.,-0.305196525556447));
#4169=DIRECTION('',(0.,-1.,0.));
#4170=DIRECTION('',(1.,0.,0.));
#4171=DIRECTION('',(-0.305196525556447,0.,0.952289389202816));
#4172=DIRECTION('',(0.952289389202816,0.,0.305196525556447));
#4173=DIRECTION('',(0.952289389202816,0.,0.305196525556447));
#4174=DIRECTION('',(0.,1.,0.));
#4175=DIRECTION('',(0.,1.,0.));
#4176=DIRECTION('',(1.,0.,0.));
#4177=DIRECTION('',(-0.993197399750206,0.,-0.116442797670916));
#4178=DIRECTION('',(0.,1.,0.));
#4179=DIRECTION('',(1.,0.,0.));
#4180=DIRECTION('',(-0.389460555738689,0.177660059003973,-0.903746302320743));
#4181=DIRECTION('',(-0.918355577991785,0.,0.395756279004358));
#4182=DIRECTION('',(0.918355577991785,0.,-0.395756279004358));
#4183=DIRECTION('',(0.389460555738689,-0.177660059003973,0.903746302320743));
#4184=DIRECTION('',(0.0703100838791072,0.984091918183817,0.163155106172649));
#4185=DIRECTION('',(0.,1.,0.));
#4186=DIRECTION('',(1.,0.,0.));
#4187=DIRECTION('',(-0.977305065582229,0.,0.211836750322778));
#4188=DIRECTION('',(0.,-1.,0.));
#4189=DIRECTION('',(1.,0.,0.));
#4190=DIRECTION('',(0.211836750322778,0.,0.977305065582229));
#4191=DIRECTION('',(0.977305065582229,0.,-0.211836750322778));
#4192=DIRECTION('',(0.977305065582229,0.,-0.211836750322778));
#4193=DIRECTION('',(0.,1.,0.));
#4194=DIRECTION('',(0.,1.,0.));
#4195=DIRECTION('',(1.,0.,0.));
#4196=DIRECTION('',(-0.918355577991785,0.,0.395756279004358));
#4197=DIRECTION('',(0.,1.,0.));
#4198=DIRECTION('',(1.,0.,0.));
#4199=DIRECTION('',(-0.789155886202081,0.177660059003976,-0.587936978516671));
#4200=DIRECTION('',(-0.597441120745848,0.,0.801912780320868));
#4201=DIRECTION('',(0.597441120745848,0.,-0.801912780320868));
#4202=DIRECTION('',(0.789155886202081,-0.177660059003976,0.587936978516671));
#4203=DIRECTION('',(0.142467871867848,0.984091918183817,0.106141424763109));
#4204=DIRECTION('',(0.,1.,0.));
#4205=DIRECTION('',(1.,0.,0.));
#4206=DIRECTION('',(-0.740452638880038,0.,0.672108540025781));
#4207=DIRECTION('',(0.,-1.,0.));
#4208=DIRECTION('',(1.,0.,0.));
#4209=DIRECTION('',(0.672108540025781,0.,0.740452638880038));
#4210=DIRECTION('',(0.740452638880038,0.,-0.672108540025781));
#4211=DIRECTION('',(0.740452638880038,0.,-0.672108540025781));
#4212=DIRECTION('',(0.,1.,0.));
#4213=DIRECTION('',(0.,1.,0.));
#4214=DIRECTION('',(1.,0.,0.));
#4215=DIRECTION('',(-0.597441120745848,0.,0.801912780320868));
#4216=DIRECTION('',(0.,1.,0.));
#4217=DIRECTION('',(1.,0.,0.));
#4218=DIRECTION('',(-0.977397534255359,0.177660059003974,-0.114590416118662));
#4219=DIRECTION('',(-0.116442797670917,0.,0.993197399750206));
#4220=DIRECTION('',(0.116442797670917,0.,-0.993197399750206));
#4221=DIRECTION('',(0.977397534255359,-0.177660059003974,0.114590416118662));
#4222=DIRECTION('',(0.176451508642215,0.984091918183817,0.0206872343048029));
#4223=DIRECTION('',(0.,1.,0.));
#4224=DIRECTION('',(1.,0.,0.));
#4225=DIRECTION('',(-0.305196525556447,0.,0.952289389202816));
#4226=DIRECTION('',(0.,-1.,0.));
#4227=DIRECTION('',(1.,0.,0.));
#4228=DIRECTION('',(0.952289389202816,0.,0.305196525556447));
#4229=DIRECTION('',(0.305196525556447,0.,-0.952289389202816));
#4230=DIRECTION('',(0.305196525556447,0.,-0.952289389202816));
#4231=DIRECTION('',(0.,1.,0.));
#4232=DIRECTION('',(0.,1.,0.));
#4233=DIRECTION('',(1.,0.,0.));
#4234=DIRECTION('',(-0.116442797670917,0.,0.993197399750206));
#4235=DIRECTION('',(0.,1.,0.));
#4236=DIRECTION('',(1.,0.,0.));
#4237=DIRECTION('',(-0.903746302320743,0.177660059003974,0.389460555738689));
#4238=DIRECTION('',(0.395756279004359,0.,0.918355577991784));
#4239=DIRECTION('',(-0.395756279004359,0.,-0.918355577991784));
#4240=DIRECTION('',(0.903746302320743,-0.177660059003974,-0.389460555738689));
#4241=DIRECTION('',(0.163155106172649,0.984091918183817,-0.0703100838791075));
#4242=DIRECTION('',(0.,1.,0.));
#4243=DIRECTION('',(1.,0.,0.));
#4244=DIRECTION('',(0.211836750322778,0.,0.977305065582229));
#4245=DIRECTION('',(0.,-1.,0.));
#4246=DIRECTION('',(1.,0.,0.));
#4247=DIRECTION('',(0.977305065582229,0.,-0.211836750322778));
#4248=DIRECTION('',(-0.211836750322778,0.,-0.977305065582229));
#4249=DIRECTION('',(-0.211836750322778,0.,-0.977305065582229));
#4250=DIRECTION('',(0.,1.,0.));
#4251=DIRECTION('',(0.,1.,0.));
#4252=DIRECTION('',(1.,0.,0.));
#4253=DIRECTION('',(0.395756279004358,0.,0.918355577991785));
#4254=DIRECTION('',(0.,1.,0.));
#4255=DIRECTION('',(1.,0.,0.));
#4256=DIRECTION('',(-0.58793697851667,0.177660059003976,0.789155886202081));
#4257=DIRECTION('',(0.801912780320868,0.,0.597441120745848));
#4258=DIRECTION('',(-0.801912780320868,0.,-0.597441120745848));
#4259=DIRECTION('',(0.58793697851667,-0.177660059003976,-0.789155886202081));
#4260=DIRECTION('',(0.106141424763109,0.984091918183817,-0.142467871867848));
#4261=DIRECTION('',(0.,1.,0.));
#4262=DIRECTION('',(1.,0.,0.));
#4263=DIRECTION('',(0.672108540025781,0.,0.740452638880039));
#4264=DIRECTION('',(0.,-1.,0.));
#4265=DIRECTION('',(1.,0.,0.));
#4266=DIRECTION('',(0.740452638880039,0.,-0.672108540025781));
#4267=DIRECTION('',(-0.672108540025781,0.,-0.740452638880039));
#4268=DIRECTION('',(-0.672108540025781,0.,-0.740452638880039));
#4269=DIRECTION('',(0.,1.,0.));
#4270=DIRECTION('',(0.,1.,0.));
#4271=DIRECTION('',(1.,0.,0.));
#4272=DIRECTION('',(0.801912780320869,0.,0.597441120745847));
#4273=DIRECTION('',(0.,1.,0.));
#4274=DIRECTION('',(1.,0.,0.));
#4275=DIRECTION('',(-0.789155886202081,0.177660059003977,-0.587936978516671));
#4276=DIRECTION('',(-0.597441120745848,0.,0.801912780320868));
#4277=DIRECTION('',(-0.789155886202081,0.177660059003977,-0.587936978516671));
#4278=DIRECTION('',(0.142467871867849,0.984091918183816,0.10614142476311));
#4279=DIRECTION('',(0.597441120745848,0.,-0.801912780320868));
#4280=DIRECTION('',(0.711608488924403,-0.171164918720668,0.681407315113417));
#4281=DIRECTION('',(0.691613881806958,0.,-0.722267428652235));
#4282=DIRECTION('',(0.691613881806959,0.,-0.722267428652234));
#4283=DIRECTION('',(0.711608488924403,-0.171164918720668,0.681407315113417));
#4284=DIRECTION('',(0.123626845719845,0.985242391799778,0.118380033865573));
#4285=DIRECTION('',(-0.711608488924403,-0.171164918720668,-0.681407315113416));
#4286=DIRECTION('',(-0.691613881806958,0.,0.722267428652235));
#4287=DIRECTION('',(0.711608488924403,0.171164918720668,0.681407315113416));
#4288=DIRECTION('',(0.123626845719845,-0.985242391799778,0.118380033865573));
#4289=DIRECTION('',(0.711608488924403,-0.171164918720669,0.681407315113416));
#4290=DIRECTION('',(0.691613881806958,0.,-0.722267428652235));
#4291=DIRECTION('',(-0.711608488924403,0.171164918720669,-0.681407315113416));
#4292=DIRECTION('',(0.123626845719846,0.985242391799778,0.118380033865574));
#4293=DIRECTION('',(-0.691613881806959,0.,0.722267428652234));
#4294=DIRECTION('',(0.,1.,0.));
#4295=DIRECTION('',(1.,0.,0.));
#4296=DIRECTION('',(0.977397534255359,0.177660059003977,0.114590416118662));
#4297=DIRECTION('',(0.176451508642218,-0.984091918183817,0.0206872343048032));
#4298=DIRECTION('',(-0.711608488924403,-0.171164918720667,-0.681407315113417));
#4299=DIRECTION('',(0.123626845719845,-0.985242391799778,0.118380033865573));
#4300=DIRECTION('',(0.275567371400482,-0.171164918720666,0.945920289674969));
#4301=DIRECTION('',(0.960088905580912,0.,-0.27969500063542));
#4302=DIRECTION('',(-0.275567371400482,0.171164918720666,-0.945920289674969));
#4303=DIRECTION('',(0.0478739720503385,0.985242391799778,0.16433353948837));
#4304=DIRECTION('',(-0.960088905580911,0.,0.279695000635421));
#4305=DIRECTION('',(0.,1.,0.));
#4306=DIRECTION('',(1.,0.,0.));
#4307=DIRECTION('',(0.789155886202081,0.177660059003977,0.587936978516671));
#4308=DIRECTION('',(0.142467871867849,-0.984091918183816,0.10614142476311));
#4309=DIRECTION('',(-0.275567371400482,-0.171164918720668,-0.945920289674968));
#4310=DIRECTION('',(0.0478739720503388,-0.985242391799778,0.164333539488371));
#4311=DIRECTION('',(-0.234311800750566,-0.171164918720666,0.956974686513899));
#4312=DIRECTION('',(0.971308882442379,0.,0.237821476928677));
#4313=DIRECTION('',(0.234311800750566,0.171164918720666,-0.956974686513899));
#4314=DIRECTION('',(0.0407066937685258,-0.985242391799778,-0.166254005915911));
#4315=DIRECTION('',(-0.971308882442379,0.,-0.237821476928677));
#4316=DIRECTION('',(0.,1.,0.));
#4317=DIRECTION('',(1.,0.,0.));
#4318=DIRECTION('',(0.389460555738689,0.177660059003977,0.903746302320743));
#4319=DIRECTION('',(0.0703100838791085,-0.984091918183817,0.163155106172651));
#4320=DIRECTION('',(0.234311800750565,-0.171164918720667,-0.956974686513899));
#4321=DIRECTION('',(0.0407066937685261,0.985242391799778,-0.166254005915912));
#4322=DIRECTION('',(-0.681407315113417,-0.171164918720668,0.711608488924403));
#4323=DIRECTION('',(0.722267428652235,0.,0.691613881806958));
#4324=DIRECTION('',(0.681407315113417,0.171164918720668,-0.711608488924403));
#4325=DIRECTION('',(0.118380033865573,-0.985242391799778,-0.123626845719845));
#4326=DIRECTION('',(-0.722267428652234,0.,-0.691613881806959));
#4327=DIRECTION('',(0.,1.,0.));
#4328=DIRECTION('',(1.,0.,0.));
#4329=DIRECTION('',(-0.114590416118662,0.177660059003977,0.977397534255359));
#4330=DIRECTION('',(0.0206872343048031,0.984091918183817,-0.176451508642218));
#4331=DIRECTION('',(0.681407315113417,-0.171164918720668,-0.711608488924403));
#4332=DIRECTION('',(0.118380033865573,0.985242391799778,-0.123626845719845));
#4333=DIRECTION('',(-0.945920289674969,-0.171164918720667,0.275567371400482));
#4334=DIRECTION('',(0.27969500063542,0.,0.960088905580912));
#4335=DIRECTION('',(0.945920289674969,0.171164918720667,-0.275567371400482));
#4336=DIRECTION('',(0.164333539488371,-0.985242391799778,-0.0478739720503386));
#4337=DIRECTION('',(-0.279695000635421,0.,-0.960088905580911));
#4338=DIRECTION('',(0.,1.,0.));
#4339=DIRECTION('',(1.,0.,0.));
#4340=DIRECTION('',(-0.587936978516671,0.177660059003977,0.789155886202081));
#4341=DIRECTION('',(0.10614142476311,0.984091918183816,-0.142467871867849));
#4342=DIRECTION('',(0.945920289674968,-0.171164918720667,-0.275567371400483));
#4343=DIRECTION('',(0.164333539488371,0.985242391799778,-0.0478739720503388));
#4344=DIRECTION('',(-0.956974686513899,-0.171164918720667,-0.234311800750566));
#4345=DIRECTION('',(-0.237821476928677,0.,0.971308882442379));
#4346=DIRECTION('',(0.956974686513899,0.171164918720667,0.234311800750566));
#4347=DIRECTION('',(0.166254005915912,-0.985242391799778,0.0407066937685261));
#4348=DIRECTION('',(0.237821476928677,0.,-0.971308882442379));
#4349=DIRECTION('',(0.,1.,0.));
#4350=DIRECTION('',(1.,0.,0.));
#4351=DIRECTION('',(-0.903746302320743,0.177660059003977,0.389460555738689));
#4352=DIRECTION('',(0.163155106172652,0.984091918183817,-0.0703100838791088));
#4353=DIRECTION('',(0.956974686513899,-0.171164918720667,0.234311800750565));
#4354=DIRECTION('',(0.166254005915912,0.985242391799778,0.040706693768526));
#4355=DIRECTION('',(0.789155886202081,0.177660059003975,0.587936978516671));
#4356=DIRECTION('',(0.597441120745848,0.,-0.801912780320868));
#4357=DIRECTION('',(-0.597441120745848,0.,0.801912780320868));
#4358=DIRECTION('',(-0.789155886202081,-0.177660059003975,-0.587936978516671));
#4359=DIRECTION('',(0.142467871867847,-0.984091918183817,0.106141424763108));
#4360=DIRECTION('',(0.,1.,0.));
#4361=DIRECTION('',(1.,0.,0.));
#4362=DIRECTION('',(0.,-1.,0.));
#4363=DIRECTION('',(1.,0.,0.));
#4364=DIRECTION('',(0.,1.,0.));
#4365=DIRECTION('',(0.,1.,0.));
#4366=DIRECTION('',(1.,0.,0.));
#4367=DIRECTION('',(0.275567371400483,-0.171164918720667,0.945920289674968));
#4368=DIRECTION('',(0.0478739720503389,0.985242391799778,0.164333539488371));
#4369=DIRECTION('',(0.275567371400482,0.171164918720665,0.945920289674969));
#4370=DIRECTION('',(0.0478739720503382,-0.985242391799778,0.164333539488369));
#4371=DIRECTION('',(0.,1.,0.));
#4372=DIRECTION('',(1.,0.,0.));
#4373=DIRECTION('',(-0.977397534255359,0.177660059003977,-0.114590416118662));
#4374=DIRECTION('',(0.176451508642218,0.984091918183817,0.0206872343048031));
#4375=DIRECTION('',(-0.275567371400482,-0.171164918720665,-0.945920289674969));
#4376=DIRECTION('',(-0.960088905580912,0.,0.27969500063542));
#4377=DIRECTION('',(0.960088905580911,0.,-0.279695000635421));
#4378=DIRECTION('',(0.234311800750565,-0.171164918720667,-0.956974686513899));
#4379=DIRECTION('',(-0.971308882442379,0.,-0.237821476928677));
#4380=DIRECTION('',(-0.234311800750565,0.171164918720667,0.956974686513899));
#4381=DIRECTION('',(0.0407066937685259,0.985242391799778,-0.166254005915911));
#4382=DIRECTION('',(0.971308882442379,0.,0.237821476928676));
#4383=DIRECTION('',(0.,1.,0.));
#4384=DIRECTION('',(1.,0.,0.));
#4385=DIRECTION('',(-0.389460555738689,0.177660059003977,-0.903746302320742));
#4386=DIRECTION('',(0.0703100838791087,0.984091918183816,0.163155106172652));
#4387=DIRECTION('',(-0.234311800750565,-0.171164918720667,0.956974686513899));
#4388=DIRECTION('',(0.040706693768526,-0.985242391799778,-0.166254005915912));
#4389=DIRECTION('',(0.681407315113416,-0.171164918720669,-0.711608488924404));
#4390=DIRECTION('',(-0.722267428652235,0.,-0.691613881806958));
#4391=DIRECTION('',(-0.681407315113416,0.171164918720669,0.711608488924404));
#4392=DIRECTION('',(0.118380033865574,0.985242391799778,-0.123626845719846));
#4393=DIRECTION('',(0.722267428652236,0.,0.691613881806957));
#4394=DIRECTION('',(0.,1.,0.));
#4395=DIRECTION('',(1.,0.,0.));
#4396=DIRECTION('',(0.114590416118661,0.177660059003977,-0.977397534255359));
#4397=DIRECTION('',(0.020687234304803,-0.984091918183817,-0.176451508642218));
#4398=DIRECTION('',(-0.681407315113417,-0.171164918720668,0.711608488924403));
#4399=DIRECTION('',(0.118380033865574,-0.985242391799778,-0.123626845719845));
#4400=DIRECTION('',(0.945920289674969,-0.171164918720667,-0.275567371400482));
#4401=DIRECTION('',(-0.27969500063542,0.,-0.960088905580912));
#4402=DIRECTION('',(-0.945920289674969,0.171164918720667,0.275567371400482));
#4403=DIRECTION('',(0.164333539488371,0.985242391799778,-0.0478739720503386));
#4404=DIRECTION('',(0.279695000635421,0.,0.960088905580911));
#4405=DIRECTION('',(0.,1.,0.));
#4406=DIRECTION('',(1.,0.,0.));
#4407=DIRECTION('',(0.58793697851667,0.177660059003977,-0.789155886202081));
#4408=DIRECTION('',(0.106141424763109,-0.984091918183817,-0.142467871867849));
#4409=DIRECTION('',(-0.945920289674968,-0.171164918720667,0.275567371400483));
#4410=DIRECTION('',(0.164333539488371,-0.985242391799778,-0.0478739720503388));
#4411=DIRECTION('',(0.956974686513899,-0.171164918720667,0.234311800750565));
#4412=DIRECTION('',(0.237821476928676,0.,-0.971308882442379));
#4413=DIRECTION('',(-0.956974686513899,0.171164918720667,-0.234311800750565));
#4414=DIRECTION('',(0.166254005915912,0.985242391799778,0.0407066937685259));
#4415=DIRECTION('',(-0.237821476928677,0.,0.971308882442379));
#4416=DIRECTION('',(-0.234311800750565,-0.171164918720667,0.956974686513899));
#4417=DIRECTION('',(0.971308882442379,0.,0.237821476928677));
#4418=DIRECTION('',(0.114590416118661,0.177660059003977,-0.977397534255359));
#4419=DIRECTION('',(-0.993197399750206,0.,-0.116442797670915));
#4420=DIRECTION('',(0.,1.,0.));
#4421=DIRECTION('',(1.,0.,0.));
#4422=DIRECTION('',(0.903746302320743,0.177660059003977,-0.389460555738689));
#4423=DIRECTION('',(0.163155106172652,-0.984091918183817,-0.0703100838791088));
#4424=DIRECTION('',(-0.956974686513899,-0.171164918720667,-0.234311800750565));
#4425=DIRECTION('',(0.166254005915912,-0.985242391799778,0.0407066937685261));
#4426=DIRECTION('',(0.275567371400483,-0.171164918720667,0.945920289674968));
#4427=DIRECTION('',(0.960088905580911,0.,-0.279695000635421));
#4428=DIRECTION('',(-0.389460555738689,0.177660059003977,-0.903746302320742));
#4429=DIRECTION('',(-0.918355577991784,0.,0.395756279004359));
#4430=DIRECTION('',(0.956974686513899,-0.171164918720667,0.234311800750565));
#4431=DIRECTION('',(0.237821476928677,0.,-0.971308882442379));
#4432=DIRECTION('',(-0.977397534255359,0.177660059003977,-0.114590416118662));
#4433=DIRECTION('',(-0.116442797670916,0.,0.993197399750206));
#4434=DIRECTION('',(0.945920289674968,-0.171164918720667,-0.275567371400483));
#4435=DIRECTION('',(-0.279695000635421,0.,-0.960088905580911));
#4436=DIRECTION('',(-0.903746302320743,0.177660059003977,0.389460555738689));
#4437=DIRECTION('',(0.395756279004358,0.,0.918355577991785));
#4438=DIRECTION('',(0.681407315113417,-0.171164918720668,-0.711608488924403));
#4439=DIRECTION('',(-0.722267428652235,0.,-0.691613881806958));
#4440=DIRECTION('',(-0.587936978516671,0.177660059003977,0.789155886202081));
#4441=DIRECTION('',(0.801912780320868,0.,0.597441120745848));
#4442=DIRECTION('',(0.234311800750565,-0.171164918720667,-0.956974686513899));
#4443=DIRECTION('',(-0.971308882442379,0.,-0.237821476928677));
#4444=DIRECTION('',(-0.114590416118662,0.177660059003977,0.977397534255359));
#4445=DIRECTION('',(0.993197399750206,0.,0.116442797670916));
#4446=DIRECTION('',(0.275567371400482,0.171164918720668,0.945920289674968));
#4447=DIRECTION('',(0.960088905580912,0.,-0.27969500063542));
#4448=DIRECTION('',(-0.389460555738689,-0.177660059003977,-0.903746302320743));
#4449=DIRECTION('',(-0.918355577991785,0.,0.395756279004358));
#4450=DIRECTION('',(0.711608488924403,0.171164918720667,0.681407315113417));
#4451=DIRECTION('',(0.691613881806959,0.,-0.722267428652234));
#4452=DIRECTION('',(-0.789155886202081,-0.177660059003977,-0.587936978516671));
#4453=DIRECTION('',(-0.597441120745848,0.,0.801912780320868));
#4454=DIRECTION('',(0.956974686513899,0.171164918720667,0.234311800750565));
#4455=DIRECTION('',(0.237821476928677,0.,-0.971308882442379));
#4456=DIRECTION('',(-0.977397534255359,-0.177660059003977,-0.114590416118662));
#4457=DIRECTION('',(-0.116442797670917,0.,0.993197399750206));
#4458=DIRECTION('',(0.903746302320743,0.177660059003977,-0.389460555738689));
#4459=DIRECTION('',(-0.395756279004358,0.,-0.918355577991785));
#4460=DIRECTION('',(-0.945920289674968,-0.171164918720667,0.275567371400483));
#4461=DIRECTION('',(0.279695000635421,0.,0.960088905580911));
#4462=DIRECTION('',(0.681407315113417,0.171164918720668,-0.711608488924403));
#4463=DIRECTION('',(-0.722267428652234,0.,-0.691613881806959));
#4464=DIRECTION('',(-0.58793697851667,-0.177660059003977,0.789155886202081));
#4465=DIRECTION('',(0.801912780320869,0.,0.597441120745847));
#4466=DIRECTION('',(0.,1.,0.));
#4467=DIRECTION('',(1.,0.,0.));
#4468=DIRECTION('',(0.740452638880038,0.,-0.672108540025781));
#4469=DIRECTION('',(-0.672108540025781,0.,-0.740452638880038));
#4470=DIRECTION('',(-0.740452638880038,0.,0.672108540025781));
#4471=DIRECTION('',(-0.740452638880038,0.,0.672108540025781));
#4472=DIRECTION('',(0.,1.,0.));
#4473=DIRECTION('',(1.,0.,0.));
#4474=CARTESIAN_POINT('',(0.,0.,0.));
#4475=CARTESIAN_POINT('',(-0.169272795072994,-0.0455997347345,-0.0444040634196488));
#4476=CARTESIAN_POINT('',(-0.172080722152636,0.0455997347345,-0.0447332657362191));
#4477=CARTESIAN_POINT('',(-0.146571877681187,0.0455997347344997,-0.0417426002186142));
#4478=CARTESIAN_POINT('',(-0.169272795072994,0.0455997347344998,-0.0444040634196487));
#4479=CARTESIAN_POINT('',(-0.169272795072994,0.0455997347345,-0.0444040634196487));
#4480=CARTESIAN_POINT('',(-0.169272795072994,0.0499997347345,-0.0444040634196487));
#4481=CARTESIAN_POINT('',(-0.172080722152636,0.0499997347345,-0.0447332657362191));
#4482=CARTESIAN_POINT('',(-0.146571877681187,0.0499997347345,-0.0417426002186142));
#4483=CARTESIAN_POINT('',(-0.146571877681187,0.0455997347345,-0.0417426002186142));
#4484=CARTESIAN_POINT('',(-0.129981399170751,-0.0455997347345,-0.0795650417558733));
#4485=CARTESIAN_POINT('',(-0.129981399170751,0.0455997347345,-0.0795650417558734));
#4486=CARTESIAN_POINT('',(-0.146636392162752,0.0455997347345009,-0.0955131849196314));
#4487=CARTESIAN_POINT('',(-0.129981399170751,0.0455997347344997,-0.0795650417558734));
#4488=CARTESIAN_POINT('',(-0.129981399170751,0.0455997347345,-0.0795650417558734));
#4489=CARTESIAN_POINT('',(-0.129981399170751,0.0499997347345,-0.0795650417558734));
#4490=CARTESIAN_POINT('',(-0.129981399170751,0.0499997347345,-0.0795650417558734));
#4491=CARTESIAN_POINT('',(-0.146636392162752,0.0499997347345,-0.0955131849196314));
#4492=CARTESIAN_POINT('',(-0.146636392162752,0.0455997347345,-0.0955131849196314));
#4493=CARTESIAN_POINT('',(-0.124392508992986,-0.0455997347345,-0.123091444489168));
#4494=CARTESIAN_POINT('',(-0.126659644017645,0.0455997347345,-0.124780505598124));
#4495=CARTESIAN_POINT('',(-0.106063669442987,0.0455997347345018,-0.109436091049931));
#4496=CARTESIAN_POINT('',(-0.124392508992986,0.0455997347345006,-0.123091444489168));
#4497=CARTESIAN_POINT('',(-0.124392508992986,0.0455997347345,-0.123091444489168));
#4498=CARTESIAN_POINT('',(-0.124392508992986,0.0499997347345,-0.123091444489168));
#4499=CARTESIAN_POINT('',(-0.126659644017645,0.0499997347345,-0.124780505598124));
#4500=CARTESIAN_POINT('',(-0.106063669442987,0.0499997347345,-0.109436091049931));
#4501=CARTESIAN_POINT('',(-0.106063669442987,0.0455997347345,-0.109436091049931));
#4502=CARTESIAN_POINT('',(-0.0727846728233793,-0.0455997347345,-0.133896046999131));
#4503=CARTESIAN_POINT('',(-0.0727846728233793,0.0455997347345,-0.133896046999131));
#4504=CARTESIAN_POINT('',(-0.0792342482724247,0.0455997347345001,-0.156035040618137));
#4505=CARTESIAN_POINT('',(-0.0727846728233794,0.0455997347345001,-0.133896046999131));
#4506=CARTESIAN_POINT('',(-0.0727846728233793,0.0455997347345,-0.133896046999131));
#4507=CARTESIAN_POINT('',(-0.0727846728233794,0.0499997347345,-0.133896046999131));
#4508=CARTESIAN_POINT('',(-0.0727846728233793,0.0499997347345,-0.133896046999131));
#4509=CARTESIAN_POINT('',(-0.0792342482724247,0.0499997347345,-0.156035040618137));
#4510=CARTESIAN_POINT('',(-0.0792342482724246,0.0455997347345,-0.156035040618137));
#4511=CARTESIAN_POINT('',(-0.0461813505838258,-0.0455997347345,-0.168796572412635));
#4512=CARTESIAN_POINT('',(-0.0473002165545124,0.0455997347345,-0.171392909753864));
#4513=CARTESIAN_POINT('',(-0.037135786631256,0.0455997347344995,-0.147806269661601));
#4514=CARTESIAN_POINT('',(-0.046181350583826,0.0455997347345003,-0.168796572412634));
#4515=CARTESIAN_POINT('',(-0.046181350583826,0.0455997347345,-0.168796572412634));
#4516=CARTESIAN_POINT('',(-0.046181350583826,0.0499997347345,-0.168796572412634));
#4517=CARTESIAN_POINT('',(-0.0473002165545124,0.0499997347345,-0.171392909753864));
#4518=CARTESIAN_POINT('',(-0.037135786631256,0.0499997347345,-0.147806269661601));
#4519=CARTESIAN_POINT('',(-0.037135786631256,0.0455997347345,-0.147806269661601));
#4520=CARTESIAN_POINT('',(0.00391464782838052,-0.0455997347345,-0.152349714579253));
#4521=CARTESIAN_POINT('',(0.0039146478283805,0.0455997347345,-0.152349714579253));
#4522=CARTESIAN_POINT('',(0.00939864845538576,0.0455997347344999,-0.174747433192056));
#4523=CARTESIAN_POINT('',(0.00391464782838044,0.0455997347345001,-0.152349714579253));
#4524=CARTESIAN_POINT('',(0.00391464782838049,0.0455997347345,-0.152349714579253));
#4525=CARTESIAN_POINT('',(0.00391464782838045,0.0499997347345,-0.152349714579253));
#4526=CARTESIAN_POINT('',(0.0039146478283805,0.0499997347345,-0.152349714579253));
#4527=CARTESIAN_POINT('',(0.00939864845538572,0.0499997347345,-0.174747433192056));
#4528=CARTESIAN_POINT('',(0.00939864845538578,0.0455997347345,-0.174747433192056));
#4529=CARTESIAN_POINT('',(0.0444040634196488,-0.0455997347345,-0.169272795072994));
#4530=CARTESIAN_POINT('',(0.0447332657362191,0.0455997347345,-0.172080722152636));
#4531=CARTESIAN_POINT('',(0.0417426002186142,0.0455997347344997,-0.146571877681187));
#4532=CARTESIAN_POINT('',(0.0444040634196487,0.0455997347344998,-0.169272795072994));
#4533=CARTESIAN_POINT('',(0.0444040634196487,0.0455997347345,-0.169272795072994));
#4534=CARTESIAN_POINT('',(0.0444040634196487,0.0499997347345,-0.169272795072994));
#4535=CARTESIAN_POINT('',(0.0447332657362191,0.0499997347345,-0.172080722152636));
#4536=CARTESIAN_POINT('',(0.0417426002186142,0.0499997347345,-0.146571877681187));
#4537=CARTESIAN_POINT('',(0.0417426002186142,0.0455997347345,-0.146571877681187));
#4538=CARTESIAN_POINT('',(0.0795650417558734,-0.0455997347345,-0.129981399170751));
#4539=CARTESIAN_POINT('',(0.0795650417558735,0.0455997347345,-0.129981399170751));
#4540=CARTESIAN_POINT('',(0.0955131849196315,0.045599734734501,-0.146636392162752));
#4541=CARTESIAN_POINT('',(0.0795650417558735,0.0455997347345002,-0.129981399170751));
#4542=CARTESIAN_POINT('',(0.0795650417558735,0.0455997347345,-0.129981399170751));
#4543=CARTESIAN_POINT('',(0.0795650417558735,0.0499997347345,-0.129981399170751));
#4544=CARTESIAN_POINT('',(0.0795650417558735,0.0499997347345,-0.129981399170751));
#4545=CARTESIAN_POINT('',(0.0955131849196315,0.0499997347345,-0.146636392162752));
#4546=CARTESIAN_POINT('',(0.0955131849196315,0.0455997347345,-0.146636392162752));
#4547=CARTESIAN_POINT('',(0.123091444489168,-0.0455997347345,-0.124392508992986));
#4548=CARTESIAN_POINT('',(0.124780505598124,0.0455997347345,-0.126659644017645));
#4549=CARTESIAN_POINT('',(0.109436091049931,0.0455997347345,-0.106063669442986));
#4550=CARTESIAN_POINT('',(0.123091444489168,0.0455997347345005,-0.124392508992986));
#4551=CARTESIAN_POINT('',(0.123091444489168,0.0455997347345,-0.124392508992986));
#4552=CARTESIAN_POINT('',(0.123091444489168,0.0499997347345,-0.124392508992986));
#4553=CARTESIAN_POINT('',(0.124780505598124,0.0499997347345,-0.126659644017645));
#4554=CARTESIAN_POINT('',(0.109436091049931,0.0499997347345,-0.106063669442986));
#4555=CARTESIAN_POINT('',(0.109436091049931,0.0455997347345,-0.106063669442986));
#4556=CARTESIAN_POINT('',(0.133896046999132,-0.0455997347345,-0.0727846728233793));
#4557=CARTESIAN_POINT('',(0.133896046999132,0.0455997347345,-0.0727846728233793));
#4558=CARTESIAN_POINT('',(0.156035040618137,0.0455997347345002,-0.0792342482724245));
#4559=CARTESIAN_POINT('',(0.133896046999132,0.0455997347344992,-0.0727846728233792));
#4560=CARTESIAN_POINT('',(0.133896046999132,0.0455997347345,-0.0727846728233793));
#4561=CARTESIAN_POINT('',(0.133896046999132,0.0499997347345,-0.0727846728233792));
#4562=CARTESIAN_POINT('',(0.133896046999132,0.0499997347345,-0.0727846728233793));
#4563=CARTESIAN_POINT('',(0.156035040618137,0.0499997347345,-0.0792342482724245));
#4564=CARTESIAN_POINT('',(0.156035040618137,0.0455997347345,-0.0792342482724246));
#4565=CARTESIAN_POINT('',(0.168796572412635,-0.0455997347345,-0.0461813505838258));
#4566=CARTESIAN_POINT('',(0.171392909753864,0.0455997347345,-0.0473002165545124));
#4567=CARTESIAN_POINT('',(0.147806269661601,0.0455997347344996,-0.0371357866312559));
#4568=CARTESIAN_POINT('',(0.168796572412635,0.0455997347345005,-0.046181350583826));
#4569=CARTESIAN_POINT('',(0.168796572412634,0.0455997347345,-0.0461813505838259));
#4570=CARTESIAN_POINT('',(0.168796572412634,0.0499997347345,-0.0461813505838259));
#4571=CARTESIAN_POINT('',(0.171392909753864,0.0499997347345,-0.0473002165545124));
#4572=CARTESIAN_POINT('',(0.147806269661601,0.0499997347345,-0.0371357866312559));
#4573=CARTESIAN_POINT('',(0.147806269661601,0.0455997347345,-0.0371357866312559));
#4574=CARTESIAN_POINT('',(0.152349714579253,-0.0455997347345,0.00391464782838052));
#4575=CARTESIAN_POINT('',(0.152349714579253,0.0455997347345,0.00391464782838047));
#4576=CARTESIAN_POINT('',(0.174747433192056,0.0455997347345001,0.00939864845538572));
#4577=CARTESIAN_POINT('',(0.152349714579253,0.0455997347345002,0.00391464782838044));
#4578=CARTESIAN_POINT('',(0.152349714579253,0.0455997347345,0.00391464782838048));
#4579=CARTESIAN_POINT('',(0.152349714579253,0.0499997347345,0.00391464782838041));
#4580=CARTESIAN_POINT('',(0.152349714579253,0.0499997347345,0.00391464782838047));
#4581=CARTESIAN_POINT('',(0.174747433192056,0.0499997347345,0.00939864845538569));
#4582=CARTESIAN_POINT('',(0.174747433192056,0.0455997347345,0.00939864845538574));
#4583=CARTESIAN_POINT('',(0.169272795072994,-0.0455997347345,0.0444040634196489));
#4584=CARTESIAN_POINT('',(0.172080722152636,0.0455997347345,0.0447332657362191));
#4585=CARTESIAN_POINT('',(0.146571877681187,0.0455997347345001,0.0417426002186142));
#4586=CARTESIAN_POINT('',(0.169272795072994,0.0455997347345003,0.0444040634196487));
#4587=CARTESIAN_POINT('',(0.169272795072994,0.0455997347345,0.0444040634196487));
#4588=CARTESIAN_POINT('',(0.169272795072994,0.0499997347345,0.0444040634196487));
#4589=CARTESIAN_POINT('',(0.172080722152636,0.0499997347345,0.0447332657362191));
#4590=CARTESIAN_POINT('',(0.146571877681187,0.0499997347345,0.0417426002186142));
#4591=CARTESIAN_POINT('',(0.146571877681187,0.0455997347345,0.0417426002186142));
#4592=CARTESIAN_POINT('',(0.129981399170751,-0.0455997347345,0.0795650417558734));
#4593=CARTESIAN_POINT('',(0.129981399170751,0.0455997347345,0.0795650417558734));
#4594=CARTESIAN_POINT('',(0.146636392162752,0.0455997347345006,0.0955131849196314));
#4595=CARTESIAN_POINT('',(0.129981399170751,0.0455997347344997,0.0795650417558734));
#4596=CARTESIAN_POINT('',(0.129981399170751,0.0455997347345,0.0795650417558734));
#4597=CARTESIAN_POINT('',(0.129981399170751,0.0499997347345,0.0795650417558734));
#4598=CARTESIAN_POINT('',(0.129981399170751,0.0499997347345,0.0795650417558734));
#4599=CARTESIAN_POINT('',(0.146636392162752,0.0499997347345,0.0955131849196315));
#4600=CARTESIAN_POINT('',(0.146636392162752,0.0455997347345,0.0955131849196314));
#4601=CARTESIAN_POINT('',(0.124392508992986,-0.0455997347345,0.123091444489168));
#4602=CARTESIAN_POINT('',(0.126659644017645,0.0455997347345,0.124780505598124));
#4603=CARTESIAN_POINT('',(0.106063669442987,0.0455997347345017,0.109436091049931));
#4604=CARTESIAN_POINT('',(0.124392508992986,0.0455997347345005,0.123091444489168));
#4605=CARTESIAN_POINT('',(0.124392508992986,0.0455997347345,0.123091444489168));
#4606=CARTESIAN_POINT('',(0.124392508992986,0.0499997347345,0.123091444489168));
#4607=CARTESIAN_POINT('',(0.126659644017645,0.0499997347345,0.124780505598124));
#4608=CARTESIAN_POINT('',(0.106063669442987,0.0499997347345,0.109436091049931));
#4609=CARTESIAN_POINT('',(0.106063669442987,0.0455997347345,0.109436091049931));
#4610=CARTESIAN_POINT('',(0.0727846728233793,-0.0455997347345,0.133896046999131));
#4611=CARTESIAN_POINT('',(0.0727846728233793,0.0455997347345,0.133896046999132));
#4612=CARTESIAN_POINT('',(0.0792342482724245,0.0455997347345001,0.156035040618137));
#4613=CARTESIAN_POINT('',(0.0727846728233793,0.0455997347345003,0.133896046999131));
#4614=CARTESIAN_POINT('',(0.0727846728233793,0.0455997347345,0.133896046999131));
#4615=CARTESIAN_POINT('',(0.0727846728233792,0.0499997347345,0.133896046999131));
#4616=CARTESIAN_POINT('',(0.0727846728233793,0.0499997347345,0.133896046999132));
#4617=CARTESIAN_POINT('',(0.0792342482724245,0.0499997347345,0.156035040618137));
#4618=CARTESIAN_POINT('',(0.0792342482724246,0.0455997347345,0.156035040618137));
#4619=CARTESIAN_POINT('',(0.0461813505838258,-0.0455997347345,0.168796572412635));
#4620=CARTESIAN_POINT('',(0.0473002165545124,0.0455997347345,0.171392909753864));
#4621=CARTESIAN_POINT('',(0.0371357866312559,0.0455997347344999,0.147806269661601));
#4622=CARTESIAN_POINT('',(0.0461813505838259,0.0455997347344998,0.168796572412634));
#4623=CARTESIAN_POINT('',(0.0461813505838259,0.0455997347345,0.168796572412634));
#4624=CARTESIAN_POINT('',(0.0461813505838259,0.0499997347345,0.168796572412634));
#4625=CARTESIAN_POINT('',(0.0473002165545124,0.0499997347345,0.171392909753864));
#4626=CARTESIAN_POINT('',(0.037135786631256,0.0499997347345,0.147806269661601));
#4627=CARTESIAN_POINT('',(0.037135786631256,0.0455997347345,0.147806269661601));
#4628=CARTESIAN_POINT('',(-0.00391464782838047,-0.0455997347345,0.152349714579253));
#4629=CARTESIAN_POINT('',(-0.00391464782838049,0.0455997347345,0.152349714579253));
#4630=CARTESIAN_POINT('',(-0.00939864845538573,0.0455997347345,0.174747433192056));
#4631=CARTESIAN_POINT('',(-0.00391464782838045,0.0455997347345003,0.152349714579253));
#4632=CARTESIAN_POINT('',(-0.00391464782838047,0.0455997347345,0.152349714579253));
#4633=CARTESIAN_POINT('',(-0.00391464782838044,0.0499997347345,0.152349714579253));
#4634=CARTESIAN_POINT('',(-0.00391464782838049,0.0499997347345,0.152349714579253));
#4635=CARTESIAN_POINT('',(-0.00939864845538571,0.0499997347345,0.174747433192056));
#4636=CARTESIAN_POINT('',(-0.00939864845538576,0.0455997347345,0.174747433192056));
#4637=CARTESIAN_POINT('',(-0.0444040634196488,-0.0455997347345,0.169272795072994));
#4638=CARTESIAN_POINT('',(-0.0447332657362191,0.0455997347345,0.172080722152636));
#4639=CARTESIAN_POINT('',(-0.0417426002186142,0.0455997347345001,0.146571877681187));
#4640=CARTESIAN_POINT('',(-0.0444040634196487,0.0455997347345003,0.169272795072994));
#4641=CARTESIAN_POINT('',(-0.0444040634196487,0.0455997347345,0.169272795072994));
#4642=CARTESIAN_POINT('',(-0.0444040634196487,0.0499997347345,0.169272795072994));
#4643=CARTESIAN_POINT('',(-0.0447332657362191,0.0499997347345,0.172080722152636));
#4644=CARTESIAN_POINT('',(-0.0417426002186142,0.0499997347345,0.146571877681187));
#4645=CARTESIAN_POINT('',(-0.0417426002186142,0.0455997347345,0.146571877681187));
#4646=CARTESIAN_POINT('',(-0.0795650417558734,-0.0455997347345,0.129981399170751));
#4647=CARTESIAN_POINT('',(-0.0795650417558734,0.0455997347345,0.129981399170751));
#4648=CARTESIAN_POINT('',(-0.0955131849196314,0.0455997347345006,0.146636392162752));
#4649=CARTESIAN_POINT('',(-0.0795650417558734,0.0455997347344997,0.129981399170751));
#4650=CARTESIAN_POINT('',(-0.0795650417558734,0.0455997347345,0.129981399170751));
#4651=CARTESIAN_POINT('',(-0.0795650417558734,0.0499997347345,0.129981399170751));
#4652=CARTESIAN_POINT('',(-0.0795650417558734,0.0499997347345,0.129981399170751));
#4653=CARTESIAN_POINT('',(-0.0955131849196314,0.0499997347345,0.146636392162752));
#4654=CARTESIAN_POINT('',(-0.0955131849196314,0.0455997347345,0.146636392162752));
#4655=CARTESIAN_POINT('',(-0.123091444489168,-0.0455997347345,0.124392508992986));
#4656=CARTESIAN_POINT('',(-0.124780505598124,0.0455997347345,0.126659644017645));
#4657=CARTESIAN_POINT('',(-0.109436091049931,0.0455997347345017,0.106063669442987));
#4658=CARTESIAN_POINT('',(-0.123091444489168,0.0455997347345005,0.124392508992986));
#4659=CARTESIAN_POINT('',(-0.123091444489168,0.0455997347345,0.124392508992986));
#4660=CARTESIAN_POINT('',(-0.123091444489168,0.0499997347345,0.124392508992986));
#4661=CARTESIAN_POINT('',(-0.124780505598124,0.0499997347345,0.126659644017645));
#4662=CARTESIAN_POINT('',(-0.109436091049931,0.0499997347345,0.106063669442987));
#4663=CARTESIAN_POINT('',(-0.109436091049931,0.0455997347345,0.106063669442987));
#4664=CARTESIAN_POINT('',(-0.133896046999131,-0.0455997347345,0.0727846728233793));
#4665=CARTESIAN_POINT('',(-0.133896046999132,0.0455997347345,0.0727846728233794));
#4666=CARTESIAN_POINT('',(-0.156035040618137,0.0455997347345004,0.0792342482724247));
#4667=CARTESIAN_POINT('',(-0.133896046999131,0.0455997347345002,0.0727846728233793));
#4668=CARTESIAN_POINT('',(-0.133896046999131,0.0455997347345,0.0727846728233793));
#4669=CARTESIAN_POINT('',(-0.133896046999131,0.0499997347345,0.0727846728233793));
#4670=CARTESIAN_POINT('',(-0.133896046999132,0.0499997347345,0.0727846728233794));
#4671=CARTESIAN_POINT('',(-0.156035040618137,0.0499997347345,0.0792342482724246));
#4672=CARTESIAN_POINT('',(-0.156035040618137,0.0455997347345,0.0792342482724247));
#4673=CARTESIAN_POINT('',(-0.168796572412635,-0.0455997347345,0.0461813505838258));
#4674=CARTESIAN_POINT('',(-0.171392909753864,0.0455997347345,0.0473002165545125));
#4675=CARTESIAN_POINT('',(-0.147806269661601,0.0455997347344998,0.037135786631256));
#4676=CARTESIAN_POINT('',(-0.168796572412634,0.0455997347345007,0.046181350583826));
#4677=CARTESIAN_POINT('',(-0.168796572412634,0.0455997347345,0.046181350583826));
#4678=CARTESIAN_POINT('',(-0.168796572412634,0.0499997347345,0.046181350583826));
#4679=CARTESIAN_POINT('',(-0.171392909753864,0.0499997347345,0.0473002165545125));
#4680=CARTESIAN_POINT('',(-0.147806269661601,0.0499997347345,0.0371357866312561));
#4681=CARTESIAN_POINT('',(-0.147806269661601,0.0455997347345,0.037135786631256));
#4682=CARTESIAN_POINT('',(-0.152349714579253,-0.0455997347345,-0.00391464782838046));
#4683=CARTESIAN_POINT('',(-0.152349714579253,0.0455997347345,-0.00391464782838044));
#4684=CARTESIAN_POINT('',(-0.174747433192056,0.0455997347345001,-0.00939864845538565));
#4685=CARTESIAN_POINT('',(-0.152349714579253,0.0455997347345003,-0.00391464782838041));
#4686=CARTESIAN_POINT('',(-0.152349714579253,0.0455997347345,-0.00391464782838044));
#4687=CARTESIAN_POINT('',(-0.152349714579253,0.0499997347345,-0.00391464782838039));
#4688=CARTESIAN_POINT('',(-0.152349714579253,0.0499997347345,-0.00391464782838044));
#4689=CARTESIAN_POINT('',(-0.174747433192056,0.0499997347345,-0.00939864845538565));
#4690=CARTESIAN_POINT('',(-0.174747433192056,0.0455997347345,-0.00939864845538572));
#4691=CARTESIAN_POINT('',(0.,0.0499997347345,0.));
#4692=CARTESIAN_POINT('',(0.,0.0499997347345,0.));
#4693=CARTESIAN_POINT('',(0.,0.0499997347345,0.));
#4694=CARTESIAN_POINT('',(0.,0.0499997347345,0.));
#4695=CARTESIAN_POINT('',(0.,0.0499997347345,0.));
#4696=CARTESIAN_POINT('',(0.,0.0499997347345,0.));
#4697=CARTESIAN_POINT('',(0.,0.0499997347345,0.));
#4698=CARTESIAN_POINT('',(0.,0.0499997347345,0.));
#4699=CARTESIAN_POINT('',(0.,0.0499997347345,0.));
#4700=CARTESIAN_POINT('',(0.,0.0499997347345,0.));
#4701=CARTESIAN_POINT('',(0.,0.0499997347345,0.));
#4702=CARTESIAN_POINT('',(0.,0.0499997347345,0.));
#4703=CARTESIAN_POINT('',(0.,0.0499997347345,0.));
#4704=CARTESIAN_POINT('',(0.,0.0499997347345,0.));
#4705=CARTESIAN_POINT('',(0.,0.0499997347345,0.));
#4706=CARTESIAN_POINT('',(0.,0.0499997347345,0.));
#4707=CARTESIAN_POINT('',(0.,0.0499997347345,0.));
#4708=CARTESIAN_POINT('',(0.,0.0499997347345,0.));
#4709=CARTESIAN_POINT('',(0.,0.0499997347345,0.));
#4710=CARTESIAN_POINT('',(0.,0.0499997347345,0.));
#4711=CARTESIAN_POINT('',(0.,0.0499997347345,0.));
#4712=CARTESIAN_POINT('',(0.,0.0499997347345,0.));
#4713=CARTESIAN_POINT('',(0.,0.0499997347345,0.));
#4714=CARTESIAN_POINT('',(0.,0.0499997347345,0.));
#4715=CARTESIAN_POINT('',(0.,0.0499997347345,0.));
#4716=CARTESIAN_POINT('',(0.,0.0499997347345,0.));
#4717=CARTESIAN_POINT('',(-0.115108644332213,0.0499997347345,0.));
#4718=CARTESIAN_POINT('',(-0.152349714579253,-0.0455997347345,-0.00391464782838046));
#4719=CARTESIAN_POINT('',(-0.17751425940446,-0.0455997347345,-0.0100760958751853));
#4720=CARTESIAN_POINT('',(-0.174747433192056,-0.0455997347345,-0.00939864845538573));
#4721=CARTESIAN_POINT('',(-0.152349714579253,-0.0455997347344997,-0.00391464782838052));
#4722=CARTESIAN_POINT('',(-0.174747433192056,-0.0455997347345,-0.00939864845538573));
#4723=CARTESIAN_POINT('',(-0.174747433192056,-0.0499997347345,-0.00939864845538573));
#4724=CARTESIAN_POINT('',(-0.17751425940446,-0.0499997347345,-0.0100760958751853));
#4725=CARTESIAN_POINT('',(-0.152349714579253,-0.0499997347345,-0.00391464782838051));
#4726=CARTESIAN_POINT('',(-0.152349714579253,-0.0455997347345,-0.00391464782838048));
#4727=CARTESIAN_POINT('',(-0.168796572412635,-0.0455997347345,0.0461813505838258));
#4728=CARTESIAN_POINT('',(-0.147806269661601,-0.0455997347345,0.0371357866312559));
#4729=CARTESIAN_POINT('',(-0.147806269661601,-0.0455997347344997,0.0371357866312559));
#4730=CARTESIAN_POINT('',(-0.168796572412635,-0.0455997347345,0.0461813505838258));
#4731=CARTESIAN_POINT('',(-0.147806269661601,-0.0455997347345,0.0371357866312559));
#4732=CARTESIAN_POINT('',(-0.147806269661601,-0.0499997347345,0.0371357866312559));
#4733=CARTESIAN_POINT('',(-0.147806269661601,-0.0499997347345,0.0371357866312559));
#4734=CARTESIAN_POINT('',(-0.168796572412635,-0.0499997347345,0.0461813505838258));
#4735=CARTESIAN_POINT('',(-0.168796572412635,-0.0455997347345,0.0461813505838258));
#4736=CARTESIAN_POINT('',(-0.133896046999131,-0.0455997347345,0.0727846728233793));
#4737=CARTESIAN_POINT('',(-0.158769906115836,-0.0455997347345,0.0800309747033521));
#4738=CARTESIAN_POINT('',(-0.156035040618137,-0.0455997347345,0.0792342482724246));
#4739=CARTESIAN_POINT('',(-0.133896046999132,-0.0455997347345,0.0727846728233793));
#4740=CARTESIAN_POINT('',(-0.156035040618137,-0.0455997347345,0.0792342482724246));
#4741=CARTESIAN_POINT('',(-0.156035040618137,-0.0499997347345,0.0792342482724246));
#4742=CARTESIAN_POINT('',(-0.158769906115836,-0.0499997347345,0.0800309747033521));
#4743=CARTESIAN_POINT('',(-0.133896046999132,-0.0499997347345,0.0727846728233793));
#4744=CARTESIAN_POINT('',(-0.133896046999132,-0.0455997347345,0.0727846728233793));
#4745=CARTESIAN_POINT('',(-0.123091444489168,-0.0455997347345,0.124392508992986));
#4746=CARTESIAN_POINT('',(-0.109436091049931,-0.0455997347345,0.106063669442987));
#4747=CARTESIAN_POINT('',(-0.123091444489168,-0.0455997347345,0.124392508992986));
#4748=CARTESIAN_POINT('',(-0.109436091049931,-0.0455997347345,0.106063669442987));
#4749=CARTESIAN_POINT('',(-0.109436091049931,-0.0455997347345,0.106063669442987));
#4750=CARTESIAN_POINT('',(-0.109436091049931,-0.0499997347345,0.106063669442987));
#4751=CARTESIAN_POINT('',(-0.109436091049931,-0.0499997347345,0.106063669442987));
#4752=CARTESIAN_POINT('',(-0.123091444489168,-0.0499997347345,0.124392508992986));
#4753=CARTESIAN_POINT('',(-0.123091444489168,-0.0455997347345,0.124392508992986));
#4754=CARTESIAN_POINT('',(-0.0795650417558734,-0.0455997347345,0.129981399170751));
#4755=CARTESIAN_POINT('',(-0.0974832847011083,-0.0455997347345,0.148693810240651));
#4756=CARTESIAN_POINT('',(-0.0795650417558734,-0.0455997347345,0.129981399170751));
#4757=CARTESIAN_POINT('',(-0.0955131849196314,-0.0455997347345,0.146636392162752));
#4758=CARTESIAN_POINT('',(-0.0955131849196314,-0.0455997347345,0.146636392162752));
#4759=CARTESIAN_POINT('',(-0.0955131849196314,-0.0499997347345,0.146636392162752));
#4760=CARTESIAN_POINT('',(-0.0974832847011083,-0.0499997347345,0.148693810240651));
#4761=CARTESIAN_POINT('',(-0.0795650417558734,-0.0499997347345,0.129981399170751));
#4762=CARTESIAN_POINT('',(-0.0795650417558734,-0.0455997347345,0.129981399170751));
#4763=CARTESIAN_POINT('',(-0.0444040634196488,-0.0455997347345,0.169272795072994));
#4764=CARTESIAN_POINT('',(-0.0417426002186142,-0.0455997347345,0.146571877681187));
#4765=CARTESIAN_POINT('',(-0.0417426002186142,-0.0455997347345,0.146571877681187));
#4766=CARTESIAN_POINT('',(-0.0444040634196488,-0.0455997347345,0.169272795072994));
#4767=CARTESIAN_POINT('',(-0.0417426002186142,-0.0455997347345,0.146571877681187));
#4768=CARTESIAN_POINT('',(-0.0417426002186142,-0.0499997347345,0.146571877681187));
#4769=CARTESIAN_POINT('',(-0.0417426002186142,-0.0499997347345,0.146571877681187));
#4770=CARTESIAN_POINT('',(-0.0444040634196488,-0.0499997347345,0.169272795072994));
#4771=CARTESIAN_POINT('',(-0.0444040634196488,-0.0455997347345,0.169272795072994));
#4772=CARTESIAN_POINT('',(-0.00391464782838047,-0.0455997347345,0.152349714579253));
#4773=CARTESIAN_POINT('',(-0.0100760958751853,-0.0455997347345,0.17751425940446));
#4774=CARTESIAN_POINT('',(-0.00939864845538574,-0.0455997347345,0.174747433192056));
#4775=CARTESIAN_POINT('',(-0.00391464782838049,-0.0455997347345,0.152349714579253));
#4776=CARTESIAN_POINT('',(-0.00939864845538574,-0.0455997347345,0.174747433192056));
#4777=CARTESIAN_POINT('',(-0.00939864845538574,-0.0499997347345,0.174747433192056));
#4778=CARTESIAN_POINT('',(-0.0100760958751853,-0.0499997347345,0.17751425940446));
#4779=CARTESIAN_POINT('',(-0.0039146478283805,-0.0499997347345,0.152349714579253));
#4780=CARTESIAN_POINT('',(-0.00391464782838049,-0.0455997347345,0.152349714579253));
#4781=CARTESIAN_POINT('',(0.0461813505838258,-0.0455997347345,0.168796572412635));
#4782=CARTESIAN_POINT('',(0.037135786631256,-0.0455997347345,0.147806269661601));
#4783=CARTESIAN_POINT('',(0.037135786631256,-0.0455997347345,0.147806269661601));
#4784=CARTESIAN_POINT('',(0.0461813505838258,-0.0455997347345,0.168796572412635));
#4785=CARTESIAN_POINT('',(0.037135786631256,-0.0455997347345,0.147806269661601));
#4786=CARTESIAN_POINT('',(0.037135786631256,-0.0499997347345,0.147806269661601));
#4787=CARTESIAN_POINT('',(0.037135786631256,-0.0499997347345,0.147806269661601));
#4788=CARTESIAN_POINT('',(0.0461813505838258,-0.0499997347345,0.168796572412635));
#4789=CARTESIAN_POINT('',(0.0461813505838258,-0.0455997347345,0.168796572412635));
#4790=CARTESIAN_POINT('',(0.0727846728233793,-0.0455997347345,0.133896046999131));
#4791=CARTESIAN_POINT('',(0.0800309747033521,-0.0455997347345,0.158769906115836));
#4792=CARTESIAN_POINT('',(0.0792342482724246,-0.0455997347345,0.156035040618137));
#4793=CARTESIAN_POINT('',(0.0727846728233793,-0.0455997347345,0.133896046999132));
#4794=CARTESIAN_POINT('',(0.0792342482724246,-0.0455997347345,0.156035040618137));
#4795=CARTESIAN_POINT('',(0.0792342482724246,-0.0499997347345,0.156035040618137));
#4796=CARTESIAN_POINT('',(0.0800309747033521,-0.0499997347345,0.158769906115836));
#4797=CARTESIAN_POINT('',(0.0727846728233793,-0.0499997347345,0.133896046999132));
#4798=CARTESIAN_POINT('',(0.0727846728233793,-0.0455997347345,0.133896046999132));
#4799=CARTESIAN_POINT('',(0.124392508992986,-0.0455997347345,0.123091444489168));
#4800=CARTESIAN_POINT('',(0.106063669442987,-0.0455997347345,0.109436091049931));
#4801=CARTESIAN_POINT('',(0.106063669442987,-0.0455997347345,0.109436091049931));
#4802=CARTESIAN_POINT('',(0.124392508992986,-0.0455997347345,0.123091444489168));
#4803=CARTESIAN_POINT('',(0.106063669442987,-0.0455997347345,0.109436091049931));
#4804=CARTESIAN_POINT('',(0.106063669442987,-0.0499997347345,0.109436091049931));
#4805=CARTESIAN_POINT('',(0.106063669442987,-0.0499997347345,0.109436091049931));
#4806=CARTESIAN_POINT('',(0.124392508992986,-0.0499997347345,0.123091444489168));
#4807=CARTESIAN_POINT('',(0.124392508992986,-0.0455997347345,0.123091444489168));
#4808=CARTESIAN_POINT('',(0.129981399170751,-0.0455997347345,0.0795650417558734));
#4809=CARTESIAN_POINT('',(0.148693810240651,-0.0455997347345,0.0974832847011083));
#4810=CARTESIAN_POINT('',(0.146636392162752,-0.0455997347345,0.0955131849196314));
#4811=CARTESIAN_POINT('',(0.129981399170751,-0.0455997347345,0.0795650417558734));
#4812=CARTESIAN_POINT('',(0.146636392162752,-0.0455997347345,0.0955131849196314));
#4813=CARTESIAN_POINT('',(0.146636392162752,-0.0499997347345,0.0955131849196314));
#4814=CARTESIAN_POINT('',(0.148693810240651,-0.0499997347345,0.0974832847011083));
#4815=CARTESIAN_POINT('',(0.129981399170751,-0.0499997347345,0.0795650417558734));
#4816=CARTESIAN_POINT('',(0.129981399170751,-0.0455997347345,0.0795650417558734));
#4817=CARTESIAN_POINT('',(0.169272795072994,-0.0455997347345,0.0444040634196489));
#4818=CARTESIAN_POINT('',(0.146571877681187,-0.0455997347345,0.0417426002186143));
#4819=CARTESIAN_POINT('',(0.146571877681187,-0.0455997347345,0.0417426002186143));
#4820=CARTESIAN_POINT('',(0.169272795072994,-0.0455997347345,0.0444040634196489));
#4821=CARTESIAN_POINT('',(0.146571877681187,-0.0455997347345,0.0417426002186143));
#4822=CARTESIAN_POINT('',(0.146571877681187,-0.0499997347345,0.0417426002186143));
#4823=CARTESIAN_POINT('',(0.146571877681187,-0.0499997347345,0.0417426002186143));
#4824=CARTESIAN_POINT('',(0.169272795072994,-0.0499997347345,0.0444040634196489));
#4825=CARTESIAN_POINT('',(0.169272795072994,-0.0455997347345,0.0444040634196489));
#4826=CARTESIAN_POINT('',(0.152349714579253,-0.0455997347345,0.00391464782838052));
#4827=CARTESIAN_POINT('',(0.17751425940446,-0.0455997347345,0.0100760958751854));
#4828=CARTESIAN_POINT('',(0.174747433192056,-0.0455997347345,0.00939864845538581));
#4829=CARTESIAN_POINT('',(0.152349714579253,-0.0455997347345,0.00391464782838052));
#4830=CARTESIAN_POINT('',(0.174747433192056,-0.0455997347345,0.00939864845538581));
#4831=CARTESIAN_POINT('',(0.174747433192056,-0.0499997347345,0.00939864845538581));
#4832=CARTESIAN_POINT('',(0.17751425940446,-0.0499997347345,0.0100760958751854));
#4833=CARTESIAN_POINT('',(0.152349714579253,-0.0499997347345,0.00391464782838052));
#4834=CARTESIAN_POINT('',(0.152349714579253,-0.0455997347345,0.00391464782838052));
#4835=CARTESIAN_POINT('',(0.168796572412635,-0.0455997347345,-0.0461813505838258));
#4836=CARTESIAN_POINT('',(0.147806269661601,-0.0455997347345,-0.0371357866312559));
#4837=CARTESIAN_POINT('',(0.147806269661601,-0.0455997347345,-0.0371357866312559));
#4838=CARTESIAN_POINT('',(0.168796572412635,-0.0455997347345,-0.0461813505838258));
#4839=CARTESIAN_POINT('',(0.147806269661601,-0.0455997347345,-0.0371357866312559));
#4840=CARTESIAN_POINT('',(0.147806269661601,-0.0499997347345,-0.0371357866312559));
#4841=CARTESIAN_POINT('',(0.147806269661601,-0.0499997347345,-0.0371357866312559));
#4842=CARTESIAN_POINT('',(0.168796572412635,-0.0499997347345,-0.0461813505838258));
#4843=CARTESIAN_POINT('',(0.168796572412635,-0.0455997347345,-0.0461813505838258));
#4844=CARTESIAN_POINT('',(0.133896046999132,-0.0455997347345,-0.0727846728233793));
#4845=CARTESIAN_POINT('',(0.158769906115836,-0.0455997347345,-0.0800309747033521));
#4846=CARTESIAN_POINT('',(0.156035040618137,-0.0455997347345,-0.0792342482724246));
#4847=CARTESIAN_POINT('',(0.133896046999132,-0.0455997347345,-0.0727846728233793));
#4848=CARTESIAN_POINT('',(0.156035040618137,-0.0455997347345,-0.0792342482724246));
#4849=CARTESIAN_POINT('',(0.156035040618137,-0.0499997347345,-0.0792342482724246));
#4850=CARTESIAN_POINT('',(0.158769906115836,-0.0499997347345,-0.0800309747033521));
#4851=CARTESIAN_POINT('',(0.133896046999132,-0.0499997347345,-0.0727846728233793));
#4852=CARTESIAN_POINT('',(0.133896046999132,-0.0455997347345,-0.0727846728233793));
#4853=CARTESIAN_POINT('',(0.123091444489168,-0.0455997347345,-0.124392508992986));
#4854=CARTESIAN_POINT('',(0.109436091049931,-0.0455997347345,-0.106063669442987));
#4855=CARTESIAN_POINT('',(0.109436091049931,-0.0455997347345,-0.106063669442987));
#4856=CARTESIAN_POINT('',(0.123091444489168,-0.0455997347345,-0.124392508992986));
#4857=CARTESIAN_POINT('',(0.109436091049931,-0.0455997347345,-0.106063669442987));
#4858=CARTESIAN_POINT('',(0.109436091049931,-0.0499997347345,-0.106063669442987));
#4859=CARTESIAN_POINT('',(0.109436091049931,-0.0499997347345,-0.106063669442987));
#4860=CARTESIAN_POINT('',(0.123091444489168,-0.0499997347345,-0.124392508992986));
#4861=CARTESIAN_POINT('',(0.123091444489168,-0.0455997347345,-0.124392508992986));
#4862=CARTESIAN_POINT('',(0.0795650417558734,-0.0455997347345,-0.129981399170751));
#4863=CARTESIAN_POINT('',(0.0974832847011083,-0.0455997347345,-0.148693810240651));
#4864=CARTESIAN_POINT('',(0.0955131849196314,-0.0455997347345,-0.146636392162752));
#4865=CARTESIAN_POINT('',(0.0795650417558734,-0.0455997347345,-0.129981399170751));
#4866=CARTESIAN_POINT('',(0.0955131849196314,-0.0455997347345,-0.146636392162752));
#4867=CARTESIAN_POINT('',(0.0955131849196314,-0.0499997347345,-0.146636392162752));
#4868=CARTESIAN_POINT('',(0.0974832847011083,-0.0499997347345,-0.148693810240651));
#4869=CARTESIAN_POINT('',(0.0795650417558734,-0.0499997347345,-0.129981399170751));
#4870=CARTESIAN_POINT('',(0.0795650417558734,-0.0455997347345,-0.129981399170751));
#4871=CARTESIAN_POINT('',(0.0444040634196488,-0.0455997347345,-0.169272795072994));
#4872=CARTESIAN_POINT('',(0.0417426002186142,-0.0455997347345,-0.146571877681187));
#4873=CARTESIAN_POINT('',(0.0417426002186142,-0.0455997347345,-0.146571877681187));
#4874=CARTESIAN_POINT('',(0.0444040634196488,-0.0455997347345,-0.169272795072994));
#4875=CARTESIAN_POINT('',(0.0417426002186142,-0.0455997347345,-0.146571877681187));
#4876=CARTESIAN_POINT('',(0.0417426002186142,-0.0499997347345,-0.146571877681187));
#4877=CARTESIAN_POINT('',(0.0417426002186142,-0.0499997347345,-0.146571877681187));
#4878=CARTESIAN_POINT('',(0.0444040634196488,-0.0499997347345,-0.169272795072994));
#4879=CARTESIAN_POINT('',(0.0444040634196488,-0.0455997347345,-0.169272795072994));
#4880=CARTESIAN_POINT('',(0.00391464782838052,-0.0455997347345,-0.152349714579253));
#4881=CARTESIAN_POINT('',(0.00391464782838052,-0.0455997347345,-0.152349714579253));
#4882=CARTESIAN_POINT('',(0.00939864845538578,-0.0455997347345,-0.174747433192056));
#4883=CARTESIAN_POINT('',(0.00391464782838051,-0.0455997347345,-0.152349714579253));
#4884=CARTESIAN_POINT('',(0.00939864845538578,-0.0455997347345,-0.174747433192056));
#4885=CARTESIAN_POINT('',(0.00939864845538578,-0.0499997347345,-0.174747433192056));
#4886=CARTESIAN_POINT('',(0.00391464782838052,-0.0499997347345,-0.152349714579253));
#4887=CARTESIAN_POINT('',(0.00391464782838051,-0.0499997347345,-0.152349714579253));
#4888=CARTESIAN_POINT('',(0.00391464782838051,-0.0455997347345,-0.152349714579253));
#4889=CARTESIAN_POINT('',(-0.0461813505838258,-0.0455997347345,-0.168796572412635));
#4890=CARTESIAN_POINT('',(-0.037135786631256,-0.0455997347345,-0.147806269661601));
#4891=CARTESIAN_POINT('',(-0.037135786631256,-0.0455997347345,-0.147806269661601));
#4892=CARTESIAN_POINT('',(-0.0461813505838258,-0.0455997347345,-0.168796572412635));
#4893=CARTESIAN_POINT('',(-0.037135786631256,-0.0455997347345,-0.147806269661601));
#4894=CARTESIAN_POINT('',(-0.037135786631256,-0.0499997347345,-0.147806269661601));
#4895=CARTESIAN_POINT('',(-0.037135786631256,-0.0499997347345,-0.147806269661601));
#4896=CARTESIAN_POINT('',(-0.0461813505838258,-0.0499997347345,-0.168796572412635));
#4897=CARTESIAN_POINT('',(-0.0461813505838258,-0.0455997347345,-0.168796572412635));
#4898=CARTESIAN_POINT('',(-0.0727846728233793,-0.0455997347345,-0.133896046999131));
#4899=CARTESIAN_POINT('',(-0.0800309747033522,-0.0455997347345,-0.158769906115836));
#4900=CARTESIAN_POINT('',(-0.0792342482724246,-0.0455997347345,-0.156035040618137));
#4901=CARTESIAN_POINT('',(-0.0727846728233793,-0.0455997347345,-0.133896046999131));
#4902=CARTESIAN_POINT('',(-0.0792342482724246,-0.0455997347345,-0.156035040618137));
#4903=CARTESIAN_POINT('',(-0.0792342482724246,-0.0499997347345,-0.156035040618137));
#4904=CARTESIAN_POINT('',(-0.0800309747033522,-0.0499997347345,-0.158769906115836));
#4905=CARTESIAN_POINT('',(-0.0727846728233793,-0.0499997347345,-0.133896046999131));
#4906=CARTESIAN_POINT('',(-0.0727846728233793,-0.0455997347345,-0.133896046999131));
#4907=CARTESIAN_POINT('',(-0.124392508992986,-0.0455997347345,-0.123091444489168));
#4908=CARTESIAN_POINT('',(-0.106063669442987,-0.0455997347345,-0.109436091049931));
#4909=CARTESIAN_POINT('',(-0.106063669442987,-0.0455997347345,-0.109436091049931));
#4910=CARTESIAN_POINT('',(-0.124392508992986,-0.0455997347345,-0.123091444489168));
#4911=CARTESIAN_POINT('',(-0.106063669442987,-0.0455997347345,-0.109436091049931));
#4912=CARTESIAN_POINT('',(-0.106063669442987,-0.0499997347345,-0.109436091049931));
#4913=CARTESIAN_POINT('',(-0.106063669442987,-0.0499997347345,-0.109436091049931));
#4914=CARTESIAN_POINT('',(-0.124392508992986,-0.0499997347345,-0.123091444489168));
#4915=CARTESIAN_POINT('',(-0.124392508992986,-0.0455997347345,-0.123091444489168));
#4916=CARTESIAN_POINT('',(-0.129981399170751,-0.0455997347345,-0.0795650417558733));
#4917=CARTESIAN_POINT('',(-0.148693810240651,-0.0455997347345,-0.0974832847011082));
#4918=CARTESIAN_POINT('',(-0.146636392162752,-0.0455997347345,-0.0955131849196313));
#4919=CARTESIAN_POINT('',(-0.129981399170751,-0.0455997347345,-0.0795650417558734));
#4920=CARTESIAN_POINT('',(-0.146636392162752,-0.0455997347345,-0.0955131849196313));
#4921=CARTESIAN_POINT('',(-0.146636392162752,-0.0499997347345,-0.0955131849196313));
#4922=CARTESIAN_POINT('',(-0.148693810240651,-0.0499997347345,-0.0974832847011082));
#4923=CARTESIAN_POINT('',(-0.129981399170751,-0.0499997347345,-0.0795650417558734));
#4924=CARTESIAN_POINT('',(-0.129981399170751,-0.0455997347345,-0.0795650417558734));
#4925=CARTESIAN_POINT('',(-0.169272795072994,-0.0455997347345,-0.0444040634196488));
#4926=CARTESIAN_POINT('',(-0.146571877681187,-0.0455997347345,-0.0417426002186142));
#4927=CARTESIAN_POINT('',(-0.146571877681187,-0.0455997347345,-0.0417426002186142));
#4928=CARTESIAN_POINT('',(-0.169272795072994,-0.0455997347345,-0.0444040634196488));
#4929=CARTESIAN_POINT('',(-0.146571877681187,-0.0455997347345,-0.0417426002186142));
#4930=CARTESIAN_POINT('',(-0.146571877681187,-0.0499997347345,-0.0417426002186142));
#4931=CARTESIAN_POINT('',(-0.146571877681187,-0.0499997347345,-0.0417426002186142));
#4932=CARTESIAN_POINT('',(-0.169272795072994,-0.0499997347345,-0.0444040634196488));
#4933=CARTESIAN_POINT('',(-0.169272795072994,-0.0455997347345,-0.0444040634196488));
#4934=CARTESIAN_POINT('',(0.,-0.0499997347345,0.));
#4935=CARTESIAN_POINT('',(0.,-0.0499997347345,0.));
#4936=CARTESIAN_POINT('',(0.,-0.0499997347345,0.));
#4937=CARTESIAN_POINT('',(0.,-0.0499997347345,0.));
#4938=CARTESIAN_POINT('',(0.,-0.0499997347345,0.));
#4939=CARTESIAN_POINT('',(0.,-0.0499997347345,0.));
#4940=CARTESIAN_POINT('',(0.,-0.0499997347345,0.));
#4941=CARTESIAN_POINT('',(0.,-0.0499997347345,0.));
#4942=CARTESIAN_POINT('',(0.,-0.0499997347345,0.));
#4943=CARTESIAN_POINT('',(0.,-0.0499997347345,0.));
#4944=CARTESIAN_POINT('',(0.,-0.0499997347345,0.));
#4945=CARTESIAN_POINT('',(0.,-0.0499997347345,0.));
#4946=CARTESIAN_POINT('',(0.,-0.0499997347345,0.));
#4947=CARTESIAN_POINT('',(0.,-0.0499997347345,0.));
#4948=CARTESIAN_POINT('',(0.,-0.0499997347345,0.));
#4949=CARTESIAN_POINT('',(0.,-0.0499997347345,0.));
#4950=CARTESIAN_POINT('',(0.,-0.0499997347345,0.));
#4951=CARTESIAN_POINT('',(0.,-0.0499997347345,0.));
#4952=CARTESIAN_POINT('',(0.,-0.0499997347345,0.));
#4953=CARTESIAN_POINT('',(0.,-0.0499997347345,0.));
#4954=CARTESIAN_POINT('',(0.,-0.0499997347345,0.));
#4955=CARTESIAN_POINT('',(0.,-0.0499997347345,0.));
#4956=CARTESIAN_POINT('',(0.,-0.0499997347345,0.));
#4957=CARTESIAN_POINT('',(0.,-0.0499997347345,0.));
#4958=CARTESIAN_POINT('',(0.,-0.0499997347345,0.));
#4959=CARTESIAN_POINT('',(0.,-0.0499997347345,0.));
#4960=CARTESIAN_POINT('',(-0.115108644332213,-0.0499997347345,0.));
#4961=CARTESIAN_POINT('',(0.,0.0455997347345,0.));
#4962=CARTESIAN_POINT('',(0.,-0.0455997347345,0.));
#4963=CARTESIAN_POINT('',(0.,-0.180708223422795,0.));
#4964=CARTESIAN_POINT('',(-0.170185892735451,-0.015,0.0407647140777139));
#4965=CARTESIAN_POINT('',(0.,0.141068873104853,0.));
#4966=CARTESIAN_POINT('',(-0.159505123974601,0.,0.0719938568618685));
#4967=CARTESIAN_POINT('',(0.,-0.141068873104851,0.));
#4968=CARTESIAN_POINT('',(0.,0.180708223422791,0.));
#4969=CARTESIAN_POINT('',(-0.170185892735451,0.015,0.040764714077714));
#4970=CARTESIAN_POINT('',(0.,0.015,0.));
#4971=CARTESIAN_POINT('',(-0.174931836475719,0.015,0.00488391105900683));
#4972=CARTESIAN_POINT('',(-0.174931836475719,-0.0455997347345,0.00488391105900684));
#4973=CARTESIAN_POINT('',(-0.174931836475719,-0.015,0.00488391105900685));
#4974=CARTESIAN_POINT('',(0.,-0.015,0.));
#4975=CARTESIAN_POINT('',(0.,-0.0455997347345,0.));
#4976=CARTESIAN_POINT('',(0.,0.141068873104851,0.));
#4977=CARTESIAN_POINT('',(-0.102138560964856,0.,0.142101070946099));
#4978=CARTESIAN_POINT('',(0.,-0.141068873104851,0.));
#4979=CARTESIAN_POINT('',(0.,0.18070822342279,0.));
#4980=CARTESIAN_POINT('',(-0.127002949435777,0.015,0.120396224337034));
#4981=CARTESIAN_POINT('',(0.,0.015,0.));
#4982=CARTESIAN_POINT('',(-0.149053458789135,0.015,0.0916955092847833));
#4983=CARTESIAN_POINT('',(-0.149053458789135,-0.0455997347345,0.0916955092847833));
#4984=CARTESIAN_POINT('',(-0.149053458789135,-0.015,0.0916955092847833));
#4985=CARTESIAN_POINT('',(0.,-0.015,0.));
#4986=CARTESIAN_POINT('',(-0.127002949435777,-0.015,0.120396224337034));
#4987=CARTESIAN_POINT('',(0.,-0.180708223422793,0.));
#4988=CARTESIAN_POINT('',(0.,-0.0455997347345,0.));
#4989=CARTESIAN_POINT('',(0.,-0.180708223422794,0.));
#4990=CARTESIAN_POINT('',(-0.049789668398416,-0.015,0.16776766351349));
#4991=CARTESIAN_POINT('',(0.,0.141068873104851,0.));
#4992=CARTESIAN_POINT('',(-0.0174040530285018,0.,0.174132417826725));
#4993=CARTESIAN_POINT('',(0.,-0.141068873104851,0.));
#4994=CARTESIAN_POINT('',(0.,0.180708223422791,0.));
#4995=CARTESIAN_POINT('',(-0.0497896683984159,0.015,0.16776766351349));
#4996=CARTESIAN_POINT('',(0.,0.015,0.));
#4997=CARTESIAN_POINT('',(-0.0832363271909358,0.015,0.153937369848141));
#4998=CARTESIAN_POINT('',(-0.0832363271909357,-0.0455997347345,0.153937369848141));
#4999=CARTESIAN_POINT('',(-0.0832363271909358,-0.015,0.153937369848141));
#5000=CARTESIAN_POINT('',(0.,-0.015,0.));
#5001=CARTESIAN_POINT('',(0.,-0.0455997347345,0.));
#5002=CARTESIAN_POINT('',(0.,-0.180708223422794,0.));
#5003=CARTESIAN_POINT('',(0.0407647140777138,-0.015,0.170185892735451));
#5004=CARTESIAN_POINT('',(0.,0.141068873104852,0.));
#5005=CARTESIAN_POINT('',(0.0719938568618684,0.,0.159505123974601));
#5006=CARTESIAN_POINT('',(0.,-0.141068873104851,0.));
#5007=CARTESIAN_POINT('',(0.,0.18070822342279,0.));
#5008=CARTESIAN_POINT('',(0.0407647140777138,0.015,0.170185892735451));
#5009=CARTESIAN_POINT('',(0.,0.015,0.));
#5010=CARTESIAN_POINT('',(0.00488391105900694,0.015,0.174931836475719));
#5011=CARTESIAN_POINT('',(0.00488391105900697,-0.0455997347345,0.174931836475719));
#5012=CARTESIAN_POINT('',(0.00488391105900697,-0.015,0.174931836475719));
#5013=CARTESIAN_POINT('',(0.,-0.015,0.));
#5014=CARTESIAN_POINT('',(0.,-0.0455997347345,0.));
#5015=CARTESIAN_POINT('',(0.,-0.180708223422793,0.));
#5016=CARTESIAN_POINT('',(0.120396224337034,-0.015,0.127002949435777));
#5017=CARTESIAN_POINT('',(0.,0.141068873104851,0.));
#5018=CARTESIAN_POINT('',(0.142101070946099,0.,0.102138560964856));
#5019=CARTESIAN_POINT('',(0.,-0.141068873104851,0.));
#5020=CARTESIAN_POINT('',(0.,0.18070822342279,0.));
#5021=CARTESIAN_POINT('',(0.120396224337035,0.015,0.127002949435777));
#5022=CARTESIAN_POINT('',(0.,0.015,0.));
#5023=CARTESIAN_POINT('',(0.0916955092847834,0.015,0.149053458789135));
#5024=CARTESIAN_POINT('',(0.0916955092847833,-0.0455997347345,0.149053458789135));
#5025=CARTESIAN_POINT('',(0.0916955092847834,-0.015,0.149053458789135));
#5026=CARTESIAN_POINT('',(0.,-0.015,0.));
#5027=CARTESIAN_POINT('',(0.,-0.0455997347345,0.));
#5028=CARTESIAN_POINT('',(0.,-0.180708223422795,0.));
#5029=CARTESIAN_POINT('',(0.16776766351349,-0.015,0.049789668398416));
#5030=CARTESIAN_POINT('',(0.,0.141068873104853,0.));
#5031=CARTESIAN_POINT('',(0.174132417826725,0.,0.0174040530285018));
#5032=CARTESIAN_POINT('',(0.,-0.141068873104851,0.));
#5033=CARTESIAN_POINT('',(0.,0.180708223422791,0.));
#5034=CARTESIAN_POINT('',(0.16776766351349,0.015,0.049789668398416));
#5035=CARTESIAN_POINT('',(0.,0.015,0.));
#5036=CARTESIAN_POINT('',(0.153937369848142,0.015,0.0832363271909357));
#5037=CARTESIAN_POINT('',(0.153937369848142,-0.0455997347345,0.0832363271909357));
#5038=CARTESIAN_POINT('',(0.153937369848142,-0.015,0.0832363271909356));
#5039=CARTESIAN_POINT('',(0.,-0.015,0.));
#5040=CARTESIAN_POINT('',(0.,-0.0455997347345,0.));
#5041=CARTESIAN_POINT('',(0.,-0.180708223422794,0.));
#5042=CARTESIAN_POINT('',(0.170185892735451,-0.015,-0.0407647140777138));
#5043=CARTESIAN_POINT('',(0.,0.141068873104852,0.));
#5044=CARTESIAN_POINT('',(0.159505123974601,0.,-0.0719938568618684));
#5045=CARTESIAN_POINT('',(0.,-0.141068873104851,0.));
#5046=CARTESIAN_POINT('',(0.,0.180708223422791,0.));
#5047=CARTESIAN_POINT('',(0.170185892735451,0.015,-0.0407647140777138));
#5048=CARTESIAN_POINT('',(0.,0.015,0.));
#5049=CARTESIAN_POINT('',(0.174931836475719,0.015,-0.00488391105900694));
#5050=CARTESIAN_POINT('',(0.174931836475719,-0.0455997347345,-0.00488391105900693));
#5051=CARTESIAN_POINT('',(0.174931836475719,-0.015,-0.00488391105900694));
#5052=CARTESIAN_POINT('',(0.,-0.015,0.));
#5053=CARTESIAN_POINT('',(0.,-0.0455997347345,0.));
#5054=CARTESIAN_POINT('',(0.,-0.180708223422791,0.));
#5055=CARTESIAN_POINT('',(0.127002949435777,-0.015,-0.120396224337034));
#5056=CARTESIAN_POINT('',(0.,0.141068873104849,0.));
#5057=CARTESIAN_POINT('',(0.102138560964857,0.,-0.142101070946099));
#5058=CARTESIAN_POINT('',(0.,-0.141068873104851,0.));
#5059=CARTESIAN_POINT('',(0.,0.18070822342279,0.));
#5060=CARTESIAN_POINT('',(0.127002949435777,0.015,-0.120396224337034));
#5061=CARTESIAN_POINT('',(0.,0.015,0.));
#5062=CARTESIAN_POINT('',(0.149053458789134,0.015,-0.0916955092847835));
#5063=CARTESIAN_POINT('',(0.149053458789135,-0.0455997347345,-0.0916955092847833));
#5064=CARTESIAN_POINT('',(0.149053458789134,-0.015,-0.0916955092847835));
#5065=CARTESIAN_POINT('',(0.,-0.015,0.));
#5066=CARTESIAN_POINT('',(0.,-0.0455997347345,0.));
#5067=CARTESIAN_POINT('',(0.,-0.180708223422793,0.));
#5068=CARTESIAN_POINT('',(0.0497896683984159,-0.015,-0.16776766351349));
#5069=CARTESIAN_POINT('',(0.,0.14106887310485,0.));
#5070=CARTESIAN_POINT('',(0.0174040530285018,0.,-0.174132417826725));
#5071=CARTESIAN_POINT('',(0.,-0.141068873104851,0.));
#5072=CARTESIAN_POINT('',(0.,0.18070822342279,0.));
#5073=CARTESIAN_POINT('',(0.0497896683984159,0.015,-0.16776766351349));
#5074=CARTESIAN_POINT('',(0.,0.015,0.));
#5075=CARTESIAN_POINT('',(0.0832363271909358,0.015,-0.153937369848141));
#5076=CARTESIAN_POINT('',(0.0832363271909357,-0.0455997347345,-0.153937369848141));
#5077=CARTESIAN_POINT('',(0.0832363271909357,-0.015,-0.153937369848141));
#5078=CARTESIAN_POINT('',(0.,-0.015,0.));
#5079=CARTESIAN_POINT('',(0.,-0.0455997347345,0.));
#5080=CARTESIAN_POINT('',(0.,-0.180708223422794,0.));
#5081=CARTESIAN_POINT('',(-0.0407647140777139,-0.015,-0.170185892735451));
#5082=CARTESIAN_POINT('',(0.,0.141068873104852,0.));
#5083=CARTESIAN_POINT('',(-0.0719938568618684,0.,-0.159505123974601));
#5084=CARTESIAN_POINT('',(0.,-0.141068873104851,0.));
#5085=CARTESIAN_POINT('',(0.,0.18070822342279,0.));
#5086=CARTESIAN_POINT('',(-0.040764714077714,0.015,-0.170185892735451));
#5087=CARTESIAN_POINT('',(0.,0.015,0.));
#5088=CARTESIAN_POINT('',(-0.00488391105900694,0.015,-0.174931836475719));
#5089=CARTESIAN_POINT('',(-0.00488391105900693,-0.0455997347345,-0.174931836475719));
#5090=CARTESIAN_POINT('',(-0.00488391105900694,-0.015,-0.174931836475719));
#5091=CARTESIAN_POINT('',(0.,-0.015,0.));
#5092=CARTESIAN_POINT('',(0.,-0.0455997347345,0.));
#5093=CARTESIAN_POINT('',(0.,-0.180708223422792,0.));
#5094=CARTESIAN_POINT('',(-0.120396224337035,-0.015,-0.127002949435777));
#5095=CARTESIAN_POINT('',(0.,0.141068873104849,0.));
#5096=CARTESIAN_POINT('',(-0.142101070946099,0.,-0.102138560964856));
#5097=CARTESIAN_POINT('',(0.,-0.141068873104851,0.));
#5098=CARTESIAN_POINT('',(0.,0.180708223422791,0.));
#5099=CARTESIAN_POINT('',(-0.120396224337035,0.015,-0.127002949435777));
#5100=CARTESIAN_POINT('',(0.,0.015,0.));
#5101=CARTESIAN_POINT('',(-0.0916955092847835,0.015,-0.149053458789135));
#5102=CARTESIAN_POINT('',(-0.0916955092847833,-0.0455997347345,-0.149053458789135));
#5103=CARTESIAN_POINT('',(-0.0916955092847835,-0.015,-0.149053458789135));
#5104=CARTESIAN_POINT('',(0.,-0.015,0.));
#5105=CARTESIAN_POINT('',(0.,-0.0455997347345,0.));
#5106=CARTESIAN_POINT('',(0.,-0.180708223422795,0.));
#5107=CARTESIAN_POINT('',(-0.16776766351349,-0.015,-0.0497896683984159));
#5108=CARTESIAN_POINT('',(0.,0.141068873104852,0.));
#5109=CARTESIAN_POINT('',(-0.174132417826725,0.,-0.0174040530285018));
#5110=CARTESIAN_POINT('',(0.,-0.141068873104851,0.));
#5111=CARTESIAN_POINT('',(0.,0.180708223422791,0.));
#5112=CARTESIAN_POINT('',(-0.16776766351349,0.015,-0.0497896683984159));
#5113=CARTESIAN_POINT('',(0.,0.015,0.));
#5114=CARTESIAN_POINT('',(-0.153937369848141,0.015,-0.0832363271909358));
#5115=CARTESIAN_POINT('',(-0.153937369848141,-0.0455997347345,-0.0832363271909357));
#5116=CARTESIAN_POINT('',(-0.153937369848141,-0.015,-0.0832363271909358));
#5117=CARTESIAN_POINT('',(0.,-0.015,0.));
#5118=CARTESIAN_POINT('',(-0.144055786773484,0.,-0.0497362071038037));
#5119=CARTESIAN_POINT('',(-0.149561264145722,-0.015,-0.0476551440043426));
#5120=CARTESIAN_POINT('',(-0.144934979037444,-0.015,-0.047112756780044));
#5121=CARTESIAN_POINT('',(0.,-0.180708223422795,0.));
#5122=CARTESIAN_POINT('',(-0.123783957906979,-0.015,0.108238514769873));
#5123=CARTESIAN_POINT('',(-0.131982271536748,-0.015,-0.0762));
#5124=CARTESIAN_POINT('',(-0.131982271536748,-0.015,-0.0762));
#5125=CARTESIAN_POINT('',(0.,-0.015,0.));
#5126=CARTESIAN_POINT('',(-0.131982271536748,0.,-0.0762));
#5127=CARTESIAN_POINT('',(-0.131982271536748,0.015,-0.0762));
#5128=CARTESIAN_POINT('',(-0.131982271536748,0.015,-0.0762));
#5129=CARTESIAN_POINT('',(-0.131982271536748,0.,-0.0762));
#5130=CARTESIAN_POINT('',(-0.123783957906979,0.015,0.108238514769873));
#5131=CARTESIAN_POINT('',(-0.149561264145722,0.015,-0.0476551440043426));
#5132=CARTESIAN_POINT('',(-0.144934979037444,0.015,-0.047112756780044));
#5133=CARTESIAN_POINT('',(0.,0.015,0.));
#5134=CARTESIAN_POINT('',(-0.149624074459894,0.,0.0289550745469641));
#5135=CARTESIAN_POINT('',(-0.153787584220229,-0.015,0.0336980247522776));
#5136=CARTESIAN_POINT('',(-0.149073752133414,-0.015,0.0316666453048866));
#5137=CARTESIAN_POINT('',(0.,-0.180708223422795,0.));
#5138=CARTESIAN_POINT('',(-0.123783957906979,-0.015,0.108238514769873));
#5139=CARTESIAN_POINT('',(-0.1524,-0.015,-7.99360577730113E-17));
#5140=CARTESIAN_POINT('',(-0.1524,-0.015,-8.21565038222616E-17));
#5141=CARTESIAN_POINT('',(0.,-0.015,0.));
#5142=CARTESIAN_POINT('',(-0.1524,0.,-7.99360577730113E-17));
#5143=CARTESIAN_POINT('',(-0.1524,0.015,-7.99360577730113E-17));
#5144=CARTESIAN_POINT('',(-0.1524,0.015,-8.21565038222616E-17));
#5145=CARTESIAN_POINT('',(-0.1524,0.,-7.99360577730113E-17));
#5146=CARTESIAN_POINT('',(-0.123783957906979,0.015,0.108238514769873));
#5147=CARTESIAN_POINT('',(-0.153787584220229,0.015,0.0336980247522777));
#5148=CARTESIAN_POINT('',(-0.149073752133414,0.015,0.0316666453048866));
#5149=CARTESIAN_POINT('',(0.,0.015,0.));
#5150=CARTESIAN_POINT('',(-0.0497362071038037,0.,0.144055786773484));
#5151=CARTESIAN_POINT('',(-0.0476551440043427,-0.015,0.149561264145722));
#5152=CARTESIAN_POINT('',(-0.0471127567800441,-0.015,0.144934979037444));
#5153=CARTESIAN_POINT('',(0.,-0.180708223422794,0.));
#5154=CARTESIAN_POINT('',(-0.123783957906979,-0.015,0.108238514769873));
#5155=CARTESIAN_POINT('',(-0.0762,-0.015,0.131982271536748));
#5156=CARTESIAN_POINT('',(-0.0762,-0.015,0.131982271536748));
#5157=CARTESIAN_POINT('',(0.,-0.015,0.));
#5158=CARTESIAN_POINT('',(-0.0762,0.,0.131982271536748));
#5159=CARTESIAN_POINT('',(-0.0762,0.015,0.131982271536748));
#5160=CARTESIAN_POINT('',(-0.0762,0.015,0.131982271536748));
#5161=CARTESIAN_POINT('',(-0.0762,0.,0.131982271536748));
#5162=CARTESIAN_POINT('',(-0.123783957906979,0.015,0.108238514769873));
#5163=CARTESIAN_POINT('',(-0.0476551440043426,0.015,0.149561264145722));
#5164=CARTESIAN_POINT('',(-0.0471127567800441,0.015,0.144934979037444));
#5165=CARTESIAN_POINT('',(0.,0.015,0.));
#5166=CARTESIAN_POINT('',(0.0289550745469641,0.,0.149624074459894));
#5167=CARTESIAN_POINT('',(0.0336980247522776,-0.015,0.153787584220229));
#5168=CARTESIAN_POINT('',(0.0316666453048866,-0.015,0.149073752133414));
#5169=CARTESIAN_POINT('',(0.,-0.180708223422794,0.));
#5170=CARTESIAN_POINT('',(-0.123783957906979,-0.015,0.108238514769873));
#5171=CARTESIAN_POINT('',(2.66453525910038E-17,-0.015,0.1524));
#5172=CARTESIAN_POINT('',(3.06737398278615E-17,-0.015,0.1524));
#5173=CARTESIAN_POINT('',(0.,-0.015,0.));
#5174=CARTESIAN_POINT('',(2.66453525910038E-17,0.,0.1524));
#5175=CARTESIAN_POINT('',(2.66453525910038E-17,0.015,0.1524));
#5176=CARTESIAN_POINT('',(6.9514624183328E-18,0.015,0.1524));
#5177=CARTESIAN_POINT('',(2.22044604925031E-17,0.,0.1524));
#5178=CARTESIAN_POINT('',(-0.123783957906979,0.015,0.108238514769873));
#5179=CARTESIAN_POINT('',(0.0336980247522776,0.015,0.153787584220229));
#5180=CARTESIAN_POINT('',(0.0316666453048865,0.0149999999999998,0.149073752133414));
#5181=CARTESIAN_POINT('',(0.,0.015,0.));
#5182=CARTESIAN_POINT('',(0.0998878673560898,0.,0.11510071222652));
#5183=CARTESIAN_POINT('',(0.106270779267734,-0.015,0.116479209273087));
#5184=CARTESIAN_POINT('',(0.10196099535337,-0.015,0.113268333732558));
#5185=CARTESIAN_POINT('',(0.,-0.180708223422793,0.));
#5186=CARTESIAN_POINT('',(-0.123783957906979,-0.015,0.108238514769873));
#5187=CARTESIAN_POINT('',(0.0762,-0.015,0.131982271536748));
#5188=CARTESIAN_POINT('',(0.0762,-0.015,0.131982271536748));
#5189=CARTESIAN_POINT('',(0.,-0.015,0.));
#5190=CARTESIAN_POINT('',(0.0762,0.,0.131982271536748));
#5191=CARTESIAN_POINT('',(0.0762,0.015,0.131982271536748));
#5192=CARTESIAN_POINT('',(0.0762,0.015,0.131982271536748));
#5193=CARTESIAN_POINT('',(0.0762,0.,0.131982271536748));
#5194=CARTESIAN_POINT('',(-0.123783957906979,0.015,0.108238514769873));
#5195=CARTESIAN_POINT('',(0.106270779267734,0.015,0.116479209273087));
#5196=CARTESIAN_POINT('',(0.10196099535337,0.015,0.113268333732558));
#5197=CARTESIAN_POINT('',(0.,0.015,0.));
#5198=CARTESIAN_POINT('',(0.144055786773484,0.,0.0497362071038037));
#5199=CARTESIAN_POINT('',(0.149561264145722,-0.015,0.0476551440043427));
#5200=CARTESIAN_POINT('',(0.144934979037444,-0.015,0.0471127567800441));
#5201=CARTESIAN_POINT('',(0.,-0.180708223422795,0.));
#5202=CARTESIAN_POINT('',(-0.123783957906979,-0.015,0.108238514769873));
#5203=CARTESIAN_POINT('',(0.131982271536749,-0.015,0.0762));
#5204=CARTESIAN_POINT('',(0.131982271536749,-0.015,0.0762));
#5205=CARTESIAN_POINT('',(0.,-0.015,0.));
#5206=CARTESIAN_POINT('',(0.131982271536749,0.,0.0762));
#5207=CARTESIAN_POINT('',(0.131982271536749,0.015,0.0762));
#5208=CARTESIAN_POINT('',(0.131982271536749,0.015,0.0762));
#5209=CARTESIAN_POINT('',(0.131982271536748,0.,0.0762));
#5210=CARTESIAN_POINT('',(-0.123783957906979,0.015,0.108238514769873));
#5211=CARTESIAN_POINT('',(0.149561264145722,0.015,0.0476551440043426));
#5212=CARTESIAN_POINT('',(0.144934979037444,0.015,0.047112756780044));
#5213=CARTESIAN_POINT('',(0.,0.015,0.));
#5214=CARTESIAN_POINT('',(0.149624074459894,0.,-0.0289550745469641));
#5215=CARTESIAN_POINT('',(0.153787584220229,-0.015,-0.0336980247522776));
#5216=CARTESIAN_POINT('',(0.149073752133414,-0.015,-0.0316666453048866));
#5217=CARTESIAN_POINT('',(0.,-0.180708223422794,0.));
#5218=CARTESIAN_POINT('',(-0.123783957906979,-0.015,0.108238514769873));
#5219=CARTESIAN_POINT('',(0.1524,-0.015,0.));
#5220=CARTESIAN_POINT('',(0.1524,-0.015,1.48029736616688E-18));
#5221=CARTESIAN_POINT('',(0.,-0.015,0.));
#5222=CARTESIAN_POINT('',(0.1524,0.,0.));
#5223=CARTESIAN_POINT('',(0.1524,0.015,0.));
#5224=CARTESIAN_POINT('',(0.1524,0.015,1.48029736616688E-18));
#5225=CARTESIAN_POINT('',(0.1524,0.,4.44089209850063E-18));
#5226=CARTESIAN_POINT('',(-0.123783957906979,0.015,0.108238514769873));
#5227=CARTESIAN_POINT('',(0.154507656266867,0.015,-0.0340083326990268));
#5228=CARTESIAN_POINT('',(0.149073752133414,0.015,-0.0316666453048865));
#5229=CARTESIAN_POINT('',(0.,0.015,0.));
#5230=CARTESIAN_POINT('',(0.11510071222652,0.,-0.0998878673560898));
#5231=CARTESIAN_POINT('',(0.116479209273087,-0.015,-0.106270779267734));
#5232=CARTESIAN_POINT('',(0.113268333732558,-0.015,-0.10196099535337));
#5233=CARTESIAN_POINT('',(0.,-0.180708223422792,0.));
#5234=CARTESIAN_POINT('',(-0.123783957906979,-0.015,0.108238514769873));
#5235=CARTESIAN_POINT('',(0.131982271536748,-0.015,-0.0762));
#5236=CARTESIAN_POINT('',(0.131982271536748,-0.015,-0.0762));
#5237=CARTESIAN_POINT('',(0.,-0.015,0.));
#5238=CARTESIAN_POINT('',(0.131982271536748,0.,-0.0762));
#5239=CARTESIAN_POINT('',(0.131982271536748,0.015,-0.0762));
#5240=CARTESIAN_POINT('',(0.131982271536748,0.015,-0.0762));
#5241=CARTESIAN_POINT('',(0.131982271536748,0.,-0.0762));
#5242=CARTESIAN_POINT('',(-0.123783957906979,0.015,0.108238514769873));
#5243=CARTESIAN_POINT('',(0.116947655984656,0.015,-0.106899549855934));
#5244=CARTESIAN_POINT('',(0.113268333732558,0.015,-0.10196099535337));
#5245=CARTESIAN_POINT('',(0.,0.015,0.));
#5246=CARTESIAN_POINT('',(0.0497362071038037,0.,-0.144055786773484));
#5247=CARTESIAN_POINT('',(0.0476551440043427,-0.015,-0.149561264145722));
#5248=CARTESIAN_POINT('',(0.047112756780044,-0.015,-0.144934979037444));
#5249=CARTESIAN_POINT('',(0.,-0.180708223422793,0.));
#5250=CARTESIAN_POINT('',(-0.123783957906979,-0.015,0.108238514769873));
#5251=CARTESIAN_POINT('',(0.0762,-0.015,-0.131982271536748));
#5252=CARTESIAN_POINT('',(0.0762,-0.015,-0.131982271536748));
#5253=CARTESIAN_POINT('',(0.,-0.015,0.));
#5254=CARTESIAN_POINT('',(0.0762,0.,-0.131982271536748));
#5255=CARTESIAN_POINT('',(0.0762,0.015,-0.131982271536748));
#5256=CARTESIAN_POINT('',(0.0762,0.015,-0.131982271536748));
#5257=CARTESIAN_POINT('',(0.0762,0.,-0.131982271536748));
#5258=CARTESIAN_POINT('',(-0.123783957906979,0.015,0.108238514769873));
#5259=CARTESIAN_POINT('',(0.0477464454627804,0.015,-0.15034001880404));
#5260=CARTESIAN_POINT('',(0.0471127567800439,0.015,-0.144934979037444));
#5261=CARTESIAN_POINT('',(0.,0.015,0.));
#5262=CARTESIAN_POINT('',(-0.0289550745469641,0.,-0.149624074459894));
#5263=CARTESIAN_POINT('',(-0.0336980247522776,-0.015,-0.153787584220229));
#5264=CARTESIAN_POINT('',(-0.0316666453048866,-0.015,-0.149073752133414));
#5265=CARTESIAN_POINT('',(0.,-0.180708223422794,0.));
#5266=CARTESIAN_POINT('',(-0.123783957906979,-0.015,0.108238514769873));
#5267=CARTESIAN_POINT('',(0.,-0.015,-0.1524));
#5268=CARTESIAN_POINT('',(-7.85151124333596E-18,-0.015,-0.1524));
#5269=CARTESIAN_POINT('',(0.,-0.015,0.));
#5270=CARTESIAN_POINT('',(0.,0.,-0.1524));
#5271=CARTESIAN_POINT('',(0.,0.015,-0.1524));
#5272=CARTESIAN_POINT('',(4.59090023600115E-18,0.015,-0.1524));
#5273=CARTESIAN_POINT('',(4.44089209850063E-18,0.,-0.1524));
#5274=CARTESIAN_POINT('',(-0.123783957906979,0.015,0.108238514769873));
#5275=CARTESIAN_POINT('',(-0.0336980247522777,0.015,-0.153787584220229));
#5276=CARTESIAN_POINT('',(-0.0316666453048867,0.015,-0.149073752133414));
#5277=CARTESIAN_POINT('',(0.,0.015,0.));
#5278=CARTESIAN_POINT('',(-0.0998878673560898,0.,-0.11510071222652));
#5279=CARTESIAN_POINT('',(-0.106270779267734,-0.015,-0.116479209273087));
#5280=CARTESIAN_POINT('',(-0.10196099535337,-0.015,-0.113268333732558));
#5281=CARTESIAN_POINT('',(0.,-0.180708223422792,0.));
#5282=CARTESIAN_POINT('',(-0.123783957906979,-0.015,0.108238514769873));
#5283=CARTESIAN_POINT('',(-0.0762,-0.015,-0.131982271536748));
#5284=CARTESIAN_POINT('',(-0.0762,-0.015,-0.131982271536748));
#5285=CARTESIAN_POINT('',(0.,-0.015,0.));
#5286=CARTESIAN_POINT('',(-0.0762,0.,-0.131982271536748));
#5287=CARTESIAN_POINT('',(-0.0762,0.015,-0.131982271536748));
#5288=CARTESIAN_POINT('',(-0.0762,0.015,-0.131982271536748));
#5289=CARTESIAN_POINT('',(-0.0762,0.,-0.131982271536748));
#5290=CARTESIAN_POINT('',(-0.123783957906979,0.015,0.108238514769873));
#5291=CARTESIAN_POINT('',(-0.106899549855934,0.015,-0.116947655984656));
#5292=CARTESIAN_POINT('',(-0.10196099535337,0.015,-0.113268333732558));
#5293=CARTESIAN_POINT('',(0.,0.015,0.));
#5294=CARTESIAN_POINT('',(-0.11510071222652,0.,0.0998878673560898));
#5295=CARTESIAN_POINT('',(0.,0.18070822342279,0.));
#5296=CARTESIAN_POINT('',(-0.113268333732558,0.015,0.10196099535337));
#5297=CARTESIAN_POINT('',(-0.116479209273087,0.015,0.106270779267734));
#5298=CARTESIAN_POINT('',(-0.104094045673889,0.,0.144143226185771));
#5299=CARTESIAN_POINT('',(-0.0863290324651858,0.,0.125590836264534));
#5300=CARTESIAN_POINT('',(-0.0863290324651858,0.,0.125590836264534));
#5301=CARTESIAN_POINT('',(0.,-0.141068873104851,0.));
#5302=CARTESIAN_POINT('',(-0.0795650417558734,-0.0455997347345,0.129981399170751));
#5303=CARTESIAN_POINT('',(0.,0.141068873104851,0.));
#5304=CARTESIAN_POINT('',(0.104094045673889,0.,-0.144143226185771));
#5305=CARTESIAN_POINT('',(0.,0.141068873104849,0.));
#5306=CARTESIAN_POINT('',(0.0863290324651859,0.,-0.125590836264534));
#5307=CARTESIAN_POINT('',(0.0863290324651859,0.,-0.125590836264534));
#5308=CARTESIAN_POINT('',(0.,0.,0.));
#5309=CARTESIAN_POINT('',(0.,0.18070822342279,0.));
#5310=CARTESIAN_POINT('',(0.,-0.141068873104851,0.));
#5311=CARTESIAN_POINT('',(0.162219701029171,0.,-0.0727846728233793));
#5312=CARTESIAN_POINT('',(0.,0.141068873104852,0.));
#5313=CARTESIAN_POINT('',(0.137558553331249,0.,-0.0656003384550251));
#5314=CARTESIAN_POINT('',(0.137558553331249,0.,-0.0656003384550252));
#5315=CARTESIAN_POINT('',(0.,0.,0.));
#5316=CARTESIAN_POINT('',(0.,0.18070822342279,0.));
#5317=CARTESIAN_POINT('',(0.,-0.141068873104851,0.));
#5318=CARTESIAN_POINT('',(0.176878718497268,0.,0.0180764748434003));
#5319=CARTESIAN_POINT('',(0.,0.141068873104853,0.));
#5320=CARTESIAN_POINT('',(0.151929370920211,0.,0.0119677170667157));
#5321=CARTESIAN_POINT('',(0.151929370920211,0.,0.0119677170667157));
#5322=CARTESIAN_POINT('',(0.,0.,0.));
#5323=CARTESIAN_POINT('',(0.,0.180708223422791,0.));
#5324=CARTESIAN_POINT('',(0.,-0.141068873104851,0.));
#5325=CARTESIAN_POINT('',(0.144143226185771,0.,0.104094045673889));
#5326=CARTESIAN_POINT('',(0.,0.141068873104851,0.));
#5327=CARTESIAN_POINT('',(0.125590836264534,0.,0.0863290324651858));
#5328=CARTESIAN_POINT('',(0.125590836264534,0.,0.0863290324651858));
#5329=CARTESIAN_POINT('',(0.,0.,0.));
#5330=CARTESIAN_POINT('',(0.,0.180708223422791,0.));
#5331=CARTESIAN_POINT('',(0.,-0.141068873104851,0.));
#5332=CARTESIAN_POINT('',(0.0727846728233793,0.,0.162219701029171));
#5333=CARTESIAN_POINT('',(0.,0.141068873104852,0.));
#5334=CARTESIAN_POINT('',(0.0656003384550252,0.,0.137558553331249));
#5335=CARTESIAN_POINT('',(0.0656003384550252,0.,0.137558553331249));
#5336=CARTESIAN_POINT('',(0.,0.,0.));
#5337=CARTESIAN_POINT('',(0.,0.18070822342279,0.));
#5338=CARTESIAN_POINT('',(0.,-0.141068873104851,0.));
#5339=CARTESIAN_POINT('',(-0.0180764748434003,0.,0.176878718497268));
#5340=CARTESIAN_POINT('',(0.,0.141068873104851,0.));
#5341=CARTESIAN_POINT('',(-0.0119677170667157,0.,0.151929370920211));
#5342=CARTESIAN_POINT('',(-0.0119677170667157,0.,0.151929370920211));
#5343=CARTESIAN_POINT('',(0.,0.,0.));
#5344=CARTESIAN_POINT('',(0.,0.180708223422791,0.));
#5345=CARTESIAN_POINT('',(0.,-0.141068873104851,0.));
#5346=CARTESIAN_POINT('',(-0.124780505598124,-0.0455997347345,0.126659644017645));
#5347=CARTESIAN_POINT('',(-0.124619863258752,-0.015,0.117197537143263));
#5348=CARTESIAN_POINT('',(-0.113268333732558,-0.015,0.10196099535337));
#5349=CARTESIAN_POINT('',(0.,-0.180708223422793,0.));
#5350=CARTESIAN_POINT('',(0.,0.,0.));
#5351=CARTESIAN_POINT('',(0.,-0.015,0.));
#5352=CARTESIAN_POINT('',(-0.131982271536748,-0.015,0.0762));
#5353=CARTESIAN_POINT('',(-0.131982271536748,0.,0.0762));
#5354=CARTESIAN_POINT('',(-0.131982271536748,0.015,0.0762));
#5355=CARTESIAN_POINT('',(0.,0.015,0.));
#5356=CARTESIAN_POINT('',(0.,-0.141068873104851,0.));
#5357=CARTESIAN_POINT('',(-0.137558553331249,0.,0.0656003384550251));
#5358=CARTESIAN_POINT('',(0.,0.141068873104853,0.));
#5359=CARTESIAN_POINT('',(0.,0.,0.));
#5360=CARTESIAN_POINT('',(0.,0.180708223422791,0.));
#5361=CARTESIAN_POINT('',(-0.162219701029171,0.,0.0727846728233794));
#5362=CARTESIAN_POINT('',(-0.137558553331249,0.,0.0656003384550252));
#5363=CARTESIAN_POINT('',(-0.176878718497268,0.,-0.0180764748434002));
#5364=CARTESIAN_POINT('',(0.,0.141068873104852,0.));
#5365=CARTESIAN_POINT('',(-0.151929370920211,0.,-0.0119677170667156));
#5366=CARTESIAN_POINT('',(-0.151929370920211,0.,-0.0119677170667156));
#5367=CARTESIAN_POINT('',(0.,0.,0.));
#5368=CARTESIAN_POINT('',(0.,0.180708223422791,0.));
#5369=CARTESIAN_POINT('',(0.,-0.141068873104851,0.));
#5370=CARTESIAN_POINT('',(-0.144143226185771,0.,-0.104094045673889));
#5371=CARTESIAN_POINT('',(0.,0.141068873104849,0.));
#5372=CARTESIAN_POINT('',(-0.125590836264534,0.,-0.0863290324651858));
#5373=CARTESIAN_POINT('',(-0.125590836264534,0.,-0.0863290324651858));
#5374=CARTESIAN_POINT('',(0.,0.,0.));
#5375=CARTESIAN_POINT('',(0.,0.180708223422791,0.));
#5376=CARTESIAN_POINT('',(0.,-0.141068873104851,0.));
#5377=CARTESIAN_POINT('',(-0.0727846728233793,0.,-0.162219701029171));
#5378=CARTESIAN_POINT('',(0.,0.141068873104852,0.));
#5379=CARTESIAN_POINT('',(-0.0656003384550252,0.,-0.137558553331249));
#5380=CARTESIAN_POINT('',(-0.0656003384550252,0.,-0.137558553331249));
#5381=CARTESIAN_POINT('',(0.,0.,0.));
#5382=CARTESIAN_POINT('',(0.,0.180708223422791,0.));
#5383=CARTESIAN_POINT('',(0.,-0.141068873104851,0.));
#5384=CARTESIAN_POINT('',(0.0180764748434003,0.,-0.176878718497268));
#5385=CARTESIAN_POINT('',(0.,0.14106887310485,0.));
#5386=CARTESIAN_POINT('',(0.0119677170667157,0.,-0.151929370920211));
#5387=CARTESIAN_POINT('',(0.0119677170667157,0.,-0.151929370920211));
#5388=CARTESIAN_POINT('',(-0.176878718497268,0.,-0.0180764748434002));
#5389=CARTESIAN_POINT('',(-0.144055786773484,0.,-0.0497362071038037));
#5390=CARTESIAN_POINT('',(0.,0.,0.));
#5391=CARTESIAN_POINT('',(0.,0.18070822342279,0.));
#5392=CARTESIAN_POINT('',(0.,-0.141068873104851,0.));
#5393=CARTESIAN_POINT('',(-0.162219701029171,0.,0.0727846728233794));
#5394=CARTESIAN_POINT('',(-0.149624074459894,0.,0.0289550745469641));
#5395=CARTESIAN_POINT('',(-0.0180764748434003,0.,0.176878718497268));
#5396=CARTESIAN_POINT('',(-0.0497362071038037,0.,0.144055786773484));
#5397=CARTESIAN_POINT('',(0.0727846728233793,0.,0.162219701029171));
#5398=CARTESIAN_POINT('',(0.0289550745469641,0.,0.149624074459894));
#5399=CARTESIAN_POINT('',(0.144143226185771,0.,0.104094045673889));
#5400=CARTESIAN_POINT('',(0.0998878673560898,0.,0.11510071222652));
#5401=CARTESIAN_POINT('',(0.176878718497268,0.,0.0180764748434003));
#5402=CARTESIAN_POINT('',(0.144055786773484,0.,0.0497362071038037));
#5403=CARTESIAN_POINT('',(0.158769906115836,0.0455997347345,-0.0800309747033521));
#5404=CARTESIAN_POINT('',(0.147806269661601,0.0455997347345,-0.0371357866312559));
#5405=CARTESIAN_POINT('',(0.0974832847011083,0.0455997347345,-0.148693810240651));
#5406=CARTESIAN_POINT('',(0.109436091049931,0.0455997347345,-0.106063669442986));
#5407=CARTESIAN_POINT('',(0.0100760958751853,0.0455997347345,-0.17751425940446));
#5408=CARTESIAN_POINT('',(0.0417426002186142,0.0455997347345,-0.146571877681187));
#5409=CARTESIAN_POINT('',(-0.0289550745469641,0.,-0.149624074459894));
#5410=CARTESIAN_POINT('',(-0.0727846728233793,0.,-0.162219701029171));
#5411=CARTESIAN_POINT('',(-0.148693810240651,0.0455997347345,-0.0974832847011083));
#5412=CARTESIAN_POINT('',(-0.106063669442987,0.0455997347345,-0.109436091049931));
#5413=CARTESIAN_POINT('',(-0.123783957906979,-0.015,0.108238514769873));
#5414=CARTESIAN_POINT('',(-0.131982271536748,-0.015,0.0762));
#5415=CARTESIAN_POINT('',(-0.131982271536748,0.,0.0762));
#5416=CARTESIAN_POINT('',(-0.131982271536748,0.015,0.0762));
#5417=CARTESIAN_POINT('',(-0.123783957906979,0.015,0.108238514769873));
#5418=MECHANICAL_DESIGN_GEOMETRIC_PRESENTATION_REPRESENTATION('',(#3125),
#5419);
#5419=(
GEOMETRIC_REPRESENTATION_CONTEXT(3)
GLOBAL_UNCERTAINTY_ASSIGNED_CONTEXT((#5420))
GLOBAL_UNIT_ASSIGNED_CONTEXT((#5423,#5422,#5421))
REPRESENTATION_CONTEXT('tread','TOP_LEVEL_ASSEMBLY_PART')
);
#5420=UNCERTAINTY_MEASURE_WITH_UNIT(LENGTH_MEASURE(1.E-6),#5423,
'DISTANCE_ACCURACY_VALUE','Maximum Tolerance applied to model');
#5421=(
NAMED_UNIT(*)
SI_UNIT($,.STERADIAN.)
SOLID_ANGLE_UNIT()
);
#5422=(
NAMED_UNIT(*)
PLANE_ANGLE_UNIT()
SI_UNIT($,.RADIAN.)
);
#5423=(
LENGTH_UNIT()
NAMED_UNIT(*)
SI_UNIT($,.METRE.)
);
#5424=PRODUCT_DEFINITION_SHAPE('','',#5425);
#5425=PRODUCT_DEFINITION('','',#5427,#5426);
#5426=PRODUCT_DEFINITION_CONTEXT('',#5433,'design');
#5427=PRODUCT_DEFINITION_FORMATION_WITH_SPECIFIED_SOURCE('','',#5429,
 .NOT_KNOWN.);
#5428=PRODUCT_RELATED_PRODUCT_CATEGORY('','',(#5429));
#5429=PRODUCT('tread','tread','tread',(#5431));
#5430=PRODUCT_CATEGORY('','');
#5431=PRODUCT_CONTEXT('',#5433,'mechanical');
#5432=APPLICATION_PROTOCOL_DEFINITION('international standard',
'ap242_managed_model_based_3d_engineering',2020,#5433);
#5433=APPLICATION_CONTEXT('managed model based 3d engineering');
ENDSEC;
END-ISO-10303-21;
