ISO-10303-21;
HEADER;
/* Generated by software containing ST-Developer
 * from STEP Tools, Inc. (www.steptools.com) 
 */
/* OPTION: using custom renumber hook */

FILE_DESCRIPTION(
/* description */ ('STEP AP242 Edition 2',
'CAx-IF Rec.Pracs.---Representation and Presentation of Product Manufa
cturing Information (PMI)---4.0---2014-10-13',
'CAx-IF Rec.Pracs.---3D Tessellated Geometry---0.4---2014-09-14','2;1',
'CAx-IF Rec.Pracs.---User Defined Attributes---1.5---2016-08-15'),
/* implementation_level */ '2;1');

FILE_NAME(
/* name */ 'Caster - Caster',
/* time_stamp */ '2026-07-09T13:44:26Z',
/* author */ (''),
/* organization */ (''),
/* preprocessor_version */ 'ST-DEVELOPER v20',
/* originating_system */ 'ONSHAPE BY PTC INC, 1.217',
/* authorisation */ '  ');

FILE_SCHEMA (('AP242_MANAGED_MODEL_BASED_3D_ENGINEERING_MIM_LF { 1 0 10303 442 3 1 4 }'));
ENDSEC;

DATA;
#10=SHAPE_REPRESENTATION_RELATIONSHIP('','',#3333,#11);
#11=ADVANCED_BREP_SHAPE_REPRESENTATION('',(#3331),#6021);
#12=DEGENERATE_TOROIDAL_SURFACE('',#3642,0.0530639607126211,0.093063960712621,
 .F.);
#13=(
BOUNDED_SURFACE()
B_SPLINE_SURFACE(3,2,((#5145,#5146,#5147),(#5148,#5149,#5150),(#5151,#5152,
#5153),(#5154,#5155,#5156)),.UNSPECIFIED.,.F.,.F.,.F.)
B_SPLINE_SURFACE_WITH_KNOTS((4,4),(3,3),(0.00713333856294298,0.0103215992560773),
(0.,1.),.PIECEWISE_BEZIER_KNOTS.)
GEOMETRIC_REPRESENTATION_ITEM()
RATIONAL_B_SPLINE_SURFACE(((1.,0.87977667690591,1.),(1.,0.898318835747671,
1.),(1.,0.910226644588624,1.),(1.,0.910226644744521,1.)))
REPRESENTATION_ITEM('')
SURFACE()
);
#14=(
BOUNDED_SURFACE()
B_SPLINE_SURFACE(3,2,((#5158,#5159,#5160),(#5161,#5162,#5163),(#5164,#5165,
#5166),(#5167,#5168,#5169),(#5170,#5171,#5172),(#5173,#5174,#5175),(#5176,
#5177,#5178)),.UNSPECIFIED.,.F.,.F.,.F.)
B_SPLINE_SURFACE_WITH_KNOTS((4,1,1,1,4),(3,3),(7.80625564189563E-18,0.00166439626560148,
0.00332879253120296,0.00499318879680444,0.00665758506240591),(0.,1.),
 .UNSPECIFIED.)
GEOMETRIC_REPRESENTATION_ITEM()
RATIONAL_B_SPLINE_SURFACE(((1.,0.879776676905911,1.),(1.,0.882890943830738,
1.),(1.,0.891776752292043,1.),(1.,0.907128777884665,1.),(1.,0.91287370209128,
1.),(1.,0.903322658662897,1.),(1.,0.894284758236375,1.)))
REPRESENTATION_ITEM('')
SURFACE()
);
#15=(
BOUNDED_SURFACE()
B_SPLINE_SURFACE(3,2,((#5182,#5183,#5184),(#5185,#5186,#5187),(#5188,#5189,
#5190),(#5191,#5192,#5193),(#5194,#5195,#5196),(#5197,#5198,#5199)),
 .UNSPECIFIED.,.F.,.F.,.F.)
B_SPLINE_SURFACE_WITH_KNOTS((4,1,1,4),(3,3),(-3.03576608295941E-18,0.00166364491604184,
0.00332728983208369,0.00665457966416737),(0.,1.),.UNSPECIFIED.)
GEOMETRIC_REPRESENTATION_ITEM()
RATIONAL_B_SPLINE_SURFACE(((1.,0.894284758236368,1.),(1.,0.90331933633184,
1.),(1.,0.912841105306854,1.),(1.,0.905162927597388,1.),(1.,0.886004526374339,
1.),(1.,0.879776676905912,1.)))
REPRESENTATION_ITEM('')
SURFACE()
);
#16=(
BOUNDED_SURFACE()
B_SPLINE_SURFACE(3,2,((#5201,#5202,#5203),(#5204,#5205,#5206),(#5207,#5208,
#5209),(#5210,#5211,#5212)),.UNSPECIFIED.,.F.,.F.,.F.)
B_SPLINE_SURFACE_WITH_KNOTS((4,4),(3,3),(-2.23345647532014E-17,0.00321823288122154),
(0.,1.),.PIECEWISE_BEZIER_KNOTS.)
GEOMETRIC_REPRESENTATION_ITEM()
RATIONAL_B_SPLINE_SURFACE(((1.,0.910226644744521,1.),(1.,0.910226644458117,
1.),(1.,0.898527144631033,1.),(1.,0.879776676905909,1.)))
REPRESENTATION_ITEM('')
SURFACE()
);
#17=(
BOUNDED_SURFACE()
B_SPLINE_SURFACE(3,2,((#5385,#5386,#5387),(#5388,#5389,#5390),(#5391,#5392,
#5393),(#5394,#5395,#5396),(#5397,#5398,#5399),(#5400,#5401,#5402),(#5403,
#5404,#5405)),.UNSPECIFIED.,.F.,.F.,.F.)
B_SPLINE_SURFACE_WITH_KNOTS((4,1,1,1,4),(3,3),(7.80625564189563E-18,0.00166439626560148,
0.00332879253120296,0.00499318879680444,0.00665758506240591),(0.,1.),
 .UNSPECIFIED.)
GEOMETRIC_REPRESENTATION_ITEM()
RATIONAL_B_SPLINE_SURFACE(((1.,0.879776676905911,1.),(1.,0.882890943830581,
1.),(1.,0.891776752292111,1.),(1.,0.907128777884661,1.),(1.,0.912873702091227,
1.),(1.,0.903322658663023,1.),(1.,0.894284758236375,1.)))
REPRESENTATION_ITEM('')
SURFACE()
);
#18=(
BOUNDED_SURFACE()
B_SPLINE_SURFACE(3,2,((#5418,#5419,#5420),(#5421,#5422,#5423),(#5424,#5425,
#5426),(#5427,#5428,#5429),(#5430,#5431,#5432),(#5433,#5434,#5435),(#5436,
#5437,#5438)),.UNSPECIFIED.,.F.,.F.,.F.)
B_SPLINE_SURFACE_WITH_KNOTS((4,1,1,1,4),(3,3),(-3.03576608295941E-18,0.00166364491604184,
0.00332728983208369,0.00499093474812553,0.00665457966416737),(0.,1.),
 .UNSPECIFIED.)
GEOMETRIC_REPRESENTATION_ITEM()
RATIONAL_B_SPLINE_SURFACE(((1.,0.894284758236368,1.),(1.,0.903319336331715,
1.),(1.,0.912803239448989,1.),(1.,0.907215002527471,1.),(1.,0.891898403962356,
1.),(1.,0.882890601640251,1.),(1.,0.879776676905912,1.)))
REPRESENTATION_ITEM('')
SURFACE()
);
#19=(
BOUNDED_SURFACE()
B_SPLINE_SURFACE(3,2,((#5485,#5486,#5487),(#5488,#5489,#5490),(#5491,#5492,
#5493),(#5494,#5495,#5496)),.UNSPECIFIED.,.F.,.F.,.F.)
B_SPLINE_SURFACE_WITH_KNOTS((4,4),(3,3),(0.00713333856294299,0.0103215992560773),
(0.,1.),.PIECEWISE_BEZIER_KNOTS.)
GEOMETRIC_REPRESENTATION_ITEM()
RATIONAL_B_SPLINE_SURFACE(((1.,0.879776676905911,1.),(1.,0.898318835747552,
1.),(1.,0.910226644588624,1.),(1.,0.910226644744521,1.)))
REPRESENTATION_ITEM('')
SURFACE()
);
#20=(
BOUNDED_SURFACE()
B_SPLINE_SURFACE(3,2,((#5503,#5504,#5505),(#5506,#5507,#5508),(#5509,#5510,
#5511),(#5512,#5513,#5514)),.UNSPECIFIED.,.F.,.F.,.F.)
B_SPLINE_SURFACE_WITH_KNOTS((4,4),(3,3),(-2.23345647532014E-17,0.00321823288122154),
(0.,1.),.PIECEWISE_BEZIER_KNOTS.)
GEOMETRIC_REPRESENTATION_ITEM()
RATIONAL_B_SPLINE_SURFACE(((1.,0.910226644744521,1.),(1.,0.910226644457814,
1.),(1.,0.898527144631274,1.),(1.,0.879776676905909,1.)))
REPRESENTATION_ITEM('')
SURFACE()
);
#21=ELLIPSE('',#3462,0.0391156612450074,0.03048);
#22=ELLIPSE('',#3467,0.00384996665797317,0.003);
#23=ELLIPSE('',#3476,0.00384996665797317,0.003);
#24=ELLIPSE('',#3522,0.00639248463889866,0.0049812);
#25=ELLIPSE('',#3523,0.0365731432640819,0.0284988);
#26=ELLIPSE('',#3524,0.00639248463889866,0.0049812);
#27=SPHERICAL_SURFACE('',#3453,0.003);
#28=SPHERICAL_SURFACE('',#3457,0.003);
#29=SPHERICAL_SURFACE('',#3555,0.0010188);
#30=SPHERICAL_SURFACE('',#3557,0.0010188);
#31=B_SPLINE_CURVE_WITH_KNOTS('',3,(#5030,#5031,#5032,#5033),
 .UNSPECIFIED.,.F.,.F.,(4,4),(0.,0.00174092530499491),.UNSPECIFIED.);
#32=B_SPLINE_CURVE_WITH_KNOTS('',3,(#5035,#5036,#5037,#5038,#5039,#5040),
 .UNSPECIFIED.,.F.,.F.,(4,1,1,4),(0.,0.00196214913181274,0.00294322369771911,
0.00392429826362548),.UNSPECIFIED.);
#33=B_SPLINE_CURVE_WITH_KNOTS('',3,(#5049,#5050,#5051,#5052,#5053,#5054,
#5055),.UNSPECIFIED.,.F.,.F.,(4,1,1,1,4),(0.,0.000983029339472118,0.00196605867894424,
0.00294908801841636,0.00393211735788847),.UNSPECIFIED.);
#34=B_SPLINE_CURVE_WITH_KNOTS('',3,(#5057,#5058,#5059,#5060),
 .UNSPECIFIED.,.F.,.F.,(4,4),(0.00468056730136715,0.00640638206445683),
 .UNSPECIFIED.);
#35=B_SPLINE_CURVE_WITH_KNOTS('',3,(#5115,#5116,#5117,#5118),
 .UNSPECIFIED.,.F.,.F.,(4,4),(0.,0.00320805025505544),.UNSPECIFIED.);
#36=B_SPLINE_CURVE_WITH_KNOTS('',3,(#5122,#5123,#5124,#5125),
 .UNSPECIFIED.,.F.,.F.,(4,4),(0.00666660568227769,0.00984575860315401),
 .UNSPECIFIED.);
#37=B_SPLINE_CURVE_WITH_KNOTS('',3,(#5132,#5133,#5134,#5135,#5136),
 .UNSPECIFIED.,.F.,.F.,(4,1,4),(7.75791922889773E-18,0.00268487854057367,
0.00536975708114734),.UNSPECIFIED.);
#38=B_SPLINE_CURVE_WITH_KNOTS('',3,(#5137,#5138,#5139,#5140,#5141),
 .UNSPECIFIED.,.F.,.F.,(4,1,4),(0.,0.00267656520675492,0.00535313041350984),
 .UNSPECIFIED.);
#39=B_SPLINE_CURVE_WITH_KNOTS('',3,(#5409,#5410,#5411,#5412),
 .UNSPECIFIED.,.F.,.F.,(4,4),(0.,0.00485601310934471),.UNSPECIFIED.);
#40=B_SPLINE_CURVE_WITH_KNOTS('',3,(#5413,#5414,#5415,#5416,#5417),
 .UNSPECIFIED.,.F.,.F.,(4,1,4),(0.,0.00129298806326841,0.00258597612653682),
 .UNSPECIFIED.);
#41=B_SPLINE_CURVE_WITH_KNOTS('',3,(#5439,#5440,#5441,#5442),
 .UNSPECIFIED.,.F.,.F.,(4,4),(0.,0.00485478425576995),.UNSPECIFIED.);
#42=B_SPLINE_CURVE_WITH_KNOTS('',3,(#5446,#5447,#5448,#5449,#5450),
 .UNSPECIFIED.,.F.,.F.,(4,1,4),(0.,0.00129295165345217,0.00258590330690435),
 .UNSPECIFIED.);
#43=B_SPLINE_CURVE_WITH_KNOTS('',3,(#5456,#5457,#5458,#5459,#5460,#5461),
 .UNSPECIFIED.,.F.,.F.,(4,1,1,4),(0.,0.000450734049250668,0.000676101073876002,
0.000901468098501336),.UNSPECIFIED.);
#44=B_SPLINE_CURVE_WITH_KNOTS('',3,(#5467,#5468,#5469,#5470,#5471,#5472),
 .UNSPECIFIED.,.F.,.F.,(4,1,1,4),(0.,0.000226637250091016,0.000453274500182033,
0.000906549000364066),.UNSPECIFIED.);
#45=B_SPLINE_CURVE_WITH_KNOTS('',3,(#5499,#5500,#5501,#5502),
 .UNSPECIFIED.,.F.,.F.,(4,4),(0.,0.00318012021561018),.UNSPECIFIED.);
#46=B_SPLINE_CURVE_WITH_KNOTS('',3,(#5515,#5516,#5517,#5518),
 .UNSPECIFIED.,.F.,.F.,(4,4),(0.,0.00317154445485307),.UNSPECIFIED.);
#47=B_SPLINE_CURVE_WITH_KNOTS('',3,(#5655,#5656,#5657,#5658),
 .UNSPECIFIED.,.F.,.F.,(4,4),(2.38073300343317E-7,0.00379743380255443),
 .UNSPECIFIED.);
#48=B_SPLINE_CURVE_WITH_KNOTS('',3,(#5664,#5665,#5666,#5667),
 .UNSPECIFIED.,.F.,.F.,(4,4),(0.00379743380255443,0.00758043447468162),
 .UNSPECIFIED.);
#49=B_SPLINE_CURVE_WITH_KNOTS('',3,(#5669,#5670,#5671,#5672),
 .UNSPECIFIED.,.F.,.F.,(4,4),(0.00701576454077819,0.0108152962919961),
 .UNSPECIFIED.);
#50=B_SPLINE_CURVE_WITH_KNOTS('',3,(#5676,#5677,#5678,#5679),
 .UNSPECIFIED.,.F.,.F.,(4,4),(0.0108152962919961,0.0146178889315364),
 .UNSPECIFIED.);
#51=B_SPLINE_CURVE_WITH_KNOTS('',3,(#5681,#5682,#5683,#5684),
 .UNSPECIFIED.,.F.,.F.,(4,4),(2.38073300339882E-7,0.00379743380255443),
 .UNSPECIFIED.);
#52=B_SPLINE_CURVE_WITH_KNOTS('',3,(#5688,#5689,#5690,#5691),
 .UNSPECIFIED.,.F.,.F.,(4,4),(0.00379743380255443,0.00758043447468145),
 .UNSPECIFIED.);
#53=B_SPLINE_CURVE_WITH_KNOTS('',3,(#5693,#5694,#5695,#5696),
 .UNSPECIFIED.,.F.,.F.,(4,4),(2.38073300347244E-7,0.00379743380255448),
 .UNSPECIFIED.);
#54=B_SPLINE_CURVE_WITH_KNOTS('',3,(#5700,#5701,#5702,#5703),
 .UNSPECIFIED.,.F.,.F.,(4,4),(0.00379743380255448,0.00758043447468163),
 .UNSPECIFIED.);
#55=B_SPLINE_CURVE_WITH_KNOTS('',3,(#5705,#5706,#5707,#5708),
 .UNSPECIFIED.,.F.,.F.,(4,4),(0.0108152962919961,0.0146178889315364),
 .UNSPECIFIED.);
#56=B_SPLINE_CURVE_WITH_KNOTS('',3,(#5712,#5713,#5714,#5715),
 .UNSPECIFIED.,.F.,.F.,(4,4),(0.00701576454077839,0.0108152962919961),
 .UNSPECIFIED.);
#57=B_SPLINE_CURVE_WITH_KNOTS('',3,(#5717,#5718,#5719,#5720),
 .UNSPECIFIED.,.F.,.F.,(4,4),(2.38073300343317E-7,0.00379743380255449),
 .UNSPECIFIED.);
#58=B_SPLINE_CURVE_WITH_KNOTS('',3,(#5722,#5723,#5724,#5725),
 .UNSPECIFIED.,.F.,.F.,(4,4),(0.00379743380255449,0.00758043447468163),
 .UNSPECIFIED.);
#59=B_SPLINE_CURVE_WITH_KNOTS('',3,(#5867,#5868,#5869,#5870),
 .UNSPECIFIED.,.F.,.F.,(4,4),(2.38073300292904E-7,0.00379743380255443),
 .UNSPECIFIED.);
#60=B_SPLINE_CURVE_WITH_KNOTS('',3,(#5875,#5876,#5877,#5878),
 .UNSPECIFIED.,.F.,.F.,(4,4),(0.00379743380255444,0.00758043447468163),
 .UNSPECIFIED.);
#61=B_SPLINE_CURVE_WITH_KNOTS('',3,(#5879,#5880,#5881,#5882),
 .UNSPECIFIED.,.F.,.F.,(4,4),(2.38073300343317E-7,0.00379743380255444),
 .UNSPECIFIED.);
#62=B_SPLINE_CURVE_WITH_KNOTS('',3,(#5886,#5887,#5888,#5889),
 .UNSPECIFIED.,.F.,.F.,(4,4),(0.00379743380255443,0.00758043447468157),
 .UNSPECIFIED.);
#63=B_SPLINE_CURVE_WITH_KNOTS('',3,(#5891,#5892,#5893,#5894),
 .UNSPECIFIED.,.F.,.F.,(4,4),(2.38073300343317E-7,0.00379743380255444),
 .UNSPECIFIED.);
#64=B_SPLINE_CURVE_WITH_KNOTS('',3,(#5896,#5897,#5898,#5899),
 .UNSPECIFIED.,.F.,.F.,(4,4),(0.00379743380255443,0.00758043447468162),
 .UNSPECIFIED.);
#65=B_SPLINE_CURVE_WITH_KNOTS('',3,(#5900,#5901,#5902,#5903),
 .UNSPECIFIED.,.F.,.F.,(4,4),(2.38073300337368E-7,0.00379743380255443),
 .UNSPECIFIED.);
#66=B_SPLINE_CURVE_WITH_KNOTS('',3,(#5907,#5908,#5909,#5910),
 .UNSPECIFIED.,.F.,.F.,(4,4),(0.00379743380255444,0.00758043447468163),
 .UNSPECIFIED.);
#67=B_SPLINE_CURVE_WITH_KNOTS('',3,(#5912,#5913,#5914,#5915),
 .UNSPECIFIED.,.F.,.F.,(4,4),(0.0108152962919961,0.0146178889315364),
 .UNSPECIFIED.);
#68=B_SPLINE_CURVE_WITH_KNOTS('',3,(#5917,#5918,#5919,#5920),
 .UNSPECIFIED.,.F.,.F.,(4,4),(0.0108152962919961,0.0146178889315364),
 .UNSPECIFIED.);
#69=B_SPLINE_CURVE_WITH_KNOTS('',3,(#5921,#5922,#5923,#5924),
 .UNSPECIFIED.,.F.,.F.,(4,4),(0.00701576454077842,0.0108152962919961),
 .UNSPECIFIED.);
#70=B_SPLINE_CURVE_WITH_KNOTS('',3,(#5928,#5929,#5930,#5931),
 .UNSPECIFIED.,.F.,.F.,(4,4),(0.00701576454077839,0.0108152962919961),
 .UNSPECIFIED.);
#71=B_SPLINE_CURVE_WITH_KNOTS('',3,(#5933,#5934,#5935,#5936),
 .UNSPECIFIED.,.F.,.F.,(4,4),(2.38073300347244E-7,0.00379743380255448),
 .UNSPECIFIED.);
#72=B_SPLINE_CURVE_WITH_KNOTS('',3,(#5938,#5939,#5940,#5941),
 .UNSPECIFIED.,.F.,.F.,(4,4),(0.00379743380255436,0.00758043447468154),
 .UNSPECIFIED.);
#73=B_SPLINE_CURVE_WITH_KNOTS('',3,(#5942,#5943,#5944,#5945),
 .UNSPECIFIED.,.F.,.F.,(4,4),(2.38073300296338E-7,0.00379743380255436),
 .UNSPECIFIED.);
#74=B_SPLINE_CURVE_WITH_KNOTS('',3,(#5949,#5950,#5951,#5952),
 .UNSPECIFIED.,.F.,.F.,(4,4),(0.00379743380255448,0.00758043447468159),
 .UNSPECIFIED.);
#75=B_SPLINE_CURVE_WITH_KNOTS('',3,(#5954,#5955,#5956,#5957),
 .UNSPECIFIED.,.F.,.F.,(4,4),(2.38073300296338E-7,0.00379743380255436),
 .UNSPECIFIED.);
#76=B_SPLINE_CURVE_WITH_KNOTS('',3,(#5959,#5960,#5961,#5962),
 .UNSPECIFIED.,.F.,.F.,(4,4),(0.00379743380255447,0.00758043447468163),
 .UNSPECIFIED.);
#77=B_SPLINE_CURVE_WITH_KNOTS('',3,(#5963,#5964,#5965,#5966),
 .UNSPECIFIED.,.F.,.F.,(4,4),(2.38073300472355E-7,0.00379743380255447),
 .UNSPECIFIED.);
#78=B_SPLINE_CURVE_WITH_KNOTS('',3,(#5970,#5971,#5972,#5973),
 .UNSPECIFIED.,.F.,.F.,(4,4),(0.00379743380255436,0.00758043447468145),
 .UNSPECIFIED.);
#79=B_SPLINE_CURVE_WITH_KNOTS('',3,(#5975,#5976,#5977,#5978),
 .UNSPECIFIED.,.F.,.F.,(4,4),(0.007015764548407,0.0108152962996751),
 .UNSPECIFIED.);
#80=B_SPLINE_CURVE_WITH_KNOTS('',3,(#5980,#5981,#5982,#5983),
 .UNSPECIFIED.,.F.,.F.,(4,4),(0.00701576454840704,0.0108152962996751),
 .UNSPECIFIED.);
#81=B_SPLINE_CURVE_WITH_KNOTS('',3,(#5984,#5985,#5986,#5987),
 .UNSPECIFIED.,.F.,.F.,(4,4),(0.0108152962996751,0.0146178889391273),
 .UNSPECIFIED.);
#82=B_SPLINE_CURVE_WITH_KNOTS('',3,(#5988,#5989,#5990,#5991),
 .UNSPECIFIED.,.F.,.F.,(4,4),(0.0108152962996751,0.0146178889391273),
 .UNSPECIFIED.);
#83=CONICAL_SURFACE('',#3389,0.035958466750811,0.657482498271099);
#84=CONICAL_SURFACE('',#3393,0.0350000000000063,0.339455116314939);
#85=CONICAL_SURFACE('',#3406,0.0345815820604681,0.656547205244184);
#86=CONICAL_SURFACE('',#3410,0.0305196367111316,0.858497320089283);
#87=CONICAL_SURFACE('',#3414,0.0220437257409586,1.02553141355711);
#88=CONICAL_SURFACE('',#3422,0.0158120000000009,0.573513104423561);
#89=CONICAL_SURFACE('',#3620,0.0065,1.0471975511966);
#90=CONICAL_SURFACE('',#3622,0.0065,1.0471975511966);
#91=CONICAL_SURFACE('',#3624,0.0065,1.0471975511966);
#92=CONICAL_SURFACE('',#3626,0.0065,1.0471975511966);
#93=CONICAL_SURFACE('',#3628,0.0065,1.0471975511966);
#94=CONICAL_SURFACE('',#3630,0.0065,1.0471975511966);
#95=CONICAL_SURFACE('',#3638,0.0328376017143833,1.36970742619724);
#96=CONICAL_SURFACE('',#3646,0.0380328202513733,1.36970742619724);
#97=CONICAL_SURFACE('',#3656,0.0235587879893107,0.0872664625997223);
#98=CONICAL_SURFACE('',#3664,0.0203828123672794,0.0698131700797609);
#99=CONICAL_SURFACE('',#3674,0.0170548667171299,0.799703987538367);
#100=CONICAL_SURFACE('',#3692,0.0161915769746201,0.799703987538365);
#101=CONICAL_SURFACE('',#3702,0.0200510274651305,0.0698131700797638);
#102=CONICAL_SURFACE('',#3710,0.0230700434552871,0.0872664625997198);
#103=CONICAL_SURFACE('',#3724,0.0065,1.0471975511966);
#104=CONICAL_SURFACE('',#3725,0.0065,1.0471975511966);
#105=CONICAL_SURFACE('',#3726,0.0065,1.0471975511966);
#106=CONICAL_SURFACE('',#3727,0.0065,1.0471975511966);
#107=CONICAL_SURFACE('',#3728,0.0065,1.0471975511966);
#108=CONICAL_SURFACE('',#3729,0.0065,1.0471975511966);
#109=CONICAL_SURFACE('',#3730,0.0065,1.0471975511966);
#110=CONICAL_SURFACE('',#3732,0.0065,1.0471975511966);
#111=CONICAL_SURFACE('',#3734,0.0065,1.0471975511966);
#112=CONICAL_SURFACE('',#3736,0.0065,1.0471975511966);
#113=CONICAL_SURFACE('',#3738,0.0065,1.0471975511966);
#114=CONICAL_SURFACE('',#3740,0.0065,1.0471975511966);
#115=CONICAL_SURFACE('',#3746,0.003542617,0.78539816339746);
#116=TOROIDAL_SURFACE('',#3387,0.0367500000000121,0.00100000000001303);
#117=TOROIDAL_SURFACE('',#3391,0.0347578112114878,0.000727351866969626);
#118=TOROIDAL_SURFACE('',#3395,0.0317500000000027,0.00110000000000249);
#119=TOROIDAL_SURFACE('',#3399,0.0124999999999762,0.00319999999997459);
#120=TOROIDAL_SURFACE('',#3404,0.0377499999999879,0.00399999999997188);
#121=TOROIDAL_SURFACE('',#3408,0.0315000000000059,0.00149999999999331);
#122=TOROIDAL_SURFACE('',#3412,0.0250000000000016,0.00569999999999453);
#123=TOROIDAL_SURFACE('',#3416,0.0195000000000016,0.00100000000000051);
#124=TOROIDAL_SURFACE('',#3420,0.0185000000000014,0.00320000000000148);
#125=TOROIDAL_SURFACE('',#3424,0.0135,0.000999999999999296);
#126=TOROIDAL_SURFACE('',#3464,0.02848,0.002);
#127=TOROIDAL_SURFACE('',#3471,0.0324819095167597,0.003);
#128=TOROIDAL_SURFACE('',#3480,0.005,0.0005);
#129=TOROIDAL_SURFACE('',#3486,0.004,0.0005);
#130=TOROIDAL_SURFACE('',#3491,0.005,0.0005);
#131=TOROIDAL_SURFACE('',#3497,0.004,0.0005);
#132=TOROIDAL_SURFACE('',#3528,0.004,0.0024812);
#133=TOROIDAL_SURFACE('',#3534,0.004,0.0024812);
#134=TOROIDAL_SURFACE('',#3540,0.0324819095167597,0.0049812);
#135=TOROIDAL_SURFACE('',#3559,0.02848,1.88000000000011E-5);
#136=TOROIDAL_SURFACE('',#3636,0.033142,0.001524);
#137=TOROIDAL_SURFACE('',#3640,0.0377284219657566,0.001524);
#138=TOROIDAL_SURFACE('',#3644,0.0377284219657566,0.001524);
#139=TOROIDAL_SURFACE('',#3648,0.033142,0.001524);
#140=TOROIDAL_SURFACE('',#3654,0.0250769887092025,0.001524);
#141=TOROIDAL_SURFACE('',#3658,0.0220579096420259,0.00101599999999998);
#142=TOROIDAL_SURFACE('',#3662,0.0213963374423434,0.001016);
#143=TOROIDAL_SURFACE('',#3666,0.0190375023900665,0.001016);
#144=TOROIDAL_SURFACE('',#3672,0.0155738587653391,0.00212507895224327);
#145=TOROIDAL_SURFACE('',#3676,0.0151294723802724,0.001524);
#146=TOROIDAL_SURFACE('',#3690,0.0151294723802724,0.001524);
#147=TOROIDAL_SURFACE('',#3694,0.0155738587653391,0.00212507895224327);
#148=TOROIDAL_SURFACE('',#3700,0.0190375023900665,0.001016);
#149=TOROIDAL_SURFACE('',#3704,0.0213963374423434,0.001016);
#150=TOROIDAL_SURFACE('',#3708,0.0220579096420259,0.001016);
#151=TOROIDAL_SURFACE('',#3712,0.0250769887092025,0.001524);
#152=PLANE('',#3338);
#153=PLANE('',#3342);
#154=PLANE('',#3346);
#155=PLANE('',#3350);
#156=PLANE('',#3351);
#157=PLANE('',#3361);
#158=PLANE('',#3371);
#159=PLANE('',#3373);
#160=PLANE('',#3375);
#161=PLANE('',#3377);
#162=PLANE('',#3379);
#163=PLANE('',#3381);
#164=PLANE('',#3383);
#165=PLANE('',#3385);
#166=PLANE('',#3397);
#167=PLANE('',#3418);
#168=PLANE('',#3426);
#169=PLANE('',#3427);
#170=PLANE('',#3428);
#171=PLANE('',#3437);
#172=PLANE('',#3445);
#173=PLANE('',#3449);
#174=PLANE('',#3477);
#175=PLANE('',#3502);
#176=PLANE('',#3503);
#177=PLANE('',#3508);
#178=PLANE('',#3509);
#179=PLANE('',#3510);
#180=PLANE('',#3521);
#181=PLANE('',#3525);
#182=PLANE('',#3538);
#183=PLANE('',#3544);
#184=PLANE('',#3565);
#185=PLANE('',#3569);
#186=PLANE('',#3571);
#187=PLANE('',#3573);
#188=PLANE('',#3574);
#189=PLANE('',#3575);
#190=PLANE('',#3576);
#191=PLANE('',#3577);
#192=PLANE('',#3578);
#193=PLANE('',#3579);
#194=PLANE('',#3580);
#195=PLANE('',#3581);
#196=PLANE('',#3582);
#197=PLANE('',#3583);
#198=PLANE('',#3584);
#199=PLANE('',#3585);
#200=PLANE('',#3586);
#201=PLANE('',#3609);
#202=PLANE('',#3613);
#203=PLANE('',#3614);
#204=PLANE('',#3615);
#205=PLANE('',#3616);
#206=PLANE('',#3617);
#207=PLANE('',#3618);
#208=PLANE('',#3619);
#209=PLANE('',#3632);
#210=PLANE('',#3652);
#211=PLANE('',#3660);
#212=PLANE('',#3668);
#213=PLANE('',#3678);
#214=PLANE('',#3682);
#215=PLANE('',#3684);
#216=PLANE('',#3688);
#217=PLANE('',#3698);
#218=PLANE('',#3706);
#219=PLANE('',#3714);
#220=PLANE('',#3717);
#221=PLANE('',#3718);
#222=PLANE('',#3719);
#223=PLANE('',#3720);
#224=PLANE('',#3721);
#225=PLANE('',#3722);
#226=PLANE('',#3723);
#227=PLANE('',#3742);
#228=PLANE('',#3744);
#229=LINE('',#4770,#415);
#230=LINE('',#4774,#416);
#231=LINE('',#4776,#417);
#232=LINE('',#4778,#418);
#233=LINE('',#4780,#419);
#234=LINE('',#4784,#420);
#235=LINE('',#4788,#421);
#236=LINE('',#4790,#422);
#237=LINE('',#4792,#423);
#238=LINE('',#4796,#424);
#239=LINE('',#4800,#425);
#240=LINE('',#4802,#426);
#241=LINE('',#4804,#427);
#242=LINE('',#4808,#428);
#243=LINE('',#4812,#429);
#244=LINE('',#4813,#430);
#245=LINE('',#4817,#431);
#246=LINE('',#4822,#432);
#247=LINE('',#4825,#433);
#248=LINE('',#4830,#434);
#249=LINE('',#4833,#435);
#250=LINE('',#4838,#436);
#251=LINE('',#4841,#437);
#252=LINE('',#4846,#438);
#253=LINE('',#4855,#439);
#254=LINE('',#4859,#440);
#255=LINE('',#4863,#441);
#256=LINE('',#4867,#442);
#257=LINE('',#4871,#443);
#258=LINE('',#4875,#444);
#259=LINE('',#4879,#445);
#260=LINE('',#4883,#446);
#261=LINE('',#4885,#447);
#262=LINE('',#4886,#448);
#263=LINE('',#4888,#449);
#264=LINE('',#4890,#450);
#265=LINE('',#4893,#451);
#266=LINE('',#4894,#452);
#267=LINE('',#4896,#453);
#268=LINE('',#4898,#454);
#269=LINE('',#4901,#455);
#270=LINE('',#4902,#456);
#271=LINE('',#4904,#457);
#272=LINE('',#4906,#458);
#273=LINE('',#4909,#459);
#274=LINE('',#4910,#460);
#275=LINE('',#4912,#461);
#276=LINE('',#4914,#462);
#277=LINE('',#4990,#463);
#278=LINE('',#4995,#464);
#279=LINE('',#4999,#465);
#280=LINE('',#5001,#466);
#281=LINE('',#5003,#467);
#282=LINE('',#5005,#468);
#283=LINE('',#5007,#469);
#284=LINE('',#5011,#470);
#285=LINE('',#5014,#471);
#286=LINE('',#5016,#472);
#287=LINE('',#5018,#473);
#288=LINE('',#5020,#474);
#289=LINE('',#5022,#475);
#290=LINE('',#5026,#476);
#291=LINE('',#5042,#477);
#292=LINE('',#5046,#478);
#293=LINE('',#5063,#479);
#294=LINE('',#5068,#480);
#295=LINE('',#5072,#481);
#296=LINE('',#5074,#482);
#297=LINE('',#5077,#483);
#298=LINE('',#5079,#484);
#299=LINE('',#5081,#485);
#300=LINE('',#5083,#486);
#301=LINE('',#5085,#487);
#302=LINE('',#5087,#488);
#303=LINE('',#5089,#489);
#304=LINE('',#5091,#490);
#305=LINE('',#5093,#491);
#306=LINE('',#5095,#492);
#307=LINE('',#5097,#493);
#308=LINE('',#5113,#494);
#309=LINE('',#5127,#495);
#310=LINE('',#5217,#496);
#311=LINE('',#5222,#497);
#312=LINE('',#5234,#498);
#313=LINE('',#5241,#499);
#314=LINE('',#5250,#500);
#315=LINE('',#5254,#501);
#316=LINE('',#5256,#502);
#317=LINE('',#5260,#503);
#318=LINE('',#5262,#504);
#319=LINE('',#5264,#505);
#320=LINE('',#5266,#506);
#321=LINE('',#5268,#507);
#322=LINE('',#5272,#508);
#323=LINE('',#5274,#509);
#324=LINE('',#5278,#510);
#325=LINE('',#5280,#511);
#326=LINE('',#5282,#512);
#327=LINE('',#5284,#513);
#328=LINE('',#5286,#514);
#329=LINE('',#5291,#515);
#330=LINE('',#5293,#516);
#331=LINE('',#5295,#517);
#332=LINE('',#5299,#518);
#333=LINE('',#5302,#519);
#334=LINE('',#5306,#520);
#335=LINE('',#5310,#521);
#336=LINE('',#5313,#522);
#337=LINE('',#5317,#523);
#338=LINE('',#5319,#524);
#339=LINE('',#5321,#525);
#340=LINE('',#5325,#526);
#341=LINE('',#5329,#527);
#342=LINE('',#5333,#528);
#343=LINE('',#5341,#529);
#344=LINE('',#5343,#530);
#345=LINE('',#5348,#531);
#346=LINE('',#5360,#532);
#347=LINE('',#5366,#533);
#348=LINE('',#5368,#534);
#349=LINE('',#5371,#535);
#350=LINE('',#5373,#536);
#351=LINE('',#5454,#537);
#352=LINE('',#5463,#538);
#353=LINE('',#5474,#539);
#354=LINE('',#5522,#540);
#355=LINE('',#5523,#541);
#356=LINE('',#5525,#542);
#357=LINE('',#5526,#543);
#358=LINE('',#5528,#544);
#359=LINE('',#5530,#545);
#360=LINE('',#5532,#546);
#361=LINE('',#5534,#547);
#362=LINE('',#5536,#548);
#363=LINE('',#5538,#549);
#364=LINE('',#5539,#550);
#365=LINE('',#5541,#551);
#366=LINE('',#5542,#552);
#367=LINE('',#5551,#553);
#368=LINE('',#5552,#554);
#369=LINE('',#5554,#555);
#370=LINE('',#5555,#556);
#371=LINE('',#5558,#557);
#372=LINE('',#5560,#558);
#373=LINE('',#5562,#559);
#374=LINE('',#5564,#560);
#375=LINE('',#5567,#561);
#376=LINE('',#5568,#562);
#377=LINE('',#5570,#563);
#378=LINE('',#5573,#564);
#379=LINE('',#5574,#565);
#380=LINE('',#5576,#566);
#381=LINE('',#5578,#567);
#382=LINE('',#5580,#568);
#383=LINE('',#5582,#569);
#384=LINE('',#5584,#570);
#385=LINE('',#5587,#571);
#386=LINE('',#5588,#572);
#387=LINE('',#5590,#573);
#388=LINE('',#5593,#574);
#389=LINE('',#5594,#575);
#390=LINE('',#5596,#576);
#391=LINE('',#5599,#577);
#392=LINE('',#5600,#578);
#393=LINE('',#5602,#579);
#394=LINE('',#5605,#580);
#395=LINE('',#5606,#581);
#396=LINE('',#5608,#582);
#397=LINE('',#5642,#583);
#398=LINE('',#5645,#584);
#399=LINE('',#5647,#585);
#400=LINE('',#5649,#586);
#401=LINE('',#5651,#587);
#402=LINE('',#5653,#588);
#403=LINE('',#5661,#589);
#404=LINE('',#5662,#590);
#405=LINE('',#5675,#591);
#406=LINE('',#5687,#592);
#407=LINE('',#5699,#593);
#408=LINE('',#5711,#594);
#409=LINE('',#5873,#595);
#410=LINE('',#5884,#596);
#411=LINE('',#5905,#597);
#412=LINE('',#5926,#598);
#413=LINE('',#5947,#599);
#414=LINE('',#5968,#600);
#415=VECTOR('',#3755,1.);
#416=VECTOR('',#3758,1.);
#417=VECTOR('',#3761,1.);
#418=VECTOR('',#3762,1.);
#419=VECTOR('',#3763,1.);
#420=VECTOR('',#3768,1.);
#421=VECTOR('',#3773,1.);
#422=VECTOR('',#3774,1.);
#423=VECTOR('',#3775,1.);
#424=VECTOR('',#3780,1.);
#425=VECTOR('',#3785,1.);
#426=VECTOR('',#3786,1.);
#427=VECTOR('',#3787,1.);
#428=VECTOR('',#3792,1.);
#429=VECTOR('',#3797,1.);
#430=VECTOR('',#3798,1.);
#431=VECTOR('',#3803,1.);
#432=VECTOR('',#3806,1.);
#433=VECTOR('',#3809,1.);
#434=VECTOR('',#3812,1.);
#435=VECTOR('',#3815,1.);
#436=VECTOR('',#3818,1.);
#437=VECTOR('',#3821,1.);
#438=VECTOR('',#3824,1.);
#439=VECTOR('',#3833,1.);
#440=VECTOR('',#3836,1.);
#441=VECTOR('',#3839,1.);
#442=VECTOR('',#3842,1.);
#443=VECTOR('',#3845,1.);
#444=VECTOR('',#3848,1.);
#445=VECTOR('',#3851,1.);
#446=VECTOR('',#3854,1.);
#447=VECTOR('',#3857,1.);
#448=VECTOR('',#3858,1.);
#449=VECTOR('',#3861,1.);
#450=VECTOR('',#3864,1.);
#451=VECTOR('',#3869,1.);
#452=VECTOR('',#3870,1.);
#453=VECTOR('',#3873,1.);
#454=VECTOR('',#3876,1.);
#455=VECTOR('',#3881,1.);
#456=VECTOR('',#3882,1.);
#457=VECTOR('',#3885,1.);
#458=VECTOR('',#3888,1.);
#459=VECTOR('',#3893,1.);
#460=VECTOR('',#3894,1.);
#461=VECTOR('',#3897,1.);
#462=VECTOR('',#3900,1.);
#463=VECTOR('',#3999,1.);
#464=VECTOR('',#4002,1.);
#465=VECTOR('',#4005,1.);
#466=VECTOR('',#4006,1.);
#467=VECTOR('',#4007,1.);
#468=VECTOR('',#4008,1.);
#469=VECTOR('',#4009,1.);
#470=VECTOR('',#4014,1.);
#471=VECTOR('',#4015,1.);
#472=VECTOR('',#4016,1.);
#473=VECTOR('',#4017,1.);
#474=VECTOR('',#4018,1.);
#475=VECTOR('',#4019,1.);
#476=VECTOR('',#4022,1.);
#477=VECTOR('',#4027,1.);
#478=VECTOR('',#4032,1.);
#479=VECTOR('',#4037,1.);
#480=VECTOR('',#4040,1.);
#481=VECTOR('',#4045,1.);
#482=VECTOR('',#4048,1.);
#483=VECTOR('',#4049,1.);
#484=VECTOR('',#4050,1.);
#485=VECTOR('',#4051,1.);
#486=VECTOR('',#4052,1.);
#487=VECTOR('',#4053,1.);
#488=VECTOR('',#4054,1.);
#489=VECTOR('',#4055,1.);
#490=VECTOR('',#4056,1.);
#491=VECTOR('',#4057,1.);
#492=VECTOR('',#4058,1.);
#493=VECTOR('',#4059,1.);
#494=VECTOR('',#4086,1.);
#495=VECTOR('',#4089,1.);
#496=VECTOR('',#4118,1.);
#497=VECTOR('',#4121,1.);
#498=VECTOR('',#4136,1.);
#499=VECTOR('',#4147,1.);
#500=VECTOR('',#4164,1.);
#501=VECTOR('',#4167,1.);
#502=VECTOR('',#4170,1.);
#503=VECTOR('',#4173,1.);
#504=VECTOR('',#4176,1.);
#505=VECTOR('',#4177,1.);
#506=VECTOR('',#4180,1.);
#507=VECTOR('',#4181,1.);
#508=VECTOR('',#4186,1.);
#509=VECTOR('',#4189,1.);
#510=VECTOR('',#4194,1.);
#511=VECTOR('',#4195,1.);
#512=VECTOR('',#4198,1.);
#513=VECTOR('',#4199,1.);
#514=VECTOR('',#4202,1.);
#515=VECTOR('',#4205,1.);
#516=VECTOR('',#4206,1.);
#517=VECTOR('',#4207,1.);
#518=VECTOR('',#4210,1.);
#519=VECTOR('',#4213,1.);
#520=VECTOR('',#4216,1.);
#521=VECTOR('',#4219,1.);
#522=VECTOR('',#4222,1.);
#523=VECTOR('',#4225,1.);
#524=VECTOR('',#4226,1.);
#525=VECTOR('',#4227,1.);
#526=VECTOR('',#4230,1.);
#527=VECTOR('',#4233,1.);
#528=VECTOR('',#4238,1.);
#529=VECTOR('',#4245,1.);
#530=VECTOR('',#4248,1.);
#531=VECTOR('',#4251,1.);
#532=VECTOR('',#4266,1.);
#533=VECTOR('',#4275,1.);
#534=VECTOR('',#4278,1.);
#535=VECTOR('',#4279,1.);
#536=VECTOR('',#4280,1.);
#537=VECTOR('',#4303,1.);
#538=VECTOR('',#4306,1.);
#539=VECTOR('',#4311,1.);
#540=VECTOR('',#4334,1.);
#541=VECTOR('',#4335,1.);
#542=VECTOR('',#4338,1.);
#543=VECTOR('',#4339,1.);
#544=VECTOR('',#4342,1.);
#545=VECTOR('',#4343,1.);
#546=VECTOR('',#4344,1.);
#547=VECTOR('',#4345,1.);
#548=VECTOR('',#4346,1.);
#549=VECTOR('',#4349,1.);
#550=VECTOR('',#4350,1.);
#551=VECTOR('',#4353,1.);
#552=VECTOR('',#4354,1.);
#553=VECTOR('',#4367,1.);
#554=VECTOR('',#4368,1.);
#555=VECTOR('',#4371,1.);
#556=VECTOR('',#4372,1.);
#557=VECTOR('',#4377,1.);
#558=VECTOR('',#4378,1.);
#559=VECTOR('',#4379,1.);
#560=VECTOR('',#4382,1.);
#561=VECTOR('',#4383,1.);
#562=VECTOR('',#4384,1.);
#563=VECTOR('',#4387,1.);
#564=VECTOR('',#4388,1.);
#565=VECTOR('',#4389,1.);
#566=VECTOR('',#4392,1.);
#567=VECTOR('',#4393,1.);
#568=VECTOR('',#4396,1.);
#569=VECTOR('',#4397,1.);
#570=VECTOR('',#4400,1.);
#571=VECTOR('',#4401,1.);
#572=VECTOR('',#4402,1.);
#573=VECTOR('',#4405,1.);
#574=VECTOR('',#4406,1.);
#575=VECTOR('',#4407,1.);
#576=VECTOR('',#4410,1.);
#577=VECTOR('',#4411,1.);
#578=VECTOR('',#4412,1.);
#579=VECTOR('',#4415,1.);
#580=VECTOR('',#4416,1.);
#581=VECTOR('',#4417,1.);
#582=VECTOR('',#4420,1.);
#583=VECTOR('',#4477,1.);
#584=VECTOR('',#4478,1.);
#585=VECTOR('',#4479,1.);
#586=VECTOR('',#4480,1.);
#587=VECTOR('',#4481,1.);
#588=VECTOR('',#4482,1.);
#589=VECTOR('',#4485,1.);
#590=VECTOR('',#4486,1.);
#591=VECTOR('',#4489,1.);
#592=VECTOR('',#4492,1.);
#593=VECTOR('',#4495,1.);
#594=VECTOR('',#4498,1.);
#595=VECTOR('',#4699,1.);
#596=VECTOR('',#4700,1.);
#597=VECTOR('',#4703,1.);
#598=VECTOR('',#4706,1.);
#599=VECTOR('',#4709,1.);
#600=VECTOR('',#4712,1.);
#601=ORIENTED_EDGE('',*,*,#1485,.F.);
#602=ORIENTED_EDGE('',*,*,#1486,.F.);
#603=ORIENTED_EDGE('',*,*,#1487,.T.);
#604=ORIENTED_EDGE('',*,*,#1488,.T.);
#605=ORIENTED_EDGE('',*,*,#1489,.F.);
#606=ORIENTED_EDGE('',*,*,#1490,.F.);
#607=ORIENTED_EDGE('',*,*,#1491,.T.);
#608=ORIENTED_EDGE('',*,*,#1486,.T.);
#609=ORIENTED_EDGE('',*,*,#1492,.F.);
#610=ORIENTED_EDGE('',*,*,#1493,.F.);
#611=ORIENTED_EDGE('',*,*,#1494,.T.);
#612=ORIENTED_EDGE('',*,*,#1490,.T.);
#613=ORIENTED_EDGE('',*,*,#1495,.F.);
#614=ORIENTED_EDGE('',*,*,#1496,.F.);
#615=ORIENTED_EDGE('',*,*,#1497,.T.);
#616=ORIENTED_EDGE('',*,*,#1493,.T.);
#617=ORIENTED_EDGE('',*,*,#1498,.F.);
#618=ORIENTED_EDGE('',*,*,#1499,.F.);
#619=ORIENTED_EDGE('',*,*,#1500,.T.);
#620=ORIENTED_EDGE('',*,*,#1496,.T.);
#621=ORIENTED_EDGE('',*,*,#1501,.F.);
#622=ORIENTED_EDGE('',*,*,#1502,.F.);
#623=ORIENTED_EDGE('',*,*,#1503,.T.);
#624=ORIENTED_EDGE('',*,*,#1499,.T.);
#625=ORIENTED_EDGE('',*,*,#1504,.F.);
#626=ORIENTED_EDGE('',*,*,#1505,.F.);
#627=ORIENTED_EDGE('',*,*,#1506,.T.);
#628=ORIENTED_EDGE('',*,*,#1502,.T.);
#629=ORIENTED_EDGE('',*,*,#1507,.F.);
#630=ORIENTED_EDGE('',*,*,#1488,.F.);
#631=ORIENTED_EDGE('',*,*,#1508,.T.);
#632=ORIENTED_EDGE('',*,*,#1505,.T.);
#633=ORIENTED_EDGE('',*,*,#1509,.F.);
#634=ORIENTED_EDGE('',*,*,#1510,.T.);
#635=ORIENTED_EDGE('',*,*,#1511,.T.);
#636=ORIENTED_EDGE('',*,*,#1512,.F.);
#637=ORIENTED_EDGE('',*,*,#1513,.T.);
#638=ORIENTED_EDGE('',*,*,#1514,.T.);
#639=ORIENTED_EDGE('',*,*,#1515,.T.);
#640=ORIENTED_EDGE('',*,*,#1516,.F.);
#641=ORIENTED_EDGE('',*,*,#1517,.T.);
#642=ORIENTED_EDGE('',*,*,#1518,.T.);
#643=ORIENTED_EDGE('',*,*,#1519,.T.);
#644=ORIENTED_EDGE('',*,*,#1520,.F.);
#645=ORIENTED_EDGE('',*,*,#1521,.T.);
#646=ORIENTED_EDGE('',*,*,#1522,.T.);
#647=ORIENTED_EDGE('',*,*,#1523,.T.);
#648=ORIENTED_EDGE('',*,*,#1524,.F.);
#649=ORIENTED_EDGE('',*,*,#1525,.T.);
#650=ORIENTED_EDGE('',*,*,#1487,.F.);
#651=ORIENTED_EDGE('',*,*,#1491,.F.);
#652=ORIENTED_EDGE('',*,*,#1494,.F.);
#653=ORIENTED_EDGE('',*,*,#1497,.F.);
#654=ORIENTED_EDGE('',*,*,#1500,.F.);
#655=ORIENTED_EDGE('',*,*,#1503,.F.);
#656=ORIENTED_EDGE('',*,*,#1506,.F.);
#657=ORIENTED_EDGE('',*,*,#1508,.F.);
#658=ORIENTED_EDGE('',*,*,#1526,.F.);
#659=ORIENTED_EDGE('',*,*,#1527,.F.);
#660=ORIENTED_EDGE('',*,*,#1528,.F.);
#661=ORIENTED_EDGE('',*,*,#1529,.F.);
#662=ORIENTED_EDGE('',*,*,#1530,.T.);
#663=ORIENTED_EDGE('',*,*,#1531,.F.);
#664=ORIENTED_EDGE('',*,*,#1532,.F.);
#665=ORIENTED_EDGE('',*,*,#1533,.F.);
#666=ORIENTED_EDGE('',*,*,#1534,.T.);
#667=ORIENTED_EDGE('',*,*,#1535,.F.);
#668=ORIENTED_EDGE('',*,*,#1536,.F.);
#669=ORIENTED_EDGE('',*,*,#1537,.F.);
#670=ORIENTED_EDGE('',*,*,#1538,.T.);
#671=ORIENTED_EDGE('',*,*,#1539,.F.);
#672=ORIENTED_EDGE('',*,*,#1540,.F.);
#673=ORIENTED_EDGE('',*,*,#1541,.F.);
#674=ORIENTED_EDGE('',*,*,#1542,.T.);
#675=ORIENTED_EDGE('',*,*,#1485,.T.);
#676=ORIENTED_EDGE('',*,*,#1507,.T.);
#677=ORIENTED_EDGE('',*,*,#1504,.T.);
#678=ORIENTED_EDGE('',*,*,#1501,.T.);
#679=ORIENTED_EDGE('',*,*,#1498,.T.);
#680=ORIENTED_EDGE('',*,*,#1495,.T.);
#681=ORIENTED_EDGE('',*,*,#1492,.T.);
#682=ORIENTED_EDGE('',*,*,#1489,.T.);
#683=ORIENTED_EDGE('',*,*,#1540,.T.);
#684=ORIENTED_EDGE('',*,*,#1543,.F.);
#685=ORIENTED_EDGE('',*,*,#1522,.F.);
#686=ORIENTED_EDGE('',*,*,#1544,.T.);
#687=ORIENTED_EDGE('',*,*,#1541,.T.);
#688=ORIENTED_EDGE('',*,*,#1544,.F.);
#689=ORIENTED_EDGE('',*,*,#1525,.F.);
#690=ORIENTED_EDGE('',*,*,#1545,.T.);
#691=ORIENTED_EDGE('',*,*,#1542,.F.);
#692=ORIENTED_EDGE('',*,*,#1545,.F.);
#693=ORIENTED_EDGE('',*,*,#1524,.T.);
#694=ORIENTED_EDGE('',*,*,#1546,.T.);
#695=ORIENTED_EDGE('',*,*,#1539,.T.);
#696=ORIENTED_EDGE('',*,*,#1546,.F.);
#697=ORIENTED_EDGE('',*,*,#1523,.F.);
#698=ORIENTED_EDGE('',*,*,#1543,.T.);
#699=ORIENTED_EDGE('',*,*,#1536,.T.);
#700=ORIENTED_EDGE('',*,*,#1547,.F.);
#701=ORIENTED_EDGE('',*,*,#1518,.F.);
#702=ORIENTED_EDGE('',*,*,#1548,.T.);
#703=ORIENTED_EDGE('',*,*,#1537,.T.);
#704=ORIENTED_EDGE('',*,*,#1548,.F.);
#705=ORIENTED_EDGE('',*,*,#1521,.F.);
#706=ORIENTED_EDGE('',*,*,#1549,.T.);
#707=ORIENTED_EDGE('',*,*,#1538,.F.);
#708=ORIENTED_EDGE('',*,*,#1549,.F.);
#709=ORIENTED_EDGE('',*,*,#1520,.T.);
#710=ORIENTED_EDGE('',*,*,#1550,.T.);
#711=ORIENTED_EDGE('',*,*,#1535,.T.);
#712=ORIENTED_EDGE('',*,*,#1550,.F.);
#713=ORIENTED_EDGE('',*,*,#1519,.F.);
#714=ORIENTED_EDGE('',*,*,#1547,.T.);
#715=ORIENTED_EDGE('',*,*,#1532,.T.);
#716=ORIENTED_EDGE('',*,*,#1551,.F.);
#717=ORIENTED_EDGE('',*,*,#1514,.F.);
#718=ORIENTED_EDGE('',*,*,#1552,.T.);
#719=ORIENTED_EDGE('',*,*,#1533,.T.);
#720=ORIENTED_EDGE('',*,*,#1552,.F.);
#721=ORIENTED_EDGE('',*,*,#1517,.F.);
#722=ORIENTED_EDGE('',*,*,#1553,.T.);
#723=ORIENTED_EDGE('',*,*,#1534,.F.);
#724=ORIENTED_EDGE('',*,*,#1553,.F.);
#725=ORIENTED_EDGE('',*,*,#1516,.T.);
#726=ORIENTED_EDGE('',*,*,#1554,.T.);
#727=ORIENTED_EDGE('',*,*,#1531,.T.);
#728=ORIENTED_EDGE('',*,*,#1554,.F.);
#729=ORIENTED_EDGE('',*,*,#1515,.F.);
#730=ORIENTED_EDGE('',*,*,#1551,.T.);
#731=ORIENTED_EDGE('',*,*,#1528,.T.);
#732=ORIENTED_EDGE('',*,*,#1555,.F.);
#733=ORIENTED_EDGE('',*,*,#1510,.F.);
#734=ORIENTED_EDGE('',*,*,#1556,.T.);
#735=ORIENTED_EDGE('',*,*,#1529,.T.);
#736=ORIENTED_EDGE('',*,*,#1556,.F.);
#737=ORIENTED_EDGE('',*,*,#1513,.F.);
#738=ORIENTED_EDGE('',*,*,#1557,.T.);
#739=ORIENTED_EDGE('',*,*,#1530,.F.);
#740=ORIENTED_EDGE('',*,*,#1557,.F.);
#741=ORIENTED_EDGE('',*,*,#1512,.T.);
#742=ORIENTED_EDGE('',*,*,#1558,.T.);
#743=ORIENTED_EDGE('',*,*,#1527,.T.);
#744=ORIENTED_EDGE('',*,*,#1558,.F.);
#745=ORIENTED_EDGE('',*,*,#1511,.F.);
#746=ORIENTED_EDGE('',*,*,#1555,.T.);
#747=ORIENTED_EDGE('',*,*,#1559,.T.);
#748=ORIENTED_EDGE('',*,*,#1509,.T.);
#749=ORIENTED_EDGE('',*,*,#1560,.T.);
#750=ORIENTED_EDGE('',*,*,#1559,.F.);
#751=ORIENTED_EDGE('',*,*,#1561,.T.);
#752=ORIENTED_EDGE('',*,*,#1560,.F.);
#753=ORIENTED_EDGE('',*,*,#1562,.T.);
#754=ORIENTED_EDGE('',*,*,#1561,.F.);
#755=ORIENTED_EDGE('',*,*,#1563,.T.);
#756=ORIENTED_EDGE('',*,*,#1562,.F.);
#757=ORIENTED_EDGE('',*,*,#1564,.F.);
#758=ORIENTED_EDGE('',*,*,#1563,.F.);
#759=ORIENTED_EDGE('',*,*,#1565,.F.);
#760=ORIENTED_EDGE('',*,*,#1566,.T.);
#761=ORIENTED_EDGE('',*,*,#1567,.F.);
#762=ORIENTED_EDGE('',*,*,#1565,.T.);
#763=ORIENTED_EDGE('',*,*,#1568,.F.);
#764=ORIENTED_EDGE('',*,*,#1526,.T.);
#765=ORIENTED_EDGE('',*,*,#1569,.F.);
#766=ORIENTED_EDGE('',*,*,#1568,.T.);
#767=ORIENTED_EDGE('',*,*,#1570,.F.);
#768=ORIENTED_EDGE('',*,*,#1569,.T.);
#769=ORIENTED_EDGE('',*,*,#1571,.F.);
#770=ORIENTED_EDGE('',*,*,#1570,.T.);
#771=ORIENTED_EDGE('',*,*,#1572,.F.);
#772=ORIENTED_EDGE('',*,*,#1571,.T.);
#773=ORIENTED_EDGE('',*,*,#1573,.F.);
#774=ORIENTED_EDGE('',*,*,#1572,.T.);
#775=ORIENTED_EDGE('',*,*,#1574,.F.);
#776=ORIENTED_EDGE('',*,*,#1573,.T.);
#777=ORIENTED_EDGE('',*,*,#1575,.F.);
#778=ORIENTED_EDGE('',*,*,#1574,.T.);
#779=ORIENTED_EDGE('',*,*,#1576,.F.);
#780=ORIENTED_EDGE('',*,*,#1575,.T.);
#781=ORIENTED_EDGE('',*,*,#1577,.F.);
#782=ORIENTED_EDGE('',*,*,#1576,.T.);
#783=ORIENTED_EDGE('',*,*,#1578,.F.);
#784=ORIENTED_EDGE('',*,*,#1577,.T.);
#785=ORIENTED_EDGE('',*,*,#1566,.F.);
#786=ORIENTED_EDGE('',*,*,#1578,.T.);
#787=ORIENTED_EDGE('',*,*,#1567,.T.);
#788=ORIENTED_EDGE('',*,*,#1579,.F.);
#789=ORIENTED_EDGE('',*,*,#1580,.F.);
#790=ORIENTED_EDGE('',*,*,#1581,.F.);
#791=ORIENTED_EDGE('',*,*,#1582,.F.);
#792=ORIENTED_EDGE('',*,*,#1583,.T.);
#793=ORIENTED_EDGE('',*,*,#1584,.F.);
#794=ORIENTED_EDGE('',*,*,#1585,.F.);
#795=ORIENTED_EDGE('',*,*,#1586,.F.);
#796=ORIENTED_EDGE('',*,*,#1587,.F.);
#797=ORIENTED_EDGE('',*,*,#1588,.F.);
#798=ORIENTED_EDGE('',*,*,#1589,.F.);
#799=ORIENTED_EDGE('',*,*,#1590,.F.);
#800=ORIENTED_EDGE('',*,*,#1591,.T.);
#801=ORIENTED_EDGE('',*,*,#1592,.T.);
#802=ORIENTED_EDGE('',*,*,#1593,.T.);
#803=ORIENTED_EDGE('',*,*,#1594,.F.);
#804=ORIENTED_EDGE('',*,*,#1595,.F.);
#805=ORIENTED_EDGE('',*,*,#1596,.T.);
#806=ORIENTED_EDGE('',*,*,#1597,.T.);
#807=ORIENTED_EDGE('',*,*,#1598,.T.);
#808=ORIENTED_EDGE('',*,*,#1599,.F.);
#809=ORIENTED_EDGE('',*,*,#1600,.F.);
#810=ORIENTED_EDGE('',*,*,#1601,.F.);
#811=ORIENTED_EDGE('',*,*,#1602,.F.);
#812=ORIENTED_EDGE('',*,*,#1603,.F.);
#813=ORIENTED_EDGE('',*,*,#1597,.F.);
#814=ORIENTED_EDGE('',*,*,#1604,.T.);
#815=ORIENTED_EDGE('',*,*,#1605,.T.);
#816=ORIENTED_EDGE('',*,*,#1606,.F.);
#817=ORIENTED_EDGE('',*,*,#1607,.F.);
#818=ORIENTED_EDGE('',*,*,#1608,.F.);
#819=ORIENTED_EDGE('',*,*,#1609,.T.);
#820=ORIENTED_EDGE('',*,*,#1610,.T.);
#821=ORIENTED_EDGE('',*,*,#1592,.F.);
#822=ORIENTED_EDGE('',*,*,#1611,.F.);
#823=ORIENTED_EDGE('',*,*,#1612,.T.);
#824=ORIENTED_EDGE('',*,*,#1613,.T.);
#825=ORIENTED_EDGE('',*,*,#1614,.T.);
#826=ORIENTED_EDGE('',*,*,#1615,.T.);
#827=ORIENTED_EDGE('',*,*,#1606,.T.);
#828=ORIENTED_EDGE('',*,*,#1616,.T.);
#829=ORIENTED_EDGE('',*,*,#1608,.T.);
#830=ORIENTED_EDGE('',*,*,#1617,.T.);
#831=ORIENTED_EDGE('',*,*,#1618,.T.);
#832=ORIENTED_EDGE('',*,*,#1619,.T.);
#833=ORIENTED_EDGE('',*,*,#1620,.F.);
#834=ORIENTED_EDGE('',*,*,#1621,.T.);
#835=ORIENTED_EDGE('',*,*,#1622,.T.);
#836=ORIENTED_EDGE('',*,*,#1623,.T.);
#837=ORIENTED_EDGE('',*,*,#1624,.F.);
#838=ORIENTED_EDGE('',*,*,#1625,.T.);
#839=ORIENTED_EDGE('',*,*,#1626,.T.);
#840=ORIENTED_EDGE('',*,*,#1627,.F.);
#841=ORIENTED_EDGE('',*,*,#1628,.F.);
#842=ORIENTED_EDGE('',*,*,#1629,.F.);
#843=ORIENTED_EDGE('',*,*,#1622,.F.);
#844=ORIENTED_EDGE('',*,*,#1630,.T.);
#845=ORIENTED_EDGE('',*,*,#1617,.F.);
#846=ORIENTED_EDGE('',*,*,#1631,.T.);
#847=ORIENTED_EDGE('',*,*,#1607,.T.);
#848=ORIENTED_EDGE('',*,*,#1630,.F.);
#849=ORIENTED_EDGE('',*,*,#1632,.F.);
#850=ORIENTED_EDGE('',*,*,#1633,.F.);
#851=ORIENTED_EDGE('',*,*,#1598,.F.);
#852=ORIENTED_EDGE('',*,*,#1632,.T.);
#853=ORIENTED_EDGE('',*,*,#1621,.F.);
#854=ORIENTED_EDGE('',*,*,#1631,.F.);
#855=ORIENTED_EDGE('',*,*,#1611,.T.);
#856=ORIENTED_EDGE('',*,*,#1634,.F.);
#857=ORIENTED_EDGE('',*,*,#1635,.F.);
#858=ORIENTED_EDGE('',*,*,#1623,.F.);
#859=ORIENTED_EDGE('',*,*,#1634,.T.);
#860=ORIENTED_EDGE('',*,*,#1591,.F.);
#861=ORIENTED_EDGE('',*,*,#1636,.T.);
#862=ORIENTED_EDGE('',*,*,#1637,.T.);
#863=ORIENTED_EDGE('',*,*,#1638,.T.);
#864=ORIENTED_EDGE('',*,*,#1639,.T.);
#865=ORIENTED_EDGE('',*,*,#1640,.T.);
#866=ORIENTED_EDGE('',*,*,#1641,.T.);
#867=ORIENTED_EDGE('',*,*,#1564,.T.);
#868=ORIENTED_EDGE('',*,*,#1642,.T.);
#869=ORIENTED_EDGE('',*,*,#1643,.T.);
#870=ORIENTED_EDGE('',*,*,#1639,.F.);
#871=ORIENTED_EDGE('',*,*,#1644,.T.);
#872=ORIENTED_EDGE('',*,*,#1637,.F.);
#873=ORIENTED_EDGE('',*,*,#1645,.T.);
#874=ORIENTED_EDGE('',*,*,#1593,.F.);
#875=ORIENTED_EDGE('',*,*,#1646,.F.);
#876=ORIENTED_EDGE('',*,*,#1646,.T.);
#877=ORIENTED_EDGE('',*,*,#1610,.F.);
#878=ORIENTED_EDGE('',*,*,#1647,.F.);
#879=ORIENTED_EDGE('',*,*,#1638,.F.);
#880=ORIENTED_EDGE('',*,*,#1647,.T.);
#881=ORIENTED_EDGE('',*,*,#1609,.F.);
#882=ORIENTED_EDGE('',*,*,#1648,.F.);
#883=ORIENTED_EDGE('',*,*,#1644,.F.);
#884=ORIENTED_EDGE('',*,*,#1648,.T.);
#885=ORIENTED_EDGE('',*,*,#1616,.F.);
#886=ORIENTED_EDGE('',*,*,#1649,.F.);
#887=ORIENTED_EDGE('',*,*,#1642,.F.);
#888=ORIENTED_EDGE('',*,*,#1649,.T.);
#889=ORIENTED_EDGE('',*,*,#1605,.F.);
#890=ORIENTED_EDGE('',*,*,#1650,.F.);
#891=ORIENTED_EDGE('',*,*,#1643,.F.);
#892=ORIENTED_EDGE('',*,*,#1650,.T.);
#893=ORIENTED_EDGE('',*,*,#1604,.F.);
#894=ORIENTED_EDGE('',*,*,#1651,.F.);
#895=ORIENTED_EDGE('',*,*,#1640,.F.);
#896=ORIENTED_EDGE('',*,*,#1596,.F.);
#897=ORIENTED_EDGE('',*,*,#1652,.T.);
#898=ORIENTED_EDGE('',*,*,#1641,.F.);
#899=ORIENTED_EDGE('',*,*,#1651,.T.);
#900=ORIENTED_EDGE('',*,*,#1653,.T.);
#901=ORIENTED_EDGE('',*,*,#1654,.T.);
#902=ORIENTED_EDGE('',*,*,#1655,.T.);
#903=ORIENTED_EDGE('',*,*,#1656,.T.);
#904=ORIENTED_EDGE('',*,*,#1657,.F.);
#905=ORIENTED_EDGE('',*,*,#1615,.F.);
#906=ORIENTED_EDGE('',*,*,#1658,.F.);
#907=ORIENTED_EDGE('',*,*,#1659,.F.);
#908=ORIENTED_EDGE('',*,*,#1658,.T.);
#909=ORIENTED_EDGE('',*,*,#1614,.F.);
#910=ORIENTED_EDGE('',*,*,#1660,.F.);
#911=ORIENTED_EDGE('',*,*,#1661,.F.);
#912=ORIENTED_EDGE('',*,*,#1662,.F.);
#913=ORIENTED_EDGE('',*,*,#1659,.T.);
#914=ORIENTED_EDGE('',*,*,#1663,.F.);
#915=ORIENTED_EDGE('',*,*,#1656,.F.);
#916=ORIENTED_EDGE('',*,*,#1664,.F.);
#917=ORIENTED_EDGE('',*,*,#1612,.F.);
#918=ORIENTED_EDGE('',*,*,#1657,.T.);
#919=ORIENTED_EDGE('',*,*,#1665,.F.);
#920=ORIENTED_EDGE('',*,*,#1613,.F.);
#921=ORIENTED_EDGE('',*,*,#1664,.T.);
#922=ORIENTED_EDGE('',*,*,#1666,.F.);
#923=ORIENTED_EDGE('',*,*,#1660,.T.);
#924=ORIENTED_EDGE('',*,*,#1663,.T.);
#925=ORIENTED_EDGE('',*,*,#1661,.T.);
#926=ORIENTED_EDGE('',*,*,#1667,.F.);
#927=ORIENTED_EDGE('',*,*,#1653,.F.);
#928=ORIENTED_EDGE('',*,*,#1662,.T.);
#929=ORIENTED_EDGE('',*,*,#1655,.F.);
#930=ORIENTED_EDGE('',*,*,#1668,.F.);
#931=ORIENTED_EDGE('',*,*,#1665,.T.);
#932=ORIENTED_EDGE('',*,*,#1667,.T.);
#933=ORIENTED_EDGE('',*,*,#1666,.T.);
#934=ORIENTED_EDGE('',*,*,#1668,.T.);
#935=ORIENTED_EDGE('',*,*,#1654,.F.);
#936=ORIENTED_EDGE('',*,*,#1588,.T.);
#937=ORIENTED_EDGE('',*,*,#1669,.T.);
#938=ORIENTED_EDGE('',*,*,#1670,.F.);
#939=ORIENTED_EDGE('',*,*,#1671,.F.);
#940=ORIENTED_EDGE('',*,*,#1601,.T.);
#941=ORIENTED_EDGE('',*,*,#1672,.F.);
#942=ORIENTED_EDGE('',*,*,#1673,.F.);
#943=ORIENTED_EDGE('',*,*,#1674,.T.);
#944=ORIENTED_EDGE('',*,*,#1587,.T.);
#945=ORIENTED_EDGE('',*,*,#1675,.T.);
#946=ORIENTED_EDGE('',*,*,#1676,.F.);
#947=ORIENTED_EDGE('',*,*,#1669,.F.);
#948=ORIENTED_EDGE('',*,*,#1602,.T.);
#949=ORIENTED_EDGE('',*,*,#1674,.F.);
#950=ORIENTED_EDGE('',*,*,#1677,.F.);
#951=ORIENTED_EDGE('',*,*,#1678,.T.);
#952=ORIENTED_EDGE('',*,*,#1603,.T.);
#953=ORIENTED_EDGE('',*,*,#1678,.F.);
#954=ORIENTED_EDGE('',*,*,#1679,.F.);
#955=ORIENTED_EDGE('',*,*,#1680,.T.);
#956=ORIENTED_EDGE('',*,*,#1586,.T.);
#957=ORIENTED_EDGE('',*,*,#1681,.T.);
#958=ORIENTED_EDGE('',*,*,#1682,.F.);
#959=ORIENTED_EDGE('',*,*,#1675,.F.);
#960=ORIENTED_EDGE('',*,*,#1589,.T.);
#961=ORIENTED_EDGE('',*,*,#1671,.T.);
#962=ORIENTED_EDGE('',*,*,#1683,.F.);
#963=ORIENTED_EDGE('',*,*,#1684,.F.);
#964=ORIENTED_EDGE('',*,*,#1600,.T.);
#965=ORIENTED_EDGE('',*,*,#1685,.F.);
#966=ORIENTED_EDGE('',*,*,#1686,.F.);
#967=ORIENTED_EDGE('',*,*,#1672,.T.);
#968=ORIENTED_EDGE('',*,*,#1687,.F.);
#969=ORIENTED_EDGE('',*,*,#1688,.T.);
#970=ORIENTED_EDGE('',*,*,#1689,.F.);
#971=ORIENTED_EDGE('',*,*,#1690,.F.);
#972=ORIENTED_EDGE('',*,*,#1691,.T.);
#973=ORIENTED_EDGE('',*,*,#1692,.F.);
#974=ORIENTED_EDGE('',*,*,#1693,.F.);
#975=ORIENTED_EDGE('',*,*,#1685,.T.);
#976=ORIENTED_EDGE('',*,*,#1599,.T.);
#977=ORIENTED_EDGE('',*,*,#1633,.T.);
#978=ORIENTED_EDGE('',*,*,#1620,.T.);
#979=ORIENTED_EDGE('',*,*,#1694,.T.);
#980=ORIENTED_EDGE('',*,*,#1695,.T.);
#981=ORIENTED_EDGE('',*,*,#1696,.T.);
#982=ORIENTED_EDGE('',*,*,#1697,.T.);
#983=ORIENTED_EDGE('',*,*,#1698,.T.);
#984=ORIENTED_EDGE('',*,*,#1699,.T.);
#985=ORIENTED_EDGE('',*,*,#1700,.T.);
#986=ORIENTED_EDGE('',*,*,#1624,.T.);
#987=ORIENTED_EDGE('',*,*,#1635,.T.);
#988=ORIENTED_EDGE('',*,*,#1590,.T.);
#989=ORIENTED_EDGE('',*,*,#1684,.T.);
#990=ORIENTED_EDGE('',*,*,#1701,.F.);
#991=ORIENTED_EDGE('',*,*,#1702,.F.);
#992=ORIENTED_EDGE('',*,*,#1703,.T.);
#993=ORIENTED_EDGE('',*,*,#1704,.F.);
#994=ORIENTED_EDGE('',*,*,#1705,.F.);
#995=ORIENTED_EDGE('',*,*,#1706,.T.);
#996=ORIENTED_EDGE('',*,*,#1707,.F.);
#997=ORIENTED_EDGE('',*,*,#1708,.T.);
#998=ORIENTED_EDGE('',*,*,#1709,.F.);
#999=ORIENTED_EDGE('',*,*,#1710,.T.);
#1000=ORIENTED_EDGE('',*,*,#1585,.T.);
#1001=ORIENTED_EDGE('',*,*,#1645,.F.);
#1002=ORIENTED_EDGE('',*,*,#1636,.F.);
#1003=ORIENTED_EDGE('',*,*,#1652,.F.);
#1004=ORIENTED_EDGE('',*,*,#1595,.T.);
#1005=ORIENTED_EDGE('',*,*,#1680,.F.);
#1006=ORIENTED_EDGE('',*,*,#1711,.F.);
#1007=ORIENTED_EDGE('',*,*,#1712,.T.);
#1008=ORIENTED_EDGE('',*,*,#1713,.T.);
#1009=ORIENTED_EDGE('',*,*,#1714,.T.);
#1010=ORIENTED_EDGE('',*,*,#1715,.F.);
#1011=ORIENTED_EDGE('',*,*,#1681,.F.);
#1012=ORIENTED_EDGE('',*,*,#1716,.F.);
#1013=ORIENTED_EDGE('',*,*,#1717,.F.);
#1014=ORIENTED_EDGE('',*,*,#1718,.F.);
#1015=ORIENTED_EDGE('',*,*,#1719,.F.);
#1016=ORIENTED_EDGE('',*,*,#1720,.F.);
#1017=ORIENTED_EDGE('',*,*,#1719,.T.);
#1018=ORIENTED_EDGE('',*,*,#1721,.F.);
#1019=ORIENTED_EDGE('',*,*,#1722,.F.);
#1020=ORIENTED_EDGE('',*,*,#1723,.F.);
#1021=ORIENTED_EDGE('',*,*,#1716,.T.);
#1022=ORIENTED_EDGE('',*,*,#1720,.T.);
#1023=ORIENTED_EDGE('',*,*,#1724,.T.);
#1024=ORIENTED_EDGE('',*,*,#1725,.T.);
#1025=ORIENTED_EDGE('',*,*,#1717,.T.);
#1026=ORIENTED_EDGE('',*,*,#1723,.T.);
#1027=ORIENTED_EDGE('',*,*,#1726,.T.);
#1028=ORIENTED_EDGE('',*,*,#1725,.F.);
#1029=ORIENTED_EDGE('',*,*,#1727,.T.);
#1030=ORIENTED_EDGE('',*,*,#1721,.T.);
#1031=ORIENTED_EDGE('',*,*,#1718,.T.);
#1032=ORIENTED_EDGE('',*,*,#1727,.F.);
#1033=ORIENTED_EDGE('',*,*,#1726,.F.);
#1034=ORIENTED_EDGE('',*,*,#1724,.F.);
#1035=ORIENTED_EDGE('',*,*,#1722,.T.);
#1036=ORIENTED_EDGE('',*,*,#1728,.F.);
#1037=ORIENTED_EDGE('',*,*,#1729,.F.);
#1038=ORIENTED_EDGE('',*,*,#1730,.F.);
#1039=ORIENTED_EDGE('',*,*,#1731,.F.);
#1040=ORIENTED_EDGE('',*,*,#1732,.F.);
#1041=ORIENTED_EDGE('',*,*,#1733,.T.);
#1042=ORIENTED_EDGE('',*,*,#1734,.T.);
#1043=ORIENTED_EDGE('',*,*,#1731,.T.);
#1044=ORIENTED_EDGE('',*,*,#1735,.F.);
#1045=ORIENTED_EDGE('',*,*,#1736,.F.);
#1046=ORIENTED_EDGE('',*,*,#1737,.T.);
#1047=ORIENTED_EDGE('',*,*,#1732,.T.);
#1048=ORIENTED_EDGE('',*,*,#1738,.T.);
#1049=ORIENTED_EDGE('',*,*,#1734,.F.);
#1050=ORIENTED_EDGE('',*,*,#1739,.T.);
#1051=ORIENTED_EDGE('',*,*,#1740,.T.);
#1052=ORIENTED_EDGE('',*,*,#1741,.T.);
#1053=ORIENTED_EDGE('',*,*,#1730,.T.);
#1054=ORIENTED_EDGE('',*,*,#1742,.T.);
#1055=ORIENTED_EDGE('',*,*,#1743,.T.);
#1056=ORIENTED_EDGE('',*,*,#1744,.F.);
#1057=ORIENTED_EDGE('',*,*,#1738,.F.);
#1058=ORIENTED_EDGE('',*,*,#1745,.T.);
#1059=ORIENTED_EDGE('',*,*,#1746,.T.);
#1060=ORIENTED_EDGE('',*,*,#1728,.T.);
#1061=ORIENTED_EDGE('',*,*,#1741,.F.);
#1062=ORIENTED_EDGE('',*,*,#1747,.F.);
#1063=ORIENTED_EDGE('',*,*,#1748,.T.);
#1064=ORIENTED_EDGE('',*,*,#1749,.F.);
#1065=ORIENTED_EDGE('',*,*,#1729,.T.);
#1066=ORIENTED_EDGE('',*,*,#1750,.F.);
#1067=ORIENTED_EDGE('',*,*,#1746,.F.);
#1068=ORIENTED_EDGE('',*,*,#1751,.T.);
#1069=ORIENTED_EDGE('',*,*,#1750,.T.);
#1070=ORIENTED_EDGE('',*,*,#1749,.T.);
#1071=ORIENTED_EDGE('',*,*,#1752,.T.);
#1072=ORIENTED_EDGE('',*,*,#1742,.F.);
#1073=ORIENTED_EDGE('',*,*,#1735,.T.);
#1074=ORIENTED_EDGE('',*,*,#1733,.F.);
#1075=ORIENTED_EDGE('',*,*,#1737,.F.);
#1076=ORIENTED_EDGE('',*,*,#1753,.T.);
#1077=ORIENTED_EDGE('',*,*,#1739,.F.);
#1078=ORIENTED_EDGE('',*,*,#1754,.F.);
#1079=ORIENTED_EDGE('',*,*,#1755,.T.);
#1080=ORIENTED_EDGE('',*,*,#1736,.T.);
#1081=ORIENTED_EDGE('',*,*,#1744,.T.);
#1082=ORIENTED_EDGE('',*,*,#1740,.F.);
#1083=ORIENTED_EDGE('',*,*,#1756,.T.);
#1084=ORIENTED_EDGE('',*,*,#1757,.T.);
#1085=ORIENTED_EDGE('',*,*,#1747,.T.);
#1086=ORIENTED_EDGE('',*,*,#1758,.T.);
#1087=ORIENTED_EDGE('',*,*,#1692,.T.);
#1088=ORIENTED_EDGE('',*,*,#1759,.T.);
#1089=ORIENTED_EDGE('',*,*,#1751,.F.);
#1090=ORIENTED_EDGE('',*,*,#1760,.T.);
#1091=ORIENTED_EDGE('',*,*,#1702,.T.);
#1092=ORIENTED_EDGE('',*,*,#1761,.T.);
#1093=ORIENTED_EDGE('',*,*,#1752,.F.);
#1094=ORIENTED_EDGE('',*,*,#1762,.F.);
#1095=ORIENTED_EDGE('',*,*,#1703,.F.);
#1096=ORIENTED_EDGE('',*,*,#1760,.F.);
#1097=ORIENTED_EDGE('',*,*,#1748,.F.);
#1098=ORIENTED_EDGE('',*,*,#1759,.F.);
#1099=ORIENTED_EDGE('',*,*,#1691,.F.);
#1100=ORIENTED_EDGE('',*,*,#1763,.F.);
#1101=ORIENTED_EDGE('',*,*,#1764,.F.);
#1102=ORIENTED_EDGE('',*,*,#1765,.F.);
#1103=ORIENTED_EDGE('',*,*,#1766,.F.);
#1104=ORIENTED_EDGE('',*,*,#1714,.F.);
#1105=ORIENTED_EDGE('',*,*,#1767,.T.);
#1106=ORIENTED_EDGE('',*,*,#1754,.T.);
#1107=ORIENTED_EDGE('',*,*,#1768,.T.);
#1108=ORIENTED_EDGE('',*,*,#1712,.F.);
#1109=ORIENTED_EDGE('',*,*,#1769,.T.);
#1110=ORIENTED_EDGE('',*,*,#1757,.F.);
#1111=ORIENTED_EDGE('',*,*,#1770,.T.);
#1112=ORIENTED_EDGE('',*,*,#1713,.F.);
#1113=ORIENTED_EDGE('',*,*,#1770,.F.);
#1114=ORIENTED_EDGE('',*,*,#1756,.F.);
#1115=ORIENTED_EDGE('',*,*,#1753,.F.);
#1116=ORIENTED_EDGE('',*,*,#1755,.F.);
#1117=ORIENTED_EDGE('',*,*,#1767,.F.);
#1118=ORIENTED_EDGE('',*,*,#1771,.T.);
#1119=ORIENTED_EDGE('',*,*,#1769,.F.);
#1120=ORIENTED_EDGE('',*,*,#1711,.T.);
#1121=ORIENTED_EDGE('',*,*,#1679,.T.);
#1122=ORIENTED_EDGE('',*,*,#1677,.T.);
#1123=ORIENTED_EDGE('',*,*,#1673,.T.);
#1124=ORIENTED_EDGE('',*,*,#1686,.T.);
#1125=ORIENTED_EDGE('',*,*,#1693,.T.);
#1126=ORIENTED_EDGE('',*,*,#1758,.F.);
#1127=ORIENTED_EDGE('',*,*,#1745,.F.);
#1128=ORIENTED_EDGE('',*,*,#1772,.T.);
#1129=ORIENTED_EDGE('',*,*,#1682,.T.);
#1130=ORIENTED_EDGE('',*,*,#1715,.T.);
#1131=ORIENTED_EDGE('',*,*,#1768,.F.);
#1132=ORIENTED_EDGE('',*,*,#1743,.F.);
#1133=ORIENTED_EDGE('',*,*,#1761,.F.);
#1134=ORIENTED_EDGE('',*,*,#1701,.T.);
#1135=ORIENTED_EDGE('',*,*,#1683,.T.);
#1136=ORIENTED_EDGE('',*,*,#1670,.T.);
#1137=ORIENTED_EDGE('',*,*,#1676,.T.);
#1138=ORIENTED_EDGE('',*,*,#1627,.T.);
#1139=ORIENTED_EDGE('',*,*,#1773,.F.);
#1140=ORIENTED_EDGE('',*,*,#1766,.T.);
#1141=ORIENTED_EDGE('',*,*,#1774,.T.);
#1142=ORIENTED_EDGE('',*,*,#1764,.T.);
#1143=ORIENTED_EDGE('',*,*,#1775,.F.);
#1144=ORIENTED_EDGE('',*,*,#1629,.T.);
#1145=ORIENTED_EDGE('',*,*,#1776,.F.);
#1146=ORIENTED_EDGE('',*,*,#1765,.T.);
#1147=ORIENTED_EDGE('',*,*,#1776,.T.);
#1148=ORIENTED_EDGE('',*,*,#1628,.T.);
#1149=ORIENTED_EDGE('',*,*,#1774,.F.);
#1150=ORIENTED_EDGE('',*,*,#1699,.F.);
#1151=ORIENTED_EDGE('',*,*,#1777,.T.);
#1152=ORIENTED_EDGE('',*,*,#1778,.T.);
#1153=ORIENTED_EDGE('',*,*,#1779,.T.);
#1154=ORIENTED_EDGE('',*,*,#1780,.T.);
#1155=ORIENTED_EDGE('',*,*,#1781,.T.);
#1156=ORIENTED_EDGE('',*,*,#1697,.F.);
#1157=ORIENTED_EDGE('',*,*,#1782,.T.);
#1158=ORIENTED_EDGE('',*,*,#1783,.T.);
#1159=ORIENTED_EDGE('',*,*,#1784,.T.);
#1160=ORIENTED_EDGE('',*,*,#1695,.F.);
#1161=ORIENTED_EDGE('',*,*,#1785,.T.);
#1162=ORIENTED_EDGE('',*,*,#1763,.T.);
#1163=ORIENTED_EDGE('',*,*,#1690,.T.);
#1164=ORIENTED_EDGE('',*,*,#1786,.F.);
#1165=ORIENTED_EDGE('',*,*,#1787,.F.);
#1166=ORIENTED_EDGE('',*,*,#1689,.T.);
#1167=ORIENTED_EDGE('',*,*,#1788,.T.);
#1168=ORIENTED_EDGE('',*,*,#1789,.F.);
#1169=ORIENTED_EDGE('',*,*,#1786,.T.);
#1170=ORIENTED_EDGE('',*,*,#1790,.F.);
#1171=ORIENTED_EDGE('',*,*,#1791,.T.);
#1172=ORIENTED_EDGE('',*,*,#1687,.T.);
#1173=ORIENTED_EDGE('',*,*,#1792,.T.);
#1174=ORIENTED_EDGE('',*,*,#1793,.F.);
#1175=ORIENTED_EDGE('',*,*,#1794,.T.);
#1176=ORIENTED_EDGE('',*,*,#1709,.T.);
#1177=ORIENTED_EDGE('',*,*,#1795,.T.);
#1178=ORIENTED_EDGE('',*,*,#1796,.F.);
#1179=ORIENTED_EDGE('',*,*,#1797,.T.);
#1180=ORIENTED_EDGE('',*,*,#1707,.T.);
#1181=ORIENTED_EDGE('',*,*,#1798,.T.);
#1182=ORIENTED_EDGE('',*,*,#1799,.F.);
#1183=ORIENTED_EDGE('',*,*,#1800,.T.);
#1184=ORIENTED_EDGE('',*,*,#1705,.T.);
#1185=ORIENTED_EDGE('',*,*,#1801,.F.);
#1186=ORIENTED_EDGE('',*,*,#1762,.T.);
#1187=ORIENTED_EDGE('',*,*,#1802,.F.);
#1188=ORIENTED_EDGE('',*,*,#1801,.T.);
#1189=ORIENTED_EDGE('',*,*,#1704,.T.);
#1190=ORIENTED_EDGE('',*,*,#1789,.T.);
#1191=ORIENTED_EDGE('',*,*,#1803,.T.);
#1192=ORIENTED_EDGE('',*,*,#1790,.T.);
#1193=ORIENTED_EDGE('',*,*,#1804,.T.);
#1194=ORIENTED_EDGE('',*,*,#1793,.T.);
#1195=ORIENTED_EDGE('',*,*,#1805,.T.);
#1196=ORIENTED_EDGE('',*,*,#1796,.T.);
#1197=ORIENTED_EDGE('',*,*,#1806,.T.);
#1198=ORIENTED_EDGE('',*,*,#1799,.T.);
#1199=ORIENTED_EDGE('',*,*,#1802,.T.);
#1200=ORIENTED_EDGE('',*,*,#1773,.T.);
#1201=ORIENTED_EDGE('',*,*,#1626,.F.);
#1202=ORIENTED_EDGE('',*,*,#1807,.T.);
#1203=ORIENTED_EDGE('',*,*,#1778,.F.);
#1204=ORIENTED_EDGE('',*,*,#1808,.T.);
#1205=ORIENTED_EDGE('',*,*,#1780,.F.);
#1206=ORIENTED_EDGE('',*,*,#1809,.T.);
#1207=ORIENTED_EDGE('',*,*,#1783,.F.);
#1208=ORIENTED_EDGE('',*,*,#1810,.T.);
#1209=ORIENTED_EDGE('',*,*,#1618,.F.);
#1210=ORIENTED_EDGE('',*,*,#1775,.T.);
#1211=ORIENTED_EDGE('',*,*,#1787,.T.);
#1212=ORIENTED_EDGE('',*,*,#1803,.F.);
#1213=ORIENTED_EDGE('',*,*,#1788,.F.);
#1214=ORIENTED_EDGE('',*,*,#1688,.F.);
#1215=ORIENTED_EDGE('',*,*,#1791,.F.);
#1216=ORIENTED_EDGE('',*,*,#1804,.F.);
#1217=ORIENTED_EDGE('',*,*,#1792,.F.);
#1218=ORIENTED_EDGE('',*,*,#1710,.F.);
#1219=ORIENTED_EDGE('',*,*,#1794,.F.);
#1220=ORIENTED_EDGE('',*,*,#1805,.F.);
#1221=ORIENTED_EDGE('',*,*,#1795,.F.);
#1222=ORIENTED_EDGE('',*,*,#1708,.F.);
#1223=ORIENTED_EDGE('',*,*,#1797,.F.);
#1224=ORIENTED_EDGE('',*,*,#1806,.F.);
#1225=ORIENTED_EDGE('',*,*,#1798,.F.);
#1226=ORIENTED_EDGE('',*,*,#1706,.F.);
#1227=ORIENTED_EDGE('',*,*,#1800,.F.);
#1228=ORIENTED_EDGE('',*,*,#1808,.F.);
#1229=ORIENTED_EDGE('',*,*,#1777,.F.);
#1230=ORIENTED_EDGE('',*,*,#1698,.F.);
#1231=ORIENTED_EDGE('',*,*,#1781,.F.);
#1232=ORIENTED_EDGE('',*,*,#1809,.F.);
#1233=ORIENTED_EDGE('',*,*,#1782,.F.);
#1234=ORIENTED_EDGE('',*,*,#1696,.F.);
#1235=ORIENTED_EDGE('',*,*,#1784,.F.);
#1236=ORIENTED_EDGE('',*,*,#1810,.F.);
#1237=ORIENTED_EDGE('',*,*,#1785,.F.);
#1238=ORIENTED_EDGE('',*,*,#1694,.F.);
#1239=ORIENTED_EDGE('',*,*,#1619,.F.);
#1240=ORIENTED_EDGE('',*,*,#1807,.F.);
#1241=ORIENTED_EDGE('',*,*,#1625,.F.);
#1242=ORIENTED_EDGE('',*,*,#1700,.F.);
#1243=ORIENTED_EDGE('',*,*,#1779,.F.);
#1244=ORIENTED_EDGE('',*,*,#1811,.F.);
#1245=ORIENTED_EDGE('',*,*,#1772,.F.);
#1246=ORIENTED_EDGE('',*,*,#1594,.T.);
#1247=ORIENTED_EDGE('',*,*,#1771,.F.);
#1248=ORIENTED_EDGE('',*,*,#1812,.T.);
#1249=ORIENTED_EDGE('',*,*,#1813,.T.);
#1250=ORIENTED_EDGE('',*,*,#1814,.T.);
#1251=ORIENTED_EDGE('',*,*,#1813,.F.);
#1252=ORIENTED_EDGE('',*,*,#1814,.F.);
#1253=ORIENTED_EDGE('',*,*,#1815,.T.);
#1254=ORIENTED_EDGE('',*,*,#1815,.F.);
#1255=ORIENTED_EDGE('',*,*,#1816,.F.);
#1256=ORIENTED_EDGE('',*,*,#1817,.F.);
#1257=ORIENTED_EDGE('',*,*,#1818,.F.);
#1258=ORIENTED_EDGE('',*,*,#1819,.F.);
#1259=ORIENTED_EDGE('',*,*,#1820,.F.);
#1260=ORIENTED_EDGE('',*,*,#1821,.F.);
#1261=ORIENTED_EDGE('',*,*,#1822,.F.);
#1262=ORIENTED_EDGE('',*,*,#1823,.T.);
#1263=ORIENTED_EDGE('',*,*,#1816,.T.);
#1264=ORIENTED_EDGE('',*,*,#1824,.F.);
#1265=ORIENTED_EDGE('',*,*,#1825,.F.);
#1266=ORIENTED_EDGE('',*,*,#1826,.F.);
#1267=ORIENTED_EDGE('',*,*,#1827,.T.);
#1268=ORIENTED_EDGE('',*,*,#1817,.T.);
#1269=ORIENTED_EDGE('',*,*,#1823,.F.);
#1270=ORIENTED_EDGE('',*,*,#1828,.F.);
#1271=ORIENTED_EDGE('',*,*,#1829,.F.);
#1272=ORIENTED_EDGE('',*,*,#1830,.T.);
#1273=ORIENTED_EDGE('',*,*,#1818,.T.);
#1274=ORIENTED_EDGE('',*,*,#1827,.F.);
#1275=ORIENTED_EDGE('',*,*,#1831,.F.);
#1276=ORIENTED_EDGE('',*,*,#1832,.F.);
#1277=ORIENTED_EDGE('',*,*,#1833,.T.);
#1278=ORIENTED_EDGE('',*,*,#1819,.T.);
#1279=ORIENTED_EDGE('',*,*,#1830,.F.);
#1280=ORIENTED_EDGE('',*,*,#1834,.F.);
#1281=ORIENTED_EDGE('',*,*,#1835,.F.);
#1282=ORIENTED_EDGE('',*,*,#1836,.T.);
#1283=ORIENTED_EDGE('',*,*,#1820,.T.);
#1284=ORIENTED_EDGE('',*,*,#1833,.F.);
#1285=ORIENTED_EDGE('',*,*,#1837,.F.);
#1286=ORIENTED_EDGE('',*,*,#1838,.F.);
#1287=ORIENTED_EDGE('',*,*,#1824,.T.);
#1288=ORIENTED_EDGE('',*,*,#1821,.T.);
#1289=ORIENTED_EDGE('',*,*,#1836,.F.);
#1290=ORIENTED_EDGE('',*,*,#1839,.F.);
#1291=ORIENTED_EDGE('',*,*,#1822,.T.);
#1292=ORIENTED_EDGE('',*,*,#1840,.F.);
#1293=ORIENTED_EDGE('',*,*,#1828,.T.);
#1294=ORIENTED_EDGE('',*,*,#1825,.T.);
#1295=ORIENTED_EDGE('',*,*,#1838,.T.);
#1296=ORIENTED_EDGE('',*,*,#1841,.F.);
#1297=ORIENTED_EDGE('',*,*,#1831,.T.);
#1298=ORIENTED_EDGE('',*,*,#1826,.T.);
#1299=ORIENTED_EDGE('',*,*,#1842,.F.);
#1300=ORIENTED_EDGE('',*,*,#1834,.T.);
#1301=ORIENTED_EDGE('',*,*,#1829,.T.);
#1302=ORIENTED_EDGE('',*,*,#1843,.F.);
#1303=ORIENTED_EDGE('',*,*,#1837,.T.);
#1304=ORIENTED_EDGE('',*,*,#1832,.T.);
#1305=ORIENTED_EDGE('',*,*,#1844,.F.);
#1306=ORIENTED_EDGE('',*,*,#1839,.T.);
#1307=ORIENTED_EDGE('',*,*,#1835,.T.);
#1308=ORIENTED_EDGE('',*,*,#1845,.F.);
#1309=ORIENTED_EDGE('',*,*,#1842,.T.);
#1310=ORIENTED_EDGE('',*,*,#1840,.T.);
#1311=ORIENTED_EDGE('',*,*,#1841,.T.);
#1312=ORIENTED_EDGE('',*,*,#1845,.T.);
#1313=ORIENTED_EDGE('',*,*,#1844,.T.);
#1314=ORIENTED_EDGE('',*,*,#1843,.T.);
#1315=ORIENTED_EDGE('',*,*,#1846,.T.);
#1316=ORIENTED_EDGE('',*,*,#1847,.F.);
#1317=ORIENTED_EDGE('',*,*,#1848,.T.);
#1318=ORIENTED_EDGE('',*,*,#1846,.F.);
#1319=ORIENTED_EDGE('',*,*,#1849,.T.);
#1320=ORIENTED_EDGE('',*,*,#1848,.F.);
#1321=ORIENTED_EDGE('',*,*,#1850,.T.);
#1322=ORIENTED_EDGE('',*,*,#1849,.F.);
#1323=ORIENTED_EDGE('',*,*,#1851,.T.);
#1324=ORIENTED_EDGE('',*,*,#1850,.F.);
#1325=ORIENTED_EDGE('',*,*,#1852,.T.);
#1326=ORIENTED_EDGE('',*,*,#1851,.F.);
#1327=ORIENTED_EDGE('',*,*,#1853,.T.);
#1328=ORIENTED_EDGE('',*,*,#1852,.F.);
#1329=ORIENTED_EDGE('',*,*,#1854,.T.);
#1330=ORIENTED_EDGE('',*,*,#1853,.F.);
#1331=ORIENTED_EDGE('',*,*,#1855,.T.);
#1332=ORIENTED_EDGE('',*,*,#1854,.F.);
#1333=ORIENTED_EDGE('',*,*,#1856,.T.);
#1334=ORIENTED_EDGE('',*,*,#1855,.F.);
#1335=ORIENTED_EDGE('',*,*,#1857,.T.);
#1336=ORIENTED_EDGE('',*,*,#1856,.F.);
#1337=ORIENTED_EDGE('',*,*,#1858,.T.);
#1338=ORIENTED_EDGE('',*,*,#1857,.F.);
#1339=ORIENTED_EDGE('',*,*,#1859,.T.);
#1340=ORIENTED_EDGE('',*,*,#1858,.F.);
#1341=ORIENTED_EDGE('',*,*,#1860,.T.);
#1342=ORIENTED_EDGE('',*,*,#1859,.F.);
#1343=ORIENTED_EDGE('',*,*,#1861,.T.);
#1344=ORIENTED_EDGE('',*,*,#1860,.F.);
#1345=ORIENTED_EDGE('',*,*,#1862,.T.);
#1346=ORIENTED_EDGE('',*,*,#1861,.F.);
#1347=ORIENTED_EDGE('',*,*,#1863,.T.);
#1348=ORIENTED_EDGE('',*,*,#1862,.F.);
#1349=ORIENTED_EDGE('',*,*,#1864,.T.);
#1350=ORIENTED_EDGE('',*,*,#1863,.F.);
#1351=ORIENTED_EDGE('',*,*,#1865,.T.);
#1352=ORIENTED_EDGE('',*,*,#1864,.F.);
#1353=ORIENTED_EDGE('',*,*,#1866,.T.);
#1354=ORIENTED_EDGE('',*,*,#1865,.F.);
#1355=ORIENTED_EDGE('',*,*,#1867,.T.);
#1356=ORIENTED_EDGE('',*,*,#1866,.F.);
#1357=ORIENTED_EDGE('',*,*,#1868,.T.);
#1358=ORIENTED_EDGE('',*,*,#1867,.F.);
#1359=ORIENTED_EDGE('',*,*,#1869,.T.);
#1360=ORIENTED_EDGE('',*,*,#1868,.F.);
#1361=ORIENTED_EDGE('',*,*,#1870,.T.);
#1362=ORIENTED_EDGE('',*,*,#1869,.F.);
#1363=ORIENTED_EDGE('',*,*,#1871,.T.);
#1364=ORIENTED_EDGE('',*,*,#1870,.F.);
#1365=ORIENTED_EDGE('',*,*,#1872,.T.);
#1366=ORIENTED_EDGE('',*,*,#1812,.F.);
#1367=ORIENTED_EDGE('',*,*,#1873,.T.);
#1368=ORIENTED_EDGE('',*,*,#1872,.F.);
#1369=ORIENTED_EDGE('',*,*,#1874,.T.);
#1370=ORIENTED_EDGE('',*,*,#1873,.F.);
#1371=ORIENTED_EDGE('',*,*,#1875,.T.);
#1372=ORIENTED_EDGE('',*,*,#1874,.F.);
#1373=ORIENTED_EDGE('',*,*,#1876,.T.);
#1374=ORIENTED_EDGE('',*,*,#1875,.F.);
#1375=ORIENTED_EDGE('',*,*,#1877,.T.);
#1376=ORIENTED_EDGE('',*,*,#1876,.F.);
#1377=ORIENTED_EDGE('',*,*,#1878,.T.);
#1378=ORIENTED_EDGE('',*,*,#1877,.F.);
#1379=ORIENTED_EDGE('',*,*,#1879,.T.);
#1380=ORIENTED_EDGE('',*,*,#1878,.F.);
#1381=ORIENTED_EDGE('',*,*,#1880,.T.);
#1382=ORIENTED_EDGE('',*,*,#1879,.F.);
#1383=ORIENTED_EDGE('',*,*,#1881,.T.);
#1384=ORIENTED_EDGE('',*,*,#1880,.F.);
#1385=ORIENTED_EDGE('',*,*,#1882,.T.);
#1386=ORIENTED_EDGE('',*,*,#1881,.F.);
#1387=ORIENTED_EDGE('',*,*,#1883,.T.);
#1388=ORIENTED_EDGE('',*,*,#1882,.F.);
#1389=ORIENTED_EDGE('',*,*,#1884,.T.);
#1390=ORIENTED_EDGE('',*,*,#1883,.F.);
#1391=ORIENTED_EDGE('',*,*,#1885,.T.);
#1392=ORIENTED_EDGE('',*,*,#1884,.F.);
#1393=ORIENTED_EDGE('',*,*,#1886,.T.);
#1394=ORIENTED_EDGE('',*,*,#1885,.F.);
#1395=ORIENTED_EDGE('',*,*,#1847,.T.);
#1396=ORIENTED_EDGE('',*,*,#1886,.F.);
#1397=ORIENTED_EDGE('',*,*,#1871,.F.);
#1398=ORIENTED_EDGE('',*,*,#1887,.F.);
#1399=ORIENTED_EDGE('',*,*,#1887,.T.);
#1400=ORIENTED_EDGE('',*,*,#1811,.T.);
#1401=ORIENTED_EDGE('',*,*,#1888,.F.);
#1402=ORIENTED_EDGE('',*,*,#1889,.T.);
#1403=ORIENTED_EDGE('',*,*,#1890,.F.);
#1404=ORIENTED_EDGE('',*,*,#1891,.F.);
#1405=ORIENTED_EDGE('',*,*,#1892,.F.);
#1406=ORIENTED_EDGE('',*,*,#1893,.F.);
#1407=ORIENTED_EDGE('',*,*,#1894,.F.);
#1408=ORIENTED_EDGE('',*,*,#1892,.T.);
#1409=ORIENTED_EDGE('',*,*,#1895,.F.);
#1410=ORIENTED_EDGE('',*,*,#1896,.F.);
#1411=ORIENTED_EDGE('',*,*,#1897,.F.);
#1412=ORIENTED_EDGE('',*,*,#1898,.F.);
#1413=ORIENTED_EDGE('',*,*,#1899,.F.);
#1414=ORIENTED_EDGE('',*,*,#1897,.T.);
#1415=ORIENTED_EDGE('',*,*,#1900,.F.);
#1416=ORIENTED_EDGE('',*,*,#1901,.F.);
#1417=ORIENTED_EDGE('',*,*,#1902,.F.);
#1418=ORIENTED_EDGE('',*,*,#1903,.F.);
#1419=ORIENTED_EDGE('',*,*,#1904,.F.);
#1420=ORIENTED_EDGE('',*,*,#1902,.T.);
#1421=ORIENTED_EDGE('',*,*,#1905,.F.);
#1422=ORIENTED_EDGE('',*,*,#1906,.F.);
#1423=ORIENTED_EDGE('',*,*,#1907,.F.);
#1424=ORIENTED_EDGE('',*,*,#1908,.F.);
#1425=ORIENTED_EDGE('',*,*,#1909,.F.);
#1426=ORIENTED_EDGE('',*,*,#1907,.T.);
#1427=ORIENTED_EDGE('',*,*,#1910,.F.);
#1428=ORIENTED_EDGE('',*,*,#1911,.F.);
#1429=ORIENTED_EDGE('',*,*,#1912,.F.);
#1430=ORIENTED_EDGE('',*,*,#1913,.F.);
#1431=ORIENTED_EDGE('',*,*,#1914,.F.);
#1432=ORIENTED_EDGE('',*,*,#1912,.T.);
#1433=ORIENTED_EDGE('',*,*,#1915,.F.);
#1434=ORIENTED_EDGE('',*,*,#1916,.F.);
#1435=ORIENTED_EDGE('',*,*,#1889,.F.);
#1436=ORIENTED_EDGE('',*,*,#1917,.F.);
#1437=ORIENTED_EDGE('',*,*,#1911,.T.);
#1438=ORIENTED_EDGE('',*,*,#1580,.T.);
#1439=ORIENTED_EDGE('',*,*,#1915,.T.);
#1440=ORIENTED_EDGE('',*,*,#1906,.T.);
#1441=ORIENTED_EDGE('',*,*,#1581,.T.);
#1442=ORIENTED_EDGE('',*,*,#1910,.T.);
#1443=ORIENTED_EDGE('',*,*,#1901,.T.);
#1444=ORIENTED_EDGE('',*,*,#1582,.T.);
#1445=ORIENTED_EDGE('',*,*,#1905,.T.);
#1446=ORIENTED_EDGE('',*,*,#1900,.T.);
#1447=ORIENTED_EDGE('',*,*,#1896,.T.);
#1448=ORIENTED_EDGE('',*,*,#1583,.F.);
#1449=ORIENTED_EDGE('',*,*,#1895,.T.);
#1450=ORIENTED_EDGE('',*,*,#1891,.T.);
#1451=ORIENTED_EDGE('',*,*,#1584,.T.);
#1452=ORIENTED_EDGE('',*,*,#1890,.T.);
#1453=ORIENTED_EDGE('',*,*,#1916,.T.);
#1454=ORIENTED_EDGE('',*,*,#1579,.T.);
#1455=ORIENTED_EDGE('',*,*,#1913,.T.);
#1456=ORIENTED_EDGE('',*,*,#1914,.T.);
#1457=ORIENTED_EDGE('',*,*,#1918,.F.);
#1458=ORIENTED_EDGE('',*,*,#1908,.T.);
#1459=ORIENTED_EDGE('',*,*,#1909,.T.);
#1460=ORIENTED_EDGE('',*,*,#1919,.F.);
#1461=ORIENTED_EDGE('',*,*,#1903,.T.);
#1462=ORIENTED_EDGE('',*,*,#1904,.T.);
#1463=ORIENTED_EDGE('',*,*,#1920,.F.);
#1464=ORIENTED_EDGE('',*,*,#1898,.T.);
#1465=ORIENTED_EDGE('',*,*,#1899,.T.);
#1466=ORIENTED_EDGE('',*,*,#1921,.F.);
#1467=ORIENTED_EDGE('',*,*,#1893,.T.);
#1468=ORIENTED_EDGE('',*,*,#1894,.T.);
#1469=ORIENTED_EDGE('',*,*,#1922,.F.);
#1470=ORIENTED_EDGE('',*,*,#1888,.T.);
#1471=ORIENTED_EDGE('',*,*,#1923,.F.);
#1472=ORIENTED_EDGE('',*,*,#1917,.T.);
#1473=ORIENTED_EDGE('',*,*,#1924,.F.);
#1474=ORIENTED_EDGE('',*,*,#1918,.T.);
#1475=ORIENTED_EDGE('',*,*,#1923,.T.);
#1476=ORIENTED_EDGE('',*,*,#1922,.T.);
#1477=ORIENTED_EDGE('',*,*,#1921,.T.);
#1478=ORIENTED_EDGE('',*,*,#1920,.T.);
#1479=ORIENTED_EDGE('',*,*,#1919,.T.);
#1480=ORIENTED_EDGE('',*,*,#1925,.T.);
#1481=ORIENTED_EDGE('',*,*,#1926,.F.);
#1482=ORIENTED_EDGE('',*,*,#1925,.F.);
#1483=ORIENTED_EDGE('',*,*,#1924,.T.);
#1484=ORIENTED_EDGE('',*,*,#1926,.T.);
#1485=EDGE_CURVE('',#1927,#1928,#2231,.T.);
#1486=EDGE_CURVE('',#1929,#1927,#229,.T.);
#1487=EDGE_CURVE('',#1929,#1930,#2232,.T.);
#1488=EDGE_CURVE('',#1930,#1928,#230,.T.);
#1489=EDGE_CURVE('',#1931,#1927,#231,.T.);
#1490=EDGE_CURVE('',#1932,#1931,#232,.T.);
#1491=EDGE_CURVE('',#1932,#1929,#233,.T.);
#1492=EDGE_CURVE('',#1933,#1931,#2233,.T.);
#1493=EDGE_CURVE('',#1934,#1933,#234,.T.);
#1494=EDGE_CURVE('',#1934,#1932,#2234,.T.);
#1495=EDGE_CURVE('',#1935,#1933,#235,.T.);
#1496=EDGE_CURVE('',#1936,#1935,#236,.T.);
#1497=EDGE_CURVE('',#1936,#1934,#237,.T.);
#1498=EDGE_CURVE('',#1937,#1935,#2235,.T.);
#1499=EDGE_CURVE('',#1938,#1937,#238,.T.);
#1500=EDGE_CURVE('',#1938,#1936,#2236,.T.);
#1501=EDGE_CURVE('',#1939,#1937,#239,.T.);
#1502=EDGE_CURVE('',#1940,#1939,#240,.T.);
#1503=EDGE_CURVE('',#1940,#1938,#241,.T.);
#1504=EDGE_CURVE('',#1941,#1939,#2237,.T.);
#1505=EDGE_CURVE('',#1942,#1941,#242,.T.);
#1506=EDGE_CURVE('',#1942,#1940,#2238,.T.);
#1507=EDGE_CURVE('',#1928,#1941,#243,.T.);
#1508=EDGE_CURVE('',#1930,#1942,#244,.T.);
#1509=EDGE_CURVE('',#1943,#1943,#2239,.F.);
#1510=EDGE_CURVE('',#1944,#1945,#245,.T.);
#1511=EDGE_CURVE('',#1945,#1946,#2240,.T.);
#1512=EDGE_CURVE('',#1947,#1946,#246,.T.);
#1513=EDGE_CURVE('',#1947,#1944,#2241,.T.);
#1514=EDGE_CURVE('',#1948,#1949,#247,.T.);
#1515=EDGE_CURVE('',#1949,#1950,#2242,.T.);
#1516=EDGE_CURVE('',#1951,#1950,#248,.T.);
#1517=EDGE_CURVE('',#1951,#1948,#2243,.T.);
#1518=EDGE_CURVE('',#1952,#1953,#249,.T.);
#1519=EDGE_CURVE('',#1953,#1954,#2244,.T.);
#1520=EDGE_CURVE('',#1955,#1954,#250,.T.);
#1521=EDGE_CURVE('',#1955,#1952,#2245,.T.);
#1522=EDGE_CURVE('',#1956,#1957,#251,.T.);
#1523=EDGE_CURVE('',#1957,#1958,#2246,.T.);
#1524=EDGE_CURVE('',#1959,#1958,#252,.T.);
#1525=EDGE_CURVE('',#1959,#1956,#2247,.T.);
#1526=EDGE_CURVE('',#1960,#1960,#2248,.T.);
#1527=EDGE_CURVE('',#1961,#1962,#2249,.T.);
#1528=EDGE_CURVE('',#1963,#1961,#253,.T.);
#1529=EDGE_CURVE('',#1964,#1963,#2250,.T.);
#1530=EDGE_CURVE('',#1964,#1962,#254,.T.);
#1531=EDGE_CURVE('',#1965,#1966,#2251,.T.);
#1532=EDGE_CURVE('',#1967,#1965,#255,.T.);
#1533=EDGE_CURVE('',#1968,#1967,#2252,.T.);
#1534=EDGE_CURVE('',#1968,#1966,#256,.T.);
#1535=EDGE_CURVE('',#1969,#1970,#2253,.T.);
#1536=EDGE_CURVE('',#1971,#1969,#257,.T.);
#1537=EDGE_CURVE('',#1972,#1971,#2254,.T.);
#1538=EDGE_CURVE('',#1972,#1970,#258,.T.);
#1539=EDGE_CURVE('',#1973,#1974,#2255,.T.);
#1540=EDGE_CURVE('',#1975,#1973,#259,.T.);
#1541=EDGE_CURVE('',#1976,#1975,#2256,.T.);
#1542=EDGE_CURVE('',#1976,#1974,#260,.T.);
#1543=EDGE_CURVE('',#1957,#1973,#261,.T.);
#1544=EDGE_CURVE('',#1956,#1975,#262,.T.);
#1545=EDGE_CURVE('',#1959,#1976,#263,.T.);
#1546=EDGE_CURVE('',#1958,#1974,#264,.T.);
#1547=EDGE_CURVE('',#1953,#1969,#265,.T.);
#1548=EDGE_CURVE('',#1952,#1971,#266,.T.);
#1549=EDGE_CURVE('',#1955,#1972,#267,.T.);
#1550=EDGE_CURVE('',#1954,#1970,#268,.T.);
#1551=EDGE_CURVE('',#1949,#1965,#269,.T.);
#1552=EDGE_CURVE('',#1948,#1967,#270,.T.);
#1553=EDGE_CURVE('',#1951,#1968,#271,.T.);
#1554=EDGE_CURVE('',#1950,#1966,#272,.T.);
#1555=EDGE_CURVE('',#1945,#1961,#273,.T.);
#1556=EDGE_CURVE('',#1944,#1963,#274,.T.);
#1557=EDGE_CURVE('',#1947,#1964,#275,.T.);
#1558=EDGE_CURVE('',#1946,#1962,#276,.T.);
#1559=EDGE_CURVE('',#1977,#1977,#2257,.T.);
#1560=EDGE_CURVE('',#1978,#1978,#2258,.T.);
#1561=EDGE_CURVE('',#1979,#1979,#2259,.T.);
#1562=EDGE_CURVE('',#1980,#1980,#2260,.T.);
#1563=EDGE_CURVE('',#1981,#1981,#2261,.T.);
#1564=EDGE_CURVE('',#1982,#1982,#2262,.T.);
#1565=EDGE_CURVE('',#1983,#1983,#2263,.T.);
#1566=EDGE_CURVE('',#1984,#1984,#2264,.T.);
#1567=EDGE_CURVE('',#1985,#1985,#2265,.T.);
#1568=EDGE_CURVE('',#1986,#1986,#2266,.T.);
#1569=EDGE_CURVE('',#1987,#1987,#2267,.T.);
#1570=EDGE_CURVE('',#1988,#1988,#2268,.T.);
#1571=EDGE_CURVE('',#1989,#1989,#2269,.T.);
#1572=EDGE_CURVE('',#1990,#1990,#2270,.T.);
#1573=EDGE_CURVE('',#1991,#1991,#2271,.T.);
#1574=EDGE_CURVE('',#1992,#1992,#2272,.T.);
#1575=EDGE_CURVE('',#1993,#1993,#2273,.T.);
#1576=EDGE_CURVE('',#1994,#1994,#2274,.T.);
#1577=EDGE_CURVE('',#1995,#1995,#2275,.T.);
#1578=EDGE_CURVE('',#1996,#1996,#2276,.T.);
#1579=EDGE_CURVE('',#1997,#1998,#2277,.T.);
#1580=EDGE_CURVE('',#1999,#1997,#2278,.T.);
#1581=EDGE_CURVE('',#2000,#1999,#2279,.T.);
#1582=EDGE_CURVE('',#2001,#2000,#2280,.T.);
#1583=EDGE_CURVE('',#2001,#2002,#2281,.T.);
#1584=EDGE_CURVE('',#1998,#2002,#2282,.T.);
#1585=EDGE_CURVE('',#2003,#2004,#277,.T.);
#1586=EDGE_CURVE('',#2005,#2003,#2283,.F.);
#1587=EDGE_CURVE('',#2006,#2005,#278,.T.);
#1588=EDGE_CURVE('',#2007,#2006,#2284,.T.);
#1589=EDGE_CURVE('',#2008,#2007,#279,.T.);
#1590=EDGE_CURVE('',#2009,#2008,#280,.T.);
#1591=EDGE_CURVE('',#2009,#2010,#281,.F.);
#1592=EDGE_CURVE('',#2010,#2011,#282,.T.);
#1593=EDGE_CURVE('',#2011,#2004,#283,.F.);
#1594=EDGE_CURVE('',#2012,#2012,#2285,.T.);
#1595=EDGE_CURVE('',#2013,#2014,#284,.T.);
#1596=EDGE_CURVE('',#2013,#2015,#285,.T.);
#1597=EDGE_CURVE('',#2015,#2016,#286,.F.);
#1598=EDGE_CURVE('',#2016,#2017,#287,.T.);
#1599=EDGE_CURVE('',#2018,#2017,#288,.T.);
#1600=EDGE_CURVE('',#2019,#2018,#289,.T.);
#1601=EDGE_CURVE('',#2020,#2019,#2286,.T.);
#1602=EDGE_CURVE('',#2021,#2020,#290,.T.);
#1603=EDGE_CURVE('',#2014,#2021,#2287,.F.);
#1604=EDGE_CURVE('',#2015,#2022,#31,.T.);
#1605=EDGE_CURVE('',#2022,#2023,#32,.T.);
#1606=EDGE_CURVE('',#2024,#2023,#291,.T.);
#1607=EDGE_CURVE('',#2016,#2024,#2288,.T.);
#1608=EDGE_CURVE('',#2025,#2026,#292,.F.);
#1609=EDGE_CURVE('',#2025,#2027,#33,.T.);
#1610=EDGE_CURVE('',#2027,#2011,#34,.T.);
#1611=EDGE_CURVE('',#2026,#2010,#2289,.T.);
#1612=EDGE_CURVE('',#2028,#2029,#293,.F.);
#1613=EDGE_CURVE('',#2029,#2030,#2290,.F.);
#1614=EDGE_CURVE('',#2030,#2031,#294,.F.);
#1615=EDGE_CURVE('',#2031,#2028,#2291,.F.);
#1616=EDGE_CURVE('',#2023,#2025,#2292,.F.);
#1617=EDGE_CURVE('',#2026,#2024,#295,.T.);
#1618=EDGE_CURVE('',#2032,#2033,#296,.T.);
#1619=EDGE_CURVE('',#2033,#2034,#297,.T.);
#1620=EDGE_CURVE('',#2035,#2034,#298,.T.);
#1621=EDGE_CURVE('',#2035,#2036,#299,.F.);
#1622=EDGE_CURVE('',#2036,#2037,#300,.F.);
#1623=EDGE_CURVE('',#2037,#2038,#301,.T.);
#1624=EDGE_CURVE('',#2039,#2038,#302,.T.);
#1625=EDGE_CURVE('',#2039,#2040,#303,.F.);
#1626=EDGE_CURVE('',#2040,#2041,#304,.T.);
#1627=EDGE_CURVE('',#2042,#2041,#305,.T.);
#1628=EDGE_CURVE('',#2043,#2042,#306,.T.);
#1629=EDGE_CURVE('',#2032,#2043,#307,.T.);
#1630=EDGE_CURVE('',#2036,#2024,#2293,.T.);
#1631=EDGE_CURVE('',#2026,#2037,#2294,.F.);
#1632=EDGE_CURVE('',#2016,#2036,#2295,.T.);
#1633=EDGE_CURVE('',#2017,#2035,#2296,.F.);
#1634=EDGE_CURVE('',#2037,#2010,#2297,.T.);
#1635=EDGE_CURVE('',#2038,#2009,#2298,.F.);
#1636=EDGE_CURVE('',#2044,#2045,#21,.T.);
#1637=EDGE_CURVE('',#2045,#2046,#308,.T.);
#1638=EDGE_CURVE('',#2046,#2047,#35,.T.);
#1639=EDGE_CURVE('',#2047,#2048,#2299,.T.);
#1640=EDGE_CURVE('',#2048,#2049,#36,.T.);
#1641=EDGE_CURVE('',#2049,#2044,#309,.F.);
#1642=EDGE_CURVE('',#2050,#2051,#2300,.F.);
#1643=EDGE_CURVE('',#2051,#2048,#37,.T.);
#1644=EDGE_CURVE('',#2047,#2050,#38,.T.);
#1645=EDGE_CURVE('',#2045,#2004,#22,.F.);
#1646=EDGE_CURVE('',#2046,#2011,#2301,.T.);
#1647=EDGE_CURVE('',#2047,#2027,#2302,.T.);
#1648=EDGE_CURVE('',#2050,#2025,#2303,.T.);
#1649=EDGE_CURVE('',#2051,#2023,#2304,.T.);
#1650=EDGE_CURVE('',#2048,#2022,#2305,.T.);
#1651=EDGE_CURVE('',#2049,#2015,#2306,.T.);
#1652=EDGE_CURVE('',#2013,#2044,#23,.F.);
#1653=EDGE_CURVE('',#2052,#2053,#310,.T.);
#1654=EDGE_CURVE('',#2053,#2054,#2307,.T.);
#1655=EDGE_CURVE('',#2054,#2055,#311,.T.);
#1656=EDGE_CURVE('',#2055,#2052,#2308,.T.);
#1657=EDGE_CURVE('',#2028,#2056,#2309,.T.);
#1658=EDGE_CURVE('',#2057,#2031,#2310,.T.);
#1659=EDGE_CURVE('',#2056,#2057,#2311,.T.);
#1660=EDGE_CURVE('',#2058,#2030,#2312,.T.);
#1661=EDGE_CURVE('',#2057,#2058,#312,.T.);
#1662=EDGE_CURVE('',#2056,#2055,#2313,.T.);
#1663=EDGE_CURVE('',#2052,#2057,#2314,.T.);
#1664=EDGE_CURVE('',#2029,#2059,#2315,.T.);
#1665=EDGE_CURVE('',#2059,#2056,#313,.T.);
#1666=EDGE_CURVE('',#2058,#2059,#2316,.T.);
#1667=EDGE_CURVE('',#2053,#2058,#2317,.T.);
#1668=EDGE_CURVE('',#2059,#2054,#2318,.T.);
#1669=EDGE_CURVE('',#2006,#2060,#314,.T.);
#1670=EDGE_CURVE('',#2061,#2060,#2319,.T.);
#1671=EDGE_CURVE('',#2007,#2061,#315,.T.);
#1672=EDGE_CURVE('',#2062,#2019,#316,.T.);
#1673=EDGE_CURVE('',#2063,#2062,#2320,.T.);
#1674=EDGE_CURVE('',#2063,#2020,#317,.T.);
#1675=EDGE_CURVE('',#2005,#2064,#318,.T.);
#1676=EDGE_CURVE('',#2060,#2064,#319,.T.);
#1677=EDGE_CURVE('',#2065,#2063,#320,.T.);
#1678=EDGE_CURVE('',#2065,#2021,#321,.T.);
#1679=EDGE_CURVE('',#2066,#2065,#2321,.F.);
#1680=EDGE_CURVE('',#2066,#2014,#322,.T.);
#1681=EDGE_CURVE('',#2003,#2067,#323,.T.);
#1682=EDGE_CURVE('',#2064,#2067,#2322,.F.);
#1683=EDGE_CURVE('',#2068,#2061,#324,.T.);
#1684=EDGE_CURVE('',#2008,#2068,#325,.T.);
#1685=EDGE_CURVE('',#2069,#2018,#326,.T.);
#1686=EDGE_CURVE('',#2062,#2069,#327,.T.);
#1687=EDGE_CURVE('',#2070,#2071,#328,.T.);
#1688=EDGE_CURVE('',#2070,#2072,#2323,.F.);
#1689=EDGE_CURVE('',#2073,#2072,#329,.F.);
#1690=EDGE_CURVE('',#2074,#2073,#330,.T.);
#1691=EDGE_CURVE('',#2074,#2075,#331,.T.);
#1692=EDGE_CURVE('',#2076,#2075,#2324,.F.);
#1693=EDGE_CURVE('',#2069,#2076,#332,.T.);
#1694=EDGE_CURVE('',#2034,#2077,#2325,.T.);
#1695=EDGE_CURVE('',#2077,#2078,#333,.T.);
#1696=EDGE_CURVE('',#2078,#2079,#2326,.F.);
#1697=EDGE_CURVE('',#2079,#2080,#334,.T.);
#1698=EDGE_CURVE('',#2080,#2081,#2327,.F.);
#1699=EDGE_CURVE('',#2081,#2082,#335,.T.);
#1700=EDGE_CURVE('',#2082,#2039,#2328,.T.);
#1701=EDGE_CURVE('',#2083,#2068,#336,.T.);
#1702=EDGE_CURVE('',#2084,#2083,#2329,.F.);
#1703=EDGE_CURVE('',#2084,#2085,#337,.T.);
#1704=EDGE_CURVE('',#2086,#2085,#338,.T.);
#1705=EDGE_CURVE('',#2087,#2086,#339,.F.);
#1706=EDGE_CURVE('',#2087,#2088,#2330,.F.);
#1707=EDGE_CURVE('',#2089,#2088,#340,.T.);
#1708=EDGE_CURVE('',#2089,#2090,#2331,.T.);
#1709=EDGE_CURVE('',#2091,#2090,#341,.F.);
#1710=EDGE_CURVE('',#2091,#2071,#2332,.T.);
#1711=EDGE_CURVE('',#2092,#2066,#342,.T.);
#1712=EDGE_CURVE('',#2092,#2093,#24,.F.);
#1713=EDGE_CURVE('',#2093,#2094,#25,.T.);
#1714=EDGE_CURVE('',#2094,#2095,#26,.F.);
#1715=EDGE_CURVE('',#2067,#2095,#343,.T.);
#1716=EDGE_CURVE('',#2096,#2097,#344,.T.);
#1717=EDGE_CURVE('',#2098,#2096,#2333,.T.);
#1718=EDGE_CURVE('',#2099,#2098,#345,.F.);
#1719=EDGE_CURVE('',#2097,#2099,#2334,.T.);
#1720=EDGE_CURVE('',#2097,#2100,#2335,.T.);
#1721=EDGE_CURVE('',#2101,#2099,#2336,.F.);
#1722=EDGE_CURVE('',#2100,#2101,#2337,.T.);
#1723=EDGE_CURVE('',#2096,#2102,#2338,.F.);
#1724=EDGE_CURVE('',#2100,#2102,#346,.F.);
#1725=EDGE_CURVE('',#2103,#2098,#2339,.T.);
#1726=EDGE_CURVE('',#2102,#2103,#2340,.F.);
#1727=EDGE_CURVE('',#2103,#2101,#347,.F.);
#1728=EDGE_CURVE('',#2104,#2105,#348,.T.);
#1729=EDGE_CURVE('',#2106,#2104,#349,.T.);
#1730=EDGE_CURVE('',#2107,#2106,#350,.F.);
#1731=EDGE_CURVE('',#2105,#2107,#2341,.F.);
#1732=EDGE_CURVE('',#2108,#2107,#2342,.T.);
#1733=EDGE_CURVE('',#2108,#2109,#2343,.F.);
#1734=EDGE_CURVE('',#2109,#2105,#2344,.T.);
#1735=EDGE_CURVE('',#2110,#2110,#2345,.F.);
#1736=EDGE_CURVE('',#2111,#2112,#2346,.T.);
#1737=EDGE_CURVE('',#2111,#2108,#39,.T.);
#1738=EDGE_CURVE('',#2107,#2112,#40,.T.);
#1739=EDGE_CURVE('',#2109,#2113,#41,.T.);
#1740=EDGE_CURVE('',#2113,#2114,#2347,.T.);
#1741=EDGE_CURVE('',#2114,#2105,#42,.T.);
#1742=EDGE_CURVE('',#2106,#2115,#2348,.T.);
#1743=EDGE_CURVE('',#2115,#2116,#351,.T.);
#1744=EDGE_CURVE('',#2112,#2116,#43,.T.);
#1745=EDGE_CURVE('',#2117,#2118,#352,.F.);
#1746=EDGE_CURVE('',#2118,#2104,#2349,.F.);
#1747=EDGE_CURVE('',#2117,#2114,#44,.T.);
#1748=EDGE_CURVE('',#2119,#2120,#353,.F.);
#1749=EDGE_CURVE('',#2106,#2120,#2350,.F.);
#1750=EDGE_CURVE('',#2119,#2104,#2351,.T.);
#1751=EDGE_CURVE('',#2118,#2119,#2352,.F.);
#1752=EDGE_CURVE('',#2120,#2115,#2353,.F.);
#1753=EDGE_CURVE('',#2111,#2113,#2354,.F.);
#1754=EDGE_CURVE('',#2121,#2116,#2355,.F.);
#1755=EDGE_CURVE('',#2121,#2111,#45,.T.);
#1756=EDGE_CURVE('',#2113,#2122,#46,.T.);
#1757=EDGE_CURVE('',#2122,#2117,#2356,.T.);
#1758=EDGE_CURVE('',#2118,#2076,#354,.F.);
#1759=EDGE_CURVE('',#2075,#2119,#355,.T.);
#1760=EDGE_CURVE('',#2120,#2084,#356,.F.);
#1761=EDGE_CURVE('',#2083,#2115,#357,.T.);
#1762=EDGE_CURVE('',#2085,#2123,#358,.T.);
#1763=EDGE_CURVE('',#2124,#2074,#359,.T.);
#1764=EDGE_CURVE('',#2125,#2124,#360,.T.);
#1765=EDGE_CURVE('',#2126,#2125,#361,.T.);
#1766=EDGE_CURVE('',#2123,#2126,#362,.T.);
#1767=EDGE_CURVE('',#2094,#2121,#363,.T.);
#1768=EDGE_CURVE('',#2116,#2095,#364,.F.);
#1769=EDGE_CURVE('',#2092,#2117,#365,.F.);
#1770=EDGE_CURVE('',#2122,#2093,#366,.F.);
#1771=EDGE_CURVE('',#2127,#2127,#2357,.T.);
#1772=EDGE_CURVE('',#2128,#2128,#2358,.T.);
#1773=EDGE_CURVE('',#2123,#2041,#367,.T.);
#1774=EDGE_CURVE('',#2126,#2042,#368,.T.);
#1775=EDGE_CURVE('',#2032,#2124,#369,.T.);
#1776=EDGE_CURVE('',#2125,#2043,#370,.T.);
#1777=EDGE_CURVE('',#2081,#2129,#371,.F.);
#1778=EDGE_CURVE('',#2129,#2130,#372,.T.);
#1779=EDGE_CURVE('',#2130,#2082,#373,.T.);
#1780=EDGE_CURVE('',#2131,#2132,#374,.T.);
#1781=EDGE_CURVE('',#2132,#2080,#375,.T.);
#1782=EDGE_CURVE('',#2079,#2131,#376,.F.);
#1783=EDGE_CURVE('',#2133,#2134,#377,.T.);
#1784=EDGE_CURVE('',#2134,#2078,#378,.T.);
#1785=EDGE_CURVE('',#2077,#2133,#379,.F.);
#1786=EDGE_CURVE('',#2135,#2073,#380,.T.);
#1787=EDGE_CURVE('',#2124,#2135,#381,.T.);
#1788=EDGE_CURVE('',#2072,#2136,#382,.F.);
#1789=EDGE_CURVE('',#2135,#2136,#383,.F.);
#1790=EDGE_CURVE('',#2137,#2138,#384,.T.);
#1791=EDGE_CURVE('',#2137,#2070,#385,.T.);
#1792=EDGE_CURVE('',#2071,#2138,#386,.F.);
#1793=EDGE_CURVE('',#2139,#2140,#387,.F.);
#1794=EDGE_CURVE('',#2139,#2091,#388,.T.);
#1795=EDGE_CURVE('',#2090,#2140,#389,.F.);
#1796=EDGE_CURVE('',#2141,#2142,#390,.T.);
#1797=EDGE_CURVE('',#2141,#2089,#391,.T.);
#1798=EDGE_CURVE('',#2088,#2142,#392,.F.);
#1799=EDGE_CURVE('',#2143,#2144,#393,.F.);
#1800=EDGE_CURVE('',#2143,#2087,#394,.T.);
#1801=EDGE_CURVE('',#2144,#2086,#395,.T.);
#1802=EDGE_CURVE('',#2144,#2123,#396,.T.);
#1803=EDGE_CURVE('',#2136,#2137,#2359,.T.);
#1804=EDGE_CURVE('',#2138,#2139,#2360,.F.);
#1805=EDGE_CURVE('',#2140,#2141,#2361,.F.);
#1806=EDGE_CURVE('',#2142,#2143,#2362,.T.);
#1807=EDGE_CURVE('',#2040,#2130,#2363,.F.);
#1808=EDGE_CURVE('',#2129,#2132,#2364,.T.);
#1809=EDGE_CURVE('',#2131,#2134,#2365,.T.);
#1810=EDGE_CURVE('',#2133,#2033,#2366,.F.);
#1811=EDGE_CURVE('',#2145,#2145,#2367,.F.);
#1812=EDGE_CURVE('',#2146,#2146,#2368,.T.);
#1813=EDGE_CURVE('',#2147,#2147,#2369,.T.);
#1814=EDGE_CURVE('',#2148,#2148,#2370,.T.);
#1815=EDGE_CURVE('',#2149,#2149,#2371,.F.);
#1816=EDGE_CURVE('',#2150,#2151,#397,.T.);
#1817=EDGE_CURVE('',#2152,#2150,#398,.T.);
#1818=EDGE_CURVE('',#2153,#2152,#399,.T.);
#1819=EDGE_CURVE('',#2154,#2153,#400,.T.);
#1820=EDGE_CURVE('',#2155,#2154,#401,.T.);
#1821=EDGE_CURVE('',#2151,#2155,#402,.T.);
#1822=EDGE_CURVE('',#2156,#2157,#47,.T.);
#1823=EDGE_CURVE('',#2156,#2150,#403,.T.);
#1824=EDGE_CURVE('',#2158,#2151,#404,.T.);
#1825=EDGE_CURVE('',#2157,#2158,#48,.T.);
#1826=EDGE_CURVE('',#2159,#2160,#49,.T.);
#1827=EDGE_CURVE('',#2159,#2152,#405,.T.);
#1828=EDGE_CURVE('',#2160,#2156,#50,.T.);
#1829=EDGE_CURVE('',#2161,#2162,#51,.T.);
#1830=EDGE_CURVE('',#2161,#2153,#406,.T.);
#1831=EDGE_CURVE('',#2162,#2159,#52,.T.);
#1832=EDGE_CURVE('',#2163,#2164,#53,.T.);
#1833=EDGE_CURVE('',#2163,#2154,#407,.T.);
#1834=EDGE_CURVE('',#2164,#2161,#54,.T.);
#1835=EDGE_CURVE('',#2165,#2166,#55,.F.);
#1836=EDGE_CURVE('',#2165,#2155,#408,.T.);
#1837=EDGE_CURVE('',#2166,#2163,#56,.F.);
#1838=EDGE_CURVE('',#2158,#2167,#57,.T.);
#1839=EDGE_CURVE('',#2167,#2165,#58,.T.);
#1840=EDGE_CURVE('',#2160,#2157,#2372,.T.);
#1841=EDGE_CURVE('',#2157,#2167,#2373,.T.);
#1842=EDGE_CURVE('',#2162,#2160,#2374,.T.);
#1843=EDGE_CURVE('',#2164,#2162,#2375,.T.);
#1844=EDGE_CURVE('',#2166,#2164,#2376,.T.);
#1845=EDGE_CURVE('',#2167,#2166,#2377,.T.);
#1846=EDGE_CURVE('',#2168,#2168,#2378,.T.);
#1847=EDGE_CURVE('',#2169,#2169,#2379,.T.);
#1848=EDGE_CURVE('',#2170,#2170,#2380,.T.);
#1849=EDGE_CURVE('',#2171,#2171,#2381,.T.);
#1850=EDGE_CURVE('',#2172,#2172,#2382,.T.);
#1851=EDGE_CURVE('',#2173,#2173,#2383,.T.);
#1852=EDGE_CURVE('',#2174,#2174,#2384,.T.);
#1853=EDGE_CURVE('',#2175,#2175,#2385,.T.);
#1854=EDGE_CURVE('',#2176,#2176,#2386,.T.);
#1855=EDGE_CURVE('',#2177,#2177,#2387,.T.);
#1856=EDGE_CURVE('',#2178,#2178,#2388,.T.);
#1857=EDGE_CURVE('',#2179,#2179,#2389,.T.);
#1858=EDGE_CURVE('',#2180,#2180,#2390,.T.);
#1859=EDGE_CURVE('',#2181,#2181,#2391,.T.);
#1860=EDGE_CURVE('',#2182,#2182,#2392,.T.);
#1861=EDGE_CURVE('',#2183,#2183,#2393,.T.);
#1862=EDGE_CURVE('',#2184,#2184,#2394,.T.);
#1863=EDGE_CURVE('',#2185,#2185,#2395,.T.);
#1864=EDGE_CURVE('',#2186,#2186,#2396,.T.);
#1865=EDGE_CURVE('',#2187,#2187,#2397,.T.);
#1866=EDGE_CURVE('',#2188,#2188,#2398,.T.);
#1867=EDGE_CURVE('',#2189,#2189,#2399,.T.);
#1868=EDGE_CURVE('',#2190,#2190,#2400,.T.);
#1869=EDGE_CURVE('',#2191,#2191,#2401,.T.);
#1870=EDGE_CURVE('',#2192,#2192,#2402,.T.);
#1871=EDGE_CURVE('',#2193,#2193,#2403,.T.);
#1872=EDGE_CURVE('',#2194,#2194,#2404,.T.);
#1873=EDGE_CURVE('',#2195,#2195,#2405,.T.);
#1874=EDGE_CURVE('',#2196,#2196,#2406,.T.);
#1875=EDGE_CURVE('',#2197,#2197,#2407,.T.);
#1876=EDGE_CURVE('',#2198,#2198,#2408,.T.);
#1877=EDGE_CURVE('',#2199,#2199,#2409,.T.);
#1878=EDGE_CURVE('',#2200,#2200,#2410,.T.);
#1879=EDGE_CURVE('',#2201,#2201,#2411,.T.);
#1880=EDGE_CURVE('',#2202,#2202,#2412,.T.);
#1881=EDGE_CURVE('',#2203,#2203,#2413,.T.);
#1882=EDGE_CURVE('',#2204,#2204,#2414,.T.);
#1883=EDGE_CURVE('',#2205,#2205,#2415,.T.);
#1884=EDGE_CURVE('',#2206,#2206,#2416,.T.);
#1885=EDGE_CURVE('',#2207,#2207,#2417,.T.);
#1886=EDGE_CURVE('',#2208,#2208,#2418,.T.);
#1887=EDGE_CURVE('',#2209,#2209,#2419,.T.);
#1888=EDGE_CURVE('',#2210,#2211,#59,.T.);
#1889=EDGE_CURVE('',#2210,#2212,#409,.T.);
#1890=EDGE_CURVE('',#1998,#2212,#60,.T.);
#1891=EDGE_CURVE('',#2213,#1998,#61,.T.);
#1892=EDGE_CURVE('',#2214,#2213,#410,.T.);
#1893=EDGE_CURVE('',#2211,#2214,#62,.T.);
#1894=EDGE_CURVE('',#2214,#2215,#63,.T.);
#1895=EDGE_CURVE('',#2002,#2213,#64,.T.);
#1896=EDGE_CURVE('',#2216,#2002,#65,.T.);
#1897=EDGE_CURVE('',#2217,#2216,#411,.T.);
#1898=EDGE_CURVE('',#2215,#2217,#66,.T.);
#1899=EDGE_CURVE('',#2217,#2218,#67,.F.);
#1900=EDGE_CURVE('',#2001,#2216,#68,.T.);
#1901=EDGE_CURVE('',#2219,#2001,#69,.T.);
#1902=EDGE_CURVE('',#2220,#2219,#412,.T.);
#1903=EDGE_CURVE('',#2218,#2220,#70,.F.);
#1904=EDGE_CURVE('',#2220,#2221,#71,.T.);
#1905=EDGE_CURVE('',#2000,#2219,#72,.T.);
#1906=EDGE_CURVE('',#2222,#2000,#73,.T.);
#1907=EDGE_CURVE('',#2223,#2222,#413,.T.);
#1908=EDGE_CURVE('',#2221,#2223,#74,.T.);
#1909=EDGE_CURVE('',#2223,#2224,#75,.T.);
#1910=EDGE_CURVE('',#1999,#2222,#76,.T.);
#1911=EDGE_CURVE('',#2225,#1999,#77,.T.);
#1912=EDGE_CURVE('',#2226,#2225,#414,.T.);
#1913=EDGE_CURVE('',#2224,#2226,#78,.T.);
#1914=EDGE_CURVE('',#2226,#2227,#79,.T.);
#1915=EDGE_CURVE('',#1997,#2225,#80,.F.);
#1916=EDGE_CURVE('',#2212,#1997,#81,.F.);
#1917=EDGE_CURVE('',#2227,#2210,#82,.T.);
#1918=EDGE_CURVE('',#2224,#2227,#2420,.T.);
#1919=EDGE_CURVE('',#2221,#2224,#2421,.T.);
#1920=EDGE_CURVE('',#2218,#2221,#2422,.T.);
#1921=EDGE_CURVE('',#2215,#2218,#2423,.T.);
#1922=EDGE_CURVE('',#2211,#2215,#2424,.T.);
#1923=EDGE_CURVE('',#2227,#2211,#2425,.T.);
#1924=EDGE_CURVE('',#2228,#2228,#2426,.T.);
#1925=EDGE_CURVE('',#2229,#2229,#2427,.T.);
#1926=EDGE_CURVE('',#2230,#2230,#2428,.F.);
#1927=VERTEX_POINT('',#4768);
#1928=VERTEX_POINT('',#4769);
#1929=VERTEX_POINT('',#4771);
#1930=VERTEX_POINT('',#4773);
#1931=VERTEX_POINT('',#4777);
#1932=VERTEX_POINT('',#4779);
#1933=VERTEX_POINT('',#4783);
#1934=VERTEX_POINT('',#4785);
#1935=VERTEX_POINT('',#4789);
#1936=VERTEX_POINT('',#4791);
#1937=VERTEX_POINT('',#4795);
#1938=VERTEX_POINT('',#4797);
#1939=VERTEX_POINT('',#4801);
#1940=VERTEX_POINT('',#4803);
#1941=VERTEX_POINT('',#4807);
#1942=VERTEX_POINT('',#4809);
#1943=VERTEX_POINT('',#4816);
#1944=VERTEX_POINT('',#4818);
#1945=VERTEX_POINT('',#4819);
#1946=VERTEX_POINT('',#4821);
#1947=VERTEX_POINT('',#4823);
#1948=VERTEX_POINT('',#4826);
#1949=VERTEX_POINT('',#4827);
#1950=VERTEX_POINT('',#4829);
#1951=VERTEX_POINT('',#4831);
#1952=VERTEX_POINT('',#4834);
#1953=VERTEX_POINT('',#4835);
#1954=VERTEX_POINT('',#4837);
#1955=VERTEX_POINT('',#4839);
#1956=VERTEX_POINT('',#4842);
#1957=VERTEX_POINT('',#4843);
#1958=VERTEX_POINT('',#4845);
#1959=VERTEX_POINT('',#4847);
#1960=VERTEX_POINT('',#4851);
#1961=VERTEX_POINT('',#4853);
#1962=VERTEX_POINT('',#4854);
#1963=VERTEX_POINT('',#4856);
#1964=VERTEX_POINT('',#4858);
#1965=VERTEX_POINT('',#4861);
#1966=VERTEX_POINT('',#4862);
#1967=VERTEX_POINT('',#4864);
#1968=VERTEX_POINT('',#4866);
#1969=VERTEX_POINT('',#4869);
#1970=VERTEX_POINT('',#4870);
#1971=VERTEX_POINT('',#4872);
#1972=VERTEX_POINT('',#4874);
#1973=VERTEX_POINT('',#4877);
#1974=VERTEX_POINT('',#4878);
#1975=VERTEX_POINT('',#4880);
#1976=VERTEX_POINT('',#4882);
#1977=VERTEX_POINT('',#4918);
#1978=VERTEX_POINT('',#4921);
#1979=VERTEX_POINT('',#4924);
#1980=VERTEX_POINT('',#4927);
#1981=VERTEX_POINT('',#4930);
#1982=VERTEX_POINT('',#4933);
#1983=VERTEX_POINT('',#4936);
#1984=VERTEX_POINT('',#4938);
#1985=VERTEX_POINT('',#4941);
#1986=VERTEX_POINT('',#4944);
#1987=VERTEX_POINT('',#4947);
#1988=VERTEX_POINT('',#4950);
#1989=VERTEX_POINT('',#4953);
#1990=VERTEX_POINT('',#4956);
#1991=VERTEX_POINT('',#4959);
#1992=VERTEX_POINT('',#4962);
#1993=VERTEX_POINT('',#4965);
#1994=VERTEX_POINT('',#4968);
#1995=VERTEX_POINT('',#4971);
#1996=VERTEX_POINT('',#4974);
#1997=VERTEX_POINT('',#4979);
#1998=VERTEX_POINT('',#4980);
#1999=VERTEX_POINT('',#4982);
#2000=VERTEX_POINT('',#4984);
#2001=VERTEX_POINT('',#4986);
#2002=VERTEX_POINT('',#4988);
#2003=VERTEX_POINT('',#4991);
#2004=VERTEX_POINT('',#4992);
#2005=VERTEX_POINT('',#4994);
#2006=VERTEX_POINT('',#4996);
#2007=VERTEX_POINT('',#4998);
#2008=VERTEX_POINT('',#5000);
#2009=VERTEX_POINT('',#5002);
#2010=VERTEX_POINT('',#5004);
#2011=VERTEX_POINT('',#5006);
#2012=VERTEX_POINT('',#5010);
#2013=VERTEX_POINT('',#5012);
#2014=VERTEX_POINT('',#5013);
#2015=VERTEX_POINT('',#5015);
#2016=VERTEX_POINT('',#5017);
#2017=VERTEX_POINT('',#5019);
#2018=VERTEX_POINT('',#5021);
#2019=VERTEX_POINT('',#5023);
#2020=VERTEX_POINT('',#5025);
#2021=VERTEX_POINT('',#5027);
#2022=VERTEX_POINT('',#5034);
#2023=VERTEX_POINT('',#5041);
#2024=VERTEX_POINT('',#5043);
#2025=VERTEX_POINT('',#5047);
#2026=VERTEX_POINT('',#5048);
#2027=VERTEX_POINT('',#5056);
#2028=VERTEX_POINT('',#5064);
#2029=VERTEX_POINT('',#5065);
#2030=VERTEX_POINT('',#5067);
#2031=VERTEX_POINT('',#5069);
#2032=VERTEX_POINT('',#5075);
#2033=VERTEX_POINT('',#5076);
#2034=VERTEX_POINT('',#5078);
#2035=VERTEX_POINT('',#5080);
#2036=VERTEX_POINT('',#5082);
#2037=VERTEX_POINT('',#5084);
#2038=VERTEX_POINT('',#5086);
#2039=VERTEX_POINT('',#5088);
#2040=VERTEX_POINT('',#5090);
#2041=VERTEX_POINT('',#5092);
#2042=VERTEX_POINT('',#5094);
#2043=VERTEX_POINT('',#5096);
#2044=VERTEX_POINT('',#5111);
#2045=VERTEX_POINT('',#5112);
#2046=VERTEX_POINT('',#5114);
#2047=VERTEX_POINT('',#5119);
#2048=VERTEX_POINT('',#5121);
#2049=VERTEX_POINT('',#5126);
#2050=VERTEX_POINT('',#5130);
#2051=VERTEX_POINT('',#5131);
#2052=VERTEX_POINT('',#5218);
#2053=VERTEX_POINT('',#5219);
#2054=VERTEX_POINT('',#5221);
#2055=VERTEX_POINT('',#5223);
#2056=VERTEX_POINT('',#5227);
#2057=VERTEX_POINT('',#5229);
#2058=VERTEX_POINT('',#5233);
#2059=VERTEX_POINT('',#5240);
#2060=VERTEX_POINT('',#5251);
#2061=VERTEX_POINT('',#5253);
#2062=VERTEX_POINT('',#5257);
#2063=VERTEX_POINT('',#5259);
#2064=VERTEX_POINT('',#5263);
#2065=VERTEX_POINT('',#5267);
#2066=VERTEX_POINT('',#5271);
#2067=VERTEX_POINT('',#5275);
#2068=VERTEX_POINT('',#5279);
#2069=VERTEX_POINT('',#5283);
#2070=VERTEX_POINT('',#5287);
#2071=VERTEX_POINT('',#5288);
#2072=VERTEX_POINT('',#5290);
#2073=VERTEX_POINT('',#5292);
#2074=VERTEX_POINT('',#5294);
#2075=VERTEX_POINT('',#5296);
#2076=VERTEX_POINT('',#5298);
#2077=VERTEX_POINT('',#5301);
#2078=VERTEX_POINT('',#5303);
#2079=VERTEX_POINT('',#5305);
#2080=VERTEX_POINT('',#5307);
#2081=VERTEX_POINT('',#5309);
#2082=VERTEX_POINT('',#5311);
#2083=VERTEX_POINT('',#5314);
#2084=VERTEX_POINT('',#5316);
#2085=VERTEX_POINT('',#5318);
#2086=VERTEX_POINT('',#5320);
#2087=VERTEX_POINT('',#5322);
#2088=VERTEX_POINT('',#5324);
#2089=VERTEX_POINT('',#5326);
#2090=VERTEX_POINT('',#5328);
#2091=VERTEX_POINT('',#5330);
#2092=VERTEX_POINT('',#5334);
#2093=VERTEX_POINT('',#5336);
#2094=VERTEX_POINT('',#5338);
#2095=VERTEX_POINT('',#5340);
#2096=VERTEX_POINT('',#5344);
#2097=VERTEX_POINT('',#5345);
#2098=VERTEX_POINT('',#5347);
#2099=VERTEX_POINT('',#5349);
#2100=VERTEX_POINT('',#5353);
#2101=VERTEX_POINT('',#5355);
#2102=VERTEX_POINT('',#5359);
#2103=VERTEX_POINT('',#5363);
#2104=VERTEX_POINT('',#5369);
#2105=VERTEX_POINT('',#5370);
#2106=VERTEX_POINT('',#5372);
#2107=VERTEX_POINT('',#5374);
#2108=VERTEX_POINT('',#5378);
#2109=VERTEX_POINT('',#5380);
#2110=VERTEX_POINT('',#5384);
#2111=VERTEX_POINT('',#5407);
#2112=VERTEX_POINT('',#5408);
#2113=VERTEX_POINT('',#5443);
#2114=VERTEX_POINT('',#5445);
#2115=VERTEX_POINT('',#5453);
#2116=VERTEX_POINT('',#5455);
#2117=VERTEX_POINT('',#5464);
#2118=VERTEX_POINT('',#5465);
#2119=VERTEX_POINT('',#5475);
#2120=VERTEX_POINT('',#5476);
#2121=VERTEX_POINT('',#5498);
#2122=VERTEX_POINT('',#5519);
#2123=VERTEX_POINT('',#5529);
#2124=VERTEX_POINT('',#5531);
#2125=VERTEX_POINT('',#5533);
#2126=VERTEX_POINT('',#5535);
#2127=VERTEX_POINT('',#5546);
#2128=VERTEX_POINT('',#5549);
#2129=VERTEX_POINT('',#5559);
#2130=VERTEX_POINT('',#5561);
#2131=VERTEX_POINT('',#5565);
#2132=VERTEX_POINT('',#5566);
#2133=VERTEX_POINT('',#5571);
#2134=VERTEX_POINT('',#5572);
#2135=VERTEX_POINT('',#5577);
#2136=VERTEX_POINT('',#5581);
#2137=VERTEX_POINT('',#5585);
#2138=VERTEX_POINT('',#5586);
#2139=VERTEX_POINT('',#5591);
#2140=VERTEX_POINT('',#5592);
#2141=VERTEX_POINT('',#5597);
#2142=VERTEX_POINT('',#5598);
#2143=VERTEX_POINT('',#5603);
#2144=VERTEX_POINT('',#5604);
#2145=VERTEX_POINT('',#5628);
#2146=VERTEX_POINT('',#5632);
#2147=VERTEX_POINT('',#5634);
#2148=VERTEX_POINT('',#5637);
#2149=VERTEX_POINT('',#5640);
#2150=VERTEX_POINT('',#5643);
#2151=VERTEX_POINT('',#5644);
#2152=VERTEX_POINT('',#5646);
#2153=VERTEX_POINT('',#5648);
#2154=VERTEX_POINT('',#5650);
#2155=VERTEX_POINT('',#5652);
#2156=VERTEX_POINT('',#5659);
#2157=VERTEX_POINT('',#5660);
#2158=VERTEX_POINT('',#5663);
#2159=VERTEX_POINT('',#5673);
#2160=VERTEX_POINT('',#5674);
#2161=VERTEX_POINT('',#5685);
#2162=VERTEX_POINT('',#5686);
#2163=VERTEX_POINT('',#5697);
#2164=VERTEX_POINT('',#5698);
#2165=VERTEX_POINT('',#5709);
#2166=VERTEX_POINT('',#5710);
#2167=VERTEX_POINT('',#5721);
#2168=VERTEX_POINT('',#5741);
#2169=VERTEX_POINT('',#5743);
#2170=VERTEX_POINT('',#5746);
#2171=VERTEX_POINT('',#5749);
#2172=VERTEX_POINT('',#5752);
#2173=VERTEX_POINT('',#5755);
#2174=VERTEX_POINT('',#5758);
#2175=VERTEX_POINT('',#5761);
#2176=VERTEX_POINT('',#5764);
#2177=VERTEX_POINT('',#5767);
#2178=VERTEX_POINT('',#5770);
#2179=VERTEX_POINT('',#5773);
#2180=VERTEX_POINT('',#5776);
#2181=VERTEX_POINT('',#5779);
#2182=VERTEX_POINT('',#5782);
#2183=VERTEX_POINT('',#5785);
#2184=VERTEX_POINT('',#5788);
#2185=VERTEX_POINT('',#5791);
#2186=VERTEX_POINT('',#5794);
#2187=VERTEX_POINT('',#5797);
#2188=VERTEX_POINT('',#5800);
#2189=VERTEX_POINT('',#5803);
#2190=VERTEX_POINT('',#5806);
#2191=VERTEX_POINT('',#5809);
#2192=VERTEX_POINT('',#5812);
#2193=VERTEX_POINT('',#5815);
#2194=VERTEX_POINT('',#5818);
#2195=VERTEX_POINT('',#5821);
#2196=VERTEX_POINT('',#5824);
#2197=VERTEX_POINT('',#5827);
#2198=VERTEX_POINT('',#5830);
#2199=VERTEX_POINT('',#5833);
#2200=VERTEX_POINT('',#5836);
#2201=VERTEX_POINT('',#5839);
#2202=VERTEX_POINT('',#5842);
#2203=VERTEX_POINT('',#5845);
#2204=VERTEX_POINT('',#5848);
#2205=VERTEX_POINT('',#5851);
#2206=VERTEX_POINT('',#5854);
#2207=VERTEX_POINT('',#5857);
#2208=VERTEX_POINT('',#5860);
#2209=VERTEX_POINT('',#5864);
#2210=VERTEX_POINT('',#5871);
#2211=VERTEX_POINT('',#5872);
#2212=VERTEX_POINT('',#5874);
#2213=VERTEX_POINT('',#5883);
#2214=VERTEX_POINT('',#5885);
#2215=VERTEX_POINT('',#5895);
#2216=VERTEX_POINT('',#5904);
#2217=VERTEX_POINT('',#5906);
#2218=VERTEX_POINT('',#5916);
#2219=VERTEX_POINT('',#5925);
#2220=VERTEX_POINT('',#5927);
#2221=VERTEX_POINT('',#5937);
#2222=VERTEX_POINT('',#5946);
#2223=VERTEX_POINT('',#5948);
#2224=VERTEX_POINT('',#5958);
#2225=VERTEX_POINT('',#5967);
#2226=VERTEX_POINT('',#5969);
#2227=VERTEX_POINT('',#5979);
#2228=VERTEX_POINT('',#6012);
#2229=VERTEX_POINT('',#6015);
#2230=VERTEX_POINT('',#6018);
#2231=CIRCLE('',#3336,0.0100076);
#2232=CIRCLE('',#3337,0.0100076);
#2233=CIRCLE('',#3340,0.0100076);
#2234=CIRCLE('',#3341,0.0100076);
#2235=CIRCLE('',#3344,0.0100076);
#2236=CIRCLE('',#3345,0.0100076);
#2237=CIRCLE('',#3348,0.0100076);
#2238=CIRCLE('',#3349,0.0100076);
#2239=CIRCLE('',#3352,0.0367500000000121);
#2240=CIRCLE('',#3353,0.0045);
#2241=CIRCLE('',#3354,0.0045);
#2242=CIRCLE('',#3355,0.0045);
#2243=CIRCLE('',#3356,0.0045);
#2244=CIRCLE('',#3357,0.0045);
#2245=CIRCLE('',#3358,0.0045);
#2246=CIRCLE('',#3359,0.0045);
#2247=CIRCLE('',#3360,0.0045);
#2248=CIRCLE('',#3362,0.0377500000000014);
#2249=CIRCLE('',#3363,0.0045);
#2250=CIRCLE('',#3364,0.0045);
#2251=CIRCLE('',#3365,0.0045);
#2252=CIRCLE('',#3366,0.0045);
#2253=CIRCLE('',#3367,0.0045);
#2254=CIRCLE('',#3368,0.0045);
#2255=CIRCLE('',#3369,0.0045);
#2256=CIRCLE('',#3370,0.0045);
#2257=CIRCLE('',#3388,0.035958466750811);
#2258=CIRCLE('',#3390,0.0345156224229532);
#2259=CIRCLE('',#3392,0.0350000000000063);
#2260=CIRCLE('',#3394,0.0327872298609734);
#2261=CIRCLE('',#3396,0.0317500000000007);
#2262=CIRCLE('',#3398,0.02848);
#2263=CIRCLE('',#3400,0.00930000000000158);
#2264=CIRCLE('',#3401,0.0124999999999762);
#2265=CIRCLE('',#3403,0.00930000000000158);
#2266=CIRCLE('',#3405,0.0345815820604681);
#2267=CIRCLE('',#3407,0.0326881567273288);
#2268=CIRCLE('',#3409,0.0305196367111316);
#2269=CIRCLE('',#3411,0.0287253804976933);
#2270=CIRCLE('',#3413,0.0220437257409586);
#2271=CIRCLE('',#3415,0.0200186446068503);
#2272=CIRCLE('',#3417,0.0195000000000016);
#2273=CIRCLE('',#3419,0.0184999999999407);
#2274=CIRCLE('',#3421,0.0158120000000009);
#2275=CIRCLE('',#3423,0.0143400000000011);
#2276=CIRCLE('',#3425,0.0135);
#2277=CIRCLE('',#3429,0.0065);
#2278=CIRCLE('',#3430,0.0065);
#2279=CIRCLE('',#3431,0.0065);
#2280=CIRCLE('',#3432,0.0065);
#2281=CIRCLE('',#3433,0.0065);
#2282=CIRCLE('',#3434,0.0065);
#2283=CIRCLE('',#3435,0.012192);
#2284=CIRCLE('',#3436,0.0111125);
#2285=CIRCLE('',#3438,0.00468);
#2286=CIRCLE('',#3439,0.0111125);
#2287=CIRCLE('',#3440,0.012192);
#2288=CIRCLE('',#3442,0.003);
#2289=CIRCLE('',#3444,0.003);
#2290=CIRCLE('',#3446,0.005);
#2291=CIRCLE('',#3447,0.005);
#2292=CIRCLE('',#3448,0.0324819095167597);
#2293=CIRCLE('',#3451,0.003);
#2294=CIRCLE('',#3452,0.003);
#2295=CIRCLE('',#3454,0.003);
#2296=CIRCLE('',#3456,0.003);
#2297=CIRCLE('',#3458,0.003);
#2298=CIRCLE('',#3460,0.003);
#2299=CIRCLE('',#3463,0.03048);
#2300=CIRCLE('',#3465,0.0300807638067038);
#2301=CIRCLE('',#3468,0.003);
#2302=CIRCLE('',#3469,0.003);
#2303=CIRCLE('',#3470,0.003);
#2304=CIRCLE('',#3472,0.003);
#2305=CIRCLE('',#3473,0.003);
#2306=CIRCLE('',#3474,0.003);
#2307=CIRCLE('',#3478,0.004);
#2308=CIRCLE('',#3479,0.004);
#2309=CIRCLE('',#3481,0.0005);
#2310=CIRCLE('',#3482,0.0005);
#2311=CIRCLE('',#3483,0.0045);
#2312=CIRCLE('',#3485,0.0005);
#2313=CIRCLE('',#3487,0.0005);
#2314=CIRCLE('',#3488,0.0005);
#2315=CIRCLE('',#3490,0.0005);
#2316=CIRCLE('',#3492,0.0045);
#2317=CIRCLE('',#3494,0.0005);
#2318=CIRCLE('',#3496,0.0005);
#2319=CIRCLE('',#3499,0.0111125);
#2320=CIRCLE('',#3501,0.0111125);
#2321=CIRCLE('',#3505,0.012192);
#2322=CIRCLE('',#3507,0.012192);
#2323=CIRCLE('',#3511,0.003);
#2324=CIRCLE('',#3512,0.0010188);
#2325=CIRCLE('',#3513,0.003);
#2326=CIRCLE('',#3514,0.003);
#2327=CIRCLE('',#3515,0.003);
#2328=CIRCLE('',#3516,0.003);
#2329=CIRCLE('',#3517,0.0010188);
#2330=CIRCLE('',#3518,0.003);
#2331=CIRCLE('',#3519,0.003);
#2332=CIRCLE('',#3520,0.003);
#2333=CIRCLE('',#3526,0.004);
#2334=CIRCLE('',#3527,0.004);
#2335=CIRCLE('',#3529,0.0024812);
#2336=CIRCLE('',#3530,0.0024812);
#2337=CIRCLE('',#3531,0.005990577805563);
#2338=CIRCLE('',#3533,0.0024812);
#2339=CIRCLE('',#3535,0.0024812);
#2340=CIRCLE('',#3536,0.005990577805563);
#2341=CIRCLE('',#3539,0.0324819095167597);
#2342=CIRCLE('',#3541,0.0049812);
#2343=CIRCLE('',#3542,0.028495047179783);
#2344=CIRCLE('',#3543,0.0049812);
#2345=CIRCLE('',#3545,0.02848);
#2346=CIRCLE('',#3546,0.0049812);
#2347=CIRCLE('',#3547,0.0049812);
#2348=CIRCLE('',#3549,0.0010188);
#2349=CIRCLE('',#3551,0.0010188);
#2350=CIRCLE('',#3553,0.0010188);
#2351=CIRCLE('',#3554,0.0010188);
#2352=CIRCLE('',#3556,0.0010188);
#2353=CIRCLE('',#3558,0.0010188);
#2354=CIRCLE('',#3560,0.0284988);
#2355=CIRCLE('',#3561,0.0049812);
#2356=CIRCLE('',#3562,0.0049812);
#2357=CIRCLE('',#3570,0.00468);
#2358=CIRCLE('',#3572,0.00468);
#2359=CIRCLE('',#3587,0.003);
#2360=CIRCLE('',#3588,0.003);
#2361=CIRCLE('',#3589,0.003);
#2362=CIRCLE('',#3590,0.003);
#2363=CIRCLE('',#3591,0.003);
#2364=CIRCLE('',#3592,0.003);
#2365=CIRCLE('',#3593,0.003);
#2366=CIRCLE('',#3594,0.003);
#2367=CIRCLE('',#3604,0.00468);
#2368=CIRCLE('',#3607,0.0040625);
#2369=CIRCLE('',#3608,0.0040625);
#2370=CIRCLE('',#3610,0.0056875);
#2371=CIRCLE('',#3612,0.0056875);
#2372=CIRCLE('',#3621,0.0065);
#2373=CIRCLE('',#3623,0.0065);
#2374=CIRCLE('',#3625,0.0065);
#2375=CIRCLE('',#3627,0.0065);
#2376=CIRCLE('',#3629,0.0065);
#2377=CIRCLE('',#3631,0.0065);
#2378=CIRCLE('',#3634,0.031618);
#2379=CIRCLE('',#3635,0.031618);
#2380=CIRCLE('',#3637,0.0328376017143833);
#2381=CIRCLE('',#3639,0.0380328202513733);
#2382=CIRCLE('',#3641,0.0392399759376469);
#2383=CIRCLE('',#3643,0.0392399759376469);
#2384=CIRCLE('',#3645,0.0380328202513733);
#2385=CIRCLE('',#3647,0.0328376017143833);
#2386=CIRCLE('',#3649,0.031618);
#2387=CIRCLE('',#3651,0.031618);
#2388=CIRCLE('',#3653,0.0250769887092025);
#2389=CIRCLE('',#3655,0.0235587879893107);
#2390=CIRCLE('',#3657,0.023070043455287);
#2391=CIRCLE('',#3659,0.0220579096420259);
#2392=CIRCLE('',#3661,0.0213963374423434);
#2393=CIRCLE('',#3663,0.0203828123672794);
#2394=CIRCLE('',#3665,0.0200510274651305);
#2395=CIRCLE('',#3667,0.0190375023900665);
#2396=CIRCLE('',#3669,0.0176989377175824);
#2397=CIRCLE('',#3671,0.0176989377175824);
#2398=CIRCLE('',#3673,0.0170548667171299);
#2399=CIRCLE('',#3675,0.0161915769746201);
#2400=CIRCLE('',#3677,0.0151294723802724);
#2401=CIRCLE('',#3679,0.013716);
#2402=CIRCLE('',#3681,0.013716);
#2403=CIRCLE('',#3683,0.0040625);
#2404=CIRCLE('',#3685,0.013716);
#2405=CIRCLE('',#3687,0.013716);
#2406=CIRCLE('',#3689,0.0151294723802724);
#2407=CIRCLE('',#3691,0.0161915769746201);
#2408=CIRCLE('',#3693,0.0170548667171299);
#2409=CIRCLE('',#3695,0.0176989377175824);
#2410=CIRCLE('',#3697,0.0176989377175824);
#2411=CIRCLE('',#3699,0.0190375023900665);
#2412=CIRCLE('',#3701,0.0200510274651305);
#2413=CIRCLE('',#3703,0.0203828123672794);
#2414=CIRCLE('',#3705,0.0213963374423434);
#2415=CIRCLE('',#3707,0.0220579096420259);
#2416=CIRCLE('',#3709,0.0230700434552871);
#2417=CIRCLE('',#3711,0.0235587879893107);
#2418=CIRCLE('',#3713,0.0250769887092026);
#2419=CIRCLE('',#3716,0.0040625);
#2420=CIRCLE('',#3731,0.0065);
#2421=CIRCLE('',#3733,0.0065);
#2422=CIRCLE('',#3735,0.0065);
#2423=CIRCLE('',#3737,0.0065);
#2424=CIRCLE('',#3739,0.0065);
#2425=CIRCLE('',#3741,0.0065);
#2426=CIRCLE('',#3743,0.0040625);
#2427=CIRCLE('',#3745,0.003542617);
#2428=CIRCLE('',#3747,0.0040625);
#2429=EDGE_LOOP('',(#601,#602,#603,#604));
#2430=EDGE_LOOP('',(#605,#606,#607,#608));
#2431=EDGE_LOOP('',(#609,#610,#611,#612));
#2432=EDGE_LOOP('',(#613,#614,#615,#616));
#2433=EDGE_LOOP('',(#617,#618,#619,#620));
#2434=EDGE_LOOP('',(#621,#622,#623,#624));
#2435=EDGE_LOOP('',(#625,#626,#627,#628));
#2436=EDGE_LOOP('',(#629,#630,#631,#632));
#2437=EDGE_LOOP('',(#633));
#2438=EDGE_LOOP('',(#634,#635,#636,#637));
#2439=EDGE_LOOP('',(#638,#639,#640,#641));
#2440=EDGE_LOOP('',(#642,#643,#644,#645));
#2441=EDGE_LOOP('',(#646,#647,#648,#649));
#2442=EDGE_LOOP('',(#650,#651,#652,#653,#654,#655,#656,#657));
#2443=EDGE_LOOP('',(#658));
#2444=EDGE_LOOP('',(#659,#660,#661,#662));
#2445=EDGE_LOOP('',(#663,#664,#665,#666));
#2446=EDGE_LOOP('',(#667,#668,#669,#670));
#2447=EDGE_LOOP('',(#671,#672,#673,#674));
#2448=EDGE_LOOP('',(#675,#676,#677,#678,#679,#680,#681,#682));
#2449=EDGE_LOOP('',(#683,#684,#685,#686));
#2450=EDGE_LOOP('',(#687,#688,#689,#690));
#2451=EDGE_LOOP('',(#691,#692,#693,#694));
#2452=EDGE_LOOP('',(#695,#696,#697,#698));
#2453=EDGE_LOOP('',(#699,#700,#701,#702));
#2454=EDGE_LOOP('',(#703,#704,#705,#706));
#2455=EDGE_LOOP('',(#707,#708,#709,#710));
#2456=EDGE_LOOP('',(#711,#712,#713,#714));
#2457=EDGE_LOOP('',(#715,#716,#717,#718));
#2458=EDGE_LOOP('',(#719,#720,#721,#722));
#2459=EDGE_LOOP('',(#723,#724,#725,#726));
#2460=EDGE_LOOP('',(#727,#728,#729,#730));
#2461=EDGE_LOOP('',(#731,#732,#733,#734));
#2462=EDGE_LOOP('',(#735,#736,#737,#738));
#2463=EDGE_LOOP('',(#739,#740,#741,#742));
#2464=EDGE_LOOP('',(#743,#744,#745,#746));
#2465=EDGE_LOOP('',(#747));
#2466=EDGE_LOOP('',(#748));
#2467=EDGE_LOOP('',(#749));
#2468=EDGE_LOOP('',(#750));
#2469=EDGE_LOOP('',(#751));
#2470=EDGE_LOOP('',(#752));
#2471=EDGE_LOOP('',(#753));
#2472=EDGE_LOOP('',(#754));
#2473=EDGE_LOOP('',(#755));
#2474=EDGE_LOOP('',(#756));
#2475=EDGE_LOOP('',(#757));
#2476=EDGE_LOOP('',(#758));
#2477=EDGE_LOOP('',(#759));
#2478=EDGE_LOOP('',(#760));
#2479=EDGE_LOOP('',(#761));
#2480=EDGE_LOOP('',(#762));
#2481=EDGE_LOOP('',(#763));
#2482=EDGE_LOOP('',(#764));
#2483=EDGE_LOOP('',(#765));
#2484=EDGE_LOOP('',(#766));
#2485=EDGE_LOOP('',(#767));
#2486=EDGE_LOOP('',(#768));
#2487=EDGE_LOOP('',(#769));
#2488=EDGE_LOOP('',(#770));
#2489=EDGE_LOOP('',(#771));
#2490=EDGE_LOOP('',(#772));
#2491=EDGE_LOOP('',(#773));
#2492=EDGE_LOOP('',(#774));
#2493=EDGE_LOOP('',(#775));
#2494=EDGE_LOOP('',(#776));
#2495=EDGE_LOOP('',(#777));
#2496=EDGE_LOOP('',(#778));
#2497=EDGE_LOOP('',(#779));
#2498=EDGE_LOOP('',(#780));
#2499=EDGE_LOOP('',(#781));
#2500=EDGE_LOOP('',(#782));
#2501=EDGE_LOOP('',(#783));
#2502=EDGE_LOOP('',(#784));
#2503=EDGE_LOOP('',(#785));
#2504=EDGE_LOOP('',(#786));
#2505=EDGE_LOOP('',(#787));
#2506=EDGE_LOOP('',(#788,#789,#790,#791,#792,#793));
#2507=EDGE_LOOP('',(#794,#795,#796,#797,#798,#799,#800,#801,#802));
#2508=EDGE_LOOP('',(#803));
#2509=EDGE_LOOP('',(#804,#805,#806,#807,#808,#809,#810,#811,#812));
#2510=EDGE_LOOP('',(#813,#814,#815,#816,#817));
#2511=EDGE_LOOP('',(#818,#819,#820,#821,#822));
#2512=EDGE_LOOP('',(#823,#824,#825,#826));
#2513=EDGE_LOOP('',(#827,#828,#829,#830));
#2514=EDGE_LOOP('',(#831,#832,#833,#834,#835,#836,#837,#838,#839,#840,#841,
#842));
#2515=EDGE_LOOP('',(#843,#844,#845,#846));
#2516=EDGE_LOOP('',(#847,#848,#849));
#2517=EDGE_LOOP('',(#850,#851,#852,#853));
#2518=EDGE_LOOP('',(#854,#855,#856));
#2519=EDGE_LOOP('',(#857,#858,#859,#860));
#2520=EDGE_LOOP('',(#861,#862,#863,#864,#865,#866));
#2521=EDGE_LOOP('',(#867));
#2522=EDGE_LOOP('',(#868,#869,#870,#871));
#2523=EDGE_LOOP('',(#872,#873,#874,#875));
#2524=EDGE_LOOP('',(#876,#877,#878,#879));
#2525=EDGE_LOOP('',(#880,#881,#882,#883));
#2526=EDGE_LOOP('',(#884,#885,#886,#887));
#2527=EDGE_LOOP('',(#888,#889,#890,#891));
#2528=EDGE_LOOP('',(#892,#893,#894,#895));
#2529=EDGE_LOOP('',(#896,#897,#898,#899));
#2530=EDGE_LOOP('',(#900,#901,#902,#903));
#2531=EDGE_LOOP('',(#904,#905,#906,#907));
#2532=EDGE_LOOP('',(#908,#909,#910,#911));
#2533=EDGE_LOOP('',(#912,#913,#914,#915));
#2534=EDGE_LOOP('',(#916,#917,#918,#919));
#2535=EDGE_LOOP('',(#920,#921,#922,#923));
#2536=EDGE_LOOP('',(#924,#925,#926,#927));
#2537=EDGE_LOOP('',(#928,#929,#930,#931));
#2538=EDGE_LOOP('',(#932,#933,#934,#935));
#2539=EDGE_LOOP('',(#936,#937,#938,#939));
#2540=EDGE_LOOP('',(#940,#941,#942,#943));
#2541=EDGE_LOOP('',(#944,#945,#946,#947));
#2542=EDGE_LOOP('',(#948,#949,#950,#951));
#2543=EDGE_LOOP('',(#952,#953,#954,#955));
#2544=EDGE_LOOP('',(#956,#957,#958,#959));
#2545=EDGE_LOOP('',(#960,#961,#962,#963));
#2546=EDGE_LOOP('',(#964,#965,#966,#967));
#2547=EDGE_LOOP('',(#968,#969,#970,#971,#972,#973,#974,#975,#976,#977,#978,
#979,#980,#981,#982,#983,#984,#985,#986,#987,#988,#989,#990,#991,#992,#993,
#994,#995,#996,#997,#998,#999));
#2548=EDGE_LOOP('',(#1000,#1001,#1002,#1003,#1004,#1005,#1006,#1007,#1008,
#1009,#1010,#1011));
#2549=EDGE_LOOP('',(#1012,#1013,#1014,#1015));
#2550=EDGE_LOOP('',(#1016,#1017,#1018,#1019));
#2551=EDGE_LOOP('',(#1020,#1021,#1022,#1023));
#2552=EDGE_LOOP('',(#1024,#1025,#1026,#1027));
#2553=EDGE_LOOP('',(#1028,#1029,#1030,#1031));
#2554=EDGE_LOOP('',(#1032,#1033,#1034,#1035));
#2555=EDGE_LOOP('',(#1036,#1037,#1038,#1039));
#2556=EDGE_LOOP('',(#1040,#1041,#1042,#1043));
#2557=EDGE_LOOP('',(#1044));
#2558=EDGE_LOOP('',(#1045,#1046,#1047,#1048));
#2559=EDGE_LOOP('',(#1049,#1050,#1051,#1052));
#2560=EDGE_LOOP('',(#1053,#1054,#1055,#1056,#1057));
#2561=EDGE_LOOP('',(#1058,#1059,#1060,#1061,#1062));
#2562=EDGE_LOOP('',(#1063,#1064,#1065,#1066));
#2563=EDGE_LOOP('',(#1067,#1068,#1069));
#2564=EDGE_LOOP('',(#1070,#1071,#1072));
#2565=EDGE_LOOP('',(#1073));
#2566=EDGE_LOOP('',(#1074,#1075,#1076,#1077));
#2567=EDGE_LOOP('',(#1078,#1079,#1080,#1081));
#2568=EDGE_LOOP('',(#1082,#1083,#1084,#1085));
#2569=EDGE_LOOP('',(#1086,#1087,#1088,#1089));
#2570=EDGE_LOOP('',(#1090,#1091,#1092,#1093));
#2571=EDGE_LOOP('',(#1094,#1095,#1096,#1097,#1098,#1099,#1100,#1101,#1102,
#1103));
#2572=EDGE_LOOP('',(#1104,#1105,#1106,#1107));
#2573=EDGE_LOOP('',(#1108,#1109,#1110,#1111));
#2574=EDGE_LOOP('',(#1112,#1113,#1114,#1115,#1116,#1117));
#2575=EDGE_LOOP('',(#1118));
#2576=EDGE_LOOP('',(#1119,#1120,#1121,#1122,#1123,#1124,#1125,#1126,#1127));
#2577=EDGE_LOOP('',(#1128));
#2578=EDGE_LOOP('',(#1129,#1130,#1131,#1132,#1133,#1134,#1135,#1136,#1137));
#2579=EDGE_LOOP('',(#1138,#1139,#1140,#1141));
#2580=EDGE_LOOP('',(#1142,#1143,#1144,#1145));
#2581=EDGE_LOOP('',(#1146,#1147,#1148,#1149));
#2582=EDGE_LOOP('',(#1150,#1151,#1152,#1153));
#2583=EDGE_LOOP('',(#1154,#1155,#1156,#1157));
#2584=EDGE_LOOP('',(#1158,#1159,#1160,#1161));
#2585=EDGE_LOOP('',(#1162,#1163,#1164,#1165));
#2586=EDGE_LOOP('',(#1166,#1167,#1168,#1169));
#2587=EDGE_LOOP('',(#1170,#1171,#1172,#1173));
#2588=EDGE_LOOP('',(#1174,#1175,#1176,#1177));
#2589=EDGE_LOOP('',(#1178,#1179,#1180,#1181));
#2590=EDGE_LOOP('',(#1182,#1183,#1184,#1185));
#2591=EDGE_LOOP('',(#1186,#1187,#1188,#1189));
#2592=EDGE_LOOP('',(#1190,#1191,#1192,#1193,#1194,#1195,#1196,#1197,#1198,
#1199,#1200,#1201,#1202,#1203,#1204,#1205,#1206,#1207,#1208,#1209,#1210,
#1211));
#2593=EDGE_LOOP('',(#1212,#1213,#1214,#1215));
#2594=EDGE_LOOP('',(#1216,#1217,#1218,#1219));
#2595=EDGE_LOOP('',(#1220,#1221,#1222,#1223));
#2596=EDGE_LOOP('',(#1224,#1225,#1226,#1227));
#2597=EDGE_LOOP('',(#1228,#1229,#1230,#1231));
#2598=EDGE_LOOP('',(#1232,#1233,#1234,#1235));
#2599=EDGE_LOOP('',(#1236,#1237,#1238,#1239));
#2600=EDGE_LOOP('',(#1240,#1241,#1242,#1243));
#2601=EDGE_LOOP('',(#1244));
#2602=EDGE_LOOP('',(#1245));
#2603=EDGE_LOOP('',(#1246));
#2604=EDGE_LOOP('',(#1247));
#2605=EDGE_LOOP('',(#1248));
#2606=EDGE_LOOP('',(#1249));
#2607=EDGE_LOOP('',(#1250));
#2608=EDGE_LOOP('',(#1251));
#2609=EDGE_LOOP('',(#1252));
#2610=EDGE_LOOP('',(#1253));
#2611=EDGE_LOOP('',(#1254));
#2612=EDGE_LOOP('',(#1255,#1256,#1257,#1258,#1259,#1260));
#2613=EDGE_LOOP('',(#1261,#1262,#1263,#1264,#1265));
#2614=EDGE_LOOP('',(#1266,#1267,#1268,#1269,#1270));
#2615=EDGE_LOOP('',(#1271,#1272,#1273,#1274,#1275));
#2616=EDGE_LOOP('',(#1276,#1277,#1278,#1279,#1280));
#2617=EDGE_LOOP('',(#1281,#1282,#1283,#1284,#1285));
#2618=EDGE_LOOP('',(#1286,#1287,#1288,#1289,#1290));
#2619=EDGE_LOOP('',(#1291,#1292,#1293));
#2620=EDGE_LOOP('',(#1294,#1295,#1296));
#2621=EDGE_LOOP('',(#1297,#1298,#1299));
#2622=EDGE_LOOP('',(#1300,#1301,#1302));
#2623=EDGE_LOOP('',(#1303,#1304,#1305));
#2624=EDGE_LOOP('',(#1306,#1307,#1308));
#2625=EDGE_LOOP('',(#1309,#1310,#1311,#1312,#1313,#1314));
#2626=EDGE_LOOP('',(#1315));
#2627=EDGE_LOOP('',(#1316));
#2628=EDGE_LOOP('',(#1317));
#2629=EDGE_LOOP('',(#1318));
#2630=EDGE_LOOP('',(#1319));
#2631=EDGE_LOOP('',(#1320));
#2632=EDGE_LOOP('',(#1321));
#2633=EDGE_LOOP('',(#1322));
#2634=EDGE_LOOP('',(#1323));
#2635=EDGE_LOOP('',(#1324));
#2636=EDGE_LOOP('',(#1325));
#2637=EDGE_LOOP('',(#1326));
#2638=EDGE_LOOP('',(#1327));
#2639=EDGE_LOOP('',(#1328));
#2640=EDGE_LOOP('',(#1329));
#2641=EDGE_LOOP('',(#1330));
#2642=EDGE_LOOP('',(#1331));
#2643=EDGE_LOOP('',(#1332));
#2644=EDGE_LOOP('',(#1333));
#2645=EDGE_LOOP('',(#1334));
#2646=EDGE_LOOP('',(#1335));
#2647=EDGE_LOOP('',(#1336));
#2648=EDGE_LOOP('',(#1337));
#2649=EDGE_LOOP('',(#1338));
#2650=EDGE_LOOP('',(#1339));
#2651=EDGE_LOOP('',(#1340));
#2652=EDGE_LOOP('',(#1341));
#2653=EDGE_LOOP('',(#1342));
#2654=EDGE_LOOP('',(#1343));
#2655=EDGE_LOOP('',(#1344));
#2656=EDGE_LOOP('',(#1345));
#2657=EDGE_LOOP('',(#1346));
#2658=EDGE_LOOP('',(#1347));
#2659=EDGE_LOOP('',(#1348));
#2660=EDGE_LOOP('',(#1349));
#2661=EDGE_LOOP('',(#1350));
#2662=EDGE_LOOP('',(#1351));
#2663=EDGE_LOOP('',(#1352));
#2664=EDGE_LOOP('',(#1353));
#2665=EDGE_LOOP('',(#1354));
#2666=EDGE_LOOP('',(#1355));
#2667=EDGE_LOOP('',(#1356));
#2668=EDGE_LOOP('',(#1357));
#2669=EDGE_LOOP('',(#1358));
#2670=EDGE_LOOP('',(#1359));
#2671=EDGE_LOOP('',(#1360));
#2672=EDGE_LOOP('',(#1361));
#2673=EDGE_LOOP('',(#1362));
#2674=EDGE_LOOP('',(#1363));
#2675=EDGE_LOOP('',(#1364));
#2676=EDGE_LOOP('',(#1365));
#2677=EDGE_LOOP('',(#1366));
#2678=EDGE_LOOP('',(#1367));
#2679=EDGE_LOOP('',(#1368));
#2680=EDGE_LOOP('',(#1369));
#2681=EDGE_LOOP('',(#1370));
#2682=EDGE_LOOP('',(#1371));
#2683=EDGE_LOOP('',(#1372));
#2684=EDGE_LOOP('',(#1373));
#2685=EDGE_LOOP('',(#1374));
#2686=EDGE_LOOP('',(#1375));
#2687=EDGE_LOOP('',(#1376));
#2688=EDGE_LOOP('',(#1377));
#2689=EDGE_LOOP('',(#1378));
#2690=EDGE_LOOP('',(#1379));
#2691=EDGE_LOOP('',(#1380));
#2692=EDGE_LOOP('',(#1381));
#2693=EDGE_LOOP('',(#1382));
#2694=EDGE_LOOP('',(#1383));
#2695=EDGE_LOOP('',(#1384));
#2696=EDGE_LOOP('',(#1385));
#2697=EDGE_LOOP('',(#1386));
#2698=EDGE_LOOP('',(#1387));
#2699=EDGE_LOOP('',(#1388));
#2700=EDGE_LOOP('',(#1389));
#2701=EDGE_LOOP('',(#1390));
#2702=EDGE_LOOP('',(#1391));
#2703=EDGE_LOOP('',(#1392));
#2704=EDGE_LOOP('',(#1393));
#2705=EDGE_LOOP('',(#1394));
#2706=EDGE_LOOP('',(#1395));
#2707=EDGE_LOOP('',(#1396));
#2708=EDGE_LOOP('',(#1397));
#2709=EDGE_LOOP('',(#1398));
#2710=EDGE_LOOP('',(#1399));
#2711=EDGE_LOOP('',(#1400));
#2712=EDGE_LOOP('',(#1401,#1402,#1403,#1404,#1405,#1406));
#2713=EDGE_LOOP('',(#1407,#1408,#1409,#1410,#1411,#1412));
#2714=EDGE_LOOP('',(#1413,#1414,#1415,#1416,#1417,#1418));
#2715=EDGE_LOOP('',(#1419,#1420,#1421,#1422,#1423,#1424));
#2716=EDGE_LOOP('',(#1425,#1426,#1427,#1428,#1429,#1430));
#2717=EDGE_LOOP('',(#1431,#1432,#1433,#1434,#1435,#1436));
#2718=EDGE_LOOP('',(#1437,#1438,#1439));
#2719=EDGE_LOOP('',(#1440,#1441,#1442));
#2720=EDGE_LOOP('',(#1443,#1444,#1445));
#2721=EDGE_LOOP('',(#1446,#1447,#1448));
#2722=EDGE_LOOP('',(#1449,#1450,#1451));
#2723=EDGE_LOOP('',(#1452,#1453,#1454));
#2724=EDGE_LOOP('',(#1455,#1456,#1457));
#2725=EDGE_LOOP('',(#1458,#1459,#1460));
#2726=EDGE_LOOP('',(#1461,#1462,#1463));
#2727=EDGE_LOOP('',(#1464,#1465,#1466));
#2728=EDGE_LOOP('',(#1467,#1468,#1469));
#2729=EDGE_LOOP('',(#1470,#1471,#1472));
#2730=EDGE_LOOP('',(#1473));
#2731=EDGE_LOOP('',(#1474,#1475,#1476,#1477,#1478,#1479));
#2732=EDGE_LOOP('',(#1480));
#2733=EDGE_LOOP('',(#1481));
#2734=EDGE_LOOP('',(#1482));
#2735=EDGE_LOOP('',(#1483));
#2736=EDGE_LOOP('',(#1484));
#2737=FACE_BOUND('',#2429,.T.);
#2738=FACE_BOUND('',#2430,.T.);
#2739=FACE_BOUND('',#2431,.T.);
#2740=FACE_BOUND('',#2432,.T.);
#2741=FACE_BOUND('',#2433,.T.);
#2742=FACE_BOUND('',#2434,.T.);
#2743=FACE_BOUND('',#2435,.T.);
#2744=FACE_BOUND('',#2436,.T.);
#2745=FACE_BOUND('',#2437,.T.);
#2746=FACE_BOUND('',#2438,.T.);
#2747=FACE_BOUND('',#2439,.T.);
#2748=FACE_BOUND('',#2440,.T.);
#2749=FACE_BOUND('',#2441,.T.);
#2750=FACE_BOUND('',#2442,.T.);
#2751=FACE_BOUND('',#2443,.T.);
#2752=FACE_BOUND('',#2444,.T.);
#2753=FACE_BOUND('',#2445,.T.);
#2754=FACE_BOUND('',#2446,.T.);
#2755=FACE_BOUND('',#2447,.T.);
#2756=FACE_BOUND('',#2448,.T.);
#2757=FACE_BOUND('',#2449,.T.);
#2758=FACE_BOUND('',#2450,.T.);
#2759=FACE_BOUND('',#2451,.T.);
#2760=FACE_BOUND('',#2452,.T.);
#2761=FACE_BOUND('',#2453,.T.);
#2762=FACE_BOUND('',#2454,.T.);
#2763=FACE_BOUND('',#2455,.T.);
#2764=FACE_BOUND('',#2456,.T.);
#2765=FACE_BOUND('',#2457,.T.);
#2766=FACE_BOUND('',#2458,.T.);
#2767=FACE_BOUND('',#2459,.T.);
#2768=FACE_BOUND('',#2460,.T.);
#2769=FACE_BOUND('',#2461,.T.);
#2770=FACE_BOUND('',#2462,.T.);
#2771=FACE_BOUND('',#2463,.T.);
#2772=FACE_BOUND('',#2464,.T.);
#2773=FACE_BOUND('',#2465,.T.);
#2774=FACE_BOUND('',#2466,.T.);
#2775=FACE_BOUND('',#2467,.T.);
#2776=FACE_BOUND('',#2468,.T.);
#2777=FACE_BOUND('',#2469,.T.);
#2778=FACE_BOUND('',#2470,.T.);
#2779=FACE_BOUND('',#2471,.T.);
#2780=FACE_BOUND('',#2472,.T.);
#2781=FACE_BOUND('',#2473,.T.);
#2782=FACE_BOUND('',#2474,.T.);
#2783=FACE_BOUND('',#2475,.T.);
#2784=FACE_BOUND('',#2476,.T.);
#2785=FACE_BOUND('',#2477,.T.);
#2786=FACE_BOUND('',#2478,.T.);
#2787=FACE_BOUND('',#2479,.T.);
#2788=FACE_BOUND('',#2480,.T.);
#2789=FACE_BOUND('',#2481,.T.);
#2790=FACE_BOUND('',#2482,.T.);
#2791=FACE_BOUND('',#2483,.T.);
#2792=FACE_BOUND('',#2484,.T.);
#2793=FACE_BOUND('',#2485,.T.);
#2794=FACE_BOUND('',#2486,.T.);
#2795=FACE_BOUND('',#2487,.T.);
#2796=FACE_BOUND('',#2488,.T.);
#2797=FACE_BOUND('',#2489,.T.);
#2798=FACE_BOUND('',#2490,.T.);
#2799=FACE_BOUND('',#2491,.T.);
#2800=FACE_BOUND('',#2492,.T.);
#2801=FACE_BOUND('',#2493,.T.);
#2802=FACE_BOUND('',#2494,.T.);
#2803=FACE_BOUND('',#2495,.T.);
#2804=FACE_BOUND('',#2496,.T.);
#2805=FACE_BOUND('',#2497,.T.);
#2806=FACE_BOUND('',#2498,.T.);
#2807=FACE_BOUND('',#2499,.T.);
#2808=FACE_BOUND('',#2500,.T.);
#2809=FACE_BOUND('',#2501,.T.);
#2810=FACE_BOUND('',#2502,.T.);
#2811=FACE_BOUND('',#2503,.T.);
#2812=FACE_BOUND('',#2504,.T.);
#2813=FACE_BOUND('',#2505,.T.);
#2814=FACE_BOUND('',#2506,.T.);
#2815=FACE_BOUND('',#2507,.T.);
#2816=FACE_BOUND('',#2508,.T.);
#2817=FACE_BOUND('',#2509,.T.);
#2818=FACE_BOUND('',#2510,.T.);
#2819=FACE_BOUND('',#2511,.T.);
#2820=FACE_BOUND('',#2512,.T.);
#2821=FACE_BOUND('',#2513,.T.);
#2822=FACE_BOUND('',#2514,.T.);
#2823=FACE_BOUND('',#2515,.T.);
#2824=FACE_BOUND('',#2516,.T.);
#2825=FACE_BOUND('',#2517,.T.);
#2826=FACE_BOUND('',#2518,.T.);
#2827=FACE_BOUND('',#2519,.T.);
#2828=FACE_BOUND('',#2520,.T.);
#2829=FACE_BOUND('',#2521,.T.);
#2830=FACE_BOUND('',#2522,.T.);
#2831=FACE_BOUND('',#2523,.T.);
#2832=FACE_BOUND('',#2524,.T.);
#2833=FACE_BOUND('',#2525,.T.);
#2834=FACE_BOUND('',#2526,.T.);
#2835=FACE_BOUND('',#2527,.T.);
#2836=FACE_BOUND('',#2528,.T.);
#2837=FACE_BOUND('',#2529,.T.);
#2838=FACE_BOUND('',#2530,.T.);
#2839=FACE_BOUND('',#2531,.T.);
#2840=FACE_BOUND('',#2532,.T.);
#2841=FACE_BOUND('',#2533,.T.);
#2842=FACE_BOUND('',#2534,.T.);
#2843=FACE_BOUND('',#2535,.T.);
#2844=FACE_BOUND('',#2536,.T.);
#2845=FACE_BOUND('',#2537,.T.);
#2846=FACE_BOUND('',#2538,.T.);
#2847=FACE_BOUND('',#2539,.T.);
#2848=FACE_BOUND('',#2540,.T.);
#2849=FACE_BOUND('',#2541,.T.);
#2850=FACE_BOUND('',#2542,.T.);
#2851=FACE_BOUND('',#2543,.T.);
#2852=FACE_BOUND('',#2544,.T.);
#2853=FACE_BOUND('',#2545,.T.);
#2854=FACE_BOUND('',#2546,.T.);
#2855=FACE_BOUND('',#2547,.T.);
#2856=FACE_BOUND('',#2548,.T.);
#2857=FACE_BOUND('',#2549,.T.);
#2858=FACE_BOUND('',#2550,.T.);
#2859=FACE_BOUND('',#2551,.T.);
#2860=FACE_BOUND('',#2552,.T.);
#2861=FACE_BOUND('',#2553,.T.);
#2862=FACE_BOUND('',#2554,.T.);
#2863=FACE_BOUND('',#2555,.T.);
#2864=FACE_BOUND('',#2556,.T.);
#2865=FACE_BOUND('',#2557,.T.);
#2866=FACE_BOUND('',#2558,.T.);
#2867=FACE_BOUND('',#2559,.T.);
#2868=FACE_BOUND('',#2560,.T.);
#2869=FACE_BOUND('',#2561,.T.);
#2870=FACE_BOUND('',#2562,.T.);
#2871=FACE_BOUND('',#2563,.T.);
#2872=FACE_BOUND('',#2564,.T.);
#2873=FACE_BOUND('',#2565,.T.);
#2874=FACE_BOUND('',#2566,.T.);
#2875=FACE_BOUND('',#2567,.T.);
#2876=FACE_BOUND('',#2568,.T.);
#2877=FACE_BOUND('',#2569,.T.);
#2878=FACE_BOUND('',#2570,.T.);
#2879=FACE_BOUND('',#2571,.T.);
#2880=FACE_BOUND('',#2572,.T.);
#2881=FACE_BOUND('',#2573,.T.);
#2882=FACE_BOUND('',#2574,.T.);
#2883=FACE_BOUND('',#2575,.T.);
#2884=FACE_BOUND('',#2576,.T.);
#2885=FACE_BOUND('',#2577,.T.);
#2886=FACE_BOUND('',#2578,.T.);
#2887=FACE_BOUND('',#2579,.T.);
#2888=FACE_BOUND('',#2580,.T.);
#2889=FACE_BOUND('',#2581,.T.);
#2890=FACE_BOUND('',#2582,.T.);
#2891=FACE_BOUND('',#2583,.T.);
#2892=FACE_BOUND('',#2584,.T.);
#2893=FACE_BOUND('',#2585,.T.);
#2894=FACE_BOUND('',#2586,.T.);
#2895=FACE_BOUND('',#2587,.T.);
#2896=FACE_BOUND('',#2588,.T.);
#2897=FACE_BOUND('',#2589,.T.);
#2898=FACE_BOUND('',#2590,.T.);
#2899=FACE_BOUND('',#2591,.T.);
#2900=FACE_BOUND('',#2592,.T.);
#2901=FACE_BOUND('',#2593,.T.);
#2902=FACE_BOUND('',#2594,.T.);
#2903=FACE_BOUND('',#2595,.T.);
#2904=FACE_BOUND('',#2596,.T.);
#2905=FACE_BOUND('',#2597,.T.);
#2906=FACE_BOUND('',#2598,.T.);
#2907=FACE_BOUND('',#2599,.T.);
#2908=FACE_BOUND('',#2600,.T.);
#2909=FACE_BOUND('',#2601,.T.);
#2910=FACE_BOUND('',#2602,.T.);
#2911=FACE_BOUND('',#2603,.T.);
#2912=FACE_BOUND('',#2604,.T.);
#2913=FACE_BOUND('',#2605,.T.);
#2914=FACE_BOUND('',#2606,.T.);
#2915=FACE_BOUND('',#2607,.T.);
#2916=FACE_BOUND('',#2608,.T.);
#2917=FACE_BOUND('',#2609,.T.);
#2918=FACE_BOUND('',#2610,.T.);
#2919=FACE_BOUND('',#2611,.T.);
#2920=FACE_BOUND('',#2612,.T.);
#2921=FACE_BOUND('',#2613,.T.);
#2922=FACE_BOUND('',#2614,.T.);
#2923=FACE_BOUND('',#2615,.T.);
#2924=FACE_BOUND('',#2616,.T.);
#2925=FACE_BOUND('',#2617,.T.);
#2926=FACE_BOUND('',#2618,.T.);
#2927=FACE_BOUND('',#2619,.T.);
#2928=FACE_BOUND('',#2620,.T.);
#2929=FACE_BOUND('',#2621,.T.);
#2930=FACE_BOUND('',#2622,.T.);
#2931=FACE_BOUND('',#2623,.T.);
#2932=FACE_BOUND('',#2624,.T.);
#2933=FACE_BOUND('',#2625,.T.);
#2934=FACE_BOUND('',#2626,.T.);
#2935=FACE_BOUND('',#2627,.T.);
#2936=FACE_BOUND('',#2628,.T.);
#2937=FACE_BOUND('',#2629,.T.);
#2938=FACE_BOUND('',#2630,.T.);
#2939=FACE_BOUND('',#2631,.T.);
#2940=FACE_BOUND('',#2632,.T.);
#2941=FACE_BOUND('',#2633,.T.);
#2942=FACE_BOUND('',#2634,.T.);
#2943=FACE_BOUND('',#2635,.T.);
#2944=FACE_BOUND('',#2636,.T.);
#2945=FACE_BOUND('',#2637,.T.);
#2946=FACE_BOUND('',#2638,.T.);
#2947=FACE_BOUND('',#2639,.T.);
#2948=FACE_BOUND('',#2640,.T.);
#2949=FACE_BOUND('',#2641,.T.);
#2950=FACE_BOUND('',#2642,.T.);
#2951=FACE_BOUND('',#2643,.T.);
#2952=FACE_BOUND('',#2644,.T.);
#2953=FACE_BOUND('',#2645,.T.);
#2954=FACE_BOUND('',#2646,.T.);
#2955=FACE_BOUND('',#2647,.T.);
#2956=FACE_BOUND('',#2648,.T.);
#2957=FACE_BOUND('',#2649,.T.);
#2958=FACE_BOUND('',#2650,.T.);
#2959=FACE_BOUND('',#2651,.T.);
#2960=FACE_BOUND('',#2652,.T.);
#2961=FACE_BOUND('',#2653,.T.);
#2962=FACE_BOUND('',#2654,.T.);
#2963=FACE_BOUND('',#2655,.T.);
#2964=FACE_BOUND('',#2656,.T.);
#2965=FACE_BOUND('',#2657,.T.);
#2966=FACE_BOUND('',#2658,.T.);
#2967=FACE_BOUND('',#2659,.T.);
#2968=FACE_BOUND('',#2660,.T.);
#2969=FACE_BOUND('',#2661,.T.);
#2970=FACE_BOUND('',#2662,.T.);
#2971=FACE_BOUND('',#2663,.T.);
#2972=FACE_BOUND('',#2664,.T.);
#2973=FACE_BOUND('',#2665,.T.);
#2974=FACE_BOUND('',#2666,.T.);
#2975=FACE_BOUND('',#2667,.T.);
#2976=FACE_BOUND('',#2668,.T.);
#2977=FACE_BOUND('',#2669,.T.);
#2978=FACE_BOUND('',#2670,.T.);
#2979=FACE_BOUND('',#2671,.T.);
#2980=FACE_BOUND('',#2672,.T.);
#2981=FACE_BOUND('',#2673,.T.);
#2982=FACE_BOUND('',#2674,.T.);
#2983=FACE_BOUND('',#2675,.T.);
#2984=FACE_BOUND('',#2676,.T.);
#2985=FACE_BOUND('',#2677,.T.);
#2986=FACE_BOUND('',#2678,.T.);
#2987=FACE_BOUND('',#2679,.T.);
#2988=FACE_BOUND('',#2680,.T.);
#2989=FACE_BOUND('',#2681,.T.);
#2990=FACE_BOUND('',#2682,.T.);
#2991=FACE_BOUND('',#2683,.T.);
#2992=FACE_BOUND('',#2684,.T.);
#2993=FACE_BOUND('',#2685,.T.);
#2994=FACE_BOUND('',#2686,.T.);
#2995=FACE_BOUND('',#2687,.T.);
#2996=FACE_BOUND('',#2688,.T.);
#2997=FACE_BOUND('',#2689,.T.);
#2998=FACE_BOUND('',#2690,.T.);
#2999=FACE_BOUND('',#2691,.T.);
#3000=FACE_BOUND('',#2692,.T.);
#3001=FACE_BOUND('',#2693,.T.);
#3002=FACE_BOUND('',#2694,.T.);
#3003=FACE_BOUND('',#2695,.T.);
#3004=FACE_BOUND('',#2696,.T.);
#3005=FACE_BOUND('',#2697,.T.);
#3006=FACE_BOUND('',#2698,.T.);
#3007=FACE_BOUND('',#2699,.T.);
#3008=FACE_BOUND('',#2700,.T.);
#3009=FACE_BOUND('',#2701,.T.);
#3010=FACE_BOUND('',#2702,.T.);
#3011=FACE_BOUND('',#2703,.T.);
#3012=FACE_BOUND('',#2704,.T.);
#3013=FACE_BOUND('',#2705,.T.);
#3014=FACE_BOUND('',#2706,.T.);
#3015=FACE_BOUND('',#2707,.T.);
#3016=FACE_BOUND('',#2708,.T.);
#3017=FACE_BOUND('',#2709,.T.);
#3018=FACE_BOUND('',#2710,.T.);
#3019=FACE_BOUND('',#2711,.T.);
#3020=FACE_BOUND('',#2712,.T.);
#3021=FACE_BOUND('',#2713,.T.);
#3022=FACE_BOUND('',#2714,.T.);
#3023=FACE_BOUND('',#2715,.T.);
#3024=FACE_BOUND('',#2716,.T.);
#3025=FACE_BOUND('',#2717,.T.);
#3026=FACE_BOUND('',#2718,.T.);
#3027=FACE_BOUND('',#2719,.T.);
#3028=FACE_BOUND('',#2720,.T.);
#3029=FACE_BOUND('',#2721,.T.);
#3030=FACE_BOUND('',#2722,.T.);
#3031=FACE_BOUND('',#2723,.T.);
#3032=FACE_BOUND('',#2724,.T.);
#3033=FACE_BOUND('',#2725,.T.);
#3034=FACE_BOUND('',#2726,.T.);
#3035=FACE_BOUND('',#2727,.T.);
#3036=FACE_BOUND('',#2728,.T.);
#3037=FACE_BOUND('',#2729,.T.);
#3038=FACE_BOUND('',#2730,.T.);
#3039=FACE_BOUND('',#2731,.T.);
#3040=FACE_BOUND('',#2732,.T.);
#3041=FACE_BOUND('',#2733,.T.);
#3042=FACE_BOUND('',#2734,.T.);
#3043=FACE_BOUND('',#2735,.T.);
#3044=FACE_BOUND('',#2736,.T.);
#3045=CYLINDRICAL_SURFACE('',#3335,0.0100076);
#3046=CYLINDRICAL_SURFACE('',#3339,0.0100076);
#3047=CYLINDRICAL_SURFACE('',#3343,0.0100076);
#3048=CYLINDRICAL_SURFACE('',#3347,0.0100076);
#3049=CYLINDRICAL_SURFACE('',#3372,0.0045);
#3050=CYLINDRICAL_SURFACE('',#3374,0.0045);
#3051=CYLINDRICAL_SURFACE('',#3376,0.0045);
#3052=CYLINDRICAL_SURFACE('',#3378,0.0045);
#3053=CYLINDRICAL_SURFACE('',#3380,0.0045);
#3054=CYLINDRICAL_SURFACE('',#3382,0.0045);
#3055=CYLINDRICAL_SURFACE('',#3384,0.0045);
#3056=CYLINDRICAL_SURFACE('',#3386,0.0045);
#3057=CYLINDRICAL_SURFACE('',#3402,0.00930000000000158);
#3058=CYLINDRICAL_SURFACE('',#3441,0.003);
#3059=CYLINDRICAL_SURFACE('',#3443,0.003);
#3060=CYLINDRICAL_SURFACE('',#3450,0.003);
#3061=CYLINDRICAL_SURFACE('',#3455,0.003);
#3062=CYLINDRICAL_SURFACE('',#3459,0.003);
#3063=CYLINDRICAL_SURFACE('',#3461,0.03048);
#3064=CYLINDRICAL_SURFACE('',#3466,0.003);
#3065=CYLINDRICAL_SURFACE('',#3475,0.003);
#3066=CYLINDRICAL_SURFACE('',#3484,0.0005);
#3067=CYLINDRICAL_SURFACE('',#3489,0.0005);
#3068=CYLINDRICAL_SURFACE('',#3493,0.0005);
#3069=CYLINDRICAL_SURFACE('',#3495,0.0005);
#3070=CYLINDRICAL_SURFACE('',#3498,0.0111125);
#3071=CYLINDRICAL_SURFACE('',#3500,0.0111125);
#3072=CYLINDRICAL_SURFACE('',#3504,0.012192);
#3073=CYLINDRICAL_SURFACE('',#3506,0.012192);
#3074=CYLINDRICAL_SURFACE('',#3532,0.0024812);
#3075=CYLINDRICAL_SURFACE('',#3537,0.0024812);
#3076=CYLINDRICAL_SURFACE('',#3548,0.0010188);
#3077=CYLINDRICAL_SURFACE('',#3550,0.0010188);
#3078=CYLINDRICAL_SURFACE('',#3552,0.0010188);
#3079=CYLINDRICAL_SURFACE('',#3563,0.0010188);
#3080=CYLINDRICAL_SURFACE('',#3564,0.0010188);
#3081=CYLINDRICAL_SURFACE('',#3566,0.0049812);
#3082=CYLINDRICAL_SURFACE('',#3567,0.0049812);
#3083=CYLINDRICAL_SURFACE('',#3568,0.0284988);
#3084=CYLINDRICAL_SURFACE('',#3595,0.003);
#3085=CYLINDRICAL_SURFACE('',#3596,0.003);
#3086=CYLINDRICAL_SURFACE('',#3597,0.003);
#3087=CYLINDRICAL_SURFACE('',#3598,0.003);
#3088=CYLINDRICAL_SURFACE('',#3599,0.003);
#3089=CYLINDRICAL_SURFACE('',#3600,0.003);
#3090=CYLINDRICAL_SURFACE('',#3601,0.003);
#3091=CYLINDRICAL_SURFACE('',#3602,0.003);
#3092=CYLINDRICAL_SURFACE('',#3603,0.00468);
#3093=CYLINDRICAL_SURFACE('',#3605,0.00468);
#3094=CYLINDRICAL_SURFACE('',#3606,0.0040625);
#3095=CYLINDRICAL_SURFACE('',#3611,0.0056875);
#3096=CYLINDRICAL_SURFACE('',#3633,0.031618);
#3097=CYLINDRICAL_SURFACE('',#3650,0.031618);
#3098=CYLINDRICAL_SURFACE('',#3670,0.0176989377175824);
#3099=CYLINDRICAL_SURFACE('',#3680,0.013716);
#3100=CYLINDRICAL_SURFACE('',#3686,0.013716);
#3101=CYLINDRICAL_SURFACE('',#3696,0.0176989377175824);
#3102=CYLINDRICAL_SURFACE('',#3715,0.0040625);
#3103=CYLINDRICAL_SURFACE('',#3748,0.0040625);
#3104=ADVANCED_FACE('',(#2737),#3045,.T.);
#3105=ADVANCED_FACE('',(#2738),#152,.T.);
#3106=ADVANCED_FACE('',(#2739),#3046,.T.);
#3107=ADVANCED_FACE('',(#2740),#153,.T.);
#3108=ADVANCED_FACE('',(#2741),#3047,.T.);
#3109=ADVANCED_FACE('',(#2742),#154,.T.);
#3110=ADVANCED_FACE('',(#2743),#3048,.T.);
#3111=ADVANCED_FACE('',(#2744),#155,.T.);
#3112=ADVANCED_FACE('',(#2745,#2746,#2747,#2748,#2749,#2750),#156,.T.);
#3113=ADVANCED_FACE('',(#2751,#2752,#2753,#2754,#2755,#2756),#157,.F.);
#3114=ADVANCED_FACE('',(#2757),#158,.F.);
#3115=ADVANCED_FACE('',(#2758),#3049,.F.);
#3116=ADVANCED_FACE('',(#2759),#159,.T.);
#3117=ADVANCED_FACE('',(#2760),#3050,.F.);
#3118=ADVANCED_FACE('',(#2761),#160,.F.);
#3119=ADVANCED_FACE('',(#2762),#3051,.F.);
#3120=ADVANCED_FACE('',(#2763),#161,.T.);
#3121=ADVANCED_FACE('',(#2764),#3052,.F.);
#3122=ADVANCED_FACE('',(#2765),#162,.F.);
#3123=ADVANCED_FACE('',(#2766),#3053,.F.);
#3124=ADVANCED_FACE('',(#2767),#163,.T.);
#3125=ADVANCED_FACE('',(#2768),#3054,.F.);
#3126=ADVANCED_FACE('',(#2769),#164,.F.);
#3127=ADVANCED_FACE('',(#2770),#3055,.F.);
#3128=ADVANCED_FACE('',(#2771),#165,.T.);
#3129=ADVANCED_FACE('',(#2772),#3056,.F.);
#3130=ADVANCED_FACE('',(#2773,#2774),#116,.F.);
#3131=ADVANCED_FACE('',(#2775,#2776),#83,.T.);
#3132=ADVANCED_FACE('',(#2777,#2778),#117,.T.);
#3133=ADVANCED_FACE('',(#2779,#2780),#84,.T.);
#3134=ADVANCED_FACE('',(#2781,#2782),#118,.T.);
#3135=ADVANCED_FACE('',(#2783,#2784),#166,.T.);
#3136=ADVANCED_FACE('',(#2785,#2786),#119,.T.);
#3137=ADVANCED_FACE('',(#2787,#2788),#3057,.F.);
#3138=ADVANCED_FACE('',(#2789,#2790),#120,.T.);
#3139=ADVANCED_FACE('',(#2791,#2792),#85,.F.);
#3140=ADVANCED_FACE('',(#2793,#2794),#121,.F.);
#3141=ADVANCED_FACE('',(#2795,#2796),#86,.T.);
#3142=ADVANCED_FACE('',(#2797,#2798),#122,.T.);
#3143=ADVANCED_FACE('',(#2799,#2800),#87,.F.);
#3144=ADVANCED_FACE('',(#2801,#2802),#123,.F.);
#3145=ADVANCED_FACE('',(#2803,#2804),#167,.F.);
#3146=ADVANCED_FACE('',(#2805,#2806),#124,.T.);
#3147=ADVANCED_FACE('',(#2807,#2808),#88,.F.);
#3148=ADVANCED_FACE('',(#2809,#2810),#125,.F.);
#3149=ADVANCED_FACE('',(#2811,#2812),#168,.F.);
#3150=ADVANCED_FACE('',(#2813),#169,.F.);
#3151=ADVANCED_FACE('',(#2814,#2815),#170,.T.);
#3152=ADVANCED_FACE('',(#2816,#2817),#171,.T.);
#3153=ADVANCED_FACE('',(#2818),#3058,.T.);
#3154=ADVANCED_FACE('',(#2819),#3059,.T.);
#3155=ADVANCED_FACE('',(#2820,#2821),#172,.T.);
#3156=ADVANCED_FACE('',(#2822),#173,.F.);
#3157=ADVANCED_FACE('',(#2823),#3060,.T.);
#3158=ADVANCED_FACE('',(#2824),#27,.T.);
#3159=ADVANCED_FACE('',(#2825),#3061,.T.);
#3160=ADVANCED_FACE('',(#2826),#28,.T.);
#3161=ADVANCED_FACE('',(#2827),#3062,.T.);
#3162=ADVANCED_FACE('',(#2828),#3063,.T.);
#3163=ADVANCED_FACE('',(#2829,#2830),#126,.T.);
#3164=ADVANCED_FACE('',(#2831),#3064,.F.);
#3165=ADVANCED_FACE('',(#2832),#13,.F.);
#3166=ADVANCED_FACE('',(#2833),#14,.F.);
#3167=ADVANCED_FACE('',(#2834),#127,.F.);
#3168=ADVANCED_FACE('',(#2835),#15,.F.);
#3169=ADVANCED_FACE('',(#2836),#16,.F.);
#3170=ADVANCED_FACE('',(#2837),#3065,.F.);
#3171=ADVANCED_FACE('',(#2838),#174,.T.);
#3172=ADVANCED_FACE('',(#2839),#128,.T.);
#3173=ADVANCED_FACE('',(#2840),#3066,.T.);
#3174=ADVANCED_FACE('',(#2841),#129,.F.);
#3175=ADVANCED_FACE('',(#2842),#3067,.T.);
#3176=ADVANCED_FACE('',(#2843),#130,.T.);
#3177=ADVANCED_FACE('',(#2844),#3068,.F.);
#3178=ADVANCED_FACE('',(#2845),#3069,.F.);
#3179=ADVANCED_FACE('',(#2846),#131,.F.);
#3180=ADVANCED_FACE('',(#2847),#3070,.F.);
#3181=ADVANCED_FACE('',(#2848),#3071,.F.);
#3182=ADVANCED_FACE('',(#2849),#175,.F.);
#3183=ADVANCED_FACE('',(#2850),#176,.F.);
#3184=ADVANCED_FACE('',(#2851),#3072,.T.);
#3185=ADVANCED_FACE('',(#2852),#3073,.T.);
#3186=ADVANCED_FACE('',(#2853),#177,.F.);
#3187=ADVANCED_FACE('',(#2854),#178,.F.);
#3188=ADVANCED_FACE('',(#2855),#179,.F.);
#3189=ADVANCED_FACE('',(#2856),#180,.F.);
#3190=ADVANCED_FACE('',(#2857),#181,.F.);
#3191=ADVANCED_FACE('',(#2858),#132,.T.);
#3192=ADVANCED_FACE('',(#2859),#3074,.T.);
#3193=ADVANCED_FACE('',(#2860),#133,.T.);
#3194=ADVANCED_FACE('',(#2861),#3075,.T.);
#3195=ADVANCED_FACE('',(#2862,#2863),#182,.F.);
#3196=ADVANCED_FACE('',(#2864),#134,.T.);
#3197=ADVANCED_FACE('',(#2865),#183,.T.);
#3198=ADVANCED_FACE('',(#2866),#17,.T.);
#3199=ADVANCED_FACE('',(#2867),#18,.T.);
#3200=ADVANCED_FACE('',(#2868),#3076,.F.);
#3201=ADVANCED_FACE('',(#2869),#3077,.F.);
#3202=ADVANCED_FACE('',(#2870),#3078,.F.);
#3203=ADVANCED_FACE('',(#2871),#29,.F.);
#3204=ADVANCED_FACE('',(#2872),#30,.F.);
#3205=ADVANCED_FACE('',(#2873,#2874),#135,.F.);
#3206=ADVANCED_FACE('',(#2875),#19,.T.);
#3207=ADVANCED_FACE('',(#2876),#20,.T.);
#3208=ADVANCED_FACE('',(#2877),#3079,.F.);
#3209=ADVANCED_FACE('',(#2878),#3080,.F.);
#3210=ADVANCED_FACE('',(#2879),#184,.T.);
#3211=ADVANCED_FACE('',(#2880),#3081,.T.);
#3212=ADVANCED_FACE('',(#2881),#3082,.T.);
#3213=ADVANCED_FACE('',(#2882),#3083,.F.);
#3214=ADVANCED_FACE('',(#2883,#2884),#185,.F.);
#3215=ADVANCED_FACE('',(#2885,#2886),#186,.F.);
#3216=ADVANCED_FACE('',(#2887),#187,.F.);
#3217=ADVANCED_FACE('',(#2888),#188,.F.);
#3218=ADVANCED_FACE('',(#2889),#189,.F.);
#3219=ADVANCED_FACE('',(#2890),#190,.T.);
#3220=ADVANCED_FACE('',(#2891),#191,.T.);
#3221=ADVANCED_FACE('',(#2892),#192,.T.);
#3222=ADVANCED_FACE('',(#2893),#193,.F.);
#3223=ADVANCED_FACE('',(#2894),#194,.F.);
#3224=ADVANCED_FACE('',(#2895),#195,.F.);
#3225=ADVANCED_FACE('',(#2896),#196,.F.);
#3226=ADVANCED_FACE('',(#2897),#197,.F.);
#3227=ADVANCED_FACE('',(#2898),#198,.F.);
#3228=ADVANCED_FACE('',(#2899),#199,.F.);
#3229=ADVANCED_FACE('',(#2900),#200,.T.);
#3230=ADVANCED_FACE('',(#2901),#3084,.T.);
#3231=ADVANCED_FACE('',(#2902),#3085,.F.);
#3232=ADVANCED_FACE('',(#2903),#3086,.F.);
#3233=ADVANCED_FACE('',(#2904),#3087,.T.);
#3234=ADVANCED_FACE('',(#2905),#3088,.T.);
#3235=ADVANCED_FACE('',(#2906),#3089,.T.);
#3236=ADVANCED_FACE('',(#2907),#3090,.F.);
#3237=ADVANCED_FACE('',(#2908),#3091,.F.);
#3238=ADVANCED_FACE('',(#2909,#2910),#3092,.F.);
#3239=ADVANCED_FACE('',(#2911,#2912),#3093,.F.);
#3240=ADVANCED_FACE('',(#2913,#2914),#3094,.T.);
#3241=ADVANCED_FACE('',(#2915,#2916),#201,.T.);
#3242=ADVANCED_FACE('',(#2917,#2918),#3095,.T.);
#3243=ADVANCED_FACE('',(#2919,#2920),#202,.F.);
#3244=ADVANCED_FACE('',(#2921),#203,.F.);
#3245=ADVANCED_FACE('',(#2922),#204,.F.);
#3246=ADVANCED_FACE('',(#2923),#205,.F.);
#3247=ADVANCED_FACE('',(#2924),#206,.F.);
#3248=ADVANCED_FACE('',(#2925),#207,.F.);
#3249=ADVANCED_FACE('',(#2926),#208,.F.);
#3250=ADVANCED_FACE('',(#2927),#89,.T.);
#3251=ADVANCED_FACE('',(#2928),#90,.T.);
#3252=ADVANCED_FACE('',(#2929),#91,.T.);
#3253=ADVANCED_FACE('',(#2930),#92,.T.);
#3254=ADVANCED_FACE('',(#2931),#93,.T.);
#3255=ADVANCED_FACE('',(#2932),#94,.T.);
#3256=ADVANCED_FACE('',(#2933),#209,.T.);
#3257=ADVANCED_FACE('',(#2934,#2935),#3096,.T.);
#3258=ADVANCED_FACE('',(#2936,#2937),#136,.F.);
#3259=ADVANCED_FACE('',(#2938,#2939),#95,.T.);
#3260=ADVANCED_FACE('',(#2940,#2941),#137,.T.);
#3261=ADVANCED_FACE('',(#2942,#2943),#12,.F.);
#3262=ADVANCED_FACE('',(#2944,#2945),#138,.T.);
#3263=ADVANCED_FACE('',(#2946,#2947),#96,.T.);
#3264=ADVANCED_FACE('',(#2948,#2949),#139,.F.);
#3265=ADVANCED_FACE('',(#2950,#2951),#3097,.T.);
#3266=ADVANCED_FACE('',(#2952,#2953),#210,.T.);
#3267=ADVANCED_FACE('',(#2954,#2955),#140,.T.);
#3268=ADVANCED_FACE('',(#2956,#2957),#97,.F.);
#3269=ADVANCED_FACE('',(#2958,#2959),#141,.F.);
#3270=ADVANCED_FACE('',(#2960,#2961),#211,.T.);
#3271=ADVANCED_FACE('',(#2962,#2963),#142,.F.);
#3272=ADVANCED_FACE('',(#2964,#2965),#98,.T.);
#3273=ADVANCED_FACE('',(#2966,#2967),#143,.T.);
#3274=ADVANCED_FACE('',(#2968,#2969),#212,.T.);
#3275=ADVANCED_FACE('',(#2970,#2971),#3098,.F.);
#3276=ADVANCED_FACE('',(#2972,#2973),#144,.T.);
#3277=ADVANCED_FACE('',(#2974,#2975),#99,.T.);
#3278=ADVANCED_FACE('',(#2976,#2977),#145,.T.);
#3279=ADVANCED_FACE('',(#2978,#2979),#213,.T.);
#3280=ADVANCED_FACE('',(#2980,#2981),#3099,.T.);
#3281=ADVANCED_FACE('',(#2982,#2983),#214,.T.);
#3282=ADVANCED_FACE('',(#2984,#2985),#215,.T.);
#3283=ADVANCED_FACE('',(#2986,#2987),#3100,.T.);
#3284=ADVANCED_FACE('',(#2988,#2989),#216,.T.);
#3285=ADVANCED_FACE('',(#2990,#2991),#146,.T.);
#3286=ADVANCED_FACE('',(#2992,#2993),#100,.T.);
#3287=ADVANCED_FACE('',(#2994,#2995),#147,.T.);
#3288=ADVANCED_FACE('',(#2996,#2997),#3101,.F.);
#3289=ADVANCED_FACE('',(#2998,#2999),#217,.T.);
#3290=ADVANCED_FACE('',(#3000,#3001),#148,.T.);
#3291=ADVANCED_FACE('',(#3002,#3003),#101,.T.);
#3292=ADVANCED_FACE('',(#3004,#3005),#149,.F.);
#3293=ADVANCED_FACE('',(#3006,#3007),#218,.T.);
#3294=ADVANCED_FACE('',(#3008,#3009),#150,.F.);
#3295=ADVANCED_FACE('',(#3010,#3011),#102,.F.);
#3296=ADVANCED_FACE('',(#3012,#3013),#151,.T.);
#3297=ADVANCED_FACE('',(#3014,#3015),#219,.T.);
#3298=ADVANCED_FACE('',(#3016,#3017),#3102,.T.);
#3299=ADVANCED_FACE('',(#3018,#3019),#220,.F.);
#3300=ADVANCED_FACE('',(#3020),#221,.F.);
#3301=ADVANCED_FACE('',(#3021),#222,.F.);
#3302=ADVANCED_FACE('',(#3022),#223,.F.);
#3303=ADVANCED_FACE('',(#3023),#224,.F.);
#3304=ADVANCED_FACE('',(#3024),#225,.F.);
#3305=ADVANCED_FACE('',(#3025),#226,.F.);
#3306=ADVANCED_FACE('',(#3026),#103,.T.);
#3307=ADVANCED_FACE('',(#3027),#104,.T.);
#3308=ADVANCED_FACE('',(#3028),#105,.T.);
#3309=ADVANCED_FACE('',(#3029),#106,.T.);
#3310=ADVANCED_FACE('',(#3030),#107,.T.);
#3311=ADVANCED_FACE('',(#3031),#108,.T.);
#3312=ADVANCED_FACE('',(#3032),#109,.T.);
#3313=ADVANCED_FACE('',(#3033),#110,.T.);
#3314=ADVANCED_FACE('',(#3034),#111,.T.);
#3315=ADVANCED_FACE('',(#3035),#112,.T.);
#3316=ADVANCED_FACE('',(#3036),#113,.T.);
#3317=ADVANCED_FACE('',(#3037),#114,.T.);
#3318=ADVANCED_FACE('',(#3038,#3039),#227,.T.);
#3319=ADVANCED_FACE('',(#3040),#228,.T.);
#3320=ADVANCED_FACE('',(#3041,#3042),#115,.T.);
#3321=ADVANCED_FACE('',(#3043,#3044),#3103,.T.);
#3322=CLOSED_SHELL('',(#3104,#3105,#3106,#3107,#3108,#3109,#3110,#3111,
#3112,#3113,#3114,#3115,#3116,#3117,#3118,#3119,#3120,#3121,#3122,#3123,
#3124,#3125,#3126,#3127,#3128,#3129,#3130,#3131,#3132,#3133,#3134,#3135,
#3136,#3137,#3138,#3139,#3140,#3141,#3142,#3143,#3144,#3145,#3146,#3147,
#3148,#3149,#3150,#3151,#3152,#3153,#3154,#3155,#3156,#3157,#3158,#3159,
#3160,#3161,#3162,#3163,#3164,#3165,#3166,#3167,#3168,#3169,#3170,#3171,
#3172,#3173,#3174,#3175,#3176,#3177,#3178,#3179,#3180,#3181,#3182,#3183,
#3184,#3185,#3186,#3187,#3188,#3189,#3190,#3191,#3192,#3193,#3194,#3195,
#3196,#3197,#3198,#3199,#3200,#3201,#3202,#3203,#3204,#3205,#3206,#3207,
#3208,#3209,#3210,#3211,#3212,#3213,#3214,#3215,#3216,#3217,#3218,#3219,
#3220,#3221,#3222,#3223,#3224,#3225,#3226,#3227,#3228,#3229,#3230,#3231,
#3232,#3233,#3234,#3235,#3236,#3237,#3238,#3239,#3240,#3241,#3242,#3243,
#3244,#3245,#3246,#3247,#3248,#3249,#3250,#3251,#3252,#3253,#3254,#3255,
#3256,#3257,#3258,#3259,#3260,#3261,#3262,#3263,#3264,#3265,#3266,#3267,
#3268,#3269,#3270,#3271,#3272,#3273,#3274,#3275,#3276,#3277,#3278,#3279,
#3280,#3281,#3282,#3283,#3284,#3285,#3286,#3287,#3288,#3289,#3290,#3291,
#3292,#3293,#3294,#3295,#3296,#3297,#3298,#3299,#3300,#3301,#3302,#3303,
#3304,#3305,#3306,#3307,#3308,#3309,#3310,#3311,#3312,#3313,#3314,#3315,
#3316,#3317,#3318,#3319,#3320,#3321));
#3323=STYLED_ITEM('',(#3324),#3331);
#3324=PRESENTATION_STYLE_ASSIGNMENT((#3325));
#3325=SURFACE_STYLE_USAGE(.BOTH.,#3326);
#3326=SURFACE_SIDE_STYLE('',(#3327));
#3327=SURFACE_STYLE_FILL_AREA(#3328);
#3328=FILL_AREA_STYLE('',(#3329));
#3329=FILL_AREA_STYLE_COLOUR('',#3330);
#3330=COLOUR_RGB('',0.4,0.4,0.4);
#3331=MANIFOLD_SOLID_BREP('Caster',#3322);
#3332=SHAPE_DEFINITION_REPRESENTATION(#6026,#3333);
#3333=SHAPE_REPRESENTATION('Caster',(#3334),#6021);
#3334=AXIS2_PLACEMENT_3D('',#4765,#3749,#3750);
#3335=AXIS2_PLACEMENT_3D('',#4766,#3751,#3752);
#3336=AXIS2_PLACEMENT_3D('',#4767,#3753,#3754);
#3337=AXIS2_PLACEMENT_3D('',#4772,#3756,#3757);
#3338=AXIS2_PLACEMENT_3D('',#4775,#3759,#3760);
#3339=AXIS2_PLACEMENT_3D('',#4781,#3764,#3765);
#3340=AXIS2_PLACEMENT_3D('',#4782,#3766,#3767);
#3341=AXIS2_PLACEMENT_3D('',#4786,#3769,#3770);
#3342=AXIS2_PLACEMENT_3D('',#4787,#3771,#3772);
#3343=AXIS2_PLACEMENT_3D('',#4793,#3776,#3777);
#3344=AXIS2_PLACEMENT_3D('',#4794,#3778,#3779);
#3345=AXIS2_PLACEMENT_3D('',#4798,#3781,#3782);
#3346=AXIS2_PLACEMENT_3D('',#4799,#3783,#3784);
#3347=AXIS2_PLACEMENT_3D('',#4805,#3788,#3789);
#3348=AXIS2_PLACEMENT_3D('',#4806,#3790,#3791);
#3349=AXIS2_PLACEMENT_3D('',#4810,#3793,#3794);
#3350=AXIS2_PLACEMENT_3D('',#4811,#3795,#3796);
#3351=AXIS2_PLACEMENT_3D('',#4814,#3799,#3800);
#3352=AXIS2_PLACEMENT_3D('',#4815,#3801,#3802);
#3353=AXIS2_PLACEMENT_3D('',#4820,#3804,#3805);
#3354=AXIS2_PLACEMENT_3D('',#4824,#3807,#3808);
#3355=AXIS2_PLACEMENT_3D('',#4828,#3810,#3811);
#3356=AXIS2_PLACEMENT_3D('',#4832,#3813,#3814);
#3357=AXIS2_PLACEMENT_3D('',#4836,#3816,#3817);
#3358=AXIS2_PLACEMENT_3D('',#4840,#3819,#3820);
#3359=AXIS2_PLACEMENT_3D('',#4844,#3822,#3823);
#3360=AXIS2_PLACEMENT_3D('',#4848,#3825,#3826);
#3361=AXIS2_PLACEMENT_3D('',#4849,#3827,#3828);
#3362=AXIS2_PLACEMENT_3D('',#4850,#3829,#3830);
#3363=AXIS2_PLACEMENT_3D('',#4852,#3831,#3832);
#3364=AXIS2_PLACEMENT_3D('',#4857,#3834,#3835);
#3365=AXIS2_PLACEMENT_3D('',#4860,#3837,#3838);
#3366=AXIS2_PLACEMENT_3D('',#4865,#3840,#3841);
#3367=AXIS2_PLACEMENT_3D('',#4868,#3843,#3844);
#3368=AXIS2_PLACEMENT_3D('',#4873,#3846,#3847);
#3369=AXIS2_PLACEMENT_3D('',#4876,#3849,#3850);
#3370=AXIS2_PLACEMENT_3D('',#4881,#3852,#3853);
#3371=AXIS2_PLACEMENT_3D('',#4884,#3855,#3856);
#3372=AXIS2_PLACEMENT_3D('',#4887,#3859,#3860);
#3373=AXIS2_PLACEMENT_3D('',#4889,#3862,#3863);
#3374=AXIS2_PLACEMENT_3D('',#4891,#3865,#3866);
#3375=AXIS2_PLACEMENT_3D('',#4892,#3867,#3868);
#3376=AXIS2_PLACEMENT_3D('',#4895,#3871,#3872);
#3377=AXIS2_PLACEMENT_3D('',#4897,#3874,#3875);
#3378=AXIS2_PLACEMENT_3D('',#4899,#3877,#3878);
#3379=AXIS2_PLACEMENT_3D('',#4900,#3879,#3880);
#3380=AXIS2_PLACEMENT_3D('',#4903,#3883,#3884);
#3381=AXIS2_PLACEMENT_3D('',#4905,#3886,#3887);
#3382=AXIS2_PLACEMENT_3D('',#4907,#3889,#3890);
#3383=AXIS2_PLACEMENT_3D('',#4908,#3891,#3892);
#3384=AXIS2_PLACEMENT_3D('',#4911,#3895,#3896);
#3385=AXIS2_PLACEMENT_3D('',#4913,#3898,#3899);
#3386=AXIS2_PLACEMENT_3D('',#4915,#3901,#3902);
#3387=AXIS2_PLACEMENT_3D('',#4916,#3903,#3904);
#3388=AXIS2_PLACEMENT_3D('',#4917,#3905,#3906);
#3389=AXIS2_PLACEMENT_3D('',#4919,#3907,#3908);
#3390=AXIS2_PLACEMENT_3D('',#4920,#3909,#3910);
#3391=AXIS2_PLACEMENT_3D('',#4922,#3911,#3912);
#3392=AXIS2_PLACEMENT_3D('',#4923,#3913,#3914);
#3393=AXIS2_PLACEMENT_3D('',#4925,#3915,#3916);
#3394=AXIS2_PLACEMENT_3D('',#4926,#3917,#3918);
#3395=AXIS2_PLACEMENT_3D('',#4928,#3919,#3920);
#3396=AXIS2_PLACEMENT_3D('',#4929,#3921,#3922);
#3397=AXIS2_PLACEMENT_3D('',#4931,#3923,#3924);
#3398=AXIS2_PLACEMENT_3D('',#4932,#3925,#3926);
#3399=AXIS2_PLACEMENT_3D('',#4934,#3927,#3928);
#3400=AXIS2_PLACEMENT_3D('',#4935,#3929,#3930);
#3401=AXIS2_PLACEMENT_3D('',#4937,#3931,#3932);
#3402=AXIS2_PLACEMENT_3D('',#4939,#3933,#3934);
#3403=AXIS2_PLACEMENT_3D('',#4940,#3935,#3936);
#3404=AXIS2_PLACEMENT_3D('',#4942,#3937,#3938);
#3405=AXIS2_PLACEMENT_3D('',#4943,#3939,#3940);
#3406=AXIS2_PLACEMENT_3D('',#4945,#3941,#3942);
#3407=AXIS2_PLACEMENT_3D('',#4946,#3943,#3944);
#3408=AXIS2_PLACEMENT_3D('',#4948,#3945,#3946);
#3409=AXIS2_PLACEMENT_3D('',#4949,#3947,#3948);
#3410=AXIS2_PLACEMENT_3D('',#4951,#3949,#3950);
#3411=AXIS2_PLACEMENT_3D('',#4952,#3951,#3952);
#3412=AXIS2_PLACEMENT_3D('',#4954,#3953,#3954);
#3413=AXIS2_PLACEMENT_3D('',#4955,#3955,#3956);
#3414=AXIS2_PLACEMENT_3D('',#4957,#3957,#3958);
#3415=AXIS2_PLACEMENT_3D('',#4958,#3959,#3960);
#3416=AXIS2_PLACEMENT_3D('',#4960,#3961,#3962);
#3417=AXIS2_PLACEMENT_3D('',#4961,#3963,#3964);
#3418=AXIS2_PLACEMENT_3D('',#4963,#3965,#3966);
#3419=AXIS2_PLACEMENT_3D('',#4964,#3967,#3968);
#3420=AXIS2_PLACEMENT_3D('',#4966,#3969,#3970);
#3421=AXIS2_PLACEMENT_3D('',#4967,#3971,#3972);
#3422=AXIS2_PLACEMENT_3D('',#4969,#3973,#3974);
#3423=AXIS2_PLACEMENT_3D('',#4970,#3975,#3976);
#3424=AXIS2_PLACEMENT_3D('',#4972,#3977,#3978);
#3425=AXIS2_PLACEMENT_3D('',#4973,#3979,#3980);
#3426=AXIS2_PLACEMENT_3D('',#4975,#3981,#3982);
#3427=AXIS2_PLACEMENT_3D('',#4976,#3983,#3984);
#3428=AXIS2_PLACEMENT_3D('',#4977,#3985,#3986);
#3429=AXIS2_PLACEMENT_3D('',#4978,#3987,#3988);
#3430=AXIS2_PLACEMENT_3D('',#4981,#3989,#3990);
#3431=AXIS2_PLACEMENT_3D('',#4983,#3991,#3992);
#3432=AXIS2_PLACEMENT_3D('',#4985,#3993,#3994);
#3433=AXIS2_PLACEMENT_3D('',#4987,#3995,#3996);
#3434=AXIS2_PLACEMENT_3D('',#4989,#3997,#3998);
#3435=AXIS2_PLACEMENT_3D('',#4993,#4000,#4001);
#3436=AXIS2_PLACEMENT_3D('',#4997,#4003,#4004);
#3437=AXIS2_PLACEMENT_3D('',#5008,#4010,#4011);
#3438=AXIS2_PLACEMENT_3D('',#5009,#4012,#4013);
#3439=AXIS2_PLACEMENT_3D('',#5024,#4020,#4021);
#3440=AXIS2_PLACEMENT_3D('',#5028,#4023,#4024);
#3441=AXIS2_PLACEMENT_3D('',#5029,#4025,#4026);
#3442=AXIS2_PLACEMENT_3D('',#5044,#4028,#4029);
#3443=AXIS2_PLACEMENT_3D('',#5045,#4030,#4031);
#3444=AXIS2_PLACEMENT_3D('',#5061,#4033,#4034);
#3445=AXIS2_PLACEMENT_3D('',#5062,#4035,#4036);
#3446=AXIS2_PLACEMENT_3D('',#5066,#4038,#4039);
#3447=AXIS2_PLACEMENT_3D('',#5070,#4041,#4042);
#3448=AXIS2_PLACEMENT_3D('',#5071,#4043,#4044);
#3449=AXIS2_PLACEMENT_3D('',#5073,#4046,#4047);
#3450=AXIS2_PLACEMENT_3D('',#5098,#4060,#4061);
#3451=AXIS2_PLACEMENT_3D('',#5099,#4062,#4063);
#3452=AXIS2_PLACEMENT_3D('',#5100,#4064,#4065);
#3453=AXIS2_PLACEMENT_3D('',#5101,#4066,#4067);
#3454=AXIS2_PLACEMENT_3D('',#5102,#4068,#4069);
#3455=AXIS2_PLACEMENT_3D('',#5103,#4070,#4071);
#3456=AXIS2_PLACEMENT_3D('',#5104,#4072,#4073);
#3457=AXIS2_PLACEMENT_3D('',#5105,#4074,#4075);
#3458=AXIS2_PLACEMENT_3D('',#5106,#4076,#4077);
#3459=AXIS2_PLACEMENT_3D('',#5107,#4078,#4079);
#3460=AXIS2_PLACEMENT_3D('',#5108,#4080,#4081);
#3461=AXIS2_PLACEMENT_3D('',#5109,#4082,#4083);
#3462=AXIS2_PLACEMENT_3D('',#5110,#4084,#4085);
#3463=AXIS2_PLACEMENT_3D('',#5120,#4087,#4088);
#3464=AXIS2_PLACEMENT_3D('',#5128,#4090,#4091);
#3465=AXIS2_PLACEMENT_3D('',#5129,#4092,#4093);
#3466=AXIS2_PLACEMENT_3D('',#5142,#4094,#4095);
#3467=AXIS2_PLACEMENT_3D('',#5143,#4096,#4097);
#3468=AXIS2_PLACEMENT_3D('',#5144,#4098,#4099);
#3469=AXIS2_PLACEMENT_3D('',#5157,#4100,#4101);
#3470=AXIS2_PLACEMENT_3D('',#5179,#4102,#4103);
#3471=AXIS2_PLACEMENT_3D('',#5180,#4104,#4105);
#3472=AXIS2_PLACEMENT_3D('',#5181,#4106,#4107);
#3473=AXIS2_PLACEMENT_3D('',#5200,#4108,#4109);
#3474=AXIS2_PLACEMENT_3D('',#5213,#4110,#4111);
#3475=AXIS2_PLACEMENT_3D('',#5214,#4112,#4113);
#3476=AXIS2_PLACEMENT_3D('',#5215,#4114,#4115);
#3477=AXIS2_PLACEMENT_3D('',#5216,#4116,#4117);
#3478=AXIS2_PLACEMENT_3D('',#5220,#4119,#4120);
#3479=AXIS2_PLACEMENT_3D('',#5224,#4122,#4123);
#3480=AXIS2_PLACEMENT_3D('',#5225,#4124,#4125);
#3481=AXIS2_PLACEMENT_3D('',#5226,#4126,#4127);
#3482=AXIS2_PLACEMENT_3D('',#5228,#4128,#4129);
#3483=AXIS2_PLACEMENT_3D('',#5230,#4130,#4131);
#3484=AXIS2_PLACEMENT_3D('',#5231,#4132,#4133);
#3485=AXIS2_PLACEMENT_3D('',#5232,#4134,#4135);
#3486=AXIS2_PLACEMENT_3D('',#5235,#4137,#4138);
#3487=AXIS2_PLACEMENT_3D('',#5236,#4139,#4140);
#3488=AXIS2_PLACEMENT_3D('',#5237,#4141,#4142);
#3489=AXIS2_PLACEMENT_3D('',#5238,#4143,#4144);
#3490=AXIS2_PLACEMENT_3D('',#5239,#4145,#4146);
#3491=AXIS2_PLACEMENT_3D('',#5242,#4148,#4149);
#3492=AXIS2_PLACEMENT_3D('',#5243,#4150,#4151);
#3493=AXIS2_PLACEMENT_3D('',#5244,#4152,#4153);
#3494=AXIS2_PLACEMENT_3D('',#5245,#4154,#4155);
#3495=AXIS2_PLACEMENT_3D('',#5246,#4156,#4157);
#3496=AXIS2_PLACEMENT_3D('',#5247,#4158,#4159);
#3497=AXIS2_PLACEMENT_3D('',#5248,#4160,#4161);
#3498=AXIS2_PLACEMENT_3D('',#5249,#4162,#4163);
#3499=AXIS2_PLACEMENT_3D('',#5252,#4165,#4166);
#3500=AXIS2_PLACEMENT_3D('',#5255,#4168,#4169);
#3501=AXIS2_PLACEMENT_3D('',#5258,#4171,#4172);
#3502=AXIS2_PLACEMENT_3D('',#5261,#4174,#4175);
#3503=AXIS2_PLACEMENT_3D('',#5265,#4178,#4179);
#3504=AXIS2_PLACEMENT_3D('',#5269,#4182,#4183);
#3505=AXIS2_PLACEMENT_3D('',#5270,#4184,#4185);
#3506=AXIS2_PLACEMENT_3D('',#5273,#4187,#4188);
#3507=AXIS2_PLACEMENT_3D('',#5276,#4190,#4191);
#3508=AXIS2_PLACEMENT_3D('',#5277,#4192,#4193);
#3509=AXIS2_PLACEMENT_3D('',#5281,#4196,#4197);
#3510=AXIS2_PLACEMENT_3D('',#5285,#4200,#4201);
#3511=AXIS2_PLACEMENT_3D('',#5289,#4203,#4204);
#3512=AXIS2_PLACEMENT_3D('',#5297,#4208,#4209);
#3513=AXIS2_PLACEMENT_3D('',#5300,#4211,#4212);
#3514=AXIS2_PLACEMENT_3D('',#5304,#4214,#4215);
#3515=AXIS2_PLACEMENT_3D('',#5308,#4217,#4218);
#3516=AXIS2_PLACEMENT_3D('',#5312,#4220,#4221);
#3517=AXIS2_PLACEMENT_3D('',#5315,#4223,#4224);
#3518=AXIS2_PLACEMENT_3D('',#5323,#4228,#4229);
#3519=AXIS2_PLACEMENT_3D('',#5327,#4231,#4232);
#3520=AXIS2_PLACEMENT_3D('',#5331,#4234,#4235);
#3521=AXIS2_PLACEMENT_3D('',#5332,#4236,#4237);
#3522=AXIS2_PLACEMENT_3D('',#5335,#4239,#4240);
#3523=AXIS2_PLACEMENT_3D('',#5337,#4241,#4242);
#3524=AXIS2_PLACEMENT_3D('',#5339,#4243,#4244);
#3525=AXIS2_PLACEMENT_3D('',#5342,#4246,#4247);
#3526=AXIS2_PLACEMENT_3D('',#5346,#4249,#4250);
#3527=AXIS2_PLACEMENT_3D('',#5350,#4252,#4253);
#3528=AXIS2_PLACEMENT_3D('',#5351,#4254,#4255);
#3529=AXIS2_PLACEMENT_3D('',#5352,#4256,#4257);
#3530=AXIS2_PLACEMENT_3D('',#5354,#4258,#4259);
#3531=AXIS2_PLACEMENT_3D('',#5356,#4260,#4261);
#3532=AXIS2_PLACEMENT_3D('',#5357,#4262,#4263);
#3533=AXIS2_PLACEMENT_3D('',#5358,#4264,#4265);
#3534=AXIS2_PLACEMENT_3D('',#5361,#4267,#4268);
#3535=AXIS2_PLACEMENT_3D('',#5362,#4269,#4270);
#3536=AXIS2_PLACEMENT_3D('',#5364,#4271,#4272);
#3537=AXIS2_PLACEMENT_3D('',#5365,#4273,#4274);
#3538=AXIS2_PLACEMENT_3D('',#5367,#4276,#4277);
#3539=AXIS2_PLACEMENT_3D('',#5375,#4281,#4282);
#3540=AXIS2_PLACEMENT_3D('',#5376,#4283,#4284);
#3541=AXIS2_PLACEMENT_3D('',#5377,#4285,#4286);
#3542=AXIS2_PLACEMENT_3D('',#5379,#4287,#4288);
#3543=AXIS2_PLACEMENT_3D('',#5381,#4289,#4290);
#3544=AXIS2_PLACEMENT_3D('',#5382,#4291,#4292);
#3545=AXIS2_PLACEMENT_3D('',#5383,#4293,#4294);
#3546=AXIS2_PLACEMENT_3D('',#5406,#4295,#4296);
#3547=AXIS2_PLACEMENT_3D('',#5444,#4297,#4298);
#3548=AXIS2_PLACEMENT_3D('',#5451,#4299,#4300);
#3549=AXIS2_PLACEMENT_3D('',#5452,#4301,#4302);
#3550=AXIS2_PLACEMENT_3D('',#5462,#4304,#4305);
#3551=AXIS2_PLACEMENT_3D('',#5466,#4307,#4308);
#3552=AXIS2_PLACEMENT_3D('',#5473,#4309,#4310);
#3553=AXIS2_PLACEMENT_3D('',#5477,#4312,#4313);
#3554=AXIS2_PLACEMENT_3D('',#5478,#4314,#4315);
#3555=AXIS2_PLACEMENT_3D('',#5479,#4316,#4317);
#3556=AXIS2_PLACEMENT_3D('',#5480,#4318,#4319);
#3557=AXIS2_PLACEMENT_3D('',#5481,#4320,#4321);
#3558=AXIS2_PLACEMENT_3D('',#5482,#4322,#4323);
#3559=AXIS2_PLACEMENT_3D('',#5483,#4324,#4325);
#3560=AXIS2_PLACEMENT_3D('',#5484,#4326,#4327);
#3561=AXIS2_PLACEMENT_3D('',#5497,#4328,#4329);
#3562=AXIS2_PLACEMENT_3D('',#5520,#4330,#4331);
#3563=AXIS2_PLACEMENT_3D('',#5521,#4332,#4333);
#3564=AXIS2_PLACEMENT_3D('',#5524,#4336,#4337);
#3565=AXIS2_PLACEMENT_3D('',#5527,#4340,#4341);
#3566=AXIS2_PLACEMENT_3D('',#5537,#4347,#4348);
#3567=AXIS2_PLACEMENT_3D('',#5540,#4351,#4352);
#3568=AXIS2_PLACEMENT_3D('',#5543,#4355,#4356);
#3569=AXIS2_PLACEMENT_3D('',#5544,#4357,#4358);
#3570=AXIS2_PLACEMENT_3D('',#5545,#4359,#4360);
#3571=AXIS2_PLACEMENT_3D('',#5547,#4361,#4362);
#3572=AXIS2_PLACEMENT_3D('',#5548,#4363,#4364);
#3573=AXIS2_PLACEMENT_3D('',#5550,#4365,#4366);
#3574=AXIS2_PLACEMENT_3D('',#5553,#4369,#4370);
#3575=AXIS2_PLACEMENT_3D('',#5556,#4373,#4374);
#3576=AXIS2_PLACEMENT_3D('',#5557,#4375,#4376);
#3577=AXIS2_PLACEMENT_3D('',#5563,#4380,#4381);
#3578=AXIS2_PLACEMENT_3D('',#5569,#4385,#4386);
#3579=AXIS2_PLACEMENT_3D('',#5575,#4390,#4391);
#3580=AXIS2_PLACEMENT_3D('',#5579,#4394,#4395);
#3581=AXIS2_PLACEMENT_3D('',#5583,#4398,#4399);
#3582=AXIS2_PLACEMENT_3D('',#5589,#4403,#4404);
#3583=AXIS2_PLACEMENT_3D('',#5595,#4408,#4409);
#3584=AXIS2_PLACEMENT_3D('',#5601,#4413,#4414);
#3585=AXIS2_PLACEMENT_3D('',#5607,#4418,#4419);
#3586=AXIS2_PLACEMENT_3D('',#5609,#4421,#4422);
#3587=AXIS2_PLACEMENT_3D('',#5610,#4423,#4424);
#3588=AXIS2_PLACEMENT_3D('',#5611,#4425,#4426);
#3589=AXIS2_PLACEMENT_3D('',#5612,#4427,#4428);
#3590=AXIS2_PLACEMENT_3D('',#5613,#4429,#4430);
#3591=AXIS2_PLACEMENT_3D('',#5614,#4431,#4432);
#3592=AXIS2_PLACEMENT_3D('',#5615,#4433,#4434);
#3593=AXIS2_PLACEMENT_3D('',#5616,#4435,#4436);
#3594=AXIS2_PLACEMENT_3D('',#5617,#4437,#4438);
#3595=AXIS2_PLACEMENT_3D('',#5618,#4439,#4440);
#3596=AXIS2_PLACEMENT_3D('',#5619,#4441,#4442);
#3597=AXIS2_PLACEMENT_3D('',#5620,#4443,#4444);
#3598=AXIS2_PLACEMENT_3D('',#5621,#4445,#4446);
#3599=AXIS2_PLACEMENT_3D('',#5622,#4447,#4448);
#3600=AXIS2_PLACEMENT_3D('',#5623,#4449,#4450);
#3601=AXIS2_PLACEMENT_3D('',#5624,#4451,#4452);
#3602=AXIS2_PLACEMENT_3D('',#5625,#4453,#4454);
#3603=AXIS2_PLACEMENT_3D('',#5626,#4455,#4456);
#3604=AXIS2_PLACEMENT_3D('',#5627,#4457,#4458);
#3605=AXIS2_PLACEMENT_3D('',#5629,#4459,#4460);
#3606=AXIS2_PLACEMENT_3D('',#5630,#4461,#4462);
#3607=AXIS2_PLACEMENT_3D('',#5631,#4463,#4464);
#3608=AXIS2_PLACEMENT_3D('',#5633,#4465,#4466);
#3609=AXIS2_PLACEMENT_3D('',#5635,#4467,#4468);
#3610=AXIS2_PLACEMENT_3D('',#5636,#4469,#4470);
#3611=AXIS2_PLACEMENT_3D('',#5638,#4471,#4472);
#3612=AXIS2_PLACEMENT_3D('',#5639,#4473,#4474);
#3613=AXIS2_PLACEMENT_3D('',#5641,#4475,#4476);
#3614=AXIS2_PLACEMENT_3D('',#5654,#4483,#4484);
#3615=AXIS2_PLACEMENT_3D('',#5668,#4487,#4488);
#3616=AXIS2_PLACEMENT_3D('',#5680,#4490,#4491);
#3617=AXIS2_PLACEMENT_3D('',#5692,#4493,#4494);
#3618=AXIS2_PLACEMENT_3D('',#5704,#4496,#4497);
#3619=AXIS2_PLACEMENT_3D('',#5716,#4499,#4500);
#3620=AXIS2_PLACEMENT_3D('',#5726,#4501,#4502);
#3621=AXIS2_PLACEMENT_3D('',#5727,#4503,#4504);
#3622=AXIS2_PLACEMENT_3D('',#5728,#4505,#4506);
#3623=AXIS2_PLACEMENT_3D('',#5729,#4507,#4508);
#3624=AXIS2_PLACEMENT_3D('',#5730,#4509,#4510);
#3625=AXIS2_PLACEMENT_3D('',#5731,#4511,#4512);
#3626=AXIS2_PLACEMENT_3D('',#5732,#4513,#4514);
#3627=AXIS2_PLACEMENT_3D('',#5733,#4515,#4516);
#3628=AXIS2_PLACEMENT_3D('',#5734,#4517,#4518);
#3629=AXIS2_PLACEMENT_3D('',#5735,#4519,#4520);
#3630=AXIS2_PLACEMENT_3D('',#5736,#4521,#4522);
#3631=AXIS2_PLACEMENT_3D('',#5737,#4523,#4524);
#3632=AXIS2_PLACEMENT_3D('',#5738,#4525,#4526);
#3633=AXIS2_PLACEMENT_3D('',#5739,#4527,#4528);
#3634=AXIS2_PLACEMENT_3D('',#5740,#4529,#4530);
#3635=AXIS2_PLACEMENT_3D('',#5742,#4531,#4532);
#3636=AXIS2_PLACEMENT_3D('',#5744,#4533,#4534);
#3637=AXIS2_PLACEMENT_3D('',#5745,#4535,#4536);
#3638=AXIS2_PLACEMENT_3D('',#5747,#4537,#4538);
#3639=AXIS2_PLACEMENT_3D('',#5748,#4539,#4540);
#3640=AXIS2_PLACEMENT_3D('',#5750,#4541,#4542);
#3641=AXIS2_PLACEMENT_3D('',#5751,#4543,#4544);
#3642=AXIS2_PLACEMENT_3D('',#5753,#4545,#4546);
#3643=AXIS2_PLACEMENT_3D('',#5754,#4547,#4548);
#3644=AXIS2_PLACEMENT_3D('',#5756,#4549,#4550);
#3645=AXIS2_PLACEMENT_3D('',#5757,#4551,#4552);
#3646=AXIS2_PLACEMENT_3D('',#5759,#4553,#4554);
#3647=AXIS2_PLACEMENT_3D('',#5760,#4555,#4556);
#3648=AXIS2_PLACEMENT_3D('',#5762,#4557,#4558);
#3649=AXIS2_PLACEMENT_3D('',#5763,#4559,#4560);
#3650=AXIS2_PLACEMENT_3D('',#5765,#4561,#4562);
#3651=AXIS2_PLACEMENT_3D('',#5766,#4563,#4564);
#3652=AXIS2_PLACEMENT_3D('',#5768,#4565,#4566);
#3653=AXIS2_PLACEMENT_3D('',#5769,#4567,#4568);
#3654=AXIS2_PLACEMENT_3D('',#5771,#4569,#4570);
#3655=AXIS2_PLACEMENT_3D('',#5772,#4571,#4572);
#3656=AXIS2_PLACEMENT_3D('',#5774,#4573,#4574);
#3657=AXIS2_PLACEMENT_3D('',#5775,#4575,#4576);
#3658=AXIS2_PLACEMENT_3D('',#5777,#4577,#4578);
#3659=AXIS2_PLACEMENT_3D('',#5778,#4579,#4580);
#3660=AXIS2_PLACEMENT_3D('',#5780,#4581,#4582);
#3661=AXIS2_PLACEMENT_3D('',#5781,#4583,#4584);
#3662=AXIS2_PLACEMENT_3D('',#5783,#4585,#4586);
#3663=AXIS2_PLACEMENT_3D('',#5784,#4587,#4588);
#3664=AXIS2_PLACEMENT_3D('',#5786,#4589,#4590);
#3665=AXIS2_PLACEMENT_3D('',#5787,#4591,#4592);
#3666=AXIS2_PLACEMENT_3D('',#5789,#4593,#4594);
#3667=AXIS2_PLACEMENT_3D('',#5790,#4595,#4596);
#3668=AXIS2_PLACEMENT_3D('',#5792,#4597,#4598);
#3669=AXIS2_PLACEMENT_3D('',#5793,#4599,#4600);
#3670=AXIS2_PLACEMENT_3D('',#5795,#4601,#4602);
#3671=AXIS2_PLACEMENT_3D('',#5796,#4603,#4604);
#3672=AXIS2_PLACEMENT_3D('',#5798,#4605,#4606);
#3673=AXIS2_PLACEMENT_3D('',#5799,#4607,#4608);
#3674=AXIS2_PLACEMENT_3D('',#5801,#4609,#4610);
#3675=AXIS2_PLACEMENT_3D('',#5802,#4611,#4612);
#3676=AXIS2_PLACEMENT_3D('',#5804,#4613,#4614);
#3677=AXIS2_PLACEMENT_3D('',#5805,#4615,#4616);
#3678=AXIS2_PLACEMENT_3D('',#5807,#4617,#4618);
#3679=AXIS2_PLACEMENT_3D('',#5808,#4619,#4620);
#3680=AXIS2_PLACEMENT_3D('',#5810,#4621,#4622);
#3681=AXIS2_PLACEMENT_3D('',#5811,#4623,#4624);
#3682=AXIS2_PLACEMENT_3D('',#5813,#4625,#4626);
#3683=AXIS2_PLACEMENT_3D('',#5814,#4627,#4628);
#3684=AXIS2_PLACEMENT_3D('',#5816,#4629,#4630);
#3685=AXIS2_PLACEMENT_3D('',#5817,#4631,#4632);
#3686=AXIS2_PLACEMENT_3D('',#5819,#4633,#4634);
#3687=AXIS2_PLACEMENT_3D('',#5820,#4635,#4636);
#3688=AXIS2_PLACEMENT_3D('',#5822,#4637,#4638);
#3689=AXIS2_PLACEMENT_3D('',#5823,#4639,#4640);
#3690=AXIS2_PLACEMENT_3D('',#5825,#4641,#4642);
#3691=AXIS2_PLACEMENT_3D('',#5826,#4643,#4644);
#3692=AXIS2_PLACEMENT_3D('',#5828,#4645,#4646);
#3693=AXIS2_PLACEMENT_3D('',#5829,#4647,#4648);
#3694=AXIS2_PLACEMENT_3D('',#5831,#4649,#4650);
#3695=AXIS2_PLACEMENT_3D('',#5832,#4651,#4652);
#3696=AXIS2_PLACEMENT_3D('',#5834,#4653,#4654);
#3697=AXIS2_PLACEMENT_3D('',#5835,#4655,#4656);
#3698=AXIS2_PLACEMENT_3D('',#5837,#4657,#4658);
#3699=AXIS2_PLACEMENT_3D('',#5838,#4659,#4660);
#3700=AXIS2_PLACEMENT_3D('',#5840,#4661,#4662);
#3701=AXIS2_PLACEMENT_3D('',#5841,#4663,#4664);
#3702=AXIS2_PLACEMENT_3D('',#5843,#4665,#4666);
#3703=AXIS2_PLACEMENT_3D('',#5844,#4667,#4668);
#3704=AXIS2_PLACEMENT_3D('',#5846,#4669,#4670);
#3705=AXIS2_PLACEMENT_3D('',#5847,#4671,#4672);
#3706=AXIS2_PLACEMENT_3D('',#5849,#4673,#4674);
#3707=AXIS2_PLACEMENT_3D('',#5850,#4675,#4676);
#3708=AXIS2_PLACEMENT_3D('',#5852,#4677,#4678);
#3709=AXIS2_PLACEMENT_3D('',#5853,#4679,#4680);
#3710=AXIS2_PLACEMENT_3D('',#5855,#4681,#4682);
#3711=AXIS2_PLACEMENT_3D('',#5856,#4683,#4684);
#3712=AXIS2_PLACEMENT_3D('',#5858,#4685,#4686);
#3713=AXIS2_PLACEMENT_3D('',#5859,#4687,#4688);
#3714=AXIS2_PLACEMENT_3D('',#5861,#4689,#4690);
#3715=AXIS2_PLACEMENT_3D('',#5862,#4691,#4692);
#3716=AXIS2_PLACEMENT_3D('',#5863,#4693,#4694);
#3717=AXIS2_PLACEMENT_3D('',#5865,#4695,#4696);
#3718=AXIS2_PLACEMENT_3D('',#5866,#4697,#4698);
#3719=AXIS2_PLACEMENT_3D('',#5890,#4701,#4702);
#3720=AXIS2_PLACEMENT_3D('',#5911,#4704,#4705);
#3721=AXIS2_PLACEMENT_3D('',#5932,#4707,#4708);
#3722=AXIS2_PLACEMENT_3D('',#5953,#4710,#4711);
#3723=AXIS2_PLACEMENT_3D('',#5974,#4713,#4714);
#3724=AXIS2_PLACEMENT_3D('',#5992,#4715,#4716);
#3725=AXIS2_PLACEMENT_3D('',#5993,#4717,#4718);
#3726=AXIS2_PLACEMENT_3D('',#5994,#4719,#4720);
#3727=AXIS2_PLACEMENT_3D('',#5995,#4721,#4722);
#3728=AXIS2_PLACEMENT_3D('',#5996,#4723,#4724);
#3729=AXIS2_PLACEMENT_3D('',#5997,#4725,#4726);
#3730=AXIS2_PLACEMENT_3D('',#5998,#4727,#4728);
#3731=AXIS2_PLACEMENT_3D('',#5999,#4729,#4730);
#3732=AXIS2_PLACEMENT_3D('',#6000,#4731,#4732);
#3733=AXIS2_PLACEMENT_3D('',#6001,#4733,#4734);
#3734=AXIS2_PLACEMENT_3D('',#6002,#4735,#4736);
#3735=AXIS2_PLACEMENT_3D('',#6003,#4737,#4738);
#3736=AXIS2_PLACEMENT_3D('',#6004,#4739,#4740);
#3737=AXIS2_PLACEMENT_3D('',#6005,#4741,#4742);
#3738=AXIS2_PLACEMENT_3D('',#6006,#4743,#4744);
#3739=AXIS2_PLACEMENT_3D('',#6007,#4745,#4746);
#3740=AXIS2_PLACEMENT_3D('',#6008,#4747,#4748);
#3741=AXIS2_PLACEMENT_3D('',#6009,#4749,#4750);
#3742=AXIS2_PLACEMENT_3D('',#6010,#4751,#4752);
#3743=AXIS2_PLACEMENT_3D('',#6011,#4753,#4754);
#3744=AXIS2_PLACEMENT_3D('',#6013,#4755,#4756);
#3745=AXIS2_PLACEMENT_3D('',#6014,#4757,#4758);
#3746=AXIS2_PLACEMENT_3D('',#6016,#4759,#4760);
#3747=AXIS2_PLACEMENT_3D('',#6017,#4761,#4762);
#3748=AXIS2_PLACEMENT_3D('',#6019,#4763,#4764);
#3749=DIRECTION('',(0.,0.,1.));
#3750=DIRECTION('',(1.,0.,0.));
#3751=DIRECTION('',(0.,0.,1.));
#3752=DIRECTION('',(0.,-1.,0.));
#3753=DIRECTION('',(0.,0.,1.));
#3754=DIRECTION('',(0.,1.,0.));
#3755=DIRECTION('',(0.,0.,1.));
#3756=DIRECTION('',(0.,0.,1.));
#3757=DIRECTION('',(0.,1.,0.));
#3758=DIRECTION('',(0.,0.,1.));
#3759=DIRECTION('',(-1.,1.06777183339908E-16,0.));
#3760=DIRECTION('',(-1.06777183339908E-16,-1.,0.));
#3761=DIRECTION('',(-1.06777183339908E-16,-1.,0.));
#3762=DIRECTION('',(0.,0.,1.));
#3763=DIRECTION('',(-1.06777183339908E-16,-1.,0.));
#3764=DIRECTION('',(0.,0.,1.));
#3765=DIRECTION('',(0.,-1.,0.));
#3766=DIRECTION('',(0.,0.,1.));
#3767=DIRECTION('',(0.,1.,0.));
#3768=DIRECTION('',(0.,0.,1.));
#3769=DIRECTION('',(0.,0.,1.));
#3770=DIRECTION('',(0.,1.,0.));
#3771=DIRECTION('',(-2.60257970410899E-16,1.,0.));
#3772=DIRECTION('',(-1.,-2.60257970410899E-16,0.));
#3773=DIRECTION('',(-1.,-2.60257970410899E-16,0.));
#3774=DIRECTION('',(0.,0.,1.));
#3775=DIRECTION('',(-1.,-2.60257970410899E-16,0.));
#3776=DIRECTION('',(0.,0.,1.));
#3777=DIRECTION('',(0.,-1.,0.));
#3778=DIRECTION('',(0.,0.,1.));
#3779=DIRECTION('',(0.,-1.,0.));
#3780=DIRECTION('',(0.,0.,1.));
#3781=DIRECTION('',(0.,0.,1.));
#3782=DIRECTION('',(0.,-1.,0.));
#3783=DIRECTION('',(1.,2.13554366679815E-16,0.));
#3784=DIRECTION('',(-2.13554366679815E-16,1.,0.));
#3785=DIRECTION('',(-2.13554366679815E-16,1.,0.));
#3786=DIRECTION('',(0.,0.,1.));
#3787=DIRECTION('',(-2.13554366679815E-16,1.,0.));
#3788=DIRECTION('',(0.,0.,1.));
#3789=DIRECTION('',(0.,-1.,0.));
#3790=DIRECTION('',(0.,0.,1.));
#3791=DIRECTION('',(0.,1.,0.));
#3792=DIRECTION('',(0.,0.,1.));
#3793=DIRECTION('',(0.,0.,1.));
#3794=DIRECTION('',(0.,1.,0.));
#3795=DIRECTION('',(1.73505313607266E-16,-1.,0.));
#3796=DIRECTION('',(1.,1.73505313607266E-16,0.));
#3797=DIRECTION('',(1.,1.73505313607266E-16,0.));
#3798=DIRECTION('',(1.,1.73505313607266E-16,0.));
#3799=DIRECTION('',(0.,0.,-1.));
#3800=DIRECTION('',(0.,1.,0.));
#3801=DIRECTION('',(0.,0.,1.));
#3802=DIRECTION('',(0.,-1.,0.));
#3803=DIRECTION('',(-0.624695047554423,-0.780868809443031,0.));
#3804=DIRECTION('',(0.,0.,1.));
#3805=DIRECTION('',(0.,-1.,0.));
#3806=DIRECTION('',(-0.624695047554429,-0.780868809443027,0.));
#3807=DIRECTION('',(0.,0.,1.));
#3808=DIRECTION('',(0.,-1.,0.));
#3809=DIRECTION('',(0.624695047554423,0.780868809443031,0.));
#3810=DIRECTION('',(0.,0.,1.));
#3811=DIRECTION('',(0.,-1.,0.));
#3812=DIRECTION('',(0.624695047554424,0.78086880944303,0.));
#3813=DIRECTION('',(0.,0.,1.));
#3814=DIRECTION('',(0.,-1.,0.));
#3815=DIRECTION('',(0.624695047554423,-0.780868809443031,0.));
#3816=DIRECTION('',(0.,0.,1.));
#3817=DIRECTION('',(0.,-1.,0.));
#3818=DIRECTION('',(0.624695047554428,-0.780868809443028,0.));
#3819=DIRECTION('',(0.,0.,1.));
#3820=DIRECTION('',(0.,-1.,0.));
#3821=DIRECTION('',(0.624695047554426,-0.780868809443029,0.));
#3822=DIRECTION('',(0.,0.,1.));
#3823=DIRECTION('',(0.,-1.,0.));
#3824=DIRECTION('',(0.624695047554428,-0.780868809443027,0.));
#3825=DIRECTION('',(0.,0.,1.));
#3826=DIRECTION('',(0.,-1.,0.));
#3827=DIRECTION('',(0.,0.,-1.));
#3828=DIRECTION('',(0.,1.,0.));
#3829=DIRECTION('',(0.,0.,1.));
#3830=DIRECTION('',(0.,-1.,0.));
#3831=DIRECTION('',(0.,0.,1.));
#3832=DIRECTION('',(0.,-1.,0.));
#3833=DIRECTION('',(-0.624695047554423,-0.780868809443031,0.));
#3834=DIRECTION('',(0.,0.,1.));
#3835=DIRECTION('',(0.,-1.,0.));
#3836=DIRECTION('',(-0.624695047554429,-0.780868809443027,0.));
#3837=DIRECTION('',(0.,0.,1.));
#3838=DIRECTION('',(0.,-1.,0.));
#3839=DIRECTION('',(0.624695047554423,0.780868809443031,0.));
#3840=DIRECTION('',(0.,0.,1.));
#3841=DIRECTION('',(0.,-1.,0.));
#3842=DIRECTION('',(0.624695047554424,0.78086880944303,0.));
#3843=DIRECTION('',(0.,0.,1.));
#3844=DIRECTION('',(0.,-1.,0.));
#3845=DIRECTION('',(0.624695047554423,-0.780868809443031,0.));
#3846=DIRECTION('',(0.,0.,1.));
#3847=DIRECTION('',(0.,-1.,0.));
#3848=DIRECTION('',(0.624695047554428,-0.780868809443028,0.));
#3849=DIRECTION('',(0.,0.,1.));
#3850=DIRECTION('',(0.,-1.,0.));
#3851=DIRECTION('',(0.624695047554426,-0.780868809443029,0.));
#3852=DIRECTION('',(0.,0.,1.));
#3853=DIRECTION('',(0.,-1.,0.));
#3854=DIRECTION('',(0.624695047554428,-0.780868809443027,0.));
#3855=DIRECTION('',(-0.780868809443029,-0.624695047554426,0.));
#3856=DIRECTION('',(0.624695047554426,-0.780868809443029,0.));
#3857=DIRECTION('',(0.,0.,1.));
#3858=DIRECTION('',(0.,0.,1.));
#3859=DIRECTION('',(0.,0.,1.));
#3860=DIRECTION('',(0.,-1.,0.));
#3861=DIRECTION('',(0.,0.,1.));
#3862=DIRECTION('',(-0.780868809443027,-0.624695047554428,0.));
#3863=DIRECTION('',(0.624695047554428,-0.780868809443027,0.));
#3864=DIRECTION('',(0.,0.,1.));
#3865=DIRECTION('',(0.,0.,1.));
#3866=DIRECTION('',(0.,-1.,0.));
#3867=DIRECTION('',(-0.780868809443031,-0.624695047554423,0.));
#3868=DIRECTION('',(0.624695047554423,-0.780868809443031,0.));
#3869=DIRECTION('',(0.,0.,1.));
#3870=DIRECTION('',(0.,0.,1.));
#3871=DIRECTION('',(0.,0.,1.));
#3872=DIRECTION('',(0.,-1.,0.));
#3873=DIRECTION('',(0.,0.,1.));
#3874=DIRECTION('',(-0.780868809443028,-0.624695047554428,0.));
#3875=DIRECTION('',(0.624695047554428,-0.780868809443028,0.));
#3876=DIRECTION('',(0.,0.,1.));
#3877=DIRECTION('',(0.,0.,1.));
#3878=DIRECTION('',(0.,-1.,0.));
#3879=DIRECTION('',(0.780868809443031,-0.624695047554423,0.));
#3880=DIRECTION('',(0.624695047554423,0.780868809443031,0.));
#3881=DIRECTION('',(0.,0.,1.));
#3882=DIRECTION('',(0.,0.,1.));
#3883=DIRECTION('',(0.,0.,1.));
#3884=DIRECTION('',(0.,-1.,0.));
#3885=DIRECTION('',(0.,0.,1.));
#3886=DIRECTION('',(0.78086880944303,-0.624695047554424,0.));
#3887=DIRECTION('',(0.624695047554424,0.78086880944303,0.));
#3888=DIRECTION('',(0.,0.,1.));
#3889=DIRECTION('',(0.,0.,1.));
#3890=DIRECTION('',(0.,-1.,0.));
#3891=DIRECTION('',(-0.780868809443031,0.624695047554423,0.));
#3892=DIRECTION('',(-0.624695047554423,-0.780868809443031,0.));
#3893=DIRECTION('',(0.,0.,1.));
#3894=DIRECTION('',(0.,0.,1.));
#3895=DIRECTION('',(0.,0.,1.));
#3896=DIRECTION('',(0.,-1.,0.));
#3897=DIRECTION('',(0.,0.,1.));
#3898=DIRECTION('',(-0.780868809443027,0.624695047554429,0.));
#3899=DIRECTION('',(-0.624695047554429,-0.780868809443027,0.));
#3900=DIRECTION('',(0.,0.,1.));
#3901=DIRECTION('',(0.,0.,1.));
#3902=DIRECTION('',(0.,-1.,0.));
#3903=DIRECTION('',(0.,0.,1.));
#3904=DIRECTION('',(0.,-1.,0.));
#3905=DIRECTION('',(0.,0.,1.));
#3906=DIRECTION('',(0.,-1.,0.));
#3907=DIRECTION('',(0.,0.,1.));
#3908=DIRECTION('',(0.,-1.,0.));
#3909=DIRECTION('',(0.,0.,1.));
#3910=DIRECTION('',(0.,-1.,0.));
#3911=DIRECTION('',(0.,0.,1.));
#3912=DIRECTION('',(0.,-1.,0.));
#3913=DIRECTION('',(0.,0.,1.));
#3914=DIRECTION('',(0.,-1.,0.));
#3915=DIRECTION('',(0.,0.,1.));
#3916=DIRECTION('',(0.,-1.,0.));
#3917=DIRECTION('',(0.,0.,1.));
#3918=DIRECTION('',(0.,-1.,0.));
#3919=DIRECTION('',(0.,0.,1.));
#3920=DIRECTION('',(0.,-1.,0.));
#3921=DIRECTION('',(0.,0.,1.));
#3922=DIRECTION('',(0.,-1.,0.));
#3923=DIRECTION('',(0.,0.,-1.));
#3924=DIRECTION('',(0.,1.,0.));
#3925=DIRECTION('',(0.,0.,-1.));
#3926=DIRECTION('',(-1.,0.,0.));
#3927=DIRECTION('',(0.,0.,1.));
#3928=DIRECTION('',(0.,-1.,0.));
#3929=DIRECTION('',(0.,0.,1.));
#3930=DIRECTION('',(0.,-1.,0.));
#3931=DIRECTION('',(0.,0.,1.));
#3932=DIRECTION('',(0.,-1.,0.));
#3933=DIRECTION('',(0.,0.,1.));
#3934=DIRECTION('',(0.,-1.,0.));
#3935=DIRECTION('',(0.,0.,1.));
#3936=DIRECTION('',(0.,-1.,0.));
#3937=DIRECTION('',(0.,0.,1.));
#3938=DIRECTION('',(0.,-1.,0.));
#3939=DIRECTION('',(0.,0.,1.));
#3940=DIRECTION('',(0.,-1.,0.));
#3941=DIRECTION('',(0.,0.,1.));
#3942=DIRECTION('',(0.,-1.,0.));
#3943=DIRECTION('',(0.,0.,1.));
#3944=DIRECTION('',(0.,-1.,0.));
#3945=DIRECTION('',(0.,0.,1.));
#3946=DIRECTION('',(0.,-1.,0.));
#3947=DIRECTION('',(0.,0.,1.));
#3948=DIRECTION('',(0.,-1.,0.));
#3949=DIRECTION('',(0.,0.,-1.));
#3950=DIRECTION('',(0.,1.,0.));
#3951=DIRECTION('',(0.,0.,1.));
#3952=DIRECTION('',(0.,-1.,0.));
#3953=DIRECTION('',(0.,0.,1.));
#3954=DIRECTION('',(0.,-1.,0.));
#3955=DIRECTION('',(0.,0.,1.));
#3956=DIRECTION('',(0.,-1.,0.));
#3957=DIRECTION('',(0.,0.,1.));
#3958=DIRECTION('',(0.,-1.,0.));
#3959=DIRECTION('',(0.,0.,1.));
#3960=DIRECTION('',(0.,-1.,0.));
#3961=DIRECTION('',(0.,0.,1.));
#3962=DIRECTION('',(0.,-1.,0.));
#3963=DIRECTION('',(0.,0.,1.));
#3964=DIRECTION('',(0.,-1.,0.));
#3965=DIRECTION('',(0.,0.,-1.));
#3966=DIRECTION('',(0.,1.,0.));
#3967=DIRECTION('',(0.,0.,1.));
#3968=DIRECTION('',(0.,-1.,0.));
#3969=DIRECTION('',(0.,0.,1.));
#3970=DIRECTION('',(0.,-1.,0.));
#3971=DIRECTION('',(0.,0.,1.));
#3972=DIRECTION('',(0.,-1.,0.));
#3973=DIRECTION('',(0.,0.,1.));
#3974=DIRECTION('',(0.,-1.,0.));
#3975=DIRECTION('',(0.,0.,1.));
#3976=DIRECTION('',(0.,-1.,0.));
#3977=DIRECTION('',(0.,0.,1.));
#3978=DIRECTION('',(0.,-1.,0.));
#3979=DIRECTION('',(0.,0.,1.));
#3980=DIRECTION('',(0.,-1.,0.));
#3981=DIRECTION('',(0.,0.,-1.));
#3982=DIRECTION('',(0.,1.,0.));
#3983=DIRECTION('',(0.,0.,-1.));
#3984=DIRECTION('',(0.,1.,0.));
#3985=DIRECTION('',(0.,1.,1.72232845221569E-16));
#3986=DIRECTION('',(0.,-1.7223284522157E-16,1.));
#3987=DIRECTION('',(0.,1.,0.));
#3988=DIRECTION('',(-1.,0.,0.));
#3989=DIRECTION('',(0.,1.,0.));
#3990=DIRECTION('',(-1.,0.,0.));
#3991=DIRECTION('',(0.,1.,0.));
#3992=DIRECTION('',(-1.,0.,0.));
#3993=DIRECTION('',(0.,1.,0.));
#3994=DIRECTION('',(-1.,0.,0.));
#3995=DIRECTION('',(0.,-1.,0.));
#3996=DIRECTION('',(1.,0.,0.));
#3997=DIRECTION('',(0.,1.,0.));
#3998=DIRECTION('',(-1.,0.,0.));
#3999=DIRECTION('',(0.779227527538994,-1.0794541027583E-16,0.626741142997223));
#4000=DIRECTION('',(0.,1.,1.72232845221569E-16));
#4001=DIRECTION('',(0.,-1.7223284522157E-16,1.));
#4002=DIRECTION('',(-0.121869343405148,1.70949047710904E-16,-0.992546151641322));
#4003=DIRECTION('',(0.,1.,1.72232845221569E-16));
#4004=DIRECTION('',(0.,-1.7223284522157E-16,1.));
#4005=DIRECTION('',(0.992546151641322,-2.09899037599532E-17,0.121869343405148));
#4006=DIRECTION('',(0.5,1.49158019327953E-16,-0.866025403784439));
#4007=DIRECTION('',(-0.866025403784441,8.61164226107839E-17,-0.5));
#4008=DIRECTION('',(1.,0.,0.));
#4009=DIRECTION('',(0.,-1.7223284522157E-16,1.));
#4010=DIRECTION('',(0.,-1.,-1.72232845221569E-16));
#4011=DIRECTION('',(0.,1.7223284522157E-16,-1.));
#4012=DIRECTION('',(0.,-1.,-1.72232845221569E-16));
#4013=DIRECTION('',(0.,1.7223284522157E-16,-1.));
#4014=DIRECTION('',(-0.779227527538994,1.0794541027583E-16,-0.626741142997223));
#4015=DIRECTION('',(0.,-1.7223284522157E-16,1.));
#4016=DIRECTION('',(1.,0.,0.));
#4017=DIRECTION('',(-0.866025403784441,8.61164226107839E-17,-0.5));
#4018=DIRECTION('',(-0.5,-1.49158019327953E-16,0.866025403784439));
#4019=DIRECTION('',(-0.992546151641322,2.09899037599532E-17,-0.121869343405148));
#4020=DIRECTION('',(0.,-1.,-1.72232845221569E-16));
#4021=DIRECTION('',(0.,1.7223284522157E-16,-1.));
#4022=DIRECTION('',(0.121869343405148,-1.70949047710904E-16,0.992546151641322));
#4023=DIRECTION('',(0.,-1.,-1.72232845221569E-16));
#4024=DIRECTION('',(0.,1.7223284522157E-16,-1.));
#4025=DIRECTION('',(1.,0.,0.));
#4026=DIRECTION('',(0.,1.,0.));
#4027=DIRECTION('',(1.,0.,0.));
#4028=DIRECTION('',(-1.,0.,0.));
#4029=DIRECTION('',(0.,-1.,0.));
#4030=DIRECTION('',(1.,0.,0.));
#4031=DIRECTION('',(0.,1.,0.));
#4032=DIRECTION('',(1.,0.,0.));
#4033=DIRECTION('',(-1.,0.,0.));
#4034=DIRECTION('',(0.,-1.,0.));
#4035=DIRECTION('',(0.,0.,1.));
#4036=DIRECTION('',(0.,-1.,0.));
#4037=DIRECTION('',(0.,1.,0.));
#4038=DIRECTION('',(0.,0.,1.));
#4039=DIRECTION('',(0.,-1.,0.));
#4040=DIRECTION('',(0.,-1.,0.));
#4041=DIRECTION('',(0.,0.,1.));
#4042=DIRECTION('',(0.,-1.,0.));
#4043=DIRECTION('',(0.,0.,1.));
#4044=DIRECTION('',(0.,-1.,0.));
#4045=DIRECTION('',(0.,-1.,0.));
#4046=DIRECTION('',(0.5,0.,-0.866025403784441));
#4047=DIRECTION('',(0.866025403784441,0.,0.5));
#4048=DIRECTION('',(0.,1.,0.));
#4049=DIRECTION('',(-0.866025403784441,5.2944401273957E-15,-0.5));
#4050=DIRECTION('',(0.,1.,0.));
#4051=DIRECTION('',(-0.866025403784441,8.61164226107839E-17,-0.5));
#4052=DIRECTION('',(0.,-1.,0.));
#4053=DIRECTION('',(-0.866025403784441,8.61164226107839E-17,-0.5));
#4054=DIRECTION('',(0.,1.,0.));
#4055=DIRECTION('',(-0.866025403784441,-5.2944401273957E-15,-0.5));
#4056=DIRECTION('',(0.,1.,0.));
#4057=DIRECTION('',(-0.866025403784442,0.,-0.5));
#4058=DIRECTION('',(0.,1.,0.));
#4059=DIRECTION('',(0.866025403784442,0.,0.5));
#4060=DIRECTION('',(0.,1.,0.));
#4061=DIRECTION('',(-1.,0.,0.));
#4062=DIRECTION('',(0.,1.,0.));
#4063=DIRECTION('',(-1.,0.,0.));
#4064=DIRECTION('',(0.,1.,0.));
#4065=DIRECTION('',(-1.,0.,0.));
#4066=DIRECTION('',(0.,-1.,-1.72232845221569E-16));
#4067=DIRECTION('',(0.,1.7223284522157E-16,-1.));
#4068=DIRECTION('',(-0.866025403784441,0.,-0.5));
#4069=DIRECTION('',(0.5,0.,-0.866025403784441));
#4070=DIRECTION('',(0.866025403784441,-8.61164226107839E-17,0.5));
#4071=DIRECTION('',(-0.5,0.,0.866025403784441));
#4072=DIRECTION('',(0.866025403784439,0.,0.5));
#4073=DIRECTION('',(-0.5,0.,0.866025403784439));
#4074=DIRECTION('',(0.,1.,1.72232845221569E-16));
#4075=DIRECTION('',(0.,-1.7223284522157E-16,1.));
#4076=DIRECTION('',(-0.866025403784441,0.,-0.5));
#4077=DIRECTION('',(0.5,0.,-0.866025403784441));
#4078=DIRECTION('',(0.866025403784441,-8.61164226107839E-17,0.5));
#4079=DIRECTION('',(-0.5,0.,0.866025403784441));
#4080=DIRECTION('',(0.866025403784439,0.,0.5));
#4081=DIRECTION('',(-0.5,0.,0.866025403784439));
#4082=DIRECTION('',(0.,0.,1.));
#4083=DIRECTION('',(0.,-1.,0.));
#4084=DIRECTION('',(-0.626741142997223,0.,0.779227527538994));
#4085=DIRECTION('',(0.779227527538994,0.,0.626741142997223));
#4086=DIRECTION('',(0.,0.,1.));
#4087=DIRECTION('',(0.,0.,-1.));
#4088=DIRECTION('',(0.,1.,0.));
#4089=DIRECTION('',(0.,0.,1.));
#4090=DIRECTION('',(0.,0.,-1.));
#4091=DIRECTION('',(0.,1.,0.));
#4092=DIRECTION('',(0.,0.,-1.));
#4093=DIRECTION('',(0.,1.,0.));
#4094=DIRECTION('',(0.,0.,1.));
#4095=DIRECTION('',(0.,-1.,0.));
#4096=DIRECTION('',(-0.626741142997223,0.,0.779227527538994));
#4097=DIRECTION('',(0.779227527538994,0.,0.626741142997223));
#4098=DIRECTION('',(0.,0.,-1.));
#4099=DIRECTION('',(0.,1.,0.));
#4100=DIRECTION('',(0.378680362891619,0.463156754207893,-0.801303315725001));
#4101=DIRECTION('',(0.,0.865780111261206,0.500424618643541));
#4102=DIRECTION('',(0.492495676454795,0.870314890527178,-1.00650378139312E-15));
#4103=DIRECTION('',(-0.870314890527178,0.492495676454795,0.));
#4104=DIRECTION('',(0.,0.,1.));
#4105=DIRECTION('',(0.,-1.,0.));
#4106=DIRECTION('',(-0.492495676454795,0.870314890527178,5.69562541175473E-16));
#4107=DIRECTION('',(-0.870314890527178,-0.492495676454795,0.));
#4108=DIRECTION('',(-0.37868036289162,0.463156754207895,0.801303315725));
#4109=DIRECTION('',(0.,-0.865780111261205,0.500424618643543));
#4110=DIRECTION('',(0.,0.,1.));
#4111=DIRECTION('',(0.,-1.,0.));
#4112=DIRECTION('',(0.,0.,1.));
#4113=DIRECTION('',(0.,-1.,0.));
#4114=DIRECTION('',(-0.626741142997223,0.,0.779227527538994));
#4115=DIRECTION('',(0.779227527538994,0.,0.626741142997223));
#4116=DIRECTION('',(0.,3.93411289410176E-17,1.));
#4117=DIRECTION('',(0.,-1.,3.93411289410176E-17));
#4118=DIRECTION('',(0.,-1.,3.93411289410176E-17));
#4119=DIRECTION('',(0.,3.93411289410176E-17,1.));
#4120=DIRECTION('',(0.,-1.,3.93411289410176E-17));
#4121=DIRECTION('',(0.,1.,-3.93411289410176E-17));
#4122=DIRECTION('',(0.,3.93411289410176E-17,1.));
#4123=DIRECTION('',(0.,-1.,3.93411289410176E-17));
#4124=DIRECTION('',(0.,0.,1.));
#4125=DIRECTION('',(0.,-1.,0.));
#4126=DIRECTION('',(0.,-1.,0.));
#4127=DIRECTION('',(1.,0.,0.));
#4128=DIRECTION('',(0.,-1.,0.));
#4129=DIRECTION('',(1.,0.,0.));
#4130=DIRECTION('',(0.,0.,1.));
#4131=DIRECTION('',(0.,-1.,0.));
#4132=DIRECTION('',(0.,1.,0.));
#4133=DIRECTION('',(-1.,0.,0.));
#4134=DIRECTION('',(0.,-1.,0.));
#4135=DIRECTION('',(1.,0.,0.));
#4136=DIRECTION('',(0.,-1.,0.));
#4137=DIRECTION('',(0.,3.93411289410176E-17,1.));
#4138=DIRECTION('',(0.,-1.,3.93411289410176E-17));
#4139=DIRECTION('',(0.,1.,0.));
#4140=DIRECTION('',(-1.,0.,0.));
#4141=DIRECTION('',(0.,1.,0.));
#4142=DIRECTION('',(-1.,0.,0.));
#4143=DIRECTION('',(0.,-1.,0.));
#4144=DIRECTION('',(1.,0.,0.));
#4145=DIRECTION('',(0.,-1.,0.));
#4146=DIRECTION('',(1.,0.,0.));
#4147=DIRECTION('',(0.,1.,0.));
#4148=DIRECTION('',(0.,0.,1.));
#4149=DIRECTION('',(0.,-1.,0.));
#4150=DIRECTION('',(0.,0.,1.));
#4151=DIRECTION('',(0.,-1.,0.));
#4152=DIRECTION('',(0.,-1.,3.93411289410176E-17));
#4153=DIRECTION('',(0.,-3.93411289410176E-17,-1.));
#4154=DIRECTION('',(0.,1.,0.));
#4155=DIRECTION('',(-1.,0.,0.));
#4156=DIRECTION('',(0.,1.,-3.93411289410176E-17));
#4157=DIRECTION('',(0.,3.93411289410176E-17,1.));
#4158=DIRECTION('',(0.,1.,0.));
#4159=DIRECTION('',(-1.,0.,0.));
#4160=DIRECTION('',(0.,3.93411289410176E-17,1.));
#4161=DIRECTION('',(0.,-1.,3.93411289410176E-17));
#4162=DIRECTION('',(0.,-1.,0.));
#4163=DIRECTION('',(1.,0.,0.));
#4164=DIRECTION('',(0.,-1.,0.));
#4165=DIRECTION('',(0.,1.,1.72232845221569E-16));
#4166=DIRECTION('',(0.,-1.7223284522157E-16,1.));
#4167=DIRECTION('',(0.,-1.,0.));
#4168=DIRECTION('',(0.,-1.,0.));
#4169=DIRECTION('',(1.,0.,0.));
#4170=DIRECTION('',(0.,-1.,0.));
#4171=DIRECTION('',(0.,-1.,-1.72232845221569E-16));
#4172=DIRECTION('',(0.,1.7223284522157E-16,-1.));
#4173=DIRECTION('',(0.,-1.,0.));
#4174=DIRECTION('',(0.992546151641322,0.,-0.121869343405148));
#4175=DIRECTION('',(0.121869343405148,0.,0.992546151641322));
#4176=DIRECTION('',(0.,-1.,0.));
#4177=DIRECTION('',(-0.121869343405148,1.70949047710904E-16,-0.992546151641322));
#4178=DIRECTION('',(0.992546151641322,0.,-0.121869343405148));
#4179=DIRECTION('',(0.121869343405148,0.,0.992546151641322));
#4180=DIRECTION('',(0.121869343405148,-1.70949047710904E-16,0.992546151641322));
#4181=DIRECTION('',(0.,-1.,0.));
#4182=DIRECTION('',(0.,-1.,0.));
#4183=DIRECTION('',(1.,0.,0.));
#4184=DIRECTION('',(0.,-1.,-1.72232845221569E-16));
#4185=DIRECTION('',(0.,1.7223284522157E-16,-1.));
#4186=DIRECTION('',(0.,-1.,0.));
#4187=DIRECTION('',(0.,-1.,0.));
#4188=DIRECTION('',(1.,0.,0.));
#4189=DIRECTION('',(0.,-1.,0.));
#4190=DIRECTION('',(0.,1.,1.72232845221569E-16));
#4191=DIRECTION('',(0.,-1.7223284522157E-16,1.));
#4192=DIRECTION('',(-0.121869343405148,0.,0.992546151641322));
#4193=DIRECTION('',(-0.992546151641322,0.,-0.121869343405148));
#4194=DIRECTION('',(0.992546151641322,-2.09899037599532E-17,0.121869343405148));
#4195=DIRECTION('',(0.,-1.,0.));
#4196=DIRECTION('',(-0.121869343405148,0.,0.992546151641322));
#4197=DIRECTION('',(-0.992546151641322,0.,-0.121869343405148));
#4198=DIRECTION('',(0.,-1.,0.));
#4199=DIRECTION('',(-0.992546151641322,2.09899037599532E-17,-0.121869343405148));
#4200=DIRECTION('',(0.866025403784439,0.,0.5));
#4201=DIRECTION('',(-0.5,0.,0.866025403784439));
#4202=DIRECTION('',(-0.353553390593274,0.707106781186547,0.612372435695795));
#4203=DIRECTION('',(0.866025403784439,0.,0.5));
#4204=DIRECTION('',(-0.5,0.,0.866025403784439));
#4205=DIRECTION('',(0.,-1.,0.));
#4206=DIRECTION('',(0.5,0.,-0.866025403784439));
#4207=DIRECTION('',(0.,-1.,0.));
#4208=DIRECTION('',(0.866025403784439,0.,0.5));
#4209=DIRECTION('',(-0.5,0.,0.866025403784439));
#4210=DIRECTION('',(-0.5,-1.49158019327953E-16,0.866025403784439));
#4211=DIRECTION('',(0.866025403784439,0.,0.5));
#4212=DIRECTION('',(-0.5,0.,0.866025403784439));
#4213=DIRECTION('',(-0.353553390593274,0.707106781186547,0.612372435695795));
#4214=DIRECTION('',(0.866025403784439,0.,0.5));
#4215=DIRECTION('',(-0.5,0.,0.866025403784439));
#4216=DIRECTION('',(0.,1.,0.));
#4217=DIRECTION('',(0.866025403784439,0.,0.5));
#4218=DIRECTION('',(-0.5,0.,0.866025403784439));
#4219=DIRECTION('',(0.353553390593274,0.707106781186547,-0.612372435695795));
#4220=DIRECTION('',(0.866025403784439,0.,0.5));
#4221=DIRECTION('',(-0.5,0.,0.866025403784439));
#4222=DIRECTION('',(0.5,1.49158019327953E-16,-0.866025403784439));
#4223=DIRECTION('',(0.866025403784439,0.,0.5));
#4224=DIRECTION('',(-0.5,0.,0.866025403784439));
#4225=DIRECTION('',(0.,-1.,0.));
#4226=DIRECTION('',(-0.5,0.,0.866025403784439));
#4227=DIRECTION('',(0.,-1.,0.));
#4228=DIRECTION('',(0.866025403784439,0.,0.5));
#4229=DIRECTION('',(-0.5,0.,0.866025403784439));
#4230=DIRECTION('',(0.353553390593274,0.707106781186547,-0.612372435695795));
#4231=DIRECTION('',(0.866025403784439,0.,0.5));
#4232=DIRECTION('',(-0.5,0.,0.866025403784439));
#4233=DIRECTION('',(0.,-1.,0.));
#4234=DIRECTION('',(0.866025403784439,0.,0.5));
#4235=DIRECTION('',(-0.5,0.,0.866025403784439));
#4236=DIRECTION('',(-0.626741142997223,0.,0.779227527538994));
#4237=DIRECTION('',(-0.779227527538995,0.,-0.626741142997223));
#4238=DIRECTION('',(-0.779227527538994,1.0794541027583E-16,-0.626741142997223));
#4239=DIRECTION('',(-0.626741142997223,0.,0.779227527538994));
#4240=DIRECTION('',(0.779227527538994,0.,0.626741142997223));
#4241=DIRECTION('',(-0.626741142997223,0.,0.779227527538994));
#4242=DIRECTION('',(0.779227527538994,0.,0.626741142997223));
#4243=DIRECTION('',(-0.626741142997223,0.,0.779227527538994));
#4244=DIRECTION('',(0.779227527538994,0.,0.626741142997223));
#4245=DIRECTION('',(0.779227527538994,-1.0794541027583E-16,0.626741142997223));
#4246=DIRECTION('',(0.,3.93411289410176E-17,1.));
#4247=DIRECTION('',(0.,-1.,3.93411289410176E-17));
#4248=DIRECTION('',(0.,-1.,3.93411289410176E-17));
#4249=DIRECTION('',(0.,3.93411289410176E-17,1.));
#4250=DIRECTION('',(0.,-1.,3.93411289410176E-17));
#4251=DIRECTION('',(0.,-1.,3.93411289410176E-17));
#4252=DIRECTION('',(0.,3.93411289410176E-17,1.));
#4253=DIRECTION('',(0.,-1.,3.93411289410176E-17));
#4254=DIRECTION('',(0.,3.93411289410176E-17,1.));
#4255=DIRECTION('',(0.,-1.,3.93411289410176E-17));
#4256=DIRECTION('',(1.83697019872103E-16,1.,-3.93411289410176E-17));
#4257=DIRECTION('',(-1.,1.83697019872103E-16,0.));
#4258=DIRECTION('',(1.60812264967664E-16,-1.,3.93411289410176E-17));
#4259=DIRECTION('',(1.,1.60812264967664E-16,0.));
#4260=DIRECTION('',(0.,3.93411289410176E-17,1.));
#4261=DIRECTION('',(0.,-1.,3.93411289410176E-17));
#4262=DIRECTION('',(0.,-1.,3.93411289410176E-17));
#4263=DIRECTION('',(0.,-3.93411289410176E-17,-1.));
#4264=DIRECTION('',(0.,-1.,3.93411289410176E-17));
#4265=DIRECTION('',(0.,-3.93411289410176E-17,-1.));
#4266=DIRECTION('',(0.,-1.,3.93411289410176E-17));
#4267=DIRECTION('',(0.,3.93411289410176E-17,1.));
#4268=DIRECTION('',(0.,-1.,3.93411289410176E-17));
#4269=DIRECTION('',(0.,1.,-3.93411289410176E-17));
#4270=DIRECTION('',(0.,3.93411289410176E-17,1.));
#4271=DIRECTION('',(0.,3.93411289410176E-17,1.));
#4272=DIRECTION('',(0.,-1.,3.93411289410176E-17));
#4273=DIRECTION('',(0.,1.,-3.93411289410176E-17));
#4274=DIRECTION('',(0.,3.93411289410176E-17,1.));
#4275=DIRECTION('',(0.,1.,-3.93411289410176E-17));
#4276=DIRECTION('',(0.,0.,1.));
#4277=DIRECTION('',(0.,-1.,0.));
#4278=DIRECTION('',(1.,0.,0.));
#4279=DIRECTION('',(0.,-1.,0.));
#4280=DIRECTION('',(1.,0.,0.));
#4281=DIRECTION('',(0.,0.,1.));
#4282=DIRECTION('',(0.,-1.,0.));
#4283=DIRECTION('',(0.,0.,1.));
#4284=DIRECTION('',(0.,-1.,0.));
#4285=DIRECTION('',(0.492495676454795,0.870314890527178,0.));
#4286=DIRECTION('',(-0.870314890527178,0.492495676454795,0.));
#4287=DIRECTION('',(0.,0.,-1.));
#4288=DIRECTION('',(0.,1.,0.));
#4289=DIRECTION('',(-0.492495676454795,0.870314890527178,0.));
#4290=DIRECTION('',(-0.870314890527178,-0.492495676454795,0.));
#4291=DIRECTION('',(0.,0.,-1.));
#4292=DIRECTION('',(0.,1.,0.));
#4293=DIRECTION('',(0.,0.,-1.));
#4294=DIRECTION('',(0.,1.,0.));
#4295=DIRECTION('',(0.378680362891619,0.463156754207893,-0.801303315725001));
#4296=DIRECTION('',(0.,0.865780111261206,0.500424618643541));
#4297=DIRECTION('',(-0.37868036289162,0.463156754207895,0.801303315725));
#4298=DIRECTION('',(0.,-0.865780111261205,0.500424618643543));
#4299=DIRECTION('',(1.,0.,0.));
#4300=DIRECTION('',(0.,1.,0.));
#4301=DIRECTION('',(-1.,0.,0.));
#4302=DIRECTION('',(0.,-1.,0.));
#4303=DIRECTION('',(1.,0.,0.));
#4304=DIRECTION('',(1.,0.,0.));
#4305=DIRECTION('',(0.,1.,0.));
#4306=DIRECTION('',(1.,0.,0.));
#4307=DIRECTION('',(1.,2.10924402608637E-32,-1.22464679914735E-16));
#4308=DIRECTION('',(1.22464679914735E-16,0.,1.));
#4309=DIRECTION('',(0.,1.,0.));
#4310=DIRECTION('',(-1.,0.,0.));
#4311=DIRECTION('',(0.,-1.,0.));
#4312=DIRECTION('',(0.,1.,0.));
#4313=DIRECTION('',(-1.,0.,0.));
#4314=DIRECTION('',(0.,1.,0.));
#4315=DIRECTION('',(-1.,0.,0.));
#4316=DIRECTION('',(0.,-1.,-1.72232845221569E-16));
#4317=DIRECTION('',(0.,1.7223284522157E-16,-1.));
#4318=DIRECTION('',(0.866025403784441,-8.61164226107839E-17,0.5));
#4319=DIRECTION('',(-0.5,0.,0.866025403784441));
#4320=DIRECTION('',(0.,1.,1.72232845221569E-16));
#4321=DIRECTION('',(0.,-1.7223284522157E-16,1.));
#4322=DIRECTION('',(0.866025403784441,-8.61164226107839E-17,0.5));
#4323=DIRECTION('',(-0.5,0.,0.866025403784441));
#4324=DIRECTION('',(0.,0.,-1.));
#4325=DIRECTION('',(0.,1.,0.));
#4326=DIRECTION('',(0.,0.,1.));
#4327=DIRECTION('',(0.,-1.,0.));
#4328=DIRECTION('',(0.,0.,1.));
#4329=DIRECTION('',(0.,-1.,0.));
#4330=DIRECTION('',(0.,0.,1.));
#4331=DIRECTION('',(0.,-1.,0.));
#4332=DIRECTION('',(0.866025403784441,-8.61164226107839E-17,0.5));
#4333=DIRECTION('',(-0.5,0.,0.866025403784441));
#4334=DIRECTION('',(0.866025403784441,-8.61164226107839E-17,0.5));
#4335=DIRECTION('',(0.866025403784441,0.,0.5));
#4336=DIRECTION('',(0.866025403784441,-8.61164226107839E-17,0.5));
#4337=DIRECTION('',(-0.5,0.,0.866025403784441));
#4338=DIRECTION('',(0.866025403784441,0.,0.5));
#4339=DIRECTION('',(0.866025403784441,-8.61164226107839E-17,0.5));
#4340=DIRECTION('',(0.5,0.,-0.866025403784441));
#4341=DIRECTION('',(0.866025403784441,0.,0.5));
#4342=DIRECTION('',(0.866025403784441,0.,0.5));
#4343=DIRECTION('',(-0.866025403784441,0.,-0.5));
#4344=DIRECTION('',(-0.866025403784441,0.,-0.5));
#4345=DIRECTION('',(0.,-1.,0.));
#4346=DIRECTION('',(0.866025403784441,0.,0.5));
#4347=DIRECTION('',(0.,0.,1.));
#4348=DIRECTION('',(0.,-1.,0.));
#4349=DIRECTION('',(0.,0.,1.));
#4350=DIRECTION('',(0.,-1.7223284522157E-16,1.));
#4351=DIRECTION('',(0.,0.,1.));
#4352=DIRECTION('',(0.,-1.,0.));
#4353=DIRECTION('',(0.,1.7223284522157E-16,-1.));
#4354=DIRECTION('',(0.,0.,1.));
#4355=DIRECTION('',(0.,0.,1.));
#4356=DIRECTION('',(0.,-1.,0.));
#4357=DIRECTION('',(0.,-1.,-1.72232845221569E-16));
#4358=DIRECTION('',(0.,1.7223284522157E-16,-1.));
#4359=DIRECTION('',(0.,-1.,-1.72232845221569E-16));
#4360=DIRECTION('',(0.,1.7223284522157E-16,-1.));
#4361=DIRECTION('',(0.,1.,1.72232845221569E-16));
#4362=DIRECTION('',(0.,-1.7223284522157E-16,1.));
#4363=DIRECTION('',(0.,1.,1.72232845221569E-16));
#4364=DIRECTION('',(0.,-1.7223284522157E-16,1.));
#4365=DIRECTION('',(0.,1.,0.));
#4366=DIRECTION('',(-1.,0.,0.));
#4367=DIRECTION('',(-0.5,0.,0.866025403784439));
#4368=DIRECTION('',(-0.5,0.,0.866025403784442));
#4369=DIRECTION('',(0.,-1.,0.));
#4370=DIRECTION('',(1.,0.,0.));
#4371=DIRECTION('',(0.5,0.,-0.866025403784439));
#4372=DIRECTION('',(-0.5,0.,0.866025403784442));
#4373=DIRECTION('',(0.866025403784442,0.,0.5));
#4374=DIRECTION('',(-0.5,0.,0.866025403784442));
#4375=DIRECTION('',(-0.353553390593274,0.707106781186548,0.612372435695794));
#4376=DIRECTION('',(0.,-0.654653670707977,0.755928946018455));
#4377=DIRECTION('',(-0.866025403784439,9.23824107420032E-17,-0.5));
#4378=DIRECTION('',(0.353553390593274,0.707106781186547,-0.612372435695795));
#4379=DIRECTION('',(-0.866025403784441,-5.25055988235572E-15,-0.5));
#4380=DIRECTION('',(-0.5,0.,0.866025403784439));
#4381=DIRECTION('',(-0.866025403784439,0.,-0.5));
#4382=DIRECTION('',(0.,1.,0.));
#4383=DIRECTION('',(-0.866025403784439,6.70078870827232E-17,-0.5));
#4384=DIRECTION('',(-0.866025403784439,-6.70078870827232E-17,-0.5));
#4385=DIRECTION('',(-0.353553390593274,-0.707106781186548,0.612372435695794));
#4386=DIRECTION('',(0.,-0.654653670707977,-0.755928946018455));
#4387=DIRECTION('',(-0.353553390593274,0.707106781186547,0.612372435695795));
#4388=DIRECTION('',(-0.866025403784439,-9.23824107420032E-17,-0.5));
#4389=DIRECTION('',(-0.866025403784441,5.25055988235572E-15,-0.5));
#4390=DIRECTION('',(0.,1.,0.));
#4391=DIRECTION('',(-1.,0.,0.));
#4392=DIRECTION('',(-0.866025403784439,0.,-0.5));
#4393=DIRECTION('',(0.5,0.,-0.866025403784439));
#4394=DIRECTION('',(-0.5,0.,0.866025403784439));
#4395=DIRECTION('',(-0.866025403784439,0.,-0.5));
#4396=DIRECTION('',(-0.866025403784439,0.,-0.5));
#4397=DIRECTION('',(0.,-1.,0.));
#4398=DIRECTION('',(-0.353553390593274,-0.707106781186548,0.612372435695794));
#4399=DIRECTION('',(0.,-0.654653670707977,-0.755928946018455));
#4400=DIRECTION('',(-0.353553390593274,0.707106781186547,0.612372435695795));
#4401=DIRECTION('',(-0.866025403784439,-6.93889390390723E-18,-0.5));
#4402=DIRECTION('',(-0.866025403784439,-6.93889390390723E-18,-0.5));
#4403=DIRECTION('',(-0.5,0.,0.866025403784439));
#4404=DIRECTION('',(-0.866025403784439,0.,-0.5));
#4405=DIRECTION('',(0.,-1.,0.));
#4406=DIRECTION('',(-0.866025403784439,0.,-0.5));
#4407=DIRECTION('',(-0.866025403784439,0.,-0.5));
#4408=DIRECTION('',(-0.353553390593274,0.707106781186548,0.612372435695794));
#4409=DIRECTION('',(0.,-0.654653670707977,0.755928946018455));
#4410=DIRECTION('',(0.353553390593274,0.707106781186547,-0.612372435695795));
#4411=DIRECTION('',(-0.866025403784439,6.93889390390723E-18,-0.5));
#4412=DIRECTION('',(-0.866025403784439,6.93889390390723E-18,-0.5));
#4413=DIRECTION('',(-0.5,0.,0.866025403784439));
#4414=DIRECTION('',(-0.866025403784439,0.,-0.5));
#4415=DIRECTION('',(0.,-1.,0.));
#4416=DIRECTION('',(-0.866025403784439,0.,-0.5));
#4417=DIRECTION('',(-0.866025403784439,0.,-0.5));
#4418=DIRECTION('',(0.,-1.,0.));
#4419=DIRECTION('',(1.,0.,0.));
#4420=DIRECTION('',(-0.5,0.,0.866025403784439));
#4421=DIRECTION('',(0.866025403784439,0.,0.5));
#4422=DIRECTION('',(0.,1.,0.));
#4423=DIRECTION('',(0.866025403784439,0.,0.5));
#4424=DIRECTION('',(-0.5,0.,0.866025403784439));
#4425=DIRECTION('',(0.866025403784439,0.,0.5));
#4426=DIRECTION('',(-0.5,0.,0.866025403784439));
#4427=DIRECTION('',(0.866025403784439,0.,0.5));
#4428=DIRECTION('',(-0.5,0.,0.866025403784439));
#4429=DIRECTION('',(0.866025403784439,0.,0.5));
#4430=DIRECTION('',(-0.5,0.,0.866025403784439));
#4431=DIRECTION('',(0.866025403784439,0.,0.5));
#4432=DIRECTION('',(-0.5,0.,0.866025403784439));
#4433=DIRECTION('',(0.866025403784439,0.,0.5));
#4434=DIRECTION('',(-0.5,0.,0.866025403784439));
#4435=DIRECTION('',(0.866025403784439,0.,0.5));
#4436=DIRECTION('',(-0.5,0.,0.866025403784439));
#4437=DIRECTION('',(0.866025403784439,0.,0.5));
#4438=DIRECTION('',(-0.5,0.,0.866025403784439));
#4439=DIRECTION('',(-0.866025403784439,0.,-0.5));
#4440=DIRECTION('',(0.5,0.,-0.866025403784439));
#4441=DIRECTION('',(0.866025403784439,0.,0.5));
#4442=DIRECTION('',(-0.5,0.,0.866025403784439));
#4443=DIRECTION('',(0.866025403784439,0.,0.5));
#4444=DIRECTION('',(-0.5,0.,0.866025403784439));
#4445=DIRECTION('',(-0.866025403784439,0.,-0.5));
#4446=DIRECTION('',(0.5,0.,-0.866025403784439));
#4447=DIRECTION('',(-0.866025403784439,6.70078870827232E-17,-0.5));
#4448=DIRECTION('',(0.5,0.,-0.866025403784439));
#4449=DIRECTION('',(-0.866025403784439,-6.70078870827232E-17,-0.5));
#4450=DIRECTION('',(0.5,0.,-0.866025403784439));
#4451=DIRECTION('',(-0.866025403784441,5.29444012739569E-15,-0.5));
#4452=DIRECTION('',(0.5,0.,-0.866025403784441));
#4453=DIRECTION('',(-0.866025403784441,-5.29444012739569E-15,-0.5));
#4454=DIRECTION('',(0.5,0.,-0.866025403784441));
#4455=DIRECTION('',(0.,-1.,0.));
#4456=DIRECTION('',(1.,0.,0.));
#4457=DIRECTION('',(0.,1.,0.));
#4458=DIRECTION('',(0.,0.,1.));
#4459=DIRECTION('',(0.,-1.,0.));
#4460=DIRECTION('',(1.,0.,0.));
#4461=DIRECTION('',(0.,-1.,0.));
#4462=DIRECTION('',(1.,0.,0.));
#4463=DIRECTION('',(0.,-1.,0.));
#4464=DIRECTION('',(1.,0.,0.));
#4465=DIRECTION('',(0.,1.,0.));
#4466=DIRECTION('',(-1.,0.,0.));
#4467=DIRECTION('',(0.,1.,0.));
#4468=DIRECTION('',(-1.,0.,0.));
#4469=DIRECTION('',(0.,1.,0.));
#4470=DIRECTION('',(-1.,0.,0.));
#4471=DIRECTION('',(0.,-1.,0.));
#4472=DIRECTION('',(1.,0.,0.));
#4473=DIRECTION('',(0.,-1.,0.));
#4474=DIRECTION('',(1.,0.,0.));
#4475=DIRECTION('',(0.,-1.,0.));
#4476=DIRECTION('',(1.,0.,0.));
#4477=DIRECTION('',(-0.866025403784439,0.,0.5));
#4478=DIRECTION('',(0.,0.,1.));
#4479=DIRECTION('',(0.866025403784439,0.,0.5));
#4480=DIRECTION('',(0.866025403784439,0.,-0.5));
#4481=DIRECTION('',(0.,0.,-1.));
#4482=DIRECTION('',(-0.866025403784439,0.,-0.5));
#4483=DIRECTION('',(-0.5,0.,-0.866025403784439));
#4484=DIRECTION('',(0.866025403784439,0.,-0.5));
#4485=DIRECTION('',(0.,1.,0.));
#4486=DIRECTION('',(0.,1.,0.));
#4487=DIRECTION('',(-1.,0.,0.));
#4488=DIRECTION('',(0.,-1.,0.));
#4489=DIRECTION('',(0.,1.,0.));
#4490=DIRECTION('',(-0.5,0.,0.866025403784439));
#4491=DIRECTION('',(-0.866025403784439,0.,-0.5));
#4492=DIRECTION('',(0.,1.,0.));
#4493=DIRECTION('',(0.5,0.,0.866025403784439));
#4494=DIRECTION('',(-0.866025403784439,0.,0.5));
#4495=DIRECTION('',(0.,1.,0.));
#4496=DIRECTION('',(1.,0.,0.));
#4497=DIRECTION('',(0.,1.,0.));
#4498=DIRECTION('',(0.,1.,0.));
#4499=DIRECTION('',(0.5,0.,-0.866025403784439));
#4500=DIRECTION('',(0.866025403784439,0.,0.5));
#4501=DIRECTION('',(0.,1.,0.));
#4502=DIRECTION('',(1.,0.,0.));
#4503=DIRECTION('',(0.,-1.,0.));
#4504=DIRECTION('',(1.,0.,0.));
#4505=DIRECTION('',(0.,1.,0.));
#4506=DIRECTION('',(1.,0.,0.));
#4507=DIRECTION('',(0.,-1.,0.));
#4508=DIRECTION('',(1.,0.,0.));
#4509=DIRECTION('',(0.,1.,0.));
#4510=DIRECTION('',(1.,0.,0.));
#4511=DIRECTION('',(0.,-1.,0.));
#4512=DIRECTION('',(1.,0.,0.));
#4513=DIRECTION('',(0.,1.,0.));
#4514=DIRECTION('',(1.,0.,0.));
#4515=DIRECTION('',(0.,-1.,0.));
#4516=DIRECTION('',(1.,0.,0.));
#4517=DIRECTION('',(0.,1.,0.));
#4518=DIRECTION('',(1.,0.,0.));
#4519=DIRECTION('',(0.,-1.,0.));
#4520=DIRECTION('',(1.,0.,0.));
#4521=DIRECTION('',(0.,1.,0.));
#4522=DIRECTION('',(1.,0.,0.));
#4523=DIRECTION('',(0.,-1.,0.));
#4524=DIRECTION('',(1.,0.,0.));
#4525=DIRECTION('',(0.,-1.,0.));
#4526=DIRECTION('',(1.,0.,0.));
#4527=DIRECTION('',(0.,-1.,0.));
#4528=DIRECTION('',(1.,0.,0.));
#4529=DIRECTION('',(0.,-1.,0.));
#4530=DIRECTION('',(1.,0.,0.));
#4531=DIRECTION('',(0.,-1.,0.));
#4532=DIRECTION('',(1.,0.,0.));
#4533=DIRECTION('',(0.,-1.,0.));
#4534=DIRECTION('',(1.,0.,0.));
#4535=DIRECTION('',(0.,-1.,0.));
#4536=DIRECTION('',(1.,0.,0.));
#4537=DIRECTION('',(0.,1.,0.));
#4538=DIRECTION('',(-1.,0.,0.));
#4539=DIRECTION('',(0.,-1.,0.));
#4540=DIRECTION('',(1.,0.,0.));
#4541=DIRECTION('',(0.,-1.,0.));
#4542=DIRECTION('',(1.,0.,0.));
#4543=DIRECTION('',(0.,-1.,0.));
#4544=DIRECTION('',(1.,0.,0.));
#4545=DIRECTION('',(0.,-1.,0.));
#4546=DIRECTION('',(1.,0.,0.));
#4547=DIRECTION('',(0.,-1.,0.));
#4548=DIRECTION('',(1.,0.,0.));
#4549=DIRECTION('',(0.,-1.,0.));
#4550=DIRECTION('',(1.,0.,0.));
#4551=DIRECTION('',(0.,-1.,0.));
#4552=DIRECTION('',(1.,0.,0.));
#4553=DIRECTION('',(0.,-1.,0.));
#4554=DIRECTION('',(1.,0.,0.));
#4555=DIRECTION('',(0.,-1.,0.));
#4556=DIRECTION('',(1.,0.,0.));
#4557=DIRECTION('',(0.,-1.,0.));
#4558=DIRECTION('',(1.,0.,0.));
#4559=DIRECTION('',(0.,-1.,0.));
#4560=DIRECTION('',(1.,0.,0.));
#4561=DIRECTION('',(0.,-1.,0.));
#4562=DIRECTION('',(1.,0.,0.));
#4563=DIRECTION('',(0.,-1.,0.));
#4564=DIRECTION('',(1.,0.,0.));
#4565=DIRECTION('',(0.,1.,0.));
#4566=DIRECTION('',(-1.,0.,0.));
#4567=DIRECTION('',(0.,-1.,0.));
#4568=DIRECTION('',(1.,0.,0.));
#4569=DIRECTION('',(0.,-1.,0.));
#4570=DIRECTION('',(1.,0.,0.));
#4571=DIRECTION('',(0.,-1.,0.));
#4572=DIRECTION('',(1.,0.,0.));
#4573=DIRECTION('',(0.,1.,0.));
#4574=DIRECTION('',(-1.,0.,0.));
#4575=DIRECTION('',(0.,-1.,0.));
#4576=DIRECTION('',(1.,0.,0.));
#4577=DIRECTION('',(0.,-1.,0.));
#4578=DIRECTION('',(1.,0.,0.));
#4579=DIRECTION('',(0.,-1.,0.));
#4580=DIRECTION('',(1.,0.,0.));
#4581=DIRECTION('',(0.,1.,0.));
#4582=DIRECTION('',(-1.,0.,0.));
#4583=DIRECTION('',(0.,-1.,0.));
#4584=DIRECTION('',(1.,0.,0.));
#4585=DIRECTION('',(0.,-1.,0.));
#4586=DIRECTION('',(1.,0.,0.));
#4587=DIRECTION('',(0.,-1.,0.));
#4588=DIRECTION('',(1.,0.,0.));
#4589=DIRECTION('',(0.,-1.,0.));
#4590=DIRECTION('',(1.,0.,0.));
#4591=DIRECTION('',(0.,-1.,0.));
#4592=DIRECTION('',(1.,0.,0.));
#4593=DIRECTION('',(0.,-1.,0.));
#4594=DIRECTION('',(1.,0.,0.));
#4595=DIRECTION('',(0.,-1.,0.));
#4596=DIRECTION('',(1.,0.,0.));
#4597=DIRECTION('',(0.,1.,0.));
#4598=DIRECTION('',(-1.,0.,0.));
#4599=DIRECTION('',(0.,-1.,0.));
#4600=DIRECTION('',(1.,0.,0.));
#4601=DIRECTION('',(0.,-1.,0.));
#4602=DIRECTION('',(1.,0.,0.));
#4603=DIRECTION('',(0.,-1.,0.));
#4604=DIRECTION('',(1.,0.,0.));
#4605=DIRECTION('',(0.,-1.,0.));
#4606=DIRECTION('',(1.,0.,0.));
#4607=DIRECTION('',(0.,-1.,0.));
#4608=DIRECTION('',(1.,0.,0.));
#4609=DIRECTION('',(0.,-1.,0.));
#4610=DIRECTION('',(1.,0.,0.));
#4611=DIRECTION('',(0.,-1.,0.));
#4612=DIRECTION('',(1.,0.,0.));
#4613=DIRECTION('',(0.,-1.,0.));
#4614=DIRECTION('',(1.,0.,0.));
#4615=DIRECTION('',(0.,-1.,0.));
#4616=DIRECTION('',(1.,0.,0.));
#4617=DIRECTION('',(0.,1.,0.));
#4618=DIRECTION('',(-1.,0.,0.));
#4619=DIRECTION('',(0.,-1.,0.));
#4620=DIRECTION('',(1.,0.,0.));
#4621=DIRECTION('',(0.,-1.,0.));
#4622=DIRECTION('',(1.,0.,0.));
#4623=DIRECTION('',(0.,-1.,0.));
#4624=DIRECTION('',(1.,0.,0.));
#4625=DIRECTION('',(0.,1.,0.));
#4626=DIRECTION('',(-1.,0.,0.));
#4627=DIRECTION('',(0.,-1.,0.));
#4628=DIRECTION('',(1.,0.,0.));
#4629=DIRECTION('',(0.,-1.,0.));
#4630=DIRECTION('',(1.,0.,0.));
#4631=DIRECTION('',(0.,-1.,0.));
#4632=DIRECTION('',(1.,0.,0.));
#4633=DIRECTION('',(0.,-1.,0.));
#4634=DIRECTION('',(1.,0.,0.));
#4635=DIRECTION('',(0.,-1.,0.));
#4636=DIRECTION('',(1.,0.,0.));
#4637=DIRECTION('',(0.,-1.,0.));
#4638=DIRECTION('',(1.,0.,0.));
#4639=DIRECTION('',(0.,-1.,0.));
#4640=DIRECTION('',(1.,0.,0.));
#4641=DIRECTION('',(0.,-1.,0.));
#4642=DIRECTION('',(1.,0.,0.));
#4643=DIRECTION('',(0.,-1.,0.));
#4644=DIRECTION('',(1.,0.,0.));
#4645=DIRECTION('',(0.,1.,0.));
#4646=DIRECTION('',(-1.,0.,0.));
#4647=DIRECTION('',(0.,-1.,0.));
#4648=DIRECTION('',(1.,0.,0.));
#4649=DIRECTION('',(0.,-1.,0.));
#4650=DIRECTION('',(1.,0.,0.));
#4651=DIRECTION('',(0.,-1.,0.));
#4652=DIRECTION('',(1.,0.,0.));
#4653=DIRECTION('',(0.,-1.,0.));
#4654=DIRECTION('',(1.,0.,0.));
#4655=DIRECTION('',(0.,-1.,0.));
#4656=DIRECTION('',(1.,0.,0.));
#4657=DIRECTION('',(0.,-1.,0.));
#4658=DIRECTION('',(1.,0.,0.));
#4659=DIRECTION('',(0.,-1.,0.));
#4660=DIRECTION('',(1.,0.,0.));
#4661=DIRECTION('',(0.,-1.,0.));
#4662=DIRECTION('',(1.,0.,0.));
#4663=DIRECTION('',(0.,-1.,0.));
#4664=DIRECTION('',(1.,0.,0.));
#4665=DIRECTION('',(0.,1.,0.));
#4666=DIRECTION('',(-1.,0.,0.));
#4667=DIRECTION('',(0.,-1.,0.));
#4668=DIRECTION('',(1.,0.,0.));
#4669=DIRECTION('',(0.,-1.,0.));
#4670=DIRECTION('',(1.,0.,0.));
#4671=DIRECTION('',(0.,-1.,0.));
#4672=DIRECTION('',(1.,0.,0.));
#4673=DIRECTION('',(0.,-1.,0.));
#4674=DIRECTION('',(1.,0.,0.));
#4675=DIRECTION('',(0.,-1.,0.));
#4676=DIRECTION('',(1.,0.,0.));
#4677=DIRECTION('',(0.,-1.,0.));
#4678=DIRECTION('',(1.,0.,0.));
#4679=DIRECTION('',(0.,-1.,0.));
#4680=DIRECTION('',(1.,0.,0.));
#4681=DIRECTION('',(0.,-1.,0.));
#4682=DIRECTION('',(1.,0.,0.));
#4683=DIRECTION('',(0.,-1.,0.));
#4684=DIRECTION('',(1.,0.,0.));
#4685=DIRECTION('',(0.,-1.,0.));
#4686=DIRECTION('',(1.,0.,0.));
#4687=DIRECTION('',(0.,-1.,0.));
#4688=DIRECTION('',(1.,0.,0.));
#4689=DIRECTION('',(0.,-1.,0.));
#4690=DIRECTION('',(1.,0.,0.));
#4691=DIRECTION('',(0.,-1.,0.));
#4692=DIRECTION('',(1.,0.,0.));
#4693=DIRECTION('',(0.,1.,0.));
#4694=DIRECTION('',(0.,0.,1.));
#4695=DIRECTION('',(0.,1.,0.));
#4696=DIRECTION('',(-1.,0.,0.));
#4697=DIRECTION('',(0.5,1.02769186819274E-16,-0.866025403784441));
#4698=DIRECTION('',(0.866025403784441,0.,0.5));
#4699=DIRECTION('',(0.,-1.,-1.18667635349014E-16));
#4700=DIRECTION('',(0.,-1.,-1.18667635349014E-16));
#4701=DIRECTION('',(-0.5,1.02769186819274E-16,-0.866025403784437));
#4702=DIRECTION('',(0.866025403784437,0.,-0.5));
#4703=DIRECTION('',(0.,-1.,-1.18667635349014E-16));
#4704=DIRECTION('',(-1.,-3.29125146429122E-31,2.77350387459168E-15));
#4705=DIRECTION('',(-2.77350387459168E-15,0.,-1.));
#4706=DIRECTION('',(0.,-1.,-1.18667635349014E-16));
#4707=DIRECTION('',(-0.5,-1.02769186819274E-16,0.86602540378444));
#4708=DIRECTION('',(-0.86602540378444,0.,-0.5));
#4709=DIRECTION('',(0.,-1.,-1.18667635349014E-16));
#4710=DIRECTION('',(0.5,-1.02769186819274E-16,0.866025403784438));
#4711=DIRECTION('',(-0.866025403784438,0.,0.5));
#4712=DIRECTION('',(0.,-1.,-1.18667635349014E-16));
#4713=DIRECTION('',(1.,3.29125146429122E-31,-2.77350387459168E-15));
#4714=DIRECTION('',(2.77350387459168E-15,0.,1.));
#4715=DIRECTION('',(0.,1.,0.));
#4716=DIRECTION('',(1.,0.,0.));
#4717=DIRECTION('',(0.,1.,0.));
#4718=DIRECTION('',(1.,0.,0.));
#4719=DIRECTION('',(0.,1.,0.));
#4720=DIRECTION('',(1.,0.,0.));
#4721=DIRECTION('',(0.,1.,0.));
#4722=DIRECTION('',(1.,0.,0.));
#4723=DIRECTION('',(0.,1.,0.));
#4724=DIRECTION('',(1.,0.,0.));
#4725=DIRECTION('',(0.,1.,0.));
#4726=DIRECTION('',(1.,0.,0.));
#4727=DIRECTION('',(0.,-1.,0.));
#4728=DIRECTION('',(-1.,0.,0.));
#4729=DIRECTION('',(0.,1.,0.));
#4730=DIRECTION('',(-1.,0.,0.));
#4731=DIRECTION('',(0.,-1.,0.));
#4732=DIRECTION('',(-1.,0.,0.));
#4733=DIRECTION('',(0.,1.,0.));
#4734=DIRECTION('',(-1.,0.,0.));
#4735=DIRECTION('',(0.,-1.,0.));
#4736=DIRECTION('',(-1.,0.,0.));
#4737=DIRECTION('',(0.,1.,0.));
#4738=DIRECTION('',(-1.,0.,0.));
#4739=DIRECTION('',(0.,-1.,0.));
#4740=DIRECTION('',(-1.,0.,0.));
#4741=DIRECTION('',(0.,1.,0.));
#4742=DIRECTION('',(-1.,0.,0.));
#4743=DIRECTION('',(0.,-1.,0.));
#4744=DIRECTION('',(-1.,0.,0.));
#4745=DIRECTION('',(0.,1.,0.));
#4746=DIRECTION('',(-1.,0.,0.));
#4747=DIRECTION('',(0.,-1.,0.));
#4748=DIRECTION('',(-1.,0.,0.));
#4749=DIRECTION('',(0.,1.,0.));
#4750=DIRECTION('',(-1.,0.,0.));
#4751=DIRECTION('',(0.,1.,0.));
#4752=DIRECTION('',(-1.,0.,0.));
#4753=DIRECTION('',(0.,1.,0.));
#4754=DIRECTION('',(0.,0.,1.));
#4755=DIRECTION('',(0.,1.,1.72232845221569E-16));
#4756=DIRECTION('',(0.,-1.7223284522157E-16,1.));
#4757=DIRECTION('',(0.,1.,1.72232845221569E-16));
#4758=DIRECTION('',(0.,-1.7223284522157E-16,1.));
#4759=DIRECTION('',(0.,-1.,0.));
#4760=DIRECTION('',(1.,0.,0.));
#4761=DIRECTION('',(0.,1.,0.));
#4762=DIRECTION('',(-1.,0.,0.));
#4763=DIRECTION('',(0.,-1.,0.));
#4764=DIRECTION('',(1.,0.,0.));
#4765=CARTESIAN_POINT('',(0.,0.,0.));
#4766=CARTESIAN_POINT('',(-0.0399924,-0.0324924,-0.0025));
#4767=CARTESIAN_POINT('',(-0.0399924,-0.0324924,0.));
#4768=CARTESIAN_POINT('',(-0.05,-0.0324924,0.));
#4769=CARTESIAN_POINT('',(-0.0399924,-0.0425,0.));
#4770=CARTESIAN_POINT('',(-0.05,-0.0324924,-0.0025));
#4771=CARTESIAN_POINT('',(-0.05,-0.0324924,-0.0025));
#4772=CARTESIAN_POINT('',(-0.0399924,-0.0324924,-0.0025));
#4773=CARTESIAN_POINT('',(-0.0399924,-0.0425,-0.0025));
#4774=CARTESIAN_POINT('',(-0.0399924,-0.0425,-0.0025));
#4775=CARTESIAN_POINT('',(-0.05,-0.0324924,-0.0025));
#4776=CARTESIAN_POINT('',(-0.05,-0.0324924,0.));
#4777=CARTESIAN_POINT('',(-0.05,0.0324924,0.));
#4778=CARTESIAN_POINT('',(-0.05,0.0324924,-0.0025));
#4779=CARTESIAN_POINT('',(-0.05,0.0324924,-0.0025));
#4780=CARTESIAN_POINT('',(-0.05,-0.0324924,-0.0025));
#4781=CARTESIAN_POINT('',(-0.0399924,0.0324924,-0.0025));
#4782=CARTESIAN_POINT('',(-0.0399924,0.0324924,0.));
#4783=CARTESIAN_POINT('',(-0.0399924,0.0425,0.));
#4784=CARTESIAN_POINT('',(-0.0399924,0.0425,-0.0025));
#4785=CARTESIAN_POINT('',(-0.0399924,0.0425,-0.0025));
#4786=CARTESIAN_POINT('',(-0.0399924,0.0324924,-0.0025));
#4787=CARTESIAN_POINT('',(0.0399924,0.0425,-0.0025));
#4788=CARTESIAN_POINT('',(0.0399924,0.0425,0.));
#4789=CARTESIAN_POINT('',(0.0399924,0.0425,0.));
#4790=CARTESIAN_POINT('',(0.0399924,0.0425,-0.0025));
#4791=CARTESIAN_POINT('',(0.0399924,0.0425,-0.0025));
#4792=CARTESIAN_POINT('',(0.0399924,0.0425,-0.0025));
#4793=CARTESIAN_POINT('',(0.0399924,0.0324924,-0.0025));
#4794=CARTESIAN_POINT('',(0.0399924,0.0324924,0.));
#4795=CARTESIAN_POINT('',(0.05,0.0324924,0.));
#4796=CARTESIAN_POINT('',(0.05,0.0324924,-0.0025));
#4797=CARTESIAN_POINT('',(0.05,0.0324924,-0.0025));
#4798=CARTESIAN_POINT('',(0.0399924,0.0324924,-0.0025));
#4799=CARTESIAN_POINT('',(0.05,-0.0324924,-0.0025));
#4800=CARTESIAN_POINT('',(0.05,-0.0324924,0.));
#4801=CARTESIAN_POINT('',(0.05,-0.0324924,0.));
#4802=CARTESIAN_POINT('',(0.05,-0.0324924,-0.0025));
#4803=CARTESIAN_POINT('',(0.05,-0.0324924,-0.0025));
#4804=CARTESIAN_POINT('',(0.05,-0.0324924,-0.0025));
#4805=CARTESIAN_POINT('',(0.0399924,-0.0324924,-0.0025));
#4806=CARTESIAN_POINT('',(0.0399924,-0.0324924,0.));
#4807=CARTESIAN_POINT('',(0.0399924,-0.0425,0.));
#4808=CARTESIAN_POINT('',(0.0399924,-0.0425,-0.0025));
#4809=CARTESIAN_POINT('',(0.0399924,-0.0425,-0.0025));
#4810=CARTESIAN_POINT('',(0.0399924,-0.0324924,-0.0025));
#4811=CARTESIAN_POINT('',(0.0399924,-0.0425,-0.0025));
#4812=CARTESIAN_POINT('',(0.0399924,-0.0425,0.));
#4813=CARTESIAN_POINT('',(0.0399924,-0.0425,-0.0025));
#4814=CARTESIAN_POINT('',(-0.0399924,-0.0324924,-0.0025));
#4815=CARTESIAN_POINT('',(0.,0.,-0.0025));
#4816=CARTESIAN_POINT('',(0.,-0.0367500000000121,-0.0025));
#4817=CARTESIAN_POINT('',(0.00624218791848204,-0.00499375033478562,-0.0025));
#4818=CARTESIAN_POINT('',(0.0364860903575064,0.0328111277139949,-0.0025));
#4819=CARTESIAN_POINT('',(0.0344860903575064,0.0303111277139949,-0.0025));
#4820=CARTESIAN_POINT('',(0.038,0.0275,-0.0025));
#4821=CARTESIAN_POINT('',(0.0415139096424936,0.0246888722860051,-0.0025));
#4822=CARTESIAN_POINT('',(0.013270007203469,-0.0106160057627753,-0.0025));
#4823=CARTESIAN_POINT('',(0.0435139096424936,0.0271888722860051,-0.0025));
#4824=CARTESIAN_POINT('',(0.04,0.03,-0.0025));
#4825=CARTESIAN_POINT('',(-0.00624218791848203,0.00499375033478561,-0.0025));
#4826=CARTESIAN_POINT('',(-0.0364860903575063,-0.0328111277139949,-0.0025));
#4827=CARTESIAN_POINT('',(-0.0344860903575064,-0.0303111277139949,-0.0025));
#4828=CARTESIAN_POINT('',(-0.038,-0.0275,-0.0025));
#4829=CARTESIAN_POINT('',(-0.0415139096424937,-0.0246888722860051,-0.0025));
#4830=CARTESIAN_POINT('',(-0.0132700072034693,0.0106160057627754,-0.0025));
#4831=CARTESIAN_POINT('',(-0.0435139096424936,-0.0271888722860051,-0.0025));
#4832=CARTESIAN_POINT('',(-0.04,-0.03,-0.0025));
#4833=CARTESIAN_POINT('',(0.00624218791848201,0.0049937503347856,-0.0025));
#4834=CARTESIAN_POINT('',(0.0344860903575064,-0.0303111277139949,-0.0025));
#4835=CARTESIAN_POINT('',(0.0364860903575064,-0.0328111277139949,-0.0025));
#4836=CARTESIAN_POINT('',(0.04,-0.03,-0.0025));
#4837=CARTESIAN_POINT('',(0.0435139096424936,-0.0271888722860051,-0.0025));
#4838=CARTESIAN_POINT('',(0.013270007203469,0.0106160057627753,-0.0025));
#4839=CARTESIAN_POINT('',(0.0415139096424936,-0.0246888722860051,-0.0025));
#4840=CARTESIAN_POINT('',(0.038,-0.0275,-0.0025));
#4841=CARTESIAN_POINT('',(-0.0132700072034692,-0.0106160057627754,-0.0025));
#4842=CARTESIAN_POINT('',(-0.0435139096424936,0.0271888722860051,-0.0025));
#4843=CARTESIAN_POINT('',(-0.0415139096424936,0.0246888722860051,-0.0025));
#4844=CARTESIAN_POINT('',(-0.038,0.0275,-0.0025));
#4845=CARTESIAN_POINT('',(-0.0344860903575064,0.0303111277139949,-0.0025));
#4846=CARTESIAN_POINT('',(-0.00624218791848175,-0.00499375033478545,-0.0025));
#4847=CARTESIAN_POINT('',(-0.0364860903575064,0.0328111277139949,-0.0025));
#4848=CARTESIAN_POINT('',(-0.04,0.03,-0.0025));
#4849=CARTESIAN_POINT('',(-0.0399924,-0.0324924,0.));
#4850=CARTESIAN_POINT('',(0.,0.,8.67361737988404E-19));
#4851=CARTESIAN_POINT('',(0.,-0.0377500000000014,8.67361737988404E-19));
#4852=CARTESIAN_POINT('',(0.038,0.0275,0.));
#4853=CARTESIAN_POINT('',(0.0344860903575064,0.0303111277139949,0.));
#4854=CARTESIAN_POINT('',(0.0415139096424936,0.0246888722860051,0.));
#4855=CARTESIAN_POINT('',(0.00624218791848204,-0.00499375033478562,0.));
#4856=CARTESIAN_POINT('',(0.0364860903575064,0.0328111277139949,0.));
#4857=CARTESIAN_POINT('',(0.04,0.03,0.));
#4858=CARTESIAN_POINT('',(0.0435139096424936,0.0271888722860051,0.));
#4859=CARTESIAN_POINT('',(0.013270007203469,-0.0106160057627753,0.));
#4860=CARTESIAN_POINT('',(-0.038,-0.0275,0.));
#4861=CARTESIAN_POINT('',(-0.0344860903575064,-0.0303111277139949,0.));
#4862=CARTESIAN_POINT('',(-0.0415139096424936,-0.0246888722860051,0.));
#4863=CARTESIAN_POINT('',(-0.00624218791848203,0.00499375033478561,0.));
#4864=CARTESIAN_POINT('',(-0.0364860903575063,-0.0328111277139949,0.));
#4865=CARTESIAN_POINT('',(-0.04,-0.03,0.));
#4866=CARTESIAN_POINT('',(-0.0435139096424936,-0.0271888722860051,0.));
#4867=CARTESIAN_POINT('',(-0.0132700072034693,0.0106160057627754,0.));
#4868=CARTESIAN_POINT('',(0.04,-0.03,0.));
#4869=CARTESIAN_POINT('',(0.0364860903575064,-0.0328111277139949,0.));
#4870=CARTESIAN_POINT('',(0.0435139096424936,-0.0271888722860051,0.));
#4871=CARTESIAN_POINT('',(0.00624218791848201,0.0049937503347856,0.));
#4872=CARTESIAN_POINT('',(0.0344860903575064,-0.0303111277139949,0.));
#4873=CARTESIAN_POINT('',(0.038,-0.0275,0.));
#4874=CARTESIAN_POINT('',(0.0415139096424936,-0.0246888722860051,0.));
#4875=CARTESIAN_POINT('',(0.013270007203469,0.0106160057627753,0.));
#4876=CARTESIAN_POINT('',(-0.038,0.0275,0.));
#4877=CARTESIAN_POINT('',(-0.0415139096424936,0.0246888722860051,0.));
#4878=CARTESIAN_POINT('',(-0.0344860903575064,0.0303111277139949,0.));
#4879=CARTESIAN_POINT('',(-0.0132700072034692,-0.0106160057627754,0.));
#4880=CARTESIAN_POINT('',(-0.0435139096424936,0.0271888722860051,0.));
#4881=CARTESIAN_POINT('',(-0.04,0.03,0.));
#4882=CARTESIAN_POINT('',(-0.0364860903575064,0.0328111277139949,0.));
#4883=CARTESIAN_POINT('',(-0.00624218791848175,-0.00499375033478545,0.));
#4884=CARTESIAN_POINT('',(-0.0132700072034692,-0.0106160057627754,-0.0025));
#4885=CARTESIAN_POINT('',(-0.0415139096424936,0.0246888722860051,-0.0025));
#4886=CARTESIAN_POINT('',(-0.0435139096424936,0.0271888722860051,-0.0025));
#4887=CARTESIAN_POINT('',(-0.04,0.03,-0.0025));
#4888=CARTESIAN_POINT('',(-0.0364860903575064,0.0328111277139949,-0.0025));
#4889=CARTESIAN_POINT('',(-0.00624218791848175,-0.00499375033478545,-0.0025));
#4890=CARTESIAN_POINT('',(-0.0344860903575064,0.0303111277139949,-0.0025));
#4891=CARTESIAN_POINT('',(-0.038,0.0275,-0.0025));
#4892=CARTESIAN_POINT('',(0.00624218791848201,0.0049937503347856,-0.0025));
#4893=CARTESIAN_POINT('',(0.0364860903575064,-0.0328111277139949,-0.0025));
#4894=CARTESIAN_POINT('',(0.0344860903575064,-0.0303111277139949,-0.0025));
#4895=CARTESIAN_POINT('',(0.038,-0.0275,-0.0025));
#4896=CARTESIAN_POINT('',(0.0415139096424936,-0.0246888722860051,-0.0025));
#4897=CARTESIAN_POINT('',(0.013270007203469,0.0106160057627753,-0.0025));
#4898=CARTESIAN_POINT('',(0.0435139096424936,-0.0271888722860051,-0.0025));
#4899=CARTESIAN_POINT('',(0.04,-0.03,-0.0025));
#4900=CARTESIAN_POINT('',(-0.00624218791848203,0.00499375033478561,-0.0025));
#4901=CARTESIAN_POINT('',(-0.0344860903575064,-0.0303111277139949,-0.0025));
#4902=CARTESIAN_POINT('',(-0.0364860903575063,-0.0328111277139949,-0.0025));
#4903=CARTESIAN_POINT('',(-0.04,-0.03,-0.0025));
#4904=CARTESIAN_POINT('',(-0.0435139096424936,-0.0271888722860051,-0.0025));
#4905=CARTESIAN_POINT('',(-0.0132700072034693,0.0106160057627754,-0.0025));
#4906=CARTESIAN_POINT('',(-0.0415139096424936,-0.0246888722860051,-0.0025));
#4907=CARTESIAN_POINT('',(-0.038,-0.0275,-0.0025));
#4908=CARTESIAN_POINT('',(0.00624218791848204,-0.00499375033478562,-0.0025));
#4909=CARTESIAN_POINT('',(0.0344860903575064,0.0303111277139949,-0.0025));
#4910=CARTESIAN_POINT('',(0.0364860903575064,0.0328111277139949,-0.0025));
#4911=CARTESIAN_POINT('',(0.04,0.03,-0.0025));
#4912=CARTESIAN_POINT('',(0.0435139096424936,0.0271888722860051,-0.0025));
#4913=CARTESIAN_POINT('',(0.013270007203469,-0.0106160057627753,-0.0025));
#4914=CARTESIAN_POINT('',(0.0415139096424936,0.0246888722860051,-0.0025));
#4915=CARTESIAN_POINT('',(0.038,0.0275,-0.0025));
#4916=CARTESIAN_POINT('',(0.,0.,-0.0035000000000137));
#4917=CARTESIAN_POINT('',(0.,0.,-0.00288887389564968));
#4918=CARTESIAN_POINT('',(0.,-0.035958466750811,-0.00288887389564968));
#4919=CARTESIAN_POINT('',(0.,0.,-0.00288887389564968));
#4920=CARTESIAN_POINT('',(0.,0.,-0.00475765228813751));
#4921=CARTESIAN_POINT('',(0.,-0.0345156224229532,-0.00475765228813751));
#4922=CARTESIAN_POINT('',(0.,0.,-0.00544349872072453));
#4923=CARTESIAN_POINT('',(0.,0.,-0.00475765228813182));
#4924=CARTESIAN_POINT('',(0.,-0.0350000000000063,-0.00475765228813182));
#4925=CARTESIAN_POINT('',(0.,0.,-0.00475765228813182));
#4926=CARTESIAN_POINT('',(0.,0.,-0.0110239229742636));
#4927=CARTESIAN_POINT('',(0.,-0.0327872298609734,-0.0110239229742636));
#4928=CARTESIAN_POINT('',(0.,0.,-0.0106576522881363));
#4929=CARTESIAN_POINT('',(0.,0.,-0.0117576522881387));
#4930=CARTESIAN_POINT('',(0.,-0.0317500000000007,-0.0117576522881387));
#4931=CARTESIAN_POINT('',(-0.0317500000000007,0.,-0.0117576522881387));
#4932=CARTESIAN_POINT('',(0.,0.,-0.0117576522881387));
#4933=CARTESIAN_POINT('',(-0.02848,0.,-0.0117576522881387));
#4934=CARTESIAN_POINT('',(0.,0.,-0.0108999999999769));
#4935=CARTESIAN_POINT('',(0.,0.,-0.0109000000000022));
#4936=CARTESIAN_POINT('',(0.,-0.00930000000000158,-0.0109000000000022));
#4937=CARTESIAN_POINT('',(0.,0.,-0.0077000000000023));
#4938=CARTESIAN_POINT('',(0.,-0.0124999999999762,-0.0077000000000023));
#4939=CARTESIAN_POINT('',(0.,0.,0.));
#4940=CARTESIAN_POINT('',(0.,0.,-0.0117576522881387));
#4941=CARTESIAN_POINT('',(0.,-0.00930000000000158,-0.0117576522881387));
#4942=CARTESIAN_POINT('',(0.,0.,-0.00399999999997188));
#4943=CARTESIAN_POINT('',(0.,0.,-0.00155845791344047));
#4944=CARTESIAN_POINT('',(0.,-0.0345815820604681,-0.00155845791344047));
#4945=CARTESIAN_POINT('',(0.,0.,-0.00155845791344047));
#4946=CARTESIAN_POINT('',(0.,0.,-0.00401557828247025));
#4947=CARTESIAN_POINT('',(0.,-0.0326881567273288,-0.00401557828247025));
#4948=CARTESIAN_POINT('',(0.,0.,-0.00310000000001862));
#4949=CARTESIAN_POINT('',(0.,0.,-0.00423529195445478));
#4950=CARTESIAN_POINT('',(0.,-0.0305196367111316,-0.00423529195445478));
#4951=CARTESIAN_POINT('',(0.,0.,-0.00423529195445478));
#4952=CARTESIAN_POINT('',(0.,0.,-0.0026858905730849));
#4953=CARTESIAN_POINT('',(0.,-0.0287253804976933,-0.0026858905730849));
#4954=CARTESIAN_POINT('',(0.,0.,-0.00699999999999516));
#4955=CARTESIAN_POINT('',(0.,0.,-0.00212655742772067));
#4956=CARTESIAN_POINT('',(0.,-0.0220437257409586,-0.00212655742772067));
#4957=CARTESIAN_POINT('',(0.,0.,-0.00212655742772067));
#4958=CARTESIAN_POINT('',(0.,0.,-0.00335498992496542));
#4959=CARTESIAN_POINT('',(0.,-0.0200186446068503,-0.00335498992496542));
#4960=CARTESIAN_POINT('',(0.,0.,-0.00250000000000268));
#4961=CARTESIAN_POINT('',(0.,0.,-0.0035000000000032));
#4962=CARTESIAN_POINT('',(0.,-0.0195000000000016,-0.0035000000000032));
#4963=CARTESIAN_POINT('',(-0.0195000000000016,0.,-0.0035000000000032));
#4964=CARTESIAN_POINT('',(0.,0.,-0.0035000000000032));
#4965=CARTESIAN_POINT('',(0.,-0.0184999999999407,-0.0035000000000032));
#4966=CARTESIAN_POINT('',(0.,0.,-0.00670000000000468));
#4967=CARTESIAN_POINT('',(0.,0.,-0.00496372352432256));
#4968=CARTESIAN_POINT('',(0.,-0.0158120000000009,-0.00496372352432256));
#4969=CARTESIAN_POINT('',(0.,0.,-0.00496372352432256));
#4970=CARTESIAN_POINT('',(0.,0.,-0.00724258639864999));
#4971=CARTESIAN_POINT('',(0.,-0.0143400000000011,-0.00724258639864999));
#4972=CARTESIAN_POINT('',(0.,0.,-0.006700000000003));
#4973=CARTESIAN_POINT('',(0.,0.,-0.0077000000000023));
#4974=CARTESIAN_POINT('',(0.,-0.0135,-0.0077000000000023));
#4975=CARTESIAN_POINT('',(-0.0135,0.,-0.0077000000000023));
#4976=CARTESIAN_POINT('',(0.,0.,-0.0117576522881387));
#4977=CARTESIAN_POINT('',(-0.053442,0.0189972,-0.0137602));
#4978=CARTESIAN_POINT('',(-0.039,0.0189972,-0.062));
#4979=CARTESIAN_POINT('',(-0.0455,0.0189972,-0.062));
#4980=CARTESIAN_POINT('',(-0.04225,0.0189972,-0.0563708348754011));
#4981=CARTESIAN_POINT('',(-0.039,0.0189972,-0.062));
#4982=CARTESIAN_POINT('',(-0.04225,0.0189972,-0.0676291651245989));
#4983=CARTESIAN_POINT('',(-0.039,0.0189972,-0.062));
#4984=CARTESIAN_POINT('',(-0.03575,0.0189972,-0.0676291651245989));
#4985=CARTESIAN_POINT('',(-0.039,0.0189972,-0.062));
#4986=CARTESIAN_POINT('',(-0.0325,0.0189972,-0.062));
#4987=CARTESIAN_POINT('',(-0.039,0.0189972,-0.062));
#4988=CARTESIAN_POINT('',(-0.03575,0.0189972,-0.0563708348754012));
#4989=CARTESIAN_POINT('',(-0.039,0.0189972,-0.062));
#4990=CARTESIAN_POINT('',(-0.0165688282343391,0.0189972,-0.0596046300147117));
#4991=CARTESIAN_POINT('',(-0.0313587719845779,0.0189972,-0.0715003420157554));
#4992=CARTESIAN_POINT('',(-0.025239524404394,0.0189972,-0.0665785648875783));
#4993=CARTESIAN_POINT('',(-0.039,0.0189972,-0.062));
#4994=CARTESIAN_POINT('',(-0.051101122680811,0.0189972,-0.0605141689652044));
#4995=CARTESIAN_POINT('',(-0.0454804853116976,0.0189972,-0.0147377510851252));
#4996=CARTESIAN_POINT('',(-0.0488503139507851,0.0189972,-0.0421828029247636));
#4997=CARTESIAN_POINT('',(-0.0598799830608992,0.0189972,-0.0408285298461739));
#4998=CARTESIAN_POINT('',(-0.0612342561394889,0.0189972,-0.0297988607360597));
#4999=CARTESIAN_POINT('',(-0.0516176800505737,0.0189972,-0.0286180936635928));
#5000=CARTESIAN_POINT('',(-0.0771323940258958,0.0189972,-0.031750906615616));
#5001=CARTESIAN_POINT('',(-0.079,0.0189972,-0.0285161181799484));
#5002=CARTESIAN_POINT('',(-0.0775,0.0189972,-0.0311141943913016));
#5003=CARTESIAN_POINT('',(-0.0526381524227066,0.0189972,-0.0167602));
#5004=CARTESIAN_POINT('',(-0.0526381524227066,0.0189972,-0.0167602));
#5005=CARTESIAN_POINT('',(-0.053442,0.0189972,-0.0167602));
#5006=CARTESIAN_POINT('',(-0.025239524404394,0.0189972,-0.0167602));
#5007=CARTESIAN_POINT('',(-0.025239524404394,0.0189972,-0.0137602));
#5008=CARTESIAN_POINT('',(-0.053442,-0.0189972,-0.0137602));
#5009=CARTESIAN_POINT('',(-0.039,-0.0189972,-0.062));
#5010=CARTESIAN_POINT('',(-0.039,-0.0189972,-0.06668));
#5011=CARTESIAN_POINT('',(-0.0165688282343391,-0.0189972,-0.0596046300147117));
#5012=CARTESIAN_POINT('',(-0.025239524404394,-0.0189972,-0.0665785648875783));
#5013=CARTESIAN_POINT('',(-0.0313587719845779,-0.0189972,-0.0715003420157554));
#5014=CARTESIAN_POINT('',(-0.025239524404394,-0.0189972,-0.0137602));
#5015=CARTESIAN_POINT('',(-0.025239524404394,-0.0189972,-0.0167602));
#5016=CARTESIAN_POINT('',(-0.053442,-0.0189972,-0.0167602));
#5017=CARTESIAN_POINT('',(-0.0526381524227066,-0.0189972,-0.0167602));
#5018=CARTESIAN_POINT('',(-0.0775,-0.0189972,-0.0311141943913016));
#5019=CARTESIAN_POINT('',(-0.0775,-0.0189972,-0.0311141943913016));
#5020=CARTESIAN_POINT('',(-0.079,-0.0189972,-0.0285161181799484));
#5021=CARTESIAN_POINT('',(-0.0771323940258958,-0.0189972,-0.031750906615616));
#5022=CARTESIAN_POINT('',(-0.0516176800505737,-0.0189972,-0.0286180936635928));
#5023=CARTESIAN_POINT('',(-0.0612342561394889,-0.0189972,-0.0297988607360597));
#5024=CARTESIAN_POINT('',(-0.0598799830608992,-0.0189972,-0.0408285298461739));
#5025=CARTESIAN_POINT('',(-0.0488503139507851,-0.0189972,-0.0421828029247636));
#5026=CARTESIAN_POINT('',(-0.0454804853116976,-0.0189972,-0.0147377510851252));
#5027=CARTESIAN_POINT('',(-0.051101122680811,-0.0189972,-0.0605141689652044));
#5028=CARTESIAN_POINT('',(-0.039,-0.0189972,-0.062));
#5029=CARTESIAN_POINT('',(-0.053442,-0.0159972,-0.0167602));
#5030=CARTESIAN_POINT('',(-0.025239524404394,-0.0189972,-0.0167602));
#5031=CARTESIAN_POINT('',(-0.025239524404394,-0.0189972,-0.0161705833858753));
#5032=CARTESIAN_POINT('',(-0.025550212938904,-0.018820304883982,-0.0156495193525319));
#5033=CARTESIAN_POINT('',(-0.0259193864466656,-0.0185945403337836,-0.0152589261440694));
#5034=CARTESIAN_POINT('',(-0.0259193864466656,-0.0185945403337836,-0.0152589261440694));
#5035=CARTESIAN_POINT('',(-0.0259193864466656,-0.0185945403337836,-0.0152589261440694));
#5036=CARTESIAN_POINT('',(-0.0263380616028155,-0.0183385035209566,-0.0148159591675501));
#5037=CARTESIAN_POINT('',(-0.026795658589676,-0.0177026075004125,-0.0141788352628141));
#5038=CARTESIAN_POINT('',(-0.0275539064109486,-0.016678781158705,-0.0138066018993289));
#5039=CARTESIAN_POINT('',(-0.0280221158142299,-0.0162157735169549,-0.0137602));
#5040=CARTESIAN_POINT('',(-0.0282694895251924,-0.0159972,-0.0137602));
#5041=CARTESIAN_POINT('',(-0.0282694895251924,-0.0159972,-0.0137602));
#5042=CARTESIAN_POINT('',(-0.053442,-0.0159972,-0.0137602));
#5043=CARTESIAN_POINT('',(-0.0526381524227066,-0.0159972,-0.0137602));
#5044=CARTESIAN_POINT('',(-0.0526381524227066,-0.0159972,-0.0167602));
#5045=CARTESIAN_POINT('',(-0.053442,0.0159972,-0.0167602));
#5046=CARTESIAN_POINT('',(-0.053442,0.0159972,-0.0137602));
#5047=CARTESIAN_POINT('',(-0.0282694895251924,0.0159972,-0.0137602));
#5048=CARTESIAN_POINT('',(-0.0526381524227066,0.0159972,-0.0137602));
#5049=CARTESIAN_POINT('',(-0.0282694895251924,0.0159972,-0.0137602));
#5050=CARTESIAN_POINT('',(-0.028021778178008,0.0162160718442759,-0.0137602));
#5051=CARTESIAN_POINT('',(-0.0275553702300501,0.0166784607327011,-0.0138063236152054));
#5052=CARTESIAN_POINT('',(-0.0269836219631314,0.0174438719670821,-0.0140859304631645));
#5053=CARTESIAN_POINT('',(-0.0264937569116052,0.0181404231260631,-0.0146045824342236));
#5054=CARTESIAN_POINT('',(-0.0261292975263879,0.018466171207888,-0.0150368358792027));
#5055=CARTESIAN_POINT('',(-0.0259193864466656,0.0185945403337836,-0.0152589261440694));
#5056=CARTESIAN_POINT('',(-0.0259193864466656,0.0185945403337836,-0.0152589261440694));
#5057=CARTESIAN_POINT('',(-0.0259193864466656,0.0185945403337836,-0.0152589261440694));
#5058=CARTESIAN_POINT('',(-0.0255536561699589,0.0188181992087534,-0.0156458763428442));
#5059=CARTESIAN_POINT('',(-0.025239524404394,0.0189972,-0.0161727381841381));
#5060=CARTESIAN_POINT('',(-0.025239524404394,0.0189972,-0.0167602));
#5061=CARTESIAN_POINT('',(-0.0526381524227066,0.0159972,-0.0167602));
#5062=CARTESIAN_POINT('',(-0.053442,-0.0189972,-0.0137602));
#5063=CARTESIAN_POINT('',(-0.040919404787391,-0.0032,-0.0137602));
#5064=CARTESIAN_POINT('',(-0.040919404787391,0.0032,-0.0137602));
#5065=CARTESIAN_POINT('',(-0.040919404787391,-0.0032,-0.0137602));
#5066=CARTESIAN_POINT('',(-0.045919404787391,-0.0032,-0.0137602));
#5067=CARTESIAN_POINT('',(-0.050919404787391,-0.0032,-0.0137602));
#5068=CARTESIAN_POINT('',(-0.050919404787391,0.0032,-0.0137602));
#5069=CARTESIAN_POINT('',(-0.050919404787391,0.0032,-0.0137602));
#5070=CARTESIAN_POINT('',(-0.045919404787391,0.0032,-0.0137602));
#5071=CARTESIAN_POINT('',(0.,0.,-0.0137602));
#5072=CARTESIAN_POINT('',(-0.0526381524227066,-0.0189972,-0.0137602));
#5073=CARTESIAN_POINT('',(-0.053442,-0.0846113281679487,-0.0137602));
#5074=CARTESIAN_POINT('',(-0.0764500669151494,-0.008,-0.0270439136269942));
#5075=CARTESIAN_POINT('',(-0.0764500669151494,-0.008,-0.0270439136269942));
#5076=CARTESIAN_POINT('',(-0.0764500669151494,-0.00774264068711933,-0.0270439136269942));
#5077=CARTESIAN_POINT('',(-0.053442,-0.00774264068711947,-0.0137601999999998));
#5078=CARTESIAN_POINT('',(-0.079,-0.00774264068711931,-0.0285161181799483));
#5079=CARTESIAN_POINT('',(-0.079,-0.0846113281679487,-0.0285161181799483));
#5080=CARTESIAN_POINT('',(-0.079,-0.0159972,-0.0285161181799483));
#5081=CARTESIAN_POINT('',(-0.0541381524227066,-0.0159972,-0.0141621237886467));
#5082=CARTESIAN_POINT('',(-0.0541381524227066,-0.0159972,-0.0141621237886467));
#5083=CARTESIAN_POINT('',(-0.0541381524227066,0.0189972,-0.0141621237886467));
#5084=CARTESIAN_POINT('',(-0.0541381524227066,0.0159972,-0.0141621237886467));
#5085=CARTESIAN_POINT('',(-0.079,0.0159972,-0.0285161181799483));
#5086=CARTESIAN_POINT('',(-0.079,0.0159972,-0.0285161181799483));
#5087=CARTESIAN_POINT('',(-0.079,-0.0846113281679487,-0.0285161181799483));
#5088=CARTESIAN_POINT('',(-0.079,0.00774264068711931,-0.0285161181799483));
#5089=CARTESIAN_POINT('',(-0.053442,0.00774264068711947,-0.0137602000000003));
#5090=CARTESIAN_POINT('',(-0.0764500669151494,0.00774264068711933,-0.0270439136269942));
#5091=CARTESIAN_POINT('',(-0.0764500669151494,0.008,-0.0270439136269942));
#5092=CARTESIAN_POINT('',(-0.0764500669151494,0.008,-0.0270439136269942));
#5093=CARTESIAN_POINT('',(-0.0872872825257645,0.008,-0.0333007829770488));
#5094=CARTESIAN_POINT('',(-0.0624254349484711,0.008,-0.0189467885857472));
#5095=CARTESIAN_POINT('',(-0.0624254349484711,0.008,-0.0189467885857472));
#5096=CARTESIAN_POINT('',(-0.0624254349484711,-0.008,-0.0189467885857472));
#5097=CARTESIAN_POINT('',(-0.0872872825257645,-0.008,-0.0333007829770488));
#5098=CARTESIAN_POINT('',(-0.0526381524227066,-0.0189972,-0.0167602));
#5099=CARTESIAN_POINT('',(-0.0526381524227066,-0.0159972,-0.0167602));
#5100=CARTESIAN_POINT('',(-0.0526381524227066,0.0159972,-0.0167602));
#5101=CARTESIAN_POINT('',(-0.0526381524227066,-0.0159972,-0.0167602));
#5102=CARTESIAN_POINT('',(-0.0526381524227066,-0.0159972,-0.0167602));
#5103=CARTESIAN_POINT('',(-0.051942,-0.0159972,-0.0163582762113533));
#5104=CARTESIAN_POINT('',(-0.0775,-0.0159972,-0.0311141943913016));
#5105=CARTESIAN_POINT('',(-0.0526381524227066,0.0159972,-0.0167602));
#5106=CARTESIAN_POINT('',(-0.0526381524227066,0.0159972,-0.0167602));
#5107=CARTESIAN_POINT('',(-0.051942,0.0159972,-0.0163582762113533));
#5108=CARTESIAN_POINT('',(-0.0775,0.0159972,-0.0311141943913016));
#5109=CARTESIAN_POINT('',(0.,0.,-0.074192));
#5110=CARTESIAN_POINT('',(0.,0.,-0.046278141949652));
#5111=CARTESIAN_POINT('',(-0.022977918274968,-0.0200261247311828,-0.064759530574144));
#5112=CARTESIAN_POINT('',(-0.022977918274968,0.0200261247311828,-0.064759530574144));
#5113=CARTESIAN_POINT('',(-0.022977918274968,0.0200261247311828,-0.074192));
#5114=CARTESIAN_POINT('',(-0.022977918274968,0.0200261247311828,-0.0167602));
#5115=CARTESIAN_POINT('',(-0.022977918274968,0.0200261247311828,-0.0167602));
#5116=CARTESIAN_POINT('',(-0.022977918274968,0.0200261247311828,-0.0156863052265666));
#5117=CARTESIAN_POINT('',(-0.0232195952210543,0.019754392962916,-0.0146345355916245));
#5118=CARTESIAN_POINT('',(-0.0235968607794016,0.0192929666292548,-0.0137576522881388));
#5119=CARTESIAN_POINT('',(-0.0235968607794016,0.0192929666292547,-0.0137576522881388));
#5120=CARTESIAN_POINT('',(0.,0.,-0.0137576522881388));
#5121=CARTESIAN_POINT('',(-0.0235968607794016,-0.0192929666292548,-0.0137576522881388));
#5122=CARTESIAN_POINT('',(-0.0235968607794016,-0.0192929666292548,-0.0137576522881388));
#5123=CARTESIAN_POINT('',(-0.0232156626515892,-0.0197592028138817,-0.0146436761145995));
#5124=CARTESIAN_POINT('',(-0.022977918274968,-0.0200261247311828,-0.0156837846955711));
#5125=CARTESIAN_POINT('',(-0.022977918274968,-0.0200261247311828,-0.0167602));
#5126=CARTESIAN_POINT('',(-0.022977918274968,-0.0200261247311828,-0.0167602));
#5127=CARTESIAN_POINT('',(-0.022977918274968,-0.0200261247311828,-0.074192));
#5128=CARTESIAN_POINT('',(0.,0.,-0.0137576522881388));
#5129=CARTESIAN_POINT('',(0.,0.,-0.0125586713728833));
#5130=CARTESIAN_POINT('',(-0.0261797366594054,0.0148146461192595,-0.0125586713728833));
#5131=CARTESIAN_POINT('',(-0.0261797366594054,-0.0148146461192595,-0.0125586713728832));
#5132=CARTESIAN_POINT('',(-0.0261797366594054,-0.0148146461192595,-0.0125586713728833));
#5133=CARTESIAN_POINT('',(-0.0257375952688139,-0.0155959773153426,-0.0125586713728833));
#5134=CARTESIAN_POINT('',(-0.0248857275721414,-0.0171768504290229,-0.0126856736999851));
#5135=CARTESIAN_POINT('',(-0.0240884099901618,-0.0186917621325393,-0.0133006465676659));
#5136=CARTESIAN_POINT('',(-0.0235968607794029,-0.0192929666292551,-0.0137576522881397));
#5137=CARTESIAN_POINT('',(-0.0235968607794016,0.0192929666292547,-0.0137576522881388));
#5138=CARTESIAN_POINT('',(-0.0240890313222501,0.0186910021930695,-0.0133000688995231));
#5139=CARTESIAN_POINT('',(-0.0248832507223955,0.0171812934230957,-0.0126869732069438));
#5140=CARTESIAN_POINT('',(-0.0257373375995328,0.0155964326562195,-0.0125586713728841));
#5141=CARTESIAN_POINT('',(-0.0261797366594063,0.0148146461192599,-0.012558671372884));
#5142=CARTESIAN_POINT('',(-0.025239524404394,0.0219972,-0.074192));
#5143=CARTESIAN_POINT('',(-0.025239524404394,0.0219972,-0.0665785648875783));
#5144=CARTESIAN_POINT('',(-0.025239524404394,0.0219972,-0.0167602));
#5145=CARTESIAN_POINT('',(-0.0259193864466656,0.0185945403337836,-0.0152589261440694));
#5146=CARTESIAN_POINT('',(-0.0244190604395491,0.0182873498526231,-0.0147274586681518));
#5147=CARTESIAN_POINT('',(-0.0235968607794016,0.0192929666292548,-0.0137576522881387));
#5148=CARTESIAN_POINT('',(-0.0255132318056897,0.0188429203398122,-0.0156886461483277));
#5149=CARTESIAN_POINT('',(-0.0241062502543938,0.0187084608691455,-0.0152572589761736));
#5150=CARTESIAN_POINT('',(-0.0232270999251522,0.0197452141019771,-0.0146170922933709));
#5151=CARTESIAN_POINT('',(-0.0252395244079294,0.0189972,-0.0162161510869825));
#5152=CARTESIAN_POINT('',(-0.0238746650918583,0.0189971999963607,-0.0160004308756607));
#5153=CARTESIAN_POINT('',(-0.0229779182781907,0.0200261247274851,-0.0156721021739669));
#5154=CARTESIAN_POINT('',(-0.025239524404394,0.0189972,-0.0167602));
#5155=CARTESIAN_POINT('',(-0.0238746650889783,0.0189972,-0.0167602));
#5156=CARTESIAN_POINT('',(-0.022977918274968,0.0200261247311828,-0.0167602));
#5157=CARTESIAN_POINT('',(-0.0259193864466656,0.0211918806675672,-0.0137576522881388));
#5158=CARTESIAN_POINT('',(-0.0235968607794017,0.0192929666292547,-0.0137576522881388));
#5159=CARTESIAN_POINT('',(-0.0244190604395492,0.0182873498526231,-0.0147274586681519));
#5160=CARTESIAN_POINT('',(-0.0259193864466656,0.0185945403337836,-0.0152589261440694));
#5161=CARTESIAN_POINT('',(-0.0237920132383593,0.0190542793660011,-0.0135762141134207));
#5162=CARTESIAN_POINT('',(-0.0246308847089567,0.0181460917639261,-0.0145898040166718));
#5163=CARTESIAN_POINT('',(-0.0261337468204774,0.0184634502795336,-0.0150321284256409));
#5164=CARTESIAN_POINT('',(-0.0241614566918587,0.0185116282463124,-0.0132415081779045));
#5165=CARTESIAN_POINT('',(-0.0250224246652677,0.0178323283301118,-0.0143148530393576));
#5166=CARTESIAN_POINT('',(-0.0264866682173582,0.0181438226220934,-0.014613746006266));
#5167=CARTESIAN_POINT('',(-0.024752832566536,0.0174424637809045,-0.0128440762491461));
#5168=CARTESIAN_POINT('',(-0.0256139567172657,0.0171497715471025,-0.0139181920137183));
#5169=CARTESIAN_POINT('',(-0.0269521151601982,0.0174925177481205,-0.0141169560954115));
#5170=CARTESIAN_POINT('',(-0.0254211322426186,0.0161759407381903,-0.0126068060466808));
#5171=CARTESIAN_POINT('',(-0.0262519842173819,0.0162518324505678,-0.0136787377829693));
#5172=CARTESIAN_POINT('',(-0.0274973805139471,0.0167455407487561,-0.0138203683419253));
#5173=CARTESIAN_POINT('',(-0.0259218503617095,0.0152703704946426,-0.0125586713723271));
#5174=CARTESIAN_POINT('',(-0.0267261773469218,0.0155850336165727,-0.0137001689539612));
#5175=CARTESIAN_POINT('',(-0.0279910178930636,0.0162432508979311,-0.0137601999999998));
#5176=CARTESIAN_POINT('',(-0.0261797366594054,0.0148146461192596,-0.0125586713728832));
#5177=CARTESIAN_POINT('',(-0.0269629779071823,0.0152578683740431,-0.0137601999999998));
#5178=CARTESIAN_POINT('',(-0.0282694895251924,0.0159972,-0.0137601999999998));
#5179=CARTESIAN_POINT('',(-0.0282694895251924,0.0159972,-0.0107602));
#5180=CARTESIAN_POINT('',(0.,0.,-0.0107602));
#5181=CARTESIAN_POINT('',(-0.0282694895251924,-0.0159972,-0.0107602));
#5182=CARTESIAN_POINT('',(-0.0261797366594054,-0.0148146461192595,-0.0125586713728833));
#5183=CARTESIAN_POINT('',(-0.0269629779071823,-0.0152578683740431,-0.0137602));
#5184=CARTESIAN_POINT('',(-0.0282694895251924,-0.0159972,-0.0137602));
#5185=CARTESIAN_POINT('',(-0.0259219451599952,-0.0152702029717858,-0.01255867137243));
#5186=CARTESIAN_POINT('',(-0.0267262635234583,-0.015584914554622,-0.0137001908006902));
#5187=CARTESIAN_POINT('',(-0.027991120258601,-0.0162431604504307,-0.0137602));
#5188=CARTESIAN_POINT('',(-0.025428077335876,-0.0161630610904361,-0.0126055843195115));
#5189=CARTESIAN_POINT('',(-0.0262585301817643,-0.0162422051986303,-0.0136773584335484));
#5190=CARTESIAN_POINT('',(-0.0275035726080381,-0.016738194193212,-0.013818841183037));
#5191=CARTESIAN_POINT('',(-0.0245309773414348,-0.0178631313311407,-0.0129215131118241));
#5192=CARTESIAN_POINT('',(-0.0254003005564646,-0.0174525247692443,-0.0140004224800677));
#5193=CARTESIAN_POINT('',(-0.0267716620463302,-0.0177405724897437,-0.0142137521737839));
#5194=CARTESIAN_POINT('',(-0.0239871228126463,-0.0188156445541729,-0.0133948158093063));
#5195=CARTESIAN_POINT('',(-0.024841173815405,-0.0180058574213711,-0.0144531469958111));
#5196=CARTESIAN_POINT('',(-0.0263480600895771,-0.0183323890321627,-0.0148053805457337));
#5197=CARTESIAN_POINT('',(-0.0235968607794017,-0.0192929666292547,-0.0137576522881388));
#5198=CARTESIAN_POINT('',(-0.0244190604395492,-0.0182873498526231,-0.0147274586681518));
#5199=CARTESIAN_POINT('',(-0.0259193864466656,-0.0185945403337836,-0.0152589261440694));
#5200=CARTESIAN_POINT('',(-0.0259193864466656,-0.0211918806675672,-0.0137576522881387));
#5201=CARTESIAN_POINT('',(-0.025239524404394,-0.0189972,-0.0167602));
#5202=CARTESIAN_POINT('',(-0.0238746650889783,-0.0189972,-0.0167602));
#5203=CARTESIAN_POINT('',(-0.022977918274968,-0.0200261247311828,-0.0167602));
#5204=CARTESIAN_POINT('',(-0.025239524410923,-0.0189972,-0.0162145797527596));
#5205=CARTESIAN_POINT('',(-0.0238746650943047,-0.0189971999932809,-0.0159982364933998));
#5206=CARTESIAN_POINT('',(-0.0229779182809165,-0.0200261247243575,-0.0156689595055193));
#5207=CARTESIAN_POINT('',(-0.0255086689268335,-0.0188457107266888,-0.0156934737714512));
#5208=CARTESIAN_POINT('',(-0.0241028093728734,-0.0187130930487929,-0.0152630867337786));
#5209=CARTESIAN_POINT('',(-0.023222945906672,-0.019750294803024,-0.0146267475419024));
#5210=CARTESIAN_POINT('',(-0.0259193864466656,-0.0185945403337836,-0.0152589261440693));
#5211=CARTESIAN_POINT('',(-0.0244190604395492,-0.0182873498526231,-0.0147274586681518));
#5212=CARTESIAN_POINT('',(-0.0235968607794016,-0.0192929666292547,-0.0137576522881387));
#5213=CARTESIAN_POINT('',(-0.025239524404394,-0.0219972,-0.0167602));
#5214=CARTESIAN_POINT('',(-0.025239524404394,-0.0219972,-0.074192));
#5215=CARTESIAN_POINT('',(-0.025239524404394,-0.0219972,-0.0665785648875783));
#5216=CARTESIAN_POINT('',(-0.045919404787391,0.0032,-0.0147602));
#5217=CARTESIAN_POINT('',(-0.049919404787391,0.0032,-0.0147602));
#5218=CARTESIAN_POINT('',(-0.049919404787391,0.0032,-0.0147602));
#5219=CARTESIAN_POINT('',(-0.049919404787391,-0.0032,-0.0147602));
#5220=CARTESIAN_POINT('',(-0.045919404787391,-0.0032,-0.0147602));
#5221=CARTESIAN_POINT('',(-0.041919404787391,-0.0032,-0.0147602));
#5222=CARTESIAN_POINT('',(-0.041919404787391,0.0032,-0.0147602));
#5223=CARTESIAN_POINT('',(-0.041919404787391,0.0032,-0.0147602));
#5224=CARTESIAN_POINT('',(-0.045919404787391,0.0032,-0.0147602));
#5225=CARTESIAN_POINT('',(-0.045919404787391,0.0032,-0.0142602));
#5226=CARTESIAN_POINT('',(-0.040919404787391,0.0032,-0.0142602));
#5227=CARTESIAN_POINT('',(-0.041419404787391,0.0032,-0.0142602));
#5228=CARTESIAN_POINT('',(-0.050919404787391,0.0032,-0.0142602));
#5229=CARTESIAN_POINT('',(-0.050419404787391,0.0032,-0.0142602));
#5230=CARTESIAN_POINT('',(-0.045919404787391,0.0032,-0.0142602));
#5231=CARTESIAN_POINT('',(-0.050919404787391,0.0032,-0.0142602));
#5232=CARTESIAN_POINT('',(-0.050919404787391,-0.0032,-0.0142602));
#5233=CARTESIAN_POINT('',(-0.050419404787391,-0.0032,-0.0142602));
#5234=CARTESIAN_POINT('',(-0.050419404787391,-0.0032,-0.0142602));
#5235=CARTESIAN_POINT('',(-0.045919404787391,0.0032,-0.0142602));
#5236=CARTESIAN_POINT('',(-0.041919404787391,0.0032,-0.0142602));
#5237=CARTESIAN_POINT('',(-0.049919404787391,0.0032,-0.0142602));
#5238=CARTESIAN_POINT('',(-0.040919404787391,0.0032,-0.0142602));
#5239=CARTESIAN_POINT('',(-0.040919404787391,-0.0032,-0.0142602));
#5240=CARTESIAN_POINT('',(-0.041419404787391,-0.0032,-0.0142602));
#5241=CARTESIAN_POINT('',(-0.041419404787391,0.0032,-0.0142602));
#5242=CARTESIAN_POINT('',(-0.045919404787391,-0.0032,-0.0142602));
#5243=CARTESIAN_POINT('',(-0.045919404787391,-0.0032,-0.0142602));
#5244=CARTESIAN_POINT('',(-0.049919404787391,0.0032,-0.0142602));
#5245=CARTESIAN_POINT('',(-0.049919404787391,-0.0032,-0.0142602));
#5246=CARTESIAN_POINT('',(-0.041919404787391,0.0032,-0.0142602));
#5247=CARTESIAN_POINT('',(-0.041919404787391,-0.0032,-0.0142602));
#5248=CARTESIAN_POINT('',(-0.045919404787391,-0.0032,-0.0142602));
#5249=CARTESIAN_POINT('',(-0.0598799830608992,0.0425,-0.0408285298461739));
#5250=CARTESIAN_POINT('',(-0.0488503139507851,0.0425,-0.0421828029247636));
#5251=CARTESIAN_POINT('',(-0.0488503139507851,0.017016,-0.0421828029247636));
#5252=CARTESIAN_POINT('',(-0.0598799830608992,0.017016,-0.0408285298461739));
#5253=CARTESIAN_POINT('',(-0.0612342561394889,0.017016,-0.0297988607360597));
#5254=CARTESIAN_POINT('',(-0.0612342561394889,0.0425,-0.0297988607360597));
#5255=CARTESIAN_POINT('',(-0.0598799830608992,0.0425,-0.0408285298461739));
#5256=CARTESIAN_POINT('',(-0.0612342561394889,0.0425,-0.0297988607360597));
#5257=CARTESIAN_POINT('',(-0.0612342561394889,-0.017016,-0.0297988607360597));
#5258=CARTESIAN_POINT('',(-0.0598799830608992,-0.017016,-0.0408285298461739));
#5259=CARTESIAN_POINT('',(-0.0488503139507851,-0.017016,-0.0421828029247636));
#5260=CARTESIAN_POINT('',(-0.0488503139507851,0.0425,-0.0421828029247636));
#5261=CARTESIAN_POINT('',(-0.051101122680811,0.0425,-0.0605141689652044));
#5262=CARTESIAN_POINT('',(-0.051101122680811,0.0425,-0.0605141689652044));
#5263=CARTESIAN_POINT('',(-0.051101122680811,0.017016,-0.0605141689652044));
#5264=CARTESIAN_POINT('',(-0.0454804853116976,0.017016,-0.0147377510851252));
#5265=CARTESIAN_POINT('',(-0.051101122680811,0.0425,-0.0605141689652044));
#5266=CARTESIAN_POINT('',(-0.0454804853116976,-0.017016,-0.0147377510851252));
#5267=CARTESIAN_POINT('',(-0.051101122680811,-0.017016,-0.0605141689652044));
#5268=CARTESIAN_POINT('',(-0.051101122680811,0.0425,-0.0605141689652044));
#5269=CARTESIAN_POINT('',(-0.039,0.0425,-0.062));
#5270=CARTESIAN_POINT('',(-0.039,-0.017016,-0.062));
#5271=CARTESIAN_POINT('',(-0.0313587719845779,-0.017016,-0.0715003420157554));
#5272=CARTESIAN_POINT('',(-0.0313587719845779,0.0425,-0.0715003420157554));
#5273=CARTESIAN_POINT('',(-0.039,0.0425,-0.062));
#5274=CARTESIAN_POINT('',(-0.0313587719845779,0.0425,-0.0715003420157554));
#5275=CARTESIAN_POINT('',(-0.0313587719845779,0.017016,-0.0715003420157554));
#5276=CARTESIAN_POINT('',(-0.039,0.017016,-0.062));
#5277=CARTESIAN_POINT('',(-0.0771323940258958,0.0425,-0.031750906615616));
#5278=CARTESIAN_POINT('',(-0.0516176800505737,0.017016,-0.0286180936635928));
#5279=CARTESIAN_POINT('',(-0.0771323940258958,0.017016,-0.031750906615616));
#5280=CARTESIAN_POINT('',(-0.0771323940258958,0.0425,-0.031750906615616));
#5281=CARTESIAN_POINT('',(-0.0771323940258958,0.0425,-0.031750906615616));
#5282=CARTESIAN_POINT('',(-0.0771323940258958,0.0425,-0.031750906615616));
#5283=CARTESIAN_POINT('',(-0.0771323940258958,-0.017016,-0.031750906615616));
#5284=CARTESIAN_POINT('',(-0.0516176800505737,-0.017016,-0.0286180936635928));
#5285=CARTESIAN_POINT('',(-0.0771323940258958,0.0425,-0.031750906615616));
#5286=CARTESIAN_POINT('',(-0.0782928932188135,-0.0050857864376269,-0.0297408630513398));
#5287=CARTESIAN_POINT('',(-0.0784393398282202,-0.00479289321881344,-0.0294872100832512));
#5288=CARTESIAN_POINT('',(-0.0785606601717798,-0.00455025253169416,-0.0292770770842142));
#5289=CARTESIAN_POINT('',(-0.0795,-0.00691421356237309,-0.0276500927761638));
#5290=CARTESIAN_POINT('',(-0.078,-0.00691421356237309,-0.0302481689875171));
#5291=CARTESIAN_POINT('',(-0.078,-0.008,-0.0302481689875171));
#5292=CARTESIAN_POINT('',(-0.078,-0.008,-0.0302481689875171));
#5293=CARTESIAN_POINT('',(-0.079,-0.008,-0.0285161181799482));
#5294=CARTESIAN_POINT('',(-0.0780094,-0.008,-0.030231887709926));
#5295=CARTESIAN_POINT('',(-0.0780094,-0.0846113281679487,-0.030231887709926));
#5296=CARTESIAN_POINT('',(-0.0780094,-0.0159972,-0.030231887709926));
#5297=CARTESIAN_POINT('',(-0.0775,-0.0159972,-0.0311141943913016));
#5298=CARTESIAN_POINT('',(-0.0775,-0.017016,-0.0311141943913016));
#5299=CARTESIAN_POINT('',(-0.079,-0.017016,-0.0285161181799484));
#5300=CARTESIAN_POINT('',(-0.0805,-0.00774264068711931,-0.025918041968595));
#5301=CARTESIAN_POINT('',(-0.0794393398282202,-0.00562132034355967,-0.0277551592756823));
#5302=CARTESIAN_POINT('',(-0.079,-0.0065,-0.0285161181799482));
#5303=CARTESIAN_POINT('',(-0.0795606601717798,-0.00537867965644036,-0.0275450262766453));
#5304=CARTESIAN_POINT('',(-0.0785,-0.00325735931288071,-0.0293821435837327));
#5305=CARTESIAN_POINT('',(-0.08,-0.00325735931288071,-0.0267840673723794));
#5306=CARTESIAN_POINT('',(-0.08,0.0045,-0.0267840673723794));
#5307=CARTESIAN_POINT('',(-0.08,0.00325735931288071,-0.0267840673723794));
#5308=CARTESIAN_POINT('',(-0.0785,0.00325735931288071,-0.0293821435837327));
#5309=CARTESIAN_POINT('',(-0.0795606601717798,0.00537867965644035,-0.0275450262766453));
#5310=CARTESIAN_POINT('',(-0.079,0.0065,-0.0285161181799482));
#5311=CARTESIAN_POINT('',(-0.0794393398282202,0.00562132034355967,-0.0277551592756823));
#5312=CARTESIAN_POINT('',(-0.0805,0.00774264068711932,-0.025918041968595));
#5313=CARTESIAN_POINT('',(-0.079,0.017016,-0.0285161181799484));
#5314=CARTESIAN_POINT('',(-0.0775,0.017016,-0.0311141943913016));
#5315=CARTESIAN_POINT('',(-0.0775,0.0159972,-0.0311141943913016));
#5316=CARTESIAN_POINT('',(-0.0780094,0.0159972,-0.030231887709926));
#5317=CARTESIAN_POINT('',(-0.0780094,-0.0846113281679487,-0.030231887709926));
#5318=CARTESIAN_POINT('',(-0.0780094,0.008,-0.030231887709926));
#5319=CARTESIAN_POINT('',(-0.078,0.008,-0.0302481689875171));
#5320=CARTESIAN_POINT('',(-0.078,0.008,-0.0302481689875171));
#5321=CARTESIAN_POINT('',(-0.078,0.008,-0.0302481689875171));
#5322=CARTESIAN_POINT('',(-0.078,0.00691421356237309,-0.0302481689875171));
#5323=CARTESIAN_POINT('',(-0.0795,0.00691421356237309,-0.0276500927761638));
#5324=CARTESIAN_POINT('',(-0.0784393398282202,0.00479289321881344,-0.0294872100832512));
#5325=CARTESIAN_POINT('',(-0.0782928932188135,0.0050857864376269,-0.0297408630513398));
#5326=CARTESIAN_POINT('',(-0.0785606601717798,0.00455025253169416,-0.0292770770842142));
#5327=CARTESIAN_POINT('',(-0.0775,0.00242893218813452,-0.0311141943913016));
#5328=CARTESIAN_POINT('',(-0.079,0.00242893218813452,-0.0285161181799482));
#5329=CARTESIAN_POINT('',(-0.079,0.0045,-0.0285161181799482));
#5330=CARTESIAN_POINT('',(-0.079,-0.00242893218813452,-0.0285161181799482));
#5331=CARTESIAN_POINT('',(-0.0775,-0.00242893218813452,-0.0311141943913016));
#5332=CARTESIAN_POINT('',(0.03048,0.0425,-0.0217627477118639));
#5333=CARTESIAN_POINT('',(-0.0165688282343391,-0.017016,-0.0596046300147117));
#5334=CARTESIAN_POINT('',(-0.025239524404394,-0.017016,-0.0665785648875783));
#5335=CARTESIAN_POINT('',(-0.025239524404394,-0.0219972,-0.0665785648875783));
#5336=CARTESIAN_POINT('',(-0.0214843535870951,-0.0187244266236559,-0.0635582403135521));
#5337=CARTESIAN_POINT('',(0.,0.,-0.046278141949652));
#5338=CARTESIAN_POINT('',(-0.0214843535870951,0.0187244266236559,-0.0635582403135521));
#5339=CARTESIAN_POINT('',(-0.025239524404394,0.0219972,-0.0665785648875783));
#5340=CARTESIAN_POINT('',(-0.025239524404394,0.017016,-0.0665785648875783));
#5341=CARTESIAN_POINT('',(-0.0165688282343391,0.017016,-0.0596046300147117));
#5342=CARTESIAN_POINT('',(-0.045919404787391,0.0032,-0.0167414));
#5343=CARTESIAN_POINT('',(-0.049919404787391,0.0032,-0.0167414));
#5344=CARTESIAN_POINT('',(-0.049919404787391,0.0032,-0.0167414));
#5345=CARTESIAN_POINT('',(-0.049919404787391,-0.0032,-0.0167414));
#5346=CARTESIAN_POINT('',(-0.045919404787391,0.0032,-0.0167414));
#5347=CARTESIAN_POINT('',(-0.041919404787391,0.0032,-0.0167414));
#5348=CARTESIAN_POINT('',(-0.041919404787391,0.0032,-0.0167414));
#5349=CARTESIAN_POINT('',(-0.041919404787391,-0.0032,-0.0167414));
#5350=CARTESIAN_POINT('',(-0.045919404787391,-0.0032,-0.0167414));
#5351=CARTESIAN_POINT('',(-0.045919404787391,-0.0032,-0.0142602));
#5352=CARTESIAN_POINT('',(-0.049919404787391,-0.0032,-0.0142602));
#5353=CARTESIAN_POINT('',(-0.051909982592954,-0.0032,-0.0157414));
#5354=CARTESIAN_POINT('',(-0.041919404787391,-0.0032,-0.0142602));
#5355=CARTESIAN_POINT('',(-0.039928826981828,-0.0032,-0.0157414));
#5356=CARTESIAN_POINT('',(-0.045919404787391,-0.0032,-0.0157414));
#5357=CARTESIAN_POINT('',(-0.049919404787391,0.0032,-0.0142602));
#5358=CARTESIAN_POINT('',(-0.049919404787391,0.0032,-0.0142602));
#5359=CARTESIAN_POINT('',(-0.051909982592954,0.0032,-0.0157414));
#5360=CARTESIAN_POINT('',(-0.051909982592954,-0.0032,-0.0157414));
#5361=CARTESIAN_POINT('',(-0.045919404787391,0.0032,-0.0142602));
#5362=CARTESIAN_POINT('',(-0.041919404787391,0.0032,-0.0142602));
#5363=CARTESIAN_POINT('',(-0.039928826981828,0.0032,-0.0157414));
#5364=CARTESIAN_POINT('',(-0.045919404787391,0.0032,-0.0157414));
#5365=CARTESIAN_POINT('',(-0.041919404787391,0.0032,-0.0142602));
#5366=CARTESIAN_POINT('',(-0.039928826981828,0.0032,-0.0157414));
#5367=CARTESIAN_POINT('',(-0.053442,-0.0189972,-0.0157414));
#5368=CARTESIAN_POINT('',(-0.053442,-0.0159972,-0.0157414));
#5369=CARTESIAN_POINT('',(-0.0526381524227066,-0.0159972,-0.0157414));
#5370=CARTESIAN_POINT('',(-0.0282694895251924,-0.0159972,-0.0157414));
#5371=CARTESIAN_POINT('',(-0.0526381524227066,-0.0189972,-0.0157414));
#5372=CARTESIAN_POINT('',(-0.0526381524227066,0.0159972,-0.0157414));
#5373=CARTESIAN_POINT('',(-0.053442,0.0159972,-0.0157414));
#5374=CARTESIAN_POINT('',(-0.0282694895251924,0.0159972,-0.0157414));
#5375=CARTESIAN_POINT('',(0.,0.,-0.0157414));
#5376=CARTESIAN_POINT('',(0.,0.,-0.0107602));
#5377=CARTESIAN_POINT('',(-0.0282694895251924,0.0159972,-0.0107602));
#5378=CARTESIAN_POINT('',(-0.0247996638668396,0.0140336875364185,-0.0137463818675353));
#5379=CARTESIAN_POINT('',(0.,0.,-0.0137463818675353));
#5380=CARTESIAN_POINT('',(-0.0247996638668396,-0.0140336875364185,-0.0137463818675353));
#5381=CARTESIAN_POINT('',(-0.0282694895251924,-0.0159972,-0.0107602));
#5382=CARTESIAN_POINT('',(0.,0.,-0.0137388522881387));
#5383=CARTESIAN_POINT('',(0.,0.,-0.0137388522881388));
#5384=CARTESIAN_POINT('',(0.,0.02848,-0.0137388522881388));
#5385=CARTESIAN_POINT('',(-0.0220630648287406,0.0180389237983532,-0.0137576522881388));
#5386=CARTESIAN_POINT('',(-0.0234282451444495,0.016369197702434,-0.0153679188015125));
#5387=CARTESIAN_POINT('',(-0.0259193864466656,0.0168792567773529,-0.016250367398526));
#5388=CARTESIAN_POINT('',(-0.0222455323775612,0.0178157512075836,-0.0137559467692974));
#5389=CARTESIAN_POINT('',(-0.0236388939153387,0.016307185775977,-0.0154378548100807));
#5390=CARTESIAN_POINT('',(-0.0261337468204774,0.0168347385949293,-0.0161733468933472));
#5391=CARTESIAN_POINT('',(-0.022625887001896,0.0173368975020884,-0.0137528005335077));
#5392=CARTESIAN_POINT('',(-0.024057296188583,0.0162045251048525,-0.0155305017403978));
#5393=CARTESIAN_POINT('',(-0.0264866682173582,0.016726193042463,-0.0160312642237281));
#5394=CARTESIAN_POINT('',(-0.0233004263412621,0.0164219002997682,-0.0137490646733529));
#5395=CARTESIAN_POINT('',(-0.0247317573486876,0.0159314841035915,-0.0155301973790376));
#5396=CARTESIAN_POINT('',(-0.0269521151601982,0.0165050099072618,-0.0158625543700017));
#5397=CARTESIAN_POINT('',(-0.0240499778844337,0.0153055726608746,-0.0137468343335415));
#5398=CARTESIAN_POINT('',(-0.0254291937952389,0.0154326539484758,-0.0155272683798596));
#5399=CARTESIAN_POINT('',(-0.0274973805139471,0.0162513365182772,-0.0157618331689179));
#5400=CARTESIAN_POINT('',(-0.0245553721238153,0.0144653882632083,-0.0137463818673742));
#5401=CARTESIAN_POINT('',(-0.0258890366743239,0.0149911064296055,-0.0156417244525807));
#5402=CARTESIAN_POINT('',(-0.0279910178930636,0.0160807588849383,-0.0157413999999998));
#5403=CARTESIAN_POINT('',(-0.0247996638668397,0.0140336875364186,-0.0137463818675353));
#5404=CARTESIAN_POINT('',(-0.0261001576346485,0.0147696137682612,-0.0157413999999998));
#5405=CARTESIAN_POINT('',(-0.0282694895251924,0.0159972,-0.0157413999999998));
#5406=CARTESIAN_POINT('',(-0.0259193864466656,0.0211918806675672,-0.0137576522881388));
#5407=CARTESIAN_POINT('',(-0.0220630648287405,0.0180389237983532,-0.0137576522881388));
#5408=CARTESIAN_POINT('',(-0.0259193864466656,0.0168792567773529,-0.016250367398526));
#5409=CARTESIAN_POINT('',(-0.0220630648287405,0.0180389237983532,-0.0137576522881388));
#5410=CARTESIAN_POINT('',(-0.0230880051505548,0.0167853387719644,-0.0137480722011007));
#5411=CARTESIAN_POINT('',(-0.0240021883987828,0.015442948181464,-0.0137463818675284));
#5412=CARTESIAN_POINT('',(-0.0247996638668421,0.0140336875364199,-0.0137463818675287));
#5413=CARTESIAN_POINT('',(-0.0282694895251924,0.0159972,-0.0157414));
#5414=CARTESIAN_POINT('',(-0.0278557389367625,0.0161213510229151,-0.0157414));
#5415=CARTESIAN_POINT('',(-0.0270457496440707,0.0164454501666048,-0.0157731286324265));
#5416=CARTESIAN_POINT('',(-0.0263189781658605,0.016796269907732,-0.0161067925652007));
#5417=CARTESIAN_POINT('',(-0.0259193864466656,0.0168792567773529,-0.0162503673985259));
#5418=CARTESIAN_POINT('',(-0.0247996638668396,-0.0140336875364185,-0.0137463818675354));
#5419=CARTESIAN_POINT('',(-0.0261001576346484,-0.0147696137682612,-0.0157414));
#5420=CARTESIAN_POINT('',(-0.0282694895251924,-0.0159972,-0.0157414));
#5421=CARTESIAN_POINT('',(-0.0245554619246893,-0.0144652295713171,-0.013746381867331));
#5422=CARTESIAN_POINT('',(-0.0258891135054128,-0.0149910258239989,-0.0156417607266871));
#5423=CARTESIAN_POINT('',(-0.027991120258601,-0.0160807281689671,-0.0157414));
#5424=CARTESIAN_POINT('',(-0.0240570745555456,-0.0152941964858892,-0.0137468230898027));
#5425=CARTESIAN_POINT('',(-0.0254356483628497,-0.0154269414223094,-0.015528301304401));
#5426=CARTESIAN_POINT('',(-0.0275037202458792,-0.0162489453670742,-0.0157613254055522));
#5427=CARTESIAN_POINT('',(-0.0233039868956373,-0.016416961638499,-0.0137490493055282));
#5428=CARTESIAN_POINT('',(-0.0247351617326861,-0.015929700176667,-0.0155296977665001));
#5429=CARTESIAN_POINT('',(-0.0269541229543133,-0.0165037842934321,-0.0158618603658278));
#5430=CARTESIAN_POINT('',(-0.0226312221425659,-0.0173299766437334,-0.0137527617363154));
#5431=CARTESIAN_POINT('',(-0.0240629628327236,-0.016202866942733,-0.0155313530133201));
#5432=CARTESIAN_POINT('',(-0.0264911800337625,-0.0167245851704984,-0.016029512158933));
#5433=CARTESIAN_POINT('',(-0.0222455123289778,-0.017815775728625,-0.0137559469566889));
#5434=CARTESIAN_POINT('',(-0.0236388708520895,-0.0163071925653506,-0.015437847153203));
#5435=CARTESIAN_POINT('',(-0.0261337232681213,-0.0168347434863388,-0.0161733553559305));
#5436=CARTESIAN_POINT('',(-0.0220630648287406,-0.0180389237983532,-0.0137576522881388));
#5437=CARTESIAN_POINT('',(-0.0234282451444495,-0.0163691977024341,-0.0153679188015125));
#5438=CARTESIAN_POINT('',(-0.0259193864466656,-0.0168792567773529,-0.016250367398526));
#5439=CARTESIAN_POINT('',(-0.0247996638668396,-0.0140336875364185,-0.0137463818675353));
#5440=CARTESIAN_POINT('',(-0.0240021116494878,-0.015443083809155,-0.0137463818675353));
#5441=CARTESIAN_POINT('',(-0.0230880973320638,-0.0167852260265147,-0.0137480713394827));
#5442=CARTESIAN_POINT('',(-0.0220630648287412,-0.0180389237983538,-0.0137576522881386));
#5443=CARTESIAN_POINT('',(-0.0220630648287405,-0.0180389237983532,-0.0137576522881388));
#5444=CARTESIAN_POINT('',(-0.0259193864466656,-0.0211918806675672,-0.0137576522881387));
#5445=CARTESIAN_POINT('',(-0.0259193864466656,-0.0168792567773529,-0.016250367398526));
#5446=CARTESIAN_POINT('',(-0.0259193864466656,-0.0168792567773529,-0.016250367398526));
#5447=CARTESIAN_POINT('',(-0.0263190018203336,-0.0167962649951911,-0.0161067840660581));
#5448=CARTESIAN_POINT('',(-0.0270485396873067,-0.0164441143581089,-0.015772436287309));
#5449=CARTESIAN_POINT('',(-0.0278561315768581,-0.0161212332063588,-0.0157414));
#5450=CARTESIAN_POINT('',(-0.0282694895251924,-0.0159972,-0.0157414));
#5451=CARTESIAN_POINT('',(-0.053442,0.0159972,-0.0167602));
#5452=CARTESIAN_POINT('',(-0.0526381524227066,0.0159972,-0.0167602));
#5453=CARTESIAN_POINT('',(-0.0526381524227066,0.017016,-0.0167602));
#5454=CARTESIAN_POINT('',(-0.053442,0.017016,-0.0167602));
#5455=CARTESIAN_POINT('',(-0.025239524404394,0.017016,-0.0167602));
#5456=CARTESIAN_POINT('',(-0.0259193864466656,0.0168792567773529,-0.016250367398526));
#5457=CARTESIAN_POINT('',(-0.0257805297999149,0.0169080944080804,-0.0163002591228928));
#5458=CARTESIAN_POINT('',(-0.0255736592150973,0.0169501512626483,-0.0163867970795238));
#5459=CARTESIAN_POINT('',(-0.025330392056173,0.0169983067359465,-0.01654985586917));
#5460=CARTESIAN_POINT('',(-0.025239524404394,0.017016,-0.0166835143998878));
#5461=CARTESIAN_POINT('',(-0.025239524404394,0.017016,-0.0167602));
#5462=CARTESIAN_POINT('',(-0.053442,-0.0159972,-0.0167602));
#5463=CARTESIAN_POINT('',(-0.053442,-0.017016,-0.0167602));
#5464=CARTESIAN_POINT('',(-0.025239524404394,-0.017016,-0.0167602));
#5465=CARTESIAN_POINT('',(-0.0526381524227066,-0.017016,-0.0167602));
#5466=CARTESIAN_POINT('',(-0.0526381524227066,-0.0159972,-0.0167602));
#5467=CARTESIAN_POINT('',(-0.025239524404394,-0.017016,-0.0167602));
#5468=CARTESIAN_POINT('',(-0.025239524404394,-0.017016,-0.0166834251969458));
#5469=CARTESIAN_POINT('',(-0.0253296930242186,-0.0169984462670273,-0.0165503266858881));
#5470=CARTESIAN_POINT('',(-0.025576941872528,-0.0169494953860416,-0.0163848330527085));
#5471=CARTESIAN_POINT('',(-0.0257806392458657,-0.016908071678438,-0.016300219798544));
#5472=CARTESIAN_POINT('',(-0.0259193864466656,-0.0168792567773529,-0.016250367398526));
#5473=CARTESIAN_POINT('',(-0.0526381524227066,-0.0189972,-0.0167602));
#5474=CARTESIAN_POINT('',(-0.0531475524227066,-0.0846113281679487,-0.0158778933186244));
#5475=CARTESIAN_POINT('',(-0.0531475524227066,-0.0159972,-0.0158778933186244));
#5476=CARTESIAN_POINT('',(-0.0531475524227066,0.0159972,-0.0158778933186244));
#5477=CARTESIAN_POINT('',(-0.0526381524227066,0.0159972,-0.0167602));
#5478=CARTESIAN_POINT('',(-0.0526381524227066,-0.0159972,-0.0167602));
#5479=CARTESIAN_POINT('',(-0.0526381524227066,-0.0159972,-0.0167602));
#5480=CARTESIAN_POINT('',(-0.0526381524227066,-0.0159972,-0.0167602));
#5481=CARTESIAN_POINT('',(-0.0526381524227066,0.0159972,-0.0167602));
#5482=CARTESIAN_POINT('',(-0.0526381524227066,0.0159972,-0.0167602));
#5483=CARTESIAN_POINT('',(0.,0.,-0.0137576522881388));
#5484=CARTESIAN_POINT('',(0.,0.,-0.0137576522881388));
#5485=CARTESIAN_POINT('',(-0.0259193864466656,0.0168792567773529,-0.016250367398526));
#5486=CARTESIAN_POINT('',(-0.0234282451444495,0.0163691977024341,-0.0153679188015124));
#5487=CARTESIAN_POINT('',(-0.0220630648287405,0.0180389237983532,-0.0137576522881388));
#5488=CARTESIAN_POINT('',(-0.0255132318056972,0.0169636066273982,-0.0163963003119687));
#5489=CARTESIAN_POINT('',(-0.023171543229567,0.0167471215940911,-0.0156917403258503));
#5490=CARTESIAN_POINT('',(-0.0217173384300172,0.0184617751853487,-0.01461709229337));
#5491=CARTESIAN_POINT('',(-0.0252395244079294,0.017016,-0.0165754409891354));
#5492=CARTESIAN_POINT('',(-0.0229733119995235,0.0170159999966352,-0.0162172591554205));
#5493=CARTESIAN_POINT('',(-0.0214843535901078,0.0187244266201992,-0.0156721021739594));
#5494=CARTESIAN_POINT('',(-0.025239524404394,0.017016,-0.0167602));
#5495=CARTESIAN_POINT('',(-0.0229733119970777,0.017016,-0.0167602));
#5496=CARTESIAN_POINT('',(-0.0214843535870951,0.0187244266236559,-0.0167602));
#5497=CARTESIAN_POINT('',(-0.025239524404394,0.0219972,-0.0167602));
#5498=CARTESIAN_POINT('',(-0.0214843535870951,0.0187244266236559,-0.0167602));
#5499=CARTESIAN_POINT('',(-0.0214843535870951,0.0187244266236559,-0.0167602));
#5500=CARTESIAN_POINT('',(-0.0214843535870951,0.0187244266236559,-0.0156962203897316));
#5501=CARTESIAN_POINT('',(-0.0217020959286356,0.0184804179990716,-0.0146549835888962));
#5502=CARTESIAN_POINT('',(-0.0220630648287405,0.0180389237983532,-0.0137576522881388));
#5503=CARTESIAN_POINT('',(-0.025239524404394,-0.017016,-0.0167602));
#5504=CARTESIAN_POINT('',(-0.0229733119970777,-0.017016,-0.0167602));
#5505=CARTESIAN_POINT('',(-0.0214843535870951,-0.0187244266236559,-0.0167602));
#5506=CARTESIAN_POINT('',(-0.025239524410923,-0.017016,-0.0165749073640362));
#5507=CARTESIAN_POINT('',(-0.0229733120015958,-0.0170159999937883,-0.0162156910214718));
#5508=CARTESIAN_POINT('',(-0.021484353592656,-0.0187244266172754,-0.0156689595055193));
#5509=CARTESIAN_POINT('',(-0.0255086689268335,-0.0169645542427804,-0.0163979397727794));
#5510=CARTESIAN_POINT('',(-0.0231687195333692,-0.0167512787198376,-0.0156953023358192));
#5511=CARTESIAN_POINT('',(-0.0217134544227397,-0.0184665256408257,-0.0146267475419024));
#5512=CARTESIAN_POINT('',(-0.0259193864466656,-0.0168792567773529,-0.016250367398526));
#5513=CARTESIAN_POINT('',(-0.0234282451444495,-0.0163691977024341,-0.0153679188015124));
#5514=CARTESIAN_POINT('',(-0.0220630648287405,-0.0180389237983532,-0.0137576522881387));
#5515=CARTESIAN_POINT('',(-0.0220630648287405,-0.0180389237983532,-0.0137576522881388));
#5516=CARTESIAN_POINT('',(-0.0217013148192483,-0.0184813733591165,-0.014656925345935));
#5517=CARTESIAN_POINT('',(-0.0214843535870951,-0.0187244266236559,-0.0156936925291497));
#5518=CARTESIAN_POINT('',(-0.0214843535870951,-0.0187244266236559,-0.0167602));
#5519=CARTESIAN_POINT('',(-0.0214843535870951,-0.0187244266236559,-0.0167602));
#5520=CARTESIAN_POINT('',(-0.025239524404394,-0.0219972,-0.0167602));
#5521=CARTESIAN_POINT('',(-0.051942,-0.0159972,-0.0163582762113533));
#5522=CARTESIAN_POINT('',(-0.051942,-0.017016,-0.0163582762113533));
#5523=CARTESIAN_POINT('',(-0.0524514,-0.0159972,-0.0154759695299777));
#5524=CARTESIAN_POINT('',(-0.051942,0.0159972,-0.0163582762113533));
#5525=CARTESIAN_POINT('',(-0.0524514,0.0159972,-0.0154759695299777));
#5526=CARTESIAN_POINT('',(-0.051942,0.017016,-0.0163582762113533));
#5527=CARTESIAN_POINT('',(-0.0524514,-0.0846113281679487,-0.0154759695299777));
#5528=CARTESIAN_POINT('',(-0.0524514,0.008,-0.0154759695299777));
#5529=CARTESIAN_POINT('',(-0.0754594669151494,0.008,-0.028759683156972));
#5530=CARTESIAN_POINT('',(-0.0524514,-0.008,-0.0154759695299777));
#5531=CARTESIAN_POINT('',(-0.0754594669151494,-0.008,-0.028759683156972));
#5532=CARTESIAN_POINT('',(-0.0524514,-0.008,-0.0154759695299777));
#5533=CARTESIAN_POINT('',(-0.0614348349484711,-0.008,-0.020662558115725));
#5534=CARTESIAN_POINT('',(-0.0614348349484711,-0.0846113281679487,-0.020662558115725));
#5535=CARTESIAN_POINT('',(-0.0614348349484711,0.008,-0.020662558115725));
#5536=CARTESIAN_POINT('',(-0.0524514,0.008,-0.0154759695299777));
#5537=CARTESIAN_POINT('',(-0.025239524404394,0.0219972,-0.074192));
#5538=CARTESIAN_POINT('',(-0.0214843535870951,0.0187244266236559,-0.074192));
#5539=CARTESIAN_POINT('',(-0.025239524404394,0.017016,-0.0137602));
#5540=CARTESIAN_POINT('',(-0.025239524404394,-0.0219972,-0.074192));
#5541=CARTESIAN_POINT('',(-0.025239524404394,-0.017016,-0.0137602));
#5542=CARTESIAN_POINT('',(-0.0214843535870951,-0.0187244266236559,-0.074192));
#5543=CARTESIAN_POINT('',(0.,0.,-0.074192));
#5544=CARTESIAN_POINT('',(-0.053442,-0.017016,-0.0137602));
#5545=CARTESIAN_POINT('',(-0.039,-0.017016,-0.062));
#5546=CARTESIAN_POINT('',(-0.039,-0.017016,-0.06668));
#5547=CARTESIAN_POINT('',(-0.053442,0.017016,-0.0137602));
#5548=CARTESIAN_POINT('',(-0.039,0.017016,-0.062));
#5549=CARTESIAN_POINT('',(-0.039,0.017016,-0.05732));
#5550=CARTESIAN_POINT('',(-0.0862872825257645,0.008,-0.0350328337846177));
#5551=CARTESIAN_POINT('',(-0.0754500669151494,0.008,-0.0287759644345631));
#5552=CARTESIAN_POINT('',(-0.0614254349484711,0.008,-0.0206788393933161));
#5553=CARTESIAN_POINT('',(-0.0862872825257645,-0.008,-0.0350328337846177));
#5554=CARTESIAN_POINT('',(-0.0764500669151494,-0.008,-0.0270439136269942));
#5555=CARTESIAN_POINT('',(-0.0614254349484711,-0.008,-0.0206788393933161));
#5556=CARTESIAN_POINT('',(-0.0614254349484711,0.008,-0.0206788393933161));
#5557=CARTESIAN_POINT('',(-0.0764500669151494,0.0065,-0.0270439136269942));
#5558=CARTESIAN_POINT('',(-0.0770107270869293,0.00537867965644035,-0.0260728217236913));
#5559=CARTESIAN_POINT('',(-0.0770107270869293,0.00537867965644035,-0.0260728217236913));
#5560=CARTESIAN_POINT('',(-0.0764500669151494,0.0065,-0.0270439136269942));
#5561=CARTESIAN_POINT('',(-0.0768894067433696,0.00562132034355969,-0.0262829547227283));
#5562=CARTESIAN_POINT('',(-0.0768894067433696,0.00562132034355969,-0.0262829547227283));
#5563=CARTESIAN_POINT('',(-0.0774500669151494,0.0045,-0.0253118628194253));
#5564=CARTESIAN_POINT('',(-0.0774500669151494,0.0045,-0.0253118628194253));
#5565=CARTESIAN_POINT('',(-0.0774500669151494,-0.00325735931288071,-0.0253118628194253));
#5566=CARTESIAN_POINT('',(-0.0774500669151494,0.00325735931288071,-0.0253118628194253));
#5567=CARTESIAN_POINT('',(-0.0774500669151494,0.00325735931288071,-0.0253118628194253));
#5568=CARTESIAN_POINT('',(-0.0774500669151494,-0.00325735931288071,-0.0253118628194253));
#5569=CARTESIAN_POINT('',(-0.0764500669151494,-0.0065,-0.0270439136269942));
#5570=CARTESIAN_POINT('',(-0.0764500669151494,-0.0065,-0.0270439136269942));
#5571=CARTESIAN_POINT('',(-0.0768894067433696,-0.00562132034355969,-0.0262829547227283));
#5572=CARTESIAN_POINT('',(-0.0770107270869293,-0.00537867965644036,-0.0260728217236913));
#5573=CARTESIAN_POINT('',(-0.0770107270869293,-0.00537867965644036,-0.0260728217236913));
#5574=CARTESIAN_POINT('',(-0.0768894067433696,-0.00562132034355969,-0.0262829547227283));
#5575=CARTESIAN_POINT('',(-0.0764500669151494,-0.008,-0.0270439136269942));
#5576=CARTESIAN_POINT('',(-0.0754500669151494,-0.008,-0.0287759644345631));
#5577=CARTESIAN_POINT('',(-0.0754500669151494,-0.008,-0.0287759644345631));
#5578=CARTESIAN_POINT('',(-0.0764500669151494,-0.008,-0.0270439136269942));
#5579=CARTESIAN_POINT('',(-0.0754500669151494,-0.008,-0.0287759644345631));
#5580=CARTESIAN_POINT('',(-0.0754500669151494,-0.00691421356237309,-0.0287759644345631));
#5581=CARTESIAN_POINT('',(-0.0754500669151494,-0.00691421356237309,-0.0287759644345631));
#5582=CARTESIAN_POINT('',(-0.0754500669151494,-0.008,-0.0287759644345631));
#5583=CARTESIAN_POINT('',(-0.0757429601339629,-0.0050857864376269,-0.0282686584983858));
#5584=CARTESIAN_POINT('',(-0.0757429601339629,-0.0050857864376269,-0.0282686584983858));
#5585=CARTESIAN_POINT('',(-0.0758894067433696,-0.00479289321881345,-0.0280150055302972));
#5586=CARTESIAN_POINT('',(-0.0760107270869293,-0.00455025253169417,-0.0278048725312602));
#5587=CARTESIAN_POINT('',(-0.0758894067433696,-0.00479289321881344,-0.0280150055302972));
#5588=CARTESIAN_POINT('',(-0.0760107270869293,-0.00455025253169416,-0.0278048725312602));
#5589=CARTESIAN_POINT('',(-0.0764500669151494,0.0045,-0.0270439136269942));
#5590=CARTESIAN_POINT('',(-0.0764500669151494,0.0045,-0.0270439136269942));
#5591=CARTESIAN_POINT('',(-0.0764500669151494,-0.00242893218813452,-0.0270439136269942));
#5592=CARTESIAN_POINT('',(-0.0764500669151494,0.00242893218813452,-0.0270439136269942));
#5593=CARTESIAN_POINT('',(-0.079,-0.00242893218813452,-0.0285161181799482));
#5594=CARTESIAN_POINT('',(-0.0764500669151494,0.00242893218813452,-0.0270439136269942));
#5595=CARTESIAN_POINT('',(-0.0757429601339629,0.0050857864376269,-0.0282686584983858));
#5596=CARTESIAN_POINT('',(-0.0757429601339629,0.0050857864376269,-0.0282686584983858));
#5597=CARTESIAN_POINT('',(-0.0760107270869293,0.00455025253169417,-0.0278048725312602));
#5598=CARTESIAN_POINT('',(-0.0758894067433696,0.00479289321881344,-0.0280150055302972));
#5599=CARTESIAN_POINT('',(-0.0785606601717798,0.00455025253169417,-0.0292770770842142));
#5600=CARTESIAN_POINT('',(-0.0758894067433696,0.00479289321881344,-0.0280150055302972));
#5601=CARTESIAN_POINT('',(-0.0754500669151494,0.008,-0.0287759644345631));
#5602=CARTESIAN_POINT('',(-0.0754500669151494,0.008,-0.0287759644345631));
#5603=CARTESIAN_POINT('',(-0.0754500669151494,0.00691421356237309,-0.0287759644345631));
#5604=CARTESIAN_POINT('',(-0.0754500669151494,0.008,-0.0287759644345631));
#5605=CARTESIAN_POINT('',(-0.0754500669151494,0.00691421356237309,-0.0287759644345631));
#5606=CARTESIAN_POINT('',(-0.0754500669151494,0.008,-0.0287759644345631));
#5607=CARTESIAN_POINT('',(-0.0754500669151494,0.008,-0.0287759644345631));
#5608=CARTESIAN_POINT('',(-0.0754500669151494,0.008,-0.0287759644345631));
#5609=CARTESIAN_POINT('',(-0.0690479082957267,0.,-0.0398648284415183));
#5610=CARTESIAN_POINT('',(-0.0769500669151494,-0.00691421356237309,-0.0261778882232098));
#5611=CARTESIAN_POINT('',(-0.0749500669151494,-0.00242893218813452,-0.0296419898383475));
#5612=CARTESIAN_POINT('',(-0.0749500669151494,0.00242893218813452,-0.0296419898383475));
#5613=CARTESIAN_POINT('',(-0.0769500669151494,0.00691421356237309,-0.0261778882232098));
#5614=CARTESIAN_POINT('',(-0.0779500669151494,0.00774264068711933,-0.0244458374156409));
#5615=CARTESIAN_POINT('',(-0.0759500669151494,0.00325735931288071,-0.0279099390307787));
#5616=CARTESIAN_POINT('',(-0.0759500669151494,-0.00325735931288071,-0.0279099390307787));
#5617=CARTESIAN_POINT('',(-0.0779500669151494,-0.00774264068711933,-0.0244458374156409));
#5618=CARTESIAN_POINT('',(-0.0769500669151494,-0.00691421356237309,-0.0261778882232098));
#5619=CARTESIAN_POINT('',(-0.0749500669151494,-0.00242893218813452,-0.0296419898383475));
#5620=CARTESIAN_POINT('',(-0.0749500669151494,0.00242893218813452,-0.0296419898383475));
#5621=CARTESIAN_POINT('',(-0.0769500669151494,0.00691421356237309,-0.0261778882232098));
#5622=CARTESIAN_POINT('',(-0.0759500669151494,0.00325735931288071,-0.0279099390307787));
#5623=CARTESIAN_POINT('',(-0.0759500669151494,-0.00325735931288071,-0.0279099390307787));
#5624=CARTESIAN_POINT('',(-0.054942,-0.00774264068711947,-0.0111621237886465));
#5625=CARTESIAN_POINT('',(-0.0779500669151494,0.00774264068711933,-0.0244458374156409));
#5626=CARTESIAN_POINT('',(-0.039,0.0425,-0.062));
#5627=CARTESIAN_POINT('',(-0.039,0.0189972,-0.062));
#5628=CARTESIAN_POINT('',(-0.039,0.0189972,-0.05732));
#5629=CARTESIAN_POINT('',(-0.039,0.0425,-0.062));
#5630=CARTESIAN_POINT('',(-0.039,0.0431232171942814,-0.062));
#5631=CARTESIAN_POINT('',(-0.039,-0.016508,-0.062));
#5632=CARTESIAN_POINT('',(-0.0349375,-0.016508,-0.062));
#5633=CARTESIAN_POINT('',(-0.039,-0.019517083,-0.062));
#5634=CARTESIAN_POINT('',(-0.0430625,-0.019517083,-0.062));
#5635=CARTESIAN_POINT('',(-0.039,-0.019517083,-0.062));
#5636=CARTESIAN_POINT('',(-0.039,-0.019517083,-0.062));
#5637=CARTESIAN_POINT('',(-0.0446875,-0.019517083,-0.062));
#5638=CARTESIAN_POINT('',(-0.039,-0.019517083,-0.062));
#5639=CARTESIAN_POINT('',(-0.039,-0.020036966,-0.062));
#5640=CARTESIAN_POINT('',(-0.0333125,-0.020036966,-0.062));
#5641=CARTESIAN_POINT('',(0.,-0.020036966,0.));
#5642=CARTESIAN_POINT('',(-0.0325,-0.020036966,-0.0582472232502674));
#5643=CARTESIAN_POINT('',(-0.0325,-0.020036966,-0.0582472232502674));
#5644=CARTESIAN_POINT('',(-0.039,-0.020036966,-0.0544944465005349));
#5645=CARTESIAN_POINT('',(-0.0325,-0.020036966,-0.0657527767497326));
#5646=CARTESIAN_POINT('',(-0.0325,-0.020036966,-0.0657527767497326));
#5647=CARTESIAN_POINT('',(-0.039,-0.020036966,-0.0695055534994651));
#5648=CARTESIAN_POINT('',(-0.039,-0.020036966,-0.0695055534994651));
#5649=CARTESIAN_POINT('',(-0.0455,-0.020036966,-0.0657527767497326));
#5650=CARTESIAN_POINT('',(-0.0455,-0.020036966,-0.0657527767497326));
#5651=CARTESIAN_POINT('',(-0.0455,-0.020036966,-0.0582472232502674));
#5652=CARTESIAN_POINT('',(-0.0455,-0.020036966,-0.0582472232502674));
#5653=CARTESIAN_POINT('',(-0.039,-0.020036966,-0.0544944465005349));
#5654=CARTESIAN_POINT('',(-0.0325,-0.025314966,-0.0582472232502674));
#5655=CARTESIAN_POINT('',(-0.0324999999999999,-0.0247344094163998,-0.0582472232502674));
#5656=CARTESIAN_POINT('',(-0.0335633137534658,-0.0250888473342217,-0.0576333187684709));
#5657=CARTESIAN_POINT('',(-0.0346425914180355,-0.025314966,-0.0570101975183012));
#5658=CARTESIAN_POINT('',(-0.03575,-0.025314966,-0.0563708348754011));
#5659=CARTESIAN_POINT('',(-0.0325,-0.0247344094163992,-0.0582472232502674));
#5660=CARTESIAN_POINT('',(-0.03575,-0.025314966,-0.0563708348754012));
#5661=CARTESIAN_POINT('',(-0.0325,-0.025314966,-0.0582472232502674));
#5662=CARTESIAN_POINT('',(-0.039,-0.025314966,-0.0544944465005349));
#5663=CARTESIAN_POINT('',(-0.039,-0.0247344094163992,-0.0544944465005349));
#5664=CARTESIAN_POINT('',(-0.03575,-0.025314966,-0.0563708348754011));
#5665=CARTESIAN_POINT('',(-0.0368532687563656,-0.025314966,-0.0557338623619249));
#5666=CARTESIAN_POINT('',(-0.0379393408294853,-0.0250879624732377,-0.0551068183581499));
#5667=CARTESIAN_POINT('',(-0.039,-0.0247344094163995,-0.0544944465005348));
#5668=CARTESIAN_POINT('',(-0.0325,-0.025314966,-0.0657527767497326));
#5669=CARTESIAN_POINT('',(-0.0325,-0.0247344094163992,-0.0657527767497328));
#5670=CARTESIAN_POINT('',(-0.0325,-0.0250873295543621,-0.0645302255298009));
#5671=CARTESIAN_POINT('',(-0.0325,-0.025314966,-0.0632702787567835));
#5672=CARTESIAN_POINT('',(-0.0325,-0.025314966,-0.062));
#5673=CARTESIAN_POINT('',(-0.0325,-0.0247344094163994,-0.0657527767497329));
#5674=CARTESIAN_POINT('',(-0.0325,-0.025314966,-0.062));
#5675=CARTESIAN_POINT('',(-0.0325,-0.025314966,-0.0657527767497326));
#5676=CARTESIAN_POINT('',(-0.0325,-0.025314966,-0.062));
#5677=CARTESIAN_POINT('',(-0.0325,-0.025314966,-0.0607286979114832));
#5678=CARTESIAN_POINT('',(-0.0325,-0.0250848907412028,-0.0594613261735949));
#5679=CARTESIAN_POINT('',(-0.0325,-0.0247344094163992,-0.0582472232502674));
#5680=CARTESIAN_POINT('',(-0.039,-0.025314966,-0.0695055534994651));
#5681=CARTESIAN_POINT('',(-0.0390000000000001,-0.0247344094163998,-0.0695055534994651));
#5682=CARTESIAN_POINT('',(-0.0379366862465342,-0.0250888473342217,-0.0688916490176686));
#5683=CARTESIAN_POINT('',(-0.0368574085819645,-0.025314966,-0.0682685277674989));
#5684=CARTESIAN_POINT('',(-0.03575,-0.025314966,-0.0676291651245989));
#5685=CARTESIAN_POINT('',(-0.039,-0.0247344094163992,-0.0695055534994651));
#5686=CARTESIAN_POINT('',(-0.03575,-0.025314966,-0.0676291651245989));
#5687=CARTESIAN_POINT('',(-0.039,-0.025314966,-0.0695055534994651));
#5688=CARTESIAN_POINT('',(-0.03575,-0.025314966,-0.0676291651245989));
#5689=CARTESIAN_POINT('',(-0.0346467312436345,-0.025314966,-0.0669921926111227));
#5690=CARTESIAN_POINT('',(-0.0335606591705148,-0.0250879624732378,-0.0663651486073477));
#5691=CARTESIAN_POINT('',(-0.0325000000000001,-0.0247344094163996,-0.0657527767497326));
#5692=CARTESIAN_POINT('',(-0.0455,-0.025314966,-0.0657527767497326));
#5693=CARTESIAN_POINT('',(-0.0455000000000001,-0.0247344094163998,-0.0657527767497326));
#5694=CARTESIAN_POINT('',(-0.0444366862465342,-0.0250888473342217,-0.0663666812315291));
#5695=CARTESIAN_POINT('',(-0.0433574085819645,-0.025314966,-0.0669898024816988));
#5696=CARTESIAN_POINT('',(-0.04225,-0.025314966,-0.0676291651245989));
#5697=CARTESIAN_POINT('',(-0.0455,-0.0247344094163992,-0.0657527767497326));
#5698=CARTESIAN_POINT('',(-0.04225,-0.025314966,-0.0676291651245989));
#5699=CARTESIAN_POINT('',(-0.0455,-0.025314966,-0.0657527767497326));
#5700=CARTESIAN_POINT('',(-0.04225,-0.025314966,-0.0676291651245989));
#5701=CARTESIAN_POINT('',(-0.0411467312436344,-0.025314966,-0.0682661376380751));
#5702=CARTESIAN_POINT('',(-0.0400606591705147,-0.0250879624732377,-0.0688931816418501));
#5703=CARTESIAN_POINT('',(-0.039,-0.0247344094163995,-0.0695055534994652));
#5704=CARTESIAN_POINT('',(-0.0455,-0.025314966,-0.0582472232502674));
#5705=CARTESIAN_POINT('',(-0.0455,-0.025314966,-0.062));
#5706=CARTESIAN_POINT('',(-0.0455,-0.025314966,-0.0607286979114832));
#5707=CARTESIAN_POINT('',(-0.0455,-0.0250848907412028,-0.0594613261735949));
#5708=CARTESIAN_POINT('',(-0.0455,-0.0247344094163992,-0.0582472232502674));
#5709=CARTESIAN_POINT('',(-0.0455,-0.0247344094163992,-0.0582472232502674));
#5710=CARTESIAN_POINT('',(-0.0455,-0.025314966,-0.062));
#5711=CARTESIAN_POINT('',(-0.0455,-0.025314966,-0.0582472232502674));
#5712=CARTESIAN_POINT('',(-0.0455,-0.0247344094163992,-0.0657527767497326));
#5713=CARTESIAN_POINT('',(-0.0455,-0.0250873295543621,-0.0645302255298008));
#5714=CARTESIAN_POINT('',(-0.0455,-0.025314966,-0.0632702787567834));
#5715=CARTESIAN_POINT('',(-0.0455,-0.025314966,-0.062));
#5716=CARTESIAN_POINT('',(-0.039,-0.025314966,-0.0544944465005349));
#5717=CARTESIAN_POINT('',(-0.0389999999999999,-0.0247344094163998,-0.0544944465005349));
#5718=CARTESIAN_POINT('',(-0.0400633137534658,-0.0250888473342218,-0.0551083509823314));
#5719=CARTESIAN_POINT('',(-0.0411425914180355,-0.025314966,-0.0557314722325011));
#5720=CARTESIAN_POINT('',(-0.04225,-0.025314966,-0.0563708348754012));
#5721=CARTESIAN_POINT('',(-0.04225,-0.025314966,-0.0563708348754012));
#5722=CARTESIAN_POINT('',(-0.04225,-0.025314966,-0.0563708348754012));
#5723=CARTESIAN_POINT('',(-0.0433532687563656,-0.025314966,-0.0570078073888774));
#5724=CARTESIAN_POINT('',(-0.0444393408294853,-0.0250879624732378,-0.0576348513926524));
#5725=CARTESIAN_POINT('',(-0.0455,-0.0247344094163995,-0.0582472232502675));
#5726=CARTESIAN_POINT('',(-0.039,-0.025314966,-0.062));
#5727=CARTESIAN_POINT('',(-0.039,-0.025314966,-0.062));
#5728=CARTESIAN_POINT('',(-0.039,-0.025314966,-0.062));
#5729=CARTESIAN_POINT('',(-0.039,-0.025314966,-0.062));
#5730=CARTESIAN_POINT('',(-0.039,-0.025314966,-0.062));
#5731=CARTESIAN_POINT('',(-0.039,-0.025314966,-0.062));
#5732=CARTESIAN_POINT('',(-0.039,-0.025314966,-0.062));
#5733=CARTESIAN_POINT('',(-0.039,-0.025314966,-0.062));
#5734=CARTESIAN_POINT('',(-0.039,-0.025314966,-0.062));
#5735=CARTESIAN_POINT('',(-0.039,-0.025314966,-0.062));
#5736=CARTESIAN_POINT('',(-0.039,-0.025314966,-0.062));
#5737=CARTESIAN_POINT('',(-0.039,-0.025314966,-0.062));
#5738=CARTESIAN_POINT('',(0.,-0.025314966,0.));
#5739=CARTESIAN_POINT('',(-0.039,-0.016,-0.062));
#5740=CARTESIAN_POINT('',(-0.039,-0.0157206824825078,-0.062));
#5741=CARTESIAN_POINT('',(-0.007382,-0.0157206824825078,-0.062));
#5742=CARTESIAN_POINT('',(-0.039,-0.016,-0.062));
#5743=CARTESIAN_POINT('',(-0.007382,-0.016,-0.062));
#5744=CARTESIAN_POINT('',(-0.039,-0.0157206824825078,-0.062));
#5745=CARTESIAN_POINT('',(-0.039,-0.0142273915919866,-0.062));
#5746=CARTESIAN_POINT('',(-0.0061623982856167,-0.0142273915919866,-0.062));
#5747=CARTESIAN_POINT('',(-0.039,-0.0142273915919866,-0.062));
#5748=CARTESIAN_POINT('',(-0.039,-0.0131683778217279,-0.062));
#5749=CARTESIAN_POINT('',(-0.000967179748626701,-0.0131683778217279,-0.062));
#5750=CARTESIAN_POINT('',(-0.039,-0.0116750869312066,-0.062));
#5751=CARTESIAN_POINT('',(-0.039,-0.0118694592287764,-0.062));
#5752=CARTESIAN_POINT('',(0.000239975937646901,-0.0118694592287764,-0.062));
#5753=CARTESIAN_POINT('',(-0.039,0.,-0.062));
#5754=CARTESIAN_POINT('',(-0.039,0.0118694592287764,-0.062));
#5755=CARTESIAN_POINT('',(0.000239975937646901,0.0118694592287764,-0.062));
#5756=CARTESIAN_POINT('',(-0.039,0.0116750869312066,-0.062));
#5757=CARTESIAN_POINT('',(-0.039,0.0131683778217278,-0.062));
#5758=CARTESIAN_POINT('',(-0.000967179748626701,0.0131683778217278,-0.062));
#5759=CARTESIAN_POINT('',(-0.039,0.0131683778217278,-0.062));
#5760=CARTESIAN_POINT('',(-0.039,0.0142273915919866,-0.062));
#5761=CARTESIAN_POINT('',(-0.0061623982856167,0.0142273915919866,-0.062));
#5762=CARTESIAN_POINT('',(-0.039,0.0157206824825078,-0.062));
#5763=CARTESIAN_POINT('',(-0.039,0.0157206824825078,-0.062));
#5764=CARTESIAN_POINT('',(-0.007382,0.0157206824825078,-0.062));
#5765=CARTESIAN_POINT('',(-0.039,-0.016,-0.062));
#5766=CARTESIAN_POINT('',(-0.039,0.016,-0.062));
#5767=CARTESIAN_POINT('',(-0.007382,0.016,-0.062));
#5768=CARTESIAN_POINT('',(-0.039,0.016,-0.093618));
#5769=CARTESIAN_POINT('',(-0.039,0.016,-0.062));
#5770=CARTESIAN_POINT('',(-0.0139230112907975,0.016,-0.062));
#5771=CARTESIAN_POINT('',(-0.039,0.014476,-0.062));
#5772=CARTESIAN_POINT('',(-0.039,0.0146088253519474,-0.062));
#5773=CARTESIAN_POINT('',(-0.0154412120106893,0.0146088253519474,-0.062));
#5774=CARTESIAN_POINT('',(-0.039,0.0146088253519474,-0.062));
#5775=CARTESIAN_POINT('',(-0.039,0.00902244976536836,-0.062));
#5776=CARTESIAN_POINT('',(-0.015929956544713,0.00902244976536836,-0.062));
#5777=CARTESIAN_POINT('',(-0.039,0.009111,-0.062));
#5778=CARTESIAN_POINT('',(-0.039,0.008095,-0.062));
#5779=CARTESIAN_POINT('',(-0.0169420903579741,0.008095,-0.062));
#5780=CARTESIAN_POINT('',(-0.039,0.008095,-0.0840579096420259));
#5781=CARTESIAN_POINT('',(-0.039,0.008095,-0.062));
#5782=CARTESIAN_POINT('',(-0.0176036625576566,0.008095,-0.062));
#5783=CARTESIAN_POINT('',(-0.039,0.009111,-0.062));
#5784=CARTESIAN_POINT('',(-0.039,0.00904012742267596,-0.062));
#5785=CARTESIAN_POINT('',(-0.0186171876327206,0.00904012742267596,-0.062));
#5786=CARTESIAN_POINT('',(-0.039,0.00904012742267596,-0.062));
#5787=CARTESIAN_POINT('',(-0.039,0.013784872577324,-0.062));
#5788=CARTESIAN_POINT('',(-0.0189489725348695,0.013784872577324,-0.062));
#5789=CARTESIAN_POINT('',(-0.039,0.013714,-0.062));
#5790=CARTESIAN_POINT('',(-0.039,0.01473,-0.062));
#5791=CARTESIAN_POINT('',(-0.0199624976099335,0.01473,-0.062));
#5792=CARTESIAN_POINT('',(-0.039,0.01473,-0.0810375023900665));
#5793=CARTESIAN_POINT('',(-0.039,0.01473,-0.062));
#5794=CARTESIAN_POINT('',(-0.0213010622824176,0.01473,-0.062));
#5795=CARTESIAN_POINT('',(-0.039,-0.016,-0.062));
#5796=CARTESIAN_POINT('',(-0.039,0.013206,-0.062));
#5797=CARTESIAN_POINT('',(-0.0213010622824176,0.013206,-0.062));
#5798=CARTESIAN_POINT('',(-0.039,0.013206,-0.062));
#5799=CARTESIAN_POINT('',(-0.039,0.01473,-0.062));
#5800=CARTESIAN_POINT('',(-0.0219451332828701,0.01473,-0.062));
#5801=CARTESIAN_POINT('',(-0.039,0.01473,-0.062));
#5802=CARTESIAN_POINT('',(-0.039,0.0155689363342234,-0.062));
#5803=CARTESIAN_POINT('',(-0.0228084230253799,0.0155689363342234,-0.062));
#5804=CARTESIAN_POINT('',(-0.039,0.014476,-0.062));
#5805=CARTESIAN_POINT('',(-0.039,0.016,-0.062));
#5806=CARTESIAN_POINT('',(-0.0238705276197276,0.016,-0.062));
#5807=CARTESIAN_POINT('',(-0.039,0.016,-0.075716));
#5808=CARTESIAN_POINT('',(-0.039,0.016,-0.062));
#5809=CARTESIAN_POINT('',(-0.025284,0.016,-0.062));
#5810=CARTESIAN_POINT('',(-0.039,-0.016,-0.062));
#5811=CARTESIAN_POINT('',(-0.039,0.016508,-0.062));
#5812=CARTESIAN_POINT('',(-0.025284,0.016508,-0.062));
#5813=CARTESIAN_POINT('',(-0.039,0.016508,-0.0660625));
#5814=CARTESIAN_POINT('',(-0.039,0.016508,-0.062));
#5815=CARTESIAN_POINT('',(-0.0349375,0.016508,-0.062));
#5816=CARTESIAN_POINT('',(-0.039,-0.016508,-0.0660625));
#5817=CARTESIAN_POINT('',(-0.039,-0.016508,-0.062));
#5818=CARTESIAN_POINT('',(-0.025284,-0.016508,-0.062));
#5819=CARTESIAN_POINT('',(-0.039,-0.016,-0.062));
#5820=CARTESIAN_POINT('',(-0.039,-0.016,-0.062));
#5821=CARTESIAN_POINT('',(-0.025284,-0.016,-0.062));
#5822=CARTESIAN_POINT('',(-0.039,-0.016,-0.075716));
#5823=CARTESIAN_POINT('',(-0.039,-0.016,-0.062));
#5824=CARTESIAN_POINT('',(-0.0238705276197276,-0.016,-0.062));
#5825=CARTESIAN_POINT('',(-0.039,-0.014476,-0.062));
#5826=CARTESIAN_POINT('',(-0.039,-0.0155689363342234,-0.062));
#5827=CARTESIAN_POINT('',(-0.0228084230253799,-0.0155689363342234,-0.062));
#5828=CARTESIAN_POINT('',(-0.039,-0.0155689363342234,-0.062));
#5829=CARTESIAN_POINT('',(-0.039,-0.01473,-0.062));
#5830=CARTESIAN_POINT('',(-0.0219451332828701,-0.01473,-0.062));
#5831=CARTESIAN_POINT('',(-0.039,-0.013206,-0.062));
#5832=CARTESIAN_POINT('',(-0.039,-0.013206,-0.062));
#5833=CARTESIAN_POINT('',(-0.0213010622824176,-0.013206,-0.062));
#5834=CARTESIAN_POINT('',(-0.039,-0.016,-0.062));
#5835=CARTESIAN_POINT('',(-0.039,-0.01473,-0.062));
#5836=CARTESIAN_POINT('',(-0.0213010622824176,-0.01473,-0.062));
#5837=CARTESIAN_POINT('',(-0.039,-0.01473,-0.0810375023900665));
#5838=CARTESIAN_POINT('',(-0.039,-0.01473,-0.062));
#5839=CARTESIAN_POINT('',(-0.0199624976099335,-0.01473,-0.062));
#5840=CARTESIAN_POINT('',(-0.039,-0.013714,-0.062));
#5841=CARTESIAN_POINT('',(-0.039,-0.013784872577324,-0.062));
#5842=CARTESIAN_POINT('',(-0.0189489725348695,-0.013784872577324,-0.062));
#5843=CARTESIAN_POINT('',(-0.039,-0.013784872577324,-0.062));
#5844=CARTESIAN_POINT('',(-0.039,-0.00904012742267596,-0.062));
#5845=CARTESIAN_POINT('',(-0.0186171876327206,-0.00904012742267596,-0.062));
#5846=CARTESIAN_POINT('',(-0.039,-0.009111,-0.062));
#5847=CARTESIAN_POINT('',(-0.039,-0.008095,-0.062));
#5848=CARTESIAN_POINT('',(-0.0176036625576566,-0.008095,-0.062));
#5849=CARTESIAN_POINT('',(-0.039,-0.008095,-0.0840579096420259));
#5850=CARTESIAN_POINT('',(-0.039,-0.008095,-0.062));
#5851=CARTESIAN_POINT('',(-0.0169420903579741,-0.008095,-0.062));
#5852=CARTESIAN_POINT('',(-0.039,-0.009111,-0.062));
#5853=CARTESIAN_POINT('',(-0.039,-0.00902244976536836,-0.062));
#5854=CARTESIAN_POINT('',(-0.0159299565447129,-0.00902244976536836,-0.062));
#5855=CARTESIAN_POINT('',(-0.039,-0.00902244976536836,-0.062));
#5856=CARTESIAN_POINT('',(-0.039,-0.0146088253519474,-0.062));
#5857=CARTESIAN_POINT('',(-0.0154412120106893,-0.0146088253519474,-0.062));
#5858=CARTESIAN_POINT('',(-0.039,-0.014476,-0.062));
#5859=CARTESIAN_POINT('',(-0.039,-0.016,-0.062));
#5860=CARTESIAN_POINT('',(-0.0139230112907974,-0.016,-0.062));
#5861=CARTESIAN_POINT('',(-0.039,-0.016,-0.093618));
#5862=CARTESIAN_POINT('',(-0.039,0.0431232171942814,-0.062));
#5863=CARTESIAN_POINT('',(-0.039,0.0189972,-0.062));
#5864=CARTESIAN_POINT('',(-0.039,0.0189972,-0.0579375));
#5865=CARTESIAN_POINT('',(0.,0.0189972,0.));
#5866=CARTESIAN_POINT('',(-0.0455,0.0242752,-0.0582472232502674));
#5867=CARTESIAN_POINT('',(-0.0455000000000001,0.0236946434163998,-0.0582472232502674));
#5868=CARTESIAN_POINT('',(-0.0444366862465342,0.0240490813342217,-0.0576333187684709));
#5869=CARTESIAN_POINT('',(-0.0433574085819645,0.0242752,-0.0570101975183012));
#5870=CARTESIAN_POINT('',(-0.04225,0.0242752,-0.0563708348754011));
#5871=CARTESIAN_POINT('',(-0.0455,0.0236946434163992,-0.0582472232502674));
#5872=CARTESIAN_POINT('',(-0.04225,0.0242752,-0.0563708348754011));
#5873=CARTESIAN_POINT('',(-0.0455,0.0242752,-0.0582472232502674));
#5874=CARTESIAN_POINT('',(-0.0455,0.0195777565836008,-0.0582472232502674));
#5875=CARTESIAN_POINT('',(-0.04225,0.0189972,-0.0563708348754011));
#5876=CARTESIAN_POINT('',(-0.0433532687563656,0.0189972,-0.0570078073888773));
#5877=CARTESIAN_POINT('',(-0.0444393408294853,0.0192242035267623,-0.0576348513926523));
#5878=CARTESIAN_POINT('',(-0.0455,0.0195777565836005,-0.0582472232502674));
#5879=CARTESIAN_POINT('',(-0.039,0.0195777565836002,-0.0544944465005348));
#5880=CARTESIAN_POINT('',(-0.0400633137534658,0.0192233186657783,-0.0551083509823314));
#5881=CARTESIAN_POINT('',(-0.0411425914180355,0.0189972,-0.055731472232501));
#5882=CARTESIAN_POINT('',(-0.04225,0.0189972,-0.0563708348754011));
#5883=CARTESIAN_POINT('',(-0.039,0.0195777565836008,-0.0544944465005349));
#5884=CARTESIAN_POINT('',(-0.039,0.0242752,-0.0544944465005349));
#5885=CARTESIAN_POINT('',(-0.039,0.0236946434163992,-0.0544944465005349));
#5886=CARTESIAN_POINT('',(-0.04225,0.0242752,-0.0563708348754011));
#5887=CARTESIAN_POINT('',(-0.0411467312436344,0.0242752,-0.0557338623619249));
#5888=CARTESIAN_POINT('',(-0.0400606591705147,0.0240481964732377,-0.0551068183581499));
#5889=CARTESIAN_POINT('',(-0.039,0.0236946434163995,-0.0544944465005348));
#5890=CARTESIAN_POINT('',(-0.039,0.0242752,-0.0544944465005349));
#5891=CARTESIAN_POINT('',(-0.0390000000000001,0.0236946434163998,-0.0544944465005349));
#5892=CARTESIAN_POINT('',(-0.0379366862465342,0.0240490813342217,-0.0551083509823314));
#5893=CARTESIAN_POINT('',(-0.0368574085819645,0.0242752,-0.0557314722325011));
#5894=CARTESIAN_POINT('',(-0.03575,0.0242752,-0.0563708348754012));
#5895=CARTESIAN_POINT('',(-0.03575,0.0242752,-0.0563708348754011));
#5896=CARTESIAN_POINT('',(-0.03575,0.0189972,-0.0563708348754012));
#5897=CARTESIAN_POINT('',(-0.0368532687563656,0.0189972,-0.055733862361925));
#5898=CARTESIAN_POINT('',(-0.0379393408294853,0.0192242035267622,-0.05510681835815));
#5899=CARTESIAN_POINT('',(-0.039,0.0195777565836005,-0.0544944465005349));
#5900=CARTESIAN_POINT('',(-0.0325,0.0195777565836002,-0.0582472232502675));
#5901=CARTESIAN_POINT('',(-0.0335633137534658,0.0192233186657783,-0.057633318768471));
#5902=CARTESIAN_POINT('',(-0.0346425914180355,0.0189972,-0.0570101975183013));
#5903=CARTESIAN_POINT('',(-0.03575,0.0189972,-0.0563708348754012));
#5904=CARTESIAN_POINT('',(-0.0325,0.0195777565836008,-0.0582472232502674));
#5905=CARTESIAN_POINT('',(-0.0325,0.0242752,-0.0582472232502674));
#5906=CARTESIAN_POINT('',(-0.0325,0.0236946434163992,-0.0582472232502674));
#5907=CARTESIAN_POINT('',(-0.03575,0.0242752,-0.0563708348754012));
#5908=CARTESIAN_POINT('',(-0.0346467312436344,0.0242752,-0.0570078073888774));
#5909=CARTESIAN_POINT('',(-0.0335606591705147,0.0240481964732378,-0.0576348513926524));
#5910=CARTESIAN_POINT('',(-0.0325,0.0236946434163995,-0.0582472232502675));
#5911=CARTESIAN_POINT('',(-0.0325,0.0242752,-0.0582472232502674));
#5912=CARTESIAN_POINT('',(-0.0325,0.0242752,-0.062));
#5913=CARTESIAN_POINT('',(-0.0325,0.0242752,-0.0607286979114832));
#5914=CARTESIAN_POINT('',(-0.0325,0.0240451247412028,-0.0594613261735949));
#5915=CARTESIAN_POINT('',(-0.0325,0.0236946434163992,-0.0582472232502674));
#5916=CARTESIAN_POINT('',(-0.0325,0.0242752,-0.062));
#5917=CARTESIAN_POINT('',(-0.0325,0.0189972,-0.062));
#5918=CARTESIAN_POINT('',(-0.0325,0.0189972,-0.0607286979114832));
#5919=CARTESIAN_POINT('',(-0.0325,0.0192272752587972,-0.0594613261735949));
#5920=CARTESIAN_POINT('',(-0.0325,0.0195777565836008,-0.0582472232502674));
#5921=CARTESIAN_POINT('',(-0.0325,0.0195777565836007,-0.0657527767497326));
#5922=CARTESIAN_POINT('',(-0.0325,0.0192248364456379,-0.0645302255298008));
#5923=CARTESIAN_POINT('',(-0.0325,0.0189972,-0.0632702787567834));
#5924=CARTESIAN_POINT('',(-0.0325,0.0189972,-0.062));
#5925=CARTESIAN_POINT('',(-0.0325,0.0195777565836007,-0.0657527767497326));
#5926=CARTESIAN_POINT('',(-0.0325,0.0242752,-0.0657527767497326));
#5927=CARTESIAN_POINT('',(-0.0325,0.0236946434163992,-0.0657527767497326));
#5928=CARTESIAN_POINT('',(-0.0325,0.0236946434163992,-0.0657527767497326));
#5929=CARTESIAN_POINT('',(-0.0325,0.0240475635543621,-0.0645302255298008));
#5930=CARTESIAN_POINT('',(-0.0325,0.0242752,-0.0632702787567834));
#5931=CARTESIAN_POINT('',(-0.0325,0.0242752,-0.062));
#5932=CARTESIAN_POINT('',(-0.0325,0.0242752,-0.0657527767497326));
#5933=CARTESIAN_POINT('',(-0.0324999999999999,0.0236946434163998,-0.0657527767497326));
#5934=CARTESIAN_POINT('',(-0.0335633137534658,0.0240490813342217,-0.0663666812315291));
#5935=CARTESIAN_POINT('',(-0.0346425914180355,0.0242752,-0.0669898024816988));
#5936=CARTESIAN_POINT('',(-0.03575,0.0242752,-0.0676291651245989));
#5937=CARTESIAN_POINT('',(-0.03575,0.0242752,-0.0676291651245989));
#5938=CARTESIAN_POINT('',(-0.03575,0.0189972,-0.0676291651245989));
#5939=CARTESIAN_POINT('',(-0.0346467312436344,0.0189972,-0.0669921926111227));
#5940=CARTESIAN_POINT('',(-0.0335606591705147,0.0192242035267623,-0.0663651486073477));
#5941=CARTESIAN_POINT('',(-0.0325,0.0195777565836005,-0.0657527767497326));
#5942=CARTESIAN_POINT('',(-0.039,0.0195777565836002,-0.0695055534994652));
#5943=CARTESIAN_POINT('',(-0.0379366862465342,0.0192233186657783,-0.0688916490176686));
#5944=CARTESIAN_POINT('',(-0.0368574085819645,0.0189972,-0.068268527767499));
#5945=CARTESIAN_POINT('',(-0.03575,0.0189972,-0.0676291651245989));
#5946=CARTESIAN_POINT('',(-0.039,0.0195777565836007,-0.0695055534994651));
#5947=CARTESIAN_POINT('',(-0.039,0.0242752,-0.0695055534994651));
#5948=CARTESIAN_POINT('',(-0.039,0.0236946434163993,-0.0695055534994651));
#5949=CARTESIAN_POINT('',(-0.03575,0.0242752,-0.0676291651245989));
#5950=CARTESIAN_POINT('',(-0.0368532687563656,0.0242752,-0.0682661376380751));
#5951=CARTESIAN_POINT('',(-0.0379393408294853,0.0240481964732377,-0.0688931816418501));
#5952=CARTESIAN_POINT('',(-0.039,0.0236946434163995,-0.0695055534994652));
#5953=CARTESIAN_POINT('',(-0.039,0.0242752,-0.0695055534994651));
#5954=CARTESIAN_POINT('',(-0.0389999999999999,0.0236946434163998,-0.0695055534994651));
#5955=CARTESIAN_POINT('',(-0.0400633137534658,0.0240490813342217,-0.0688916490176686));
#5956=CARTESIAN_POINT('',(-0.0411425914180355,0.0242752,-0.0682685277674989));
#5957=CARTESIAN_POINT('',(-0.04225,0.0242752,-0.0676291651245989));
#5958=CARTESIAN_POINT('',(-0.04225,0.0242752,-0.0676291651245989));
#5959=CARTESIAN_POINT('',(-0.04225,0.0189972,-0.0676291651245988));
#5960=CARTESIAN_POINT('',(-0.0411467312436343,0.0189972,-0.068266137638075));
#5961=CARTESIAN_POINT('',(-0.0400606591705147,0.0192242035267622,-0.06889318164185));
#5962=CARTESIAN_POINT('',(-0.039,0.0195777565836005,-0.0695055534994651));
#5963=CARTESIAN_POINT('',(-0.0454999999999999,0.0195777565836002,-0.0657527767497326));
#5964=CARTESIAN_POINT('',(-0.0444366862465341,0.0192233186657782,-0.0663666812315291));
#5965=CARTESIAN_POINT('',(-0.0433574085819644,0.0189972,-0.0669898024816988));
#5966=CARTESIAN_POINT('',(-0.04225,0.0189972,-0.0676291651245988));
#5967=CARTESIAN_POINT('',(-0.0455,0.0195777565836005,-0.0657527767497328));
#5968=CARTESIAN_POINT('',(-0.0455,0.0242752,-0.0657527767497325));
#5969=CARTESIAN_POINT('',(-0.0455,0.0236946434163994,-0.0657527767497328));
#5970=CARTESIAN_POINT('',(-0.04225,0.0242752,-0.0676291651245989));
#5971=CARTESIAN_POINT('',(-0.0433532687563656,0.0242752,-0.0669921926111227));
#5972=CARTESIAN_POINT('',(-0.0444393408294852,0.0240481964732378,-0.0663651486073477));
#5973=CARTESIAN_POINT('',(-0.0454999999999999,0.0236946434163996,-0.0657527767497326));
#5974=CARTESIAN_POINT('',(-0.0455,0.0242752,-0.0657527767497325));
#5975=CARTESIAN_POINT('',(-0.0455,0.0236946434163992,-0.0657527767497327));
#5976=CARTESIAN_POINT('',(-0.0455,0.0240475635543699,-0.0645302255297739));
#5977=CARTESIAN_POINT('',(-0.0455,0.0242752,-0.0632702787567536));
#5978=CARTESIAN_POINT('',(-0.0455,0.0242752,-0.062));
#5979=CARTESIAN_POINT('',(-0.0455,0.0242752,-0.062));
#5980=CARTESIAN_POINT('',(-0.0455,0.0195777565836008,-0.0657527767497327));
#5981=CARTESIAN_POINT('',(-0.0455,0.0192248364456301,-0.0645302255297739));
#5982=CARTESIAN_POINT('',(-0.0455,0.0189972,-0.0632702787567536));
#5983=CARTESIAN_POINT('',(-0.0455,0.0189972,-0.062));
#5984=CARTESIAN_POINT('',(-0.0455,0.0189972,-0.062));
#5985=CARTESIAN_POINT('',(-0.0455,0.0189972,-0.0607286979115594));
#5986=CARTESIAN_POINT('',(-0.0455,0.0192272752588005,-0.0594613261735836));
#5987=CARTESIAN_POINT('',(-0.0455,0.0195777565836008,-0.0582472232502674));
#5988=CARTESIAN_POINT('',(-0.0455,0.0242752,-0.062));
#5989=CARTESIAN_POINT('',(-0.0455,0.0242752,-0.0607286979115594));
#5990=CARTESIAN_POINT('',(-0.0455,0.0240451247411995,-0.0594613261735836));
#5991=CARTESIAN_POINT('',(-0.0455,0.0236946434163992,-0.0582472232502674));
#5992=CARTESIAN_POINT('',(-0.039,0.0189972,-0.062));
#5993=CARTESIAN_POINT('',(-0.039,0.0189972,-0.062));
#5994=CARTESIAN_POINT('',(-0.039,0.0189972,-0.062));
#5995=CARTESIAN_POINT('',(-0.039,0.0189972,-0.062));
#5996=CARTESIAN_POINT('',(-0.039,0.0189972,-0.062));
#5997=CARTESIAN_POINT('',(-0.039,0.0189972,-0.062));
#5998=CARTESIAN_POINT('',(-0.039,0.0242752,-0.062));
#5999=CARTESIAN_POINT('',(-0.039,0.0242752,-0.062));
#6000=CARTESIAN_POINT('',(-0.039,0.0242752,-0.062));
#6001=CARTESIAN_POINT('',(-0.039,0.0242752,-0.062));
#6002=CARTESIAN_POINT('',(-0.039,0.0242752,-0.062));
#6003=CARTESIAN_POINT('',(-0.039,0.0242752,-0.062));
#6004=CARTESIAN_POINT('',(-0.039,0.0242752,-0.062));
#6005=CARTESIAN_POINT('',(-0.039,0.0242752,-0.062));
#6006=CARTESIAN_POINT('',(-0.039,0.0242752,-0.062));
#6007=CARTESIAN_POINT('',(-0.039,0.0242752,-0.062));
#6008=CARTESIAN_POINT('',(-0.039,0.0242752,-0.062));
#6009=CARTESIAN_POINT('',(-0.039,0.0242752,-0.062));
#6010=CARTESIAN_POINT('',(0.,0.0242752,6.26327779372093E-19));
#6011=CARTESIAN_POINT('',(-0.039,0.0242752,-0.062));
#6012=CARTESIAN_POINT('',(-0.039,0.0242752,-0.0579375));
#6013=CARTESIAN_POINT('',(-0.053442,0.025314966,-0.0137602));
#6014=CARTESIAN_POINT('',(-0.039,0.025314966,-0.062));
#6015=CARTESIAN_POINT('',(-0.039,0.025314966,-0.058457383));
#6016=CARTESIAN_POINT('',(-0.039,0.025314966,-0.062));
#6017=CARTESIAN_POINT('',(-0.039,0.024795083,-0.062));
#6018=CARTESIAN_POINT('',(-0.0430625,0.024795083,-0.062));
#6019=CARTESIAN_POINT('',(-0.039,0.0431232171942814,-0.062));
#6020=MECHANICAL_DESIGN_GEOMETRIC_PRESENTATION_REPRESENTATION('',(#3323),
#6021);
#6021=(
GEOMETRIC_REPRESENTATION_CONTEXT(3)
GLOBAL_UNCERTAINTY_ASSIGNED_CONTEXT((#6022))
GLOBAL_UNIT_ASSIGNED_CONTEXT((#6025,#6024,#6023))
REPRESENTATION_CONTEXT('Caster','TOP_LEVEL_ASSEMBLY_PART')
);
#6022=UNCERTAINTY_MEASURE_WITH_UNIT(LENGTH_MEASURE(2.E-5),#6025,
'DISTANCE_ACCURACY_VALUE','Maximum Tolerance applied to model');
#6023=(
NAMED_UNIT(*)
SI_UNIT($,.STERADIAN.)
SOLID_ANGLE_UNIT()
);
#6024=(
NAMED_UNIT(*)
PLANE_ANGLE_UNIT()
SI_UNIT($,.RADIAN.)
);
#6025=(
LENGTH_UNIT()
NAMED_UNIT(*)
SI_UNIT($,.METRE.)
);
#6026=PRODUCT_DEFINITION_SHAPE('','',#6027);
#6027=PRODUCT_DEFINITION('','',#6029,#6028);
#6028=PRODUCT_DEFINITION_CONTEXT('',#6035,'design');
#6029=PRODUCT_DEFINITION_FORMATION_WITH_SPECIFIED_SOURCE('','',#6031,
 .NOT_KNOWN.);
#6030=PRODUCT_RELATED_PRODUCT_CATEGORY('','',(#6031));
#6031=PRODUCT('Caster','Caster','Caster',(#6033));
#6032=PRODUCT_CATEGORY('','');
#6033=PRODUCT_CONTEXT('',#6035,'mechanical');
#6034=APPLICATION_PROTOCOL_DEFINITION('international standard',
'ap242_managed_model_based_3d_engineering',2020,#6035);
#6035=APPLICATION_CONTEXT('managed model based 3d engineering');
ENDSEC;
END-ISO-10303-21;
